trial_date,user_uuid
2023-12-21,2b251333-8676-4c11-a736-dcf2350f8821
2023-12-21,e111619a-0975-451b-9a4a-bc8aea7b7b84
2023-12-21,4a184795-b056-4572-a874-644f68609ea3
2023-12-21,2ba8ab19-2d40-4423-ad04-f0f9ca814871
2023-12-21,1d49ba36-6c23-405b-9514-aa7f4aeceff0
2023-12-22,283a7a94-8d9e-477a-beb5-29d4d25e4c10
2023-12-22,b2d80cf6-2ced-4270-9d7a-43119bba35d2
2023-12-22,1c0835bb-8c29-4a0f-a135-9602f87f5690
2023-12-22,bde82845-e0dc-48d6-858b-74f7f26ef103
2023-12-23,34d68334-ee08-4a87-8879-9320746a52d9
2023-12-23,3fabc6c1-b2d4-4c30-ba2c-f013c34278bd
2023-12-23,57013470-43a1-43bd-adf2-6edd000aa01b
2023-12-23,6861f386-6914-4ba2-b6b2-ffc88f5cc661
2023-12-23,939fc566-61cd-47f0-a3ce-e2936fdcff73
2023-12-23,6474110f-5ff7-40b8-9b1c-6fb99d66ba69
2023-12-23,0591012b-a4ee-41af-930c-3a30b30b6cd0
2023-12-23,32f8a452-d15a-4766-a56a-f53f3f50d514
2023-12-23,56231301-3408-4206-962d-aaa25a342821
2023-12-23,56231301-3408-4206-962d-aaa25a342821
2023-12-23,5c08268f-5583-4716-80eb-ba76ca33f0ca
2023-12-23,ba49324f-d317-4053-adf9-2b17b3f07594
2023-12-23,4c5b26a3-24d4-4b8f-a591-be80271c0aeb
2023-12-23,4c5b26a3-24d4-4b8f-a591-be80271c0aeb
2023-12-24,552cf9a3-0038-494c-bc9f-1526b5ba3a29
2023-12-24,27b0e4fb-7c3c-46a1-86e6-a7cbb4b8d0cf
2023-12-24,3cf1c30c-dc64-417e-aa03-9ad0503a00e5
2023-12-24,6f074d46-3c75-4551-b9e6-e1014bbe5d14
2023-12-24,204ecb60-f9e3-42b4-ae7a-f1f00c939894
2023-12-24,204ecb60-f9e3-42b4-ae7a-f1f00c939894
2023-12-25,d9fc9841-6383-410e-9d76-2862f1b6e1af
2023-12-25,d9fc9841-6383-410e-9d76-2862f1b6e1af
2023-12-25,4ebe79bd-f8f9-4443-8890-125fdef7de7c
2023-12-25,161c6585-c991-4286-840e-52e3dea18773
2023-12-25,7e4b75e7-b623-47be-8de8-a51aa56f73a7
2023-12-25,c347adca-dee1-404a-a281-b4249bb0879f
2023-12-25,051a6cf4-4f91-4c0a-9415-317e22c1219e
2023-12-25,1ba5ca1b-a8fd-45b7-b8eb-714abfef86e4
2023-12-25,99adf078-eded-47de-a685-4f74906d8af6
2023-12-25,bc28942c-d7e1-496d-9fd7-fca451e27f90
2023-12-25,543212cb-2e9e-461e-90b2-47a582692cca
2023-12-25,b70dbfee-ad22-40d6-8647-69b4ba897a65
2023-12-25,06e550f4-813e-4ddc-953a-de56d5454292
2023-12-25,2892e4e7-04b6-4ace-bbc1-26d0e702d5f0
2023-12-26,62b897f7-cad5-460f-b43a-966ca32d0cb8
2023-12-26,f0fcbdb5-9205-4e14-bc73-f0455a44f728
2023-12-26,27265d3c-a82d-44e3-8b34-bb63b28c5536
2023-12-26,9f4a7db5-93d3-4949-b1fd-c2185ed685cf
2023-12-26,e53dbfe5-3f4f-4243-8423-5a1ef3ebfcc3
2023-12-26,23aa0e5f-6e55-499c-afac-851aba761ea3
2023-12-26,5c332af9-6cba-4df5-8327-6d9cf048eb2f
2023-12-26,65a33b0a-2bd6-4af4-9e11-5778c55e4575
2023-12-26,6e3f8afe-2f4c-4b87-8a9e-07d3bcb2b5a6
2023-12-26,a569cc5b-7050-4733-a203-860cc2d4cbc9
2023-12-26,51fe6ee6-3f71-4e35-acf5-174a5e683070
2023-12-26,555fb8f1-a80d-48ff-bf61-bc14957f3909
2023-12-26,17345339-ce2f-4534-b3d4-a610a7f6df4e
2023-12-27,27af892d-e05e-408b-bb64-43c439a1ad4e
2023-12-27,c0a07e5c-3268-4df0-8eea-66a9c4daed6e
2023-12-27,8d938749-b20a-4852-a96c-ad9b9d6c2940
2023-12-27,b159d9f8-9a5e-4602-b251-8a8e95305da5
2023-12-27,15aa8ee1-ba2b-4cef-ad8e-1104dfa06aaf
2023-12-27,2afe86f0-ba6d-4a44-8d5a-3cafbcf45b28
2023-12-27,f70fa4ed-8364-499c-8c49-6d232e6c271b
2023-12-27,963a0a40-9499-4e30-a321-9feda7c6221f
2023-12-27,6076ade8-3fad-495b-91f5-97430478db03
2023-12-27,a905713b-cc99-4308-8116-75612dc907ef
2023-12-27,868bd6d8-a092-4e16-8974-87c11ac0e357
2023-12-28,207251af-d566-44f1-923c-99ab822224dc
2023-12-28,87d4ed2c-279c-4288-9d43-143d756d9ef6
2023-12-28,4ba37b4f-1239-4107-8f03-395dff5da4b8
2023-12-28,c0442006-c745-40c3-b61d-daf95f4b2587
2023-12-28,d96ec6ac-56b1-4baf-b52b-4a133ad338a8
2023-12-28,28b231da-c41a-4f43-9e57-a818201e99b5
2023-12-28,f1c2510c-e1ee-4f43-ad68-aa2f1df169fc
2023-12-28,07523908-f501-450f-9b90-56b0f48b8f9e
2023-12-29,3fb96714-db4d-4896-b821-df6fc1d93fe5
2023-12-29,975446b9-7ea6-4850-8c84-4cfc27cd8d31
2023-12-29,837f5b0c-eb54-4e56-a869-0cb10442c135
2023-12-29,f6c1f10a-24a2-4fca-835a-303a0395c825
2023-12-29,7a6e52a0-3804-46d5-942a-55cb557e3cbe
2023-12-29,4e1ff9ce-d70c-4a7d-b8e2-92e6f8a9cf9a
2023-12-29,fa06b23d-3a20-448f-8791-557beff8df9f
2023-12-29,2d420a09-9889-412a-a06a-5c31c9989572
2023-12-29,cedb9775-823b-47d8-9169-a10030d18230
2023-12-29,f488f39f-ed32-43c0-96a9-245d672e031b
2023-12-29,fcb773d5-e975-4e42-9804-b3a66c96e922
2023-12-29,ad815a70-8cb6-4476-ba57-b58463ea127f
2023-12-30,516c8142-ae8d-4c6f-85d9-2025c14fbd33
2023-12-30,e80f7f66-f24a-4637-95c9-20288fd811ee
2023-12-30,d16cd121-9802-4880-8879-2eaf09fe99c5
2023-12-30,e9b1a5df-d70c-4ccf-af22-64fdae98d3a2
2023-12-30,ba45e292-f452-4ef7-9b7f-a38b8cd1f6e1
2023-12-30,418edd26-c1c1-49f6-b67f-3b29c3e868e9
2023-12-30,a86e2828-1e68-43d3-ace8-2b8b63a07173
2023-12-30,06bbc34a-80ad-4fe7-af86-353204eda243
2023-12-30,aa4773c8-dbc9-4c80-849b-1ab8d1db7bda
2023-12-30,164b86b4-1b91-4b34-80b7-5bd04ab6c425
2023-12-30,191ab6ad-4f17-4809-821c-5666dfcfa900
2023-12-30,a806f6d6-4bea-40df-b870-212859386e9d
2023-12-31,acf3e288-4487-492b-9477-df149fb72e83
2023-12-31,acf3e288-4487-492b-9477-df149fb72e83
2023-12-31,0e58ea5a-ebe4-48cb-b31b-d02a4f350cf8
2023-12-31,a75029c4-57c6-4f98-bb8f-c669e3371eaa
2022-12-27,19c8e329-9654-4178-989d-c93617655650
2022-12-27,19c8e329-9654-4178-989d-c93617655650
2023-11-20,776a4e70-a9d0-4a56-9403-734bfbd44523
2023-11-20,1b176958-2282-4858-aee0-e8575216f537
2023-11-20,ab794138-a103-435a-9b6f-6b53837d01a4
2023-11-20,f30bf3e5-6053-454d-9eb0-fbd381f06932
2023-11-20,71d1d3da-fb24-466c-922c-209fa6ca6b27
2023-11-21,2eccea46-4681-49fe-9020-3d9636f2faf2
2023-11-21,6f916dc8-3a40-47b7-9eea-4018ee1e12f8
2023-11-21,ae022f8e-69fd-4b84-8e96-786bea3da7d0
2023-11-21,2c76e1c0-4996-48c0-9d80-1f3bd206a23d
2023-11-21,2c76e1c0-4996-48c0-9d80-1f3bd206a23d
2023-11-21,4ee4ed08-4ec7-4f91-a224-96427eac097e
2023-11-21,7666793e-1dee-4dbd-8fe0-2b0ac2f44f83
2023-11-22,f24f956c-e76d-45fc-8c39-752816fc5fa8
2023-11-22,f8bceadc-a3cd-47e8-a471-1fcacdbf5226
2023-11-22,b9c4dd8a-60e7-47cb-945b-c523f0734265
2023-11-22,cec1c375-4d48-4de9-82b0-4269fa7b62ef
2023-11-23,91c576d3-f852-4e9e-8f96-5ec2be048a97
2023-11-23,92af6a61-2fb5-4a40-9615-df2533771e9e
2023-11-23,6778b892-abf4-4f8b-95b2-94c24bda71f2
2023-11-23,0acb5cbb-499a-4e1b-8c4c-cea5068f9a2f
2023-11-23,d78616ec-02d8-4f05-a100-b14dc9d36412
2023-11-23,7cbe00a9-a71c-4b5f-9ff4-b8cfc7c75f20
2023-11-23,2075a91c-9f3b-4934-8c91-c38b4820adbd
2023-11-23,8858d0a1-90a8-4b56-adbc-59f27d67b2b9
2023-11-23,7fbc8be1-14f6-468b-b668-b55b0e541c73
2023-11-23,071dc870-ad7e-46d1-ada3-16a6b10ff555
2023-11-24,ef256918-0e3d-41a5-b7d1-3b49973d94d8
2023-11-24,039fa563-fc65-4b0c-9087-4beb5cd17fd7
2023-11-24,039fa563-fc65-4b0c-9087-4beb5cd17fd7
2023-11-24,d87abdb6-5a2b-49f3-8477-f4d23844f2e6
2023-11-24,906b191d-ccfe-45ab-9233-6445f631d1d1
2023-11-24,906b191d-ccfe-45ab-9233-6445f631d1d1
2023-11-24,18aa14de-d62f-4db9-8a66-018eb1c9fee2
2023-11-24,318ce338-8a44-4dec-83b3-839baf45d2fe
2023-11-25,7e88db38-3fda-4180-96d5-8a481af0202b
2023-11-25,7ace0d96-5ddf-4ff4-b2a7-c8e14c2bbe2c
2023-11-25,62c356f0-3b56-4c00-86da-976201248f05
2023-11-25,bb2db15b-46b7-42ee-93a6-1025c65e995f
2023-11-25,7198694b-33c7-4c82-9f0f-d7a3c585e32f
2023-11-25,157280cc-98b4-4188-b94c-b06cb780c71a
2023-11-25,714be47f-f89a-46b0-ad22-4af407fe7150
2023-11-25,38af92c3-01cc-4117-8075-80f55d29fd7d
2023-11-25,6704a5b0-01ba-4e55-8a6d-dae7cc1eadbf
2023-11-25,9975cd92-1a36-486d-beb2-801e7e165d4a
2023-11-25,4c2301de-9a51-4cc7-8000-3f4a4d59eb1f
2023-11-25,c2f49a21-d6ee-4fb6-89f3-5d58e0474106
2023-11-25,bc2836ca-d6c0-45bf-821e-07651d8b901a
2023-11-25,968a450a-4345-4df2-ada3-8923420f9e1f
2023-11-26,f84c5021-7aef-495c-ab77-fd8f1a05fcc2
2023-11-26,8156eddd-9139-4913-a44a-4038670a52c9
2023-11-26,61d99b34-7aeb-4744-b8a3-39a8dabe2b0e
2023-11-26,bb8995fd-f3eb-4a8d-b106-0ed93ab745da
2023-11-26,0bde86a2-167e-4b76-a288-99e40965448d
2023-11-26,d4452ca9-27d8-4b44-9b6e-8306470378b5
2023-11-26,bbfbecf9-03b3-4a9d-abd1-c897712c80ef
2023-11-26,583740e9-b48d-4696-a04b-9a13cfb1ad97
2023-11-26,9ba3c7ae-b5e3-409b-b6bb-5d03edcbd4c2
2023-11-26,66fc8afa-ba4f-44dd-b882-f62d6bb98d39
2023-11-26,66fc8afa-ba4f-44dd-b882-f62d6bb98d39
2023-11-26,40f038a9-9108-4a5b-a7eb-f47442467861
2023-11-26,3879208f-0780-4acb-8530-3e34e5813c61
2023-11-26,3760ceaa-8be0-4488-b8d2-d460e633b5d9
2023-11-26,00a94a4e-2cb0-4b49-b250-349bd51aff31
2023-11-27,a59c51f7-f087-4611-92b3-6617a2a5f83b
2023-11-27,84e3f1c5-61f9-4d50-9729-b6e80b75f74c
2023-11-27,dbec7dd7-d7ea-46f1-b1be-32413882dfa0
2023-11-27,b5a926e4-07ad-43f7-a4f4-4dd95f6f5a08
2023-11-27,26043cdb-6bc5-4ed7-a458-ac236c128bf6
2023-11-27,584cee41-1f10-4c40-8d98-eb6603c4a00f
2023-11-27,1d44ad12-7e1d-45c7-b260-a10e73ee374b
2023-11-27,06e78cdd-c7f0-4b45-af6d-9126125d0686
2023-11-27,06e78cdd-c7f0-4b45-af6d-9126125d0686
2023-11-27,5f0673cf-987d-415d-928a-4dec101ece6a
2023-11-27,0ca70c8b-49d1-4b67-93a0-847f35a5dc8f
2023-11-27,46cf4216-6758-4164-9657-99185bb08333
2023-11-27,26f53f4c-b49f-47fe-afd8-a47dbabd206b
2023-11-27,27ff3c5d-3c6e-4540-b493-4674814f18ee
2023-11-28,01b3663a-87f8-4691-bbbe-9075e2d52b92
2023-11-28,d62638af-d87a-4fe4-aab9-8b9d45240dfd
2023-11-28,d2e4a180-eb4a-43b3-909e-87b3fbdd5504
2023-11-28,a48b835e-b395-45c2-9bdd-8c7c58052196
2023-11-28,bffbe292-90b3-48e4-a536-5d6c089b702a
2023-11-28,388ffbdc-499d-47ad-b0bc-c44fdb1509ce
2023-11-29,c3d1d351-5b79-4504-a52e-f9bcf4cd28bb
2023-11-29,c3d1d351-5b79-4504-a52e-f9bcf4cd28bb
2023-11-29,9bf5ecef-53ab-4589-b51b-404f317a6575
2023-11-29,4b49cbee-e792-48a0-9c57-e390ec3bacba
2023-11-29,e96ae1c5-c813-4501-959f-1eb4746b0392
2023-11-29,f48f7aef-3dcc-4c50-bef5-1c35f220a0b8
2023-11-29,b1f13fe9-e3dd-4bf9-ae49-65bcdbc59e17
2023-11-29,6dd8433a-ac0a-4ce9-bf77-37b84055c40b
2023-11-29,e8a844b3-24c0-4b99-89dc-73eb6bfa5a3f
2023-11-29,154b0cde-f6a3-43d8-b5fc-074a00bb77c9
2023-11-29,8864310d-96d7-4718-b497-194cde29ce90
2023-11-29,bca1be50-afeb-4abf-8b75-9956ceba35be
2023-11-29,f13df72e-71b2-4773-8eeb-a4ab61c5e747
2023-11-29,d70f1f60-0029-4cbc-8a76-86c5d0ee2fc9
2023-11-29,b8b00c14-f550-49a4-8800-114ee4cfd51b
2023-11-29,b8b00c14-f550-49a4-8800-114ee4cfd51b
2023-11-29,6eeb596c-8a8d-48b7-9fc8-36d724eb3a9d
2023-11-30,42f99cf7-b801-4413-aec3-18595a0aea48
2023-11-30,42f99cf7-b801-4413-aec3-18595a0aea48
2023-11-30,91e153b1-a83d-401a-a111-df96abd38310
2023-11-30,b2fbba0b-7e34-4b32-9f16-ed53d1af49d8
2023-11-30,11a37473-53e6-4cab-8d49-081881578d22
2023-11-30,0b34bca4-fcc9-4f93-ac8e-b266d64e73c5
2023-11-30,b6d1ae21-7721-4d7f-bf51-da2856a350cc
2023-11-30,d15819e6-e605-4f90-860b-e364408bcc20
2023-11-30,a02c87a7-6313-4820-8d2d-704e8ced391d
2023-11-30,f079f943-98ea-4b66-9adc-4009b734720a
2023-11-30,6851f28e-eddd-4c50-b870-7539a7e95b68
2023-11-30,0a7b8eb8-2673-4875-834c-7cb423e1b33c
2023-12-01,9b7e5f80-c5b0-40df-a229-a5cf8e0cfcd2
2023-12-01,3cc63447-a625-495a-97a3-5293a0705bfc
2023-12-01,ead52607-3695-4ca7-a1a3-09e8622f9537
2023-12-01,2667f605-d08e-4823-82d1-9e0a1e3959d1
2023-12-01,0aee619a-7bf7-4c86-a2c5-2e3cfb2e58ef
2023-12-01,25f0b23e-1573-4fd3-bd74-9a2c34988c41
2023-12-01,4657adec-3d04-44e8-88bb-f6dcfabed395
2023-12-02,e4ca475f-5ab7-4615-b0e0-8e64792afb9b
2023-12-02,e4ca475f-5ab7-4615-b0e0-8e64792afb9b
2023-12-02,cbd1cde6-a30a-461d-b62b-d5c3a28b9720
2023-12-02,366dd7b1-aa7d-4519-bb86-cf2a4b0e07ca
2023-12-02,8a78d3c4-0c78-4615-b1e3-a8fadebbe5c3
2023-12-02,c494e406-6342-432c-b941-54e891170651
2023-12-02,38629bad-ea51-4ec5-b0f5-660d43f3acef
2023-12-02,e7961127-fa7f-4100-85aa-9a31451209df
2023-12-02,78253c5b-1117-41b9-b875-4f6f04dc0c34
2023-12-02,d4c4b52e-58aa-498d-ba73-0a46fd277ef4
2023-12-02,929be219-46f0-4311-94e4-4cb03cbc1fc7
2023-12-02,8c5b14ae-b5be-41fa-9a7d-303eec0eea54
2023-12-02,0b8ecbb5-e65f-42f0-829e-d80d5cdb66fa
2023-12-03,594d78a5-f363-4316-ac4d-ea5f561691c7
2023-12-03,8b3f13d3-241e-45a8-b39e-66939147cacd
2023-12-03,af537433-faf3-4b6a-9e72-22f4bbcd4aa0
2023-12-03,a70b22d3-3f9e-4700-a90d-3f6e08739e6c
2023-12-03,f655be50-4b26-46cb-823b-bcc01108b3cc
2023-12-03,f655be50-4b26-46cb-823b-bcc01108b3cc
2023-12-04,d39a79bb-558b-4a41-97d7-46eee2d2a3ee
2023-12-04,18768f19-c883-4670-bbd3-c2225b1b4643
2023-12-04,a748ce27-9c0a-4e0a-8d40-5774ec39b6eb
2023-12-04,02131375-3909-4ac8-b4dc-923e426518fa
2023-12-04,cde4548d-9d41-404f-b05e-406037614d0a
2023-12-04,8b43c536-f9a7-4129-8048-e2cf394342c9
2023-12-04,d2144098-90c8-4a0a-88f3-043bbae18e75
2023-12-04,9529c253-53de-4af6-967a-b9825a65a678
2023-12-04,cae1f2e3-e88d-42a4-a327-656940f8b494
2023-12-04,33d3a930-1e66-4326-bc67-14e655db83b4
2023-12-04,b3d5d774-ed84-4d5b-a8d0-67dac0967ce4
2023-12-04,a37865ea-29e0-41e9-b4eb-856fa0a5d148
2023-12-04,258a7d65-0644-4c96-9e33-121d52abb70e
2023-12-04,0c440362-8504-42db-9f94-4363d41dc0d3
2023-12-04,2c6a113a-c5dc-451d-b9fe-5529358a72d3
2023-12-04,607c659a-da29-47b7-9d98-07d0598da9ea
2023-12-04,df35c825-e648-448e-bf42-d3e5153bd849
2023-12-04,dc7ea2d4-b178-44fc-a507-e8d77de4bd3a
2023-12-04,dd1fbf0d-469d-487c-b5c7-3dbc19b3bc6c
2023-12-04,6d8284a6-7df2-4afe-9f52-42e1bd94e3c0
2023-12-04,8903c759-eb25-41d6-ae98-1467e9da4461
2023-12-05,3ccb81c6-7af7-40dc-a478-133fcc553768
2023-12-05,f4305301-dbbf-4f0b-9338-fc9700084051
2023-12-05,f96dc7a7-85d8-4ac0-927f-5cf8badf2404
2023-12-05,9280fd10-df00-432b-8dda-beb3eb4908d0
2023-12-05,e6c5b067-63e3-4aa2-bf1d-c3b8d2ef59de
2023-12-05,f103a585-ce4a-4331-a0f7-ca2536369830
2023-12-05,e3598d86-be7a-424e-a4e0-9add2dca573b
2023-12-06,f80188fb-5b43-4515-a0ee-4808d4f83ffd
2023-12-06,92906d6c-815e-48bc-a3c0-4a888137d8f9
2023-12-06,7b261a2d-eac6-44ca-8a90-8cbf4606f0a1
2023-12-06,408d54b9-dd6c-4f4e-85c7-1f60f0139c0d
2023-12-06,20101750-06ef-4b96-9fea-68f0872b7558
2023-12-06,f62ced8b-c2d4-4955-a756-2a85a639bfc5
2023-12-07,0bcfbd56-e817-46ab-a294-f7f44a9d1e2a
2023-12-07,2512c1b5-5a05-4b89-bed5-42d8cb27df57
2023-12-07,941b6d50-cb6f-4478-af86-4b0e8581d9a5
2023-12-07,cf646b73-ecbf-412e-a2b0-77dc632b56e4
2023-12-07,f00617aa-566c-4f2b-816d-d93c4ca472ba
2023-12-07,a9937b6a-df98-496a-bc20-8e9129023ddf
2023-12-07,9beb7ecb-d746-4d34-86c6-253fb07bc9de
2023-12-07,9f5c6a25-3999-400c-949c-f1fbf1872791
2023-12-07,913f8bf8-f696-4ab1-96bd-dd826c6e14c1
2023-12-07,3e49a78b-9d54-4a8e-8d2e-0c9908a72090
2023-12-07,880c8e28-14e9-4c3b-bd87-f0b15b872c97
2023-12-08,55feddcd-06c2-4fdc-9279-6a2096e924a7
2023-12-08,04e9979d-6010-49bf-b0bc-7d1b291568ea
2023-12-08,6178b1f1-17dc-448a-a540-b7521277f85a
2023-12-08,a178b9e5-8e86-45c1-869b-7d4d818ed59a
2023-12-08,a7235490-1f72-4f03-9781-3abdbfcf6045
2023-12-08,75bdaf80-7d57-4e9b-b06b-b3faa640cd85
2023-12-08,8406818a-df0a-43e4-b48f-f144f86e5636
2023-12-08,645ca61a-dbca-4818-ba33-2b0d179ac535
2023-12-08,9c6fb8e9-5b49-4b5f-a340-a1d115ce411f
2023-12-08,747ae203-1032-4229-9c9c-9f1c42c0e8f0
2023-12-08,65cc1e14-a469-475d-a4aa-1fc7e96846d4
2023-12-08,0701a0cb-c39c-4361-87d2-9bb08fec974e
2023-12-08,d4808694-9454-4f8d-8383-7014a8ae22ac
2023-12-08,cbe54187-ce89-4c30-bb9c-e6ff56cf6404
2023-12-08,8c49d571-c0cc-4aef-af15-4719a5a02714
2023-12-08,61e766d5-5e8d-4112-b25d-42623defe60f
2023-12-08,d1098952-bbd3-4001-9eaa-95da3935bb42
2023-12-09,42f8fb48-8914-4fff-b30f-6ddf5c8bdf2a
2023-12-09,1222f361-21e1-4722-bfa2-5653dcf7339d
2023-12-09,64b29ccd-81a5-4c11-bd16-a058436e4da1
2023-12-09,f19eb9db-abd5-425d-9048-d9efdac2429c
2023-12-09,dd1be3ad-85a9-43e1-87c4-c4b9fff73b83
2023-12-09,dd1be3ad-85a9-43e1-87c4-c4b9fff73b83
2023-12-09,14944d23-164c-436d-9c16-ade71f06a56d
2023-12-09,bef1833d-0112-4168-9d55-f6d424014f46
2023-12-09,091cdea5-fc99-47fd-a722-3fe190f9cb26
2023-12-09,091cdea5-fc99-47fd-a722-3fe190f9cb26
2023-12-09,3abe81a2-9fe1-4d82-98cb-e12923eb73fe
2023-12-09,c9fb93af-63dc-48a2-ac11-bfa995bda87d
2023-12-10,59689389-e601-4801-95f7-2d89d5ed53f5
2023-12-10,48735f8b-6e00-4f11-a8d4-13a8a7ad913e
2023-12-10,1e576668-100b-4811-bd45-20c8e26a39e3
2023-12-10,2a0673d0-f139-42b3-bba8-13e8f6336888
2023-12-10,c26dddbd-9a71-4b0d-95b9-512a0abe2fda
2023-12-10,e2f35835-dfce-44e9-a106-bb558d4d5fdf
2023-12-10,c78a069b-2c7c-459d-ab3d-5a8167475e4b
2023-12-10,5695eebc-2c09-4155-a95d-38efdcf74094
2023-12-10,700c057c-e808-4670-9349-7ca843489631
2023-12-10,f9bbf840-6b11-4b11-8211-54d5456c4e11
2023-12-10,5ab9c9f1-6dd4-41e0-a0da-b7c8faa7c395
2023-12-10,9913e036-ec2d-4f4b-9658-490a7b04ae7c
2023-12-11,fb6cfd01-ed0b-4a39-9b51-856ce51f7555
2023-12-11,5d07162b-ba77-4cfa-9f41-bf97aebcd97d
2023-12-11,e1d33317-1932-45d4-8fbe-8234feb817c0
2023-12-11,5af17ea3-e43a-4b86-a17b-e9d2c3407cc3
2023-12-11,76872861-3c70-42d5-b5ea-2254c3095703
2023-12-11,9d3cb3f8-b54a-48a0-aee2-14c97452ad66
2023-12-11,01dab720-a416-4444-94bc-dee7fdbe8bd2
2023-12-11,b149b56a-9d65-4668-b856-a2f4419a1290
2023-12-11,eb620cd9-a0e3-4138-9057-ae6f764248ed
2023-12-11,1b71c5bf-9a3a-4790-86f4-0a843cfb913e
2023-12-11,ac797f20-42c9-45e1-8009-ada4d60294ef
2023-12-11,02458b10-7f2b-4030-950b-ba650ce2fb49
2023-12-11,02458b10-7f2b-4030-950b-ba650ce2fb49
2023-12-12,3f083b16-8a77-44dd-9889-166b3567708d
2023-12-12,b2fb315b-3d32-4a3f-b409-99a633a360e4
2023-12-12,22a54d14-5e69-431c-8255-5c023899fccd
2023-12-12,99d6494b-9eb7-4250-8351-fb0857c75da2
2023-12-12,a6875d52-0abf-4d85-bbe7-fec2134c4a5e
2023-12-13,0760e084-bbc0-4bb7-9b29-110d5fce86e7
2023-12-13,4918f232-20c0-4af3-ae46-66b80351d176
2023-12-13,1b6a19cc-10c4-4afd-be84-9ebd31e427be
2023-12-13,820dee05-5279-4fba-a694-50b3636824df
2023-12-13,9ee53967-650f-4866-9b45-1c403515a34b
2023-12-13,737cfb90-9009-4170-a460-c599aef6543e
2023-12-14,d97fcfb7-3f3f-4f65-8974-b8ac36a31b8d
2023-12-14,0e916418-64b7-49a0-9bb8-87a2bd9a11bf
2023-12-14,01260e33-69c0-45da-bad1-e21c6e7a82b3
2023-12-14,4fd4d5c5-51da-414b-9cff-d2e2ec32cec2
2023-12-14,25515314-abd4-41c1-b837-47859a1b56c9
2023-12-14,46f7ba0a-73f1-4b83-8ac6-55474348473d
2023-12-14,6e7ffa19-6cda-49f3-a283-c618c71c0d14
2023-12-14,c5fa0d83-be49-4734-93b4-67437a5f333a
2023-12-15,b7da5efc-6ebd-4823-bddf-2a421d4d9506
2023-12-15,08da3b84-41c9-4891-8f6a-5df201bb98b6
2023-12-15,b493702c-36b8-4c7f-90d7-e520c3694dd9
2023-12-15,62249fbd-006c-418e-b03d-886fcb3096d6
2023-12-15,961c299a-6d25-4f43-ae1b-a8a1eb7029f3
2023-12-15,32202c7c-9585-42e1-a952-39d7f785ec4c
2023-12-15,f63c1df3-a4ca-476c-a002-15ee415e7595
2023-12-16,41b7e3f1-3fdb-47db-879e-27f53a39a76a
2023-12-16,737e8182-3017-4f91-946b-7a985c8a9966
2023-12-16,d72f7002-e7a5-47e9-aaaf-a7399f616279
2023-12-16,948ae0cc-bc5a-4bd3-89ce-92b2a5c34710
2023-12-16,948ae0cc-bc5a-4bd3-89ce-92b2a5c34710
2023-12-16,35e4226a-7476-4232-9d55-d60bbc2296de
2023-12-16,d4016d9a-992b-424c-80e9-5203d0e303cd
2023-12-16,d4016d9a-992b-424c-80e9-5203d0e303cd
2023-12-16,b981ed1d-7695-4a31-b0e8-347ec0011de9
2023-12-16,b981ed1d-7695-4a31-b0e8-347ec0011de9
2023-12-16,77c68569-0066-4c52-b7ea-9f99cfee7b82
2023-12-16,c133989a-0332-4445-9a8a-26bb18ab8bfe
2023-12-17,bc1bd58c-713b-426a-bfcd-336b3ee6543c
2023-12-17,31d3005a-e052-4193-b181-fdabfb896d95
2023-12-17,f19319f3-83fa-402c-8bab-75739bedc76a
2023-12-17,1f4f92ab-6410-4b0f-9d7b-94fd87c0bbf2
2023-12-17,469f7ac5-f98e-437c-a328-f6d69414a20f
2023-12-17,206c3138-0bba-4364-bbdf-8102573a4bff
2023-12-17,47a435a3-b1e4-48b1-8466-332eff85187c
2023-12-18,c7df0c9a-709f-4ab2-9649-e2c3caef1e7c
2023-12-18,b0c847c0-6427-4c81-b517-b68ac077a937
2023-12-18,fe31a539-c437-4239-b645-2c80cf2be453
2023-12-18,91d6cfde-b2bd-46bf-a227-b3c4d70189f1
2023-12-18,05b10d2f-1e46-4960-9e6d-5cb576daae62
2023-12-18,c6f9f925-b346-42ef-9fb8-b95e7c18824a
2023-12-18,c6f9f925-b346-42ef-9fb8-b95e7c18824a
2023-12-19,e269fac1-01ae-4f8a-95ed-421baa95880e
2023-12-19,f0a4f5cc-4db3-4cb6-904c-3defc9ea0b8e
2023-12-19,b0be3bb2-883d-430e-94d2-69caa4c76081
2023-12-19,3ca54bee-d52b-429b-8dc3-5f192838b448
2023-12-19,1cebe14a-6903-4a8b-b3c8-6e4058e47a6c
2023-12-20,43d4f7e4-5a7d-42cb-8042-7c00724181d0
2023-12-20,c26c763e-6bf2-4446-89c0-90b70738ceb3
2023-12-20,0e30a7ac-0933-4f59-ac7d-f6dc9b9a134a
2023-12-20,3f250db3-436e-4495-8341-8eeb85691197
2023-12-20,960cb038-1bd0-4458-8b61-c96201fa6d0e
2023-12-20,827a7ef2-a643-451f-8718-1cc94d86afb1
2023-12-20,ef646f31-ba4c-4bac-8d79-190a5ca81e53
2023-12-20,a061393d-8d87-435f-bf42-fdf67ee71f06
2023-12-20,6cbb8ad0-0056-4e3d-b371-2d4ee528c2b9
2023-12-20,4df43903-b549-405f-90e2-aa769c301ba9
2022-10-12,79728b7b-0eec-47e6-afc5-4253697f4e0a
2022-10-12,16715036-a6ae-466d-a85b-e901ab36b236
2022-10-12,fc66eddb-ac08-42a9-b118-12de9cae31b1
2022-10-11,3eb5b198-9fce-4033-a7f6-e2cc7533b3fb
2022-10-11,d2efddb6-2bbd-45da-a0ed-f080873c1fcc
2022-10-11,cfe72197-add6-47be-8590-7d0c4d7abd80
2022-10-11,cf6d59d0-e373-49ca-931e-8dc13f303003
2022-10-11,a10103a6-9f50-45af-96d0-2fcb78e61c47
2022-10-11,4e539c44-f92e-406b-a543-38c8083f2635
2022-10-11,3a1032db-7c59-4523-b3c9-ec89141fb6cf
2022-10-11,6bd152ef-98fd-42bf-bca8-6a1fee4f998e
2021-10-10,0588e6fb-126b-40b6-bcfd-6dbd9514dba0
2021-10-10,b60d38f1-adb5-4965-9f94-4b24e1b84d0c
2021-10-10,d975eac3-7151-4c45-bdeb-c93405b060f7
2021-10-10,c58ffbd6-bd76-4d94-a201-c9d2507520d5
2021-10-10,b4624d89-df9f-438b-92d7-899d2c654baa
2021-05-01,e079e682-62f2-4c05-84b9-86913e3dc146
2021-05-01,fce967b5-070c-46ed-a5fa-ef7d298cc7aa
2021-05-01,badbde4d-886b-4992-a8e3-fd0c05640183
2021-05-01,f25078d1-1030-485c-85c5-dc82d6987043
2021-05-01,844319ff-cd15-4633-9900-6eaf4dc68b68
2021-05-02,5de61db2-2640-4337-930f-7f4a67aec2e5
2021-05-01,9f5e2bd3-65c9-4800-84c1-f5c93f44d096
2021-05-03,22aad31c-1958-4c83-bfde-099d70765447
2021-05-03,79ad799a-9fc1-42b8-a459-38492ce4703e
2021-05-04,2e1eed1c-e769-4c80-a4f9-1096e2170b39
2021-05-04,e0e372b4-7f33-498b-ba1a-895aaffe18ff
2021-05-04,47fcae49-8372-4110-b744-0012c4ebe990
2021-05-04,e5a39f9e-88be-4507-95d8-ceedcee175e4
2021-05-04,7fccaf83-ece0-48aa-afe6-e2ed9d032e51
2021-05-04,e050e85f-1c47-48a2-84a8-d850585a51fe
2021-05-04,ef91f58a-c205-4213-bca8-0adef36e7a24
2021-05-04,8f1a242c-66df-4005-a1bb-7b9daf5840af
2021-05-04,7e5d0ea4-79d6-49ed-9f7d-d033fd6015cc
2021-05-05,6424f67a-0307-42ed-ad8e-3f9ec8f9c5db
2021-05-05,e223bb03-76f1-410c-88fe-07f07ba6e97d
2021-05-05,cd38f560-d7fd-426e-a718-05f516bd83c2
2021-05-05,af90ff0b-d60b-4386-9c62-05c0e70cdf4a
2021-05-06,091787bb-16ec-44ae-9ce0-d1028fa7927e
2021-05-06,5520eadf-6315-43cd-918e-75155a7897cf
2021-05-06,409513f7-9c87-484f-b8d8-f17e71014e90
2021-05-06,f91e09e9-13aa-4823-a6a5-c198773bced6
2021-05-06,9ba74a73-4f00-4000-a86f-a4a2de033674
2021-05-06,d2079ae6-8b38-4370-a687-de2146fc5505
2021-05-06,7b3785bf-2702-4fbc-99e1-d86397671ff0
2021-05-06,bc015eb3-9ceb-487c-84f5-65c38c5f480f
2021-05-07,c71241cc-1766-4b34-83dc-26ed0595db63
2021-05-07,01cf3e09-9b2d-4d82-a50d-e6ccc03c33a2
2021-05-07,d1c8ab39-1882-4a9c-8cd7-ad15b82863bf
2021-05-08,68fad0ab-239b-4ddb-997d-37467fdca27a
2021-05-09,23983c85-b8d0-43b2-8d7b-f504ecbff593
2021-05-09,8f84a748-4bcd-463c-9f75-c3d2f77befa1
2021-05-09,8530489f-3d45-46f0-af60-c5f2bb6a3176
2021-05-09,0952440e-af82-494b-ba3d-92afd536ef6e
2021-05-09,8acf9f1a-e07d-49b5-8b91-260eab906904
2021-05-10,0aeac603-3627-4453-a242-234d48f88fe6
2021-05-10,13278df4-3fa6-4df4-9244-181ad39b891f
2021-05-10,2eabbe24-1a3f-461f-a75c-54bceff2f296
2021-05-10,aff0d95b-b7bd-4700-b292-b07291d20ec8
2021-05-10,0f09520e-ecb7-44a2-8c53-0b7b75298543
2021-05-12,21c85421-8160-43b6-82aa-7edab5fc2d6e
2021-05-12,e0b5d001-2547-4eb7-a8b8-5c918ded474c
2021-05-12,b20dc1ad-4297-48d1-9468-10ae816c9ccf
2021-05-12,b04912f1-31fa-4c72-99cf-d3ce935fdc7f
2021-05-12,92245bf1-0305-49c0-ad54-cb444ca9b4e5
2021-05-12,5a4afdd4-ded3-430e-829f-ab6a7e2716a5
2021-05-12,525a5cad-8989-4052-90a0-44a9f1abf3a0
2021-05-12,5a73398e-6c55-4efa-80ff-86f06f5a0f01
2021-05-12,b2743399-dbc3-4c12-a2a0-c1995e5d5c0f
2021-05-12,b8a4d5a4-e081-43fa-b6b1-d2f20cbc9b97
2021-05-12,e7f11454-92eb-4f3d-bc1a-d04fe51e1696
2021-05-12,c159fd98-c0af-478d-838e-488767751af3
2021-05-12,23a3f618-190c-435e-8757-d1067b3a40df
2021-05-12,23834558-deb2-400b-8637-ceee23b6123c
2021-05-12,849729f6-01ac-418d-908c-5eb83c857d6e
2021-05-13,346cc7fa-5e38-4b37-b712-02994c56e31a
2021-05-13,116d41f9-aa59-443f-846f-3585e99799ee
2021-05-13,268a207c-066b-4896-bc87-cecf8abd4820
2021-05-13,47a17261-1682-45ce-b665-2d19b92601ce
2021-05-13,865a608c-62b3-4e70-8a2d-50c8b3556378
2021-05-13,2958690f-43ac-4748-abfc-1e5a710fa71c
2021-05-13,9fbb4b8b-85e0-45ad-bbc2-a657eab75673
2021-05-14,c621bf04-41b5-4181-9b82-564065a79dce
2021-05-14,586ab483-59e9-449a-8ba7-c4141f08462a
2021-05-14,95dd45f2-2431-4eb3-85c6-653bf2a4adc4
2021-05-14,2c6f5fd4-4d83-4b1a-9a6c-8912695cb043
2021-05-14,c10f99c7-fb5c-4158-beda-633ac11aa7b1
2021-05-15,9b7b0a7a-84b1-4502-8a71-da4383dba786
2021-05-15,733aa281-e0da-4c70-a655-7171eb5972c2
2021-05-15,ed3b8f12-b6f2-4cf1-9470-b6f41ece8a3b
2021-05-15,6be610fb-e9d7-4c0a-8bb7-c1ebee1a3f3d
2021-05-15,27dd2167-f006-42cc-bdd6-74bdefbd1e92
2021-05-16,1c6993d8-570c-4f38-8755-8310a00eae0a
2021-05-16,be04ef11-8801-41ac-881e-d2a946547a14
2021-05-16,19eb201e-294b-4653-a5cd-3cb3c1621d20
2021-05-16,53221e1e-404b-42b3-bd31-19733913eed5
2021-05-16,0fb0eeb2-cbe7-4780-9fc9-e7807dca9ea2
2021-05-16,815d4c93-a251-4356-bdad-5c472cd9331a
2021-05-16,c7e1120f-c750-48b7-93f2-4b1634b5794e
2021-05-16,cc6f6d76-5831-4c20-800b-c923db008c03
2021-05-17,bbeecebb-15ae-432f-af85-d1d368ae39b8
2021-05-17,b2c18c5a-c6e2-4e41-9ebf-831753417b92
2021-05-17,76a61ddd-475b-46c6-8025-c1943c6545a6
2021-05-17,aa52e57b-9061-4725-a573-03137a50c546
2021-05-17,d49e5d70-648d-414a-9d9d-8d5e610bfcc5
2021-05-17,dabde552-6f4f-4556-b1c3-dbe34d94114e
2021-05-18,a75f1449-0f32-4365-a7dc-7618d10dc9ef
2021-05-18,82962168-65ed-4688-be2e-31d61cb991fd
2021-05-18,43c6811f-277b-4830-88dd-254d3fa9d54d
2021-05-18,3261be58-d7bd-48f0-8a11-af6b36d9c8f9
2021-05-18,5a3607ac-94bf-4d06-8619-66f37a537b36
2021-05-18,81218dce-be6b-44b5-b7d0-68accfeff5ca
2021-05-18,5ad10b61-0980-4bed-946a-2edd4f202596
2021-05-18,dcd54d22-0ae8-4613-a613-d83f3153ba82
2021-05-18,4a74aeea-e01a-448a-80fc-762fc55d567a
2021-05-18,3ceb0733-c677-4112-bf5e-d0fdcdf32b74
2021-05-18,a93dc0c2-c42d-44d8-8495-78ebd130b269
2021-05-18,15b26673-ad9e-4ceb-9f46-a70b4829beba
2021-05-18,dfc5e60f-10f3-4ee4-bc8e-0ccfcf4be4b9
2021-05-18,3ecd22c5-ae3e-441d-b61e-da974437cb99
2021-05-18,0d60ed66-53a8-4521-ae04-de187f783aee
2021-05-18,6da57308-3f2a-4589-b924-ed31f6dd8a33
2021-05-19,e1347f0a-3f64-41bb-a4ab-2c7ba31a9a3a
2021-05-19,033b3437-a40a-463f-8421-c3d4cf984b8d
2021-05-19,987dc4d6-0730-4480-9657-8a4efc90d5cc
2021-05-19,c71c953f-469f-4383-906d-b4fb25f96d4d
2021-05-19,9fa5e745-1106-48d8-9b8d-e477e48da7ab
2021-05-19,352b2480-1a0b-4812-8c47-d80e656fb262
2021-05-19,e8bb75b3-8de3-46a8-9d27-78be01c2ad18
2021-05-19,7f9f8255-27b4-4584-951f-92c9af56ae2b
2021-05-19,e882778a-a52c-48d9-990d-ae16480799ca
2021-05-19,2792125a-4457-4c46-9cd3-08bf02188126
2021-05-19,6149dd69-31d7-43b8-9a31-92fff29bebc3
2021-05-19,53fe203d-c226-4ef1-a713-205cc6d04a48
2021-05-19,52bd8ae4-1853-4735-bdd0-d2bd078b89c7
2021-05-19,2062cc87-ac97-4e26-ba28-4467779a8bd4
2021-05-20,588afe19-c022-4713-8b56-86eb1fd91b65
2021-05-20,66e3904f-7b4a-40ff-9064-b817d01df9a3
2021-05-20,0fcfec6d-d07e-42e1-9970-3d36e74375ad
2021-05-20,02c4e649-40ab-4616-8372-468d7a25d3ee
2021-05-20,891cee04-67fb-4142-922a-464191521ec6
2021-05-20,e32eb6e4-cb7b-4e70-9468-f1fd4223e8ab
2021-05-20,7b4867e0-23e5-4fe1-a2f0-f9e8ba605e7a
2021-05-20,e3b469a5-3c2c-40da-9c09-20518cad2068
2021-05-20,2ffd2456-55f0-4a68-82dc-7a5462338d54
2021-05-20,f1ebdddd-93e1-4fc0-a378-2cc6cf2d4c1a
2021-05-20,598eb5b4-4ab3-4c9a-919d-5198d07d8150
2021-05-20,a5b75ee0-6909-4c73-af91-7781c654316e
2021-05-21,fc95c719-bcde-4851-a158-21a550b5d2cf
2021-05-21,df611e6a-2140-4d63-8c54-fcf36a3615a6
2021-05-21,d9bed0d6-7994-4796-a732-2eaacd999156
2021-05-21,f316651e-baeb-4da3-a821-1180b0fde92e
2021-05-21,c9224d9a-dfc9-4b8f-9ced-d9ce35d2bd00
2021-05-21,a7c1ef77-54a7-44eb-abe9-31d2c2d3c0ef
2021-05-21,f20d6c3a-66d8-4f6e-8c89-9b90389a25d0
2021-05-21,6f55a472-4753-4aeb-827b-7307621a75ef
2021-05-21,36c358db-2d22-480b-aad4-ebab95ffe0d6
2021-05-21,6b013885-d7be-4af8-95ac-6c5ea6ab8509
2021-05-21,bec3dc57-dd85-4703-97e0-710efd4e26ff
2021-05-21,6a274445-462e-4074-b47e-5eb3e6425c90
2021-05-21,fab420e4-aa26-4903-b644-e5cc1591a362
2021-05-22,458ad2db-6a05-43b8-9f9e-7703d2c47768
2021-05-22,5610f14f-bce2-4232-b05f-c50ea784738e
2021-05-23,12bc2c52-dc59-47aa-aac0-5be0f4eb6f78
2021-05-23,7843cfd0-abc4-47f6-bc21-d713e4a97c58
2021-05-23,234aeaed-b410-49ab-af6e-f62ade2a1e46
2021-05-23,ef6a112a-7e04-4d8d-89cd-a104822d5eb6
2021-05-23,12b848a9-b3d6-49ab-a7cd-571a7220ae78
2021-05-23,f1da2ef5-d6d1-451f-b251-66bf8767ba2d
2021-05-23,5e169fab-d8a8-4a22-9ed4-f715f2f928b2
2021-05-24,251fce39-8f9d-4b91-8eeb-f75178f9dced
2021-05-24,ab3856b5-d5ce-42a0-80a0-1d5600ab666b
2021-05-24,bd21a83e-0825-4320-986f-5a04457be0e8
2021-05-24,2b8e4be7-6dce-4410-923d-7066ee5a364c
2021-05-24,35cf6c49-1f67-4651-9e28-4c03cdeca847
2021-05-24,b0119454-8b73-43c8-8ea8-b667d4fb451b
2021-05-24,07d687b1-db91-4ac7-831b-7b6745f6581c
2021-05-24,c8be2353-f4ae-4dda-8f93-e5cb4d72ec19
2021-05-24,7e05b0e0-67ae-496f-a494-3b8909d5413a
2021-05-24,469243ab-cb90-4dc8-9039-6d44aca87d59
2021-05-24,ca16b4f5-deaf-4d56-85cd-47e9d2eebde3
2021-05-24,3bcdf56b-231b-437d-9bc8-8e7a2f1c61a8
2021-05-24,e3b5334a-b94a-449e-b114-6b80df6c1eda
2021-05-24,e5f5bcf0-f33b-4bd5-92e5-01c8eb4aecbe
2021-05-24,785adc11-41ac-4d9b-ba6a-2e5d353a7a4b
2021-05-24,39fa1814-d05d-486a-a01f-39af72c4e911
2021-05-24,fe458de3-7291-4848-8fc5-a15adbd16e20
2021-05-25,736f9584-e2d0-4891-86f5-f1d8595a54d0
2021-05-25,82da752d-41ee-4fd9-89aa-834c88f66f13
2021-05-25,9374453e-0c0c-4a0e-9aaa-3dfbd3d27854
2021-05-25,3a0e94f6-c6c6-491e-ada3-bc7b68387e60
2021-05-25,c9de7c68-f1ad-459f-9519-881dabc6c161
2021-05-25,62f6aace-1c63-4b67-adfe-8a625ccdca3d
2021-05-25,c5b951c2-6dad-481a-a183-bbccde946a9f
2021-05-25,5355f73c-1bc7-4bca-82aa-80857e2656b8
2021-05-26,67b0acc8-d45f-41e1-910a-137c60d7b01f
2021-05-26,63edb0aa-6362-4bd0-891b-cc68090f6f42
2021-05-26,0108e159-2b10-4fd8-944b-62200086d7cb
2021-05-26,f17b5959-bf1f-43bb-9a28-977fec2935ff
2021-05-26,a2739eab-b12c-4cc0-8df5-debd8b3dcf3d
2021-05-26,4d9ffebc-0c60-4a34-b622-16dd9922d049
2021-05-26,57b0a14b-645f-4950-97a4-cb033e862d49
2021-05-26,dc7c384c-355d-4087-8cb8-bae8b764c195
2021-05-26,62c80e7e-1041-4fba-82d8-35b4c0785eea
2021-05-26,e3b723b8-6b36-4f3f-9850-c6f86423154a
2021-05-26,9f1224e1-1623-4c11-9407-dca1d66e10cc
2021-05-26,49267ff6-72e1-4896-bd6e-1f921e06c0d7
2021-05-26,bb94b443-57be-4e56-84b1-0fc34bcb8c65
2021-05-26,f45a5e3d-8305-42ab-8947-1343cc706002
2021-05-27,09d833a6-4360-4765-94f2-b0c796529ed1
2021-05-27,1b7dfeae-ae36-41ba-958d-0d0fa5a1a1ee
2021-05-27,a4b321e5-2b0f-4a99-8cbd-1e4b3cd40030
2021-05-27,4203166d-daf8-430b-8444-cf72e6e690c7
2021-05-27,51e4c0ef-6d33-435f-83d3-a66796f16171
2021-05-27,731d1232-bfc5-4ef1-8917-05966ee90d3d
2021-05-27,24015c78-c172-42cb-b7c3-6382cac80925
2021-05-27,3bfcff77-f64e-4e78-b325-d7e64850dd41
2021-05-27,15493f67-b49b-4e39-9363-cd66e45c86c4
2021-05-27,ffc79669-ed11-4cde-86d4-8ec232ac7b14
2021-05-27,c9acd56a-4249-4f12-a4bd-dcd202ad6a7e
2021-05-28,7b536d4b-cb9e-4e7b-a69f-89866c040b80
2021-05-28,44e4b1a4-5c6e-43d8-b7b0-83b0bf7e6e8b
2021-05-28,e7421a1f-73cf-468f-ad81-bf7ec64368a5
2021-05-28,a46e726c-8e3b-4aae-b45a-ddf3287695ab
2021-05-28,9e735e89-6855-428d-ae2a-ca6726cc833a
2021-05-28,2d38cd29-3606-47cb-999d-45d391da8590
2021-05-28,8e0e2e54-0d95-42ea-9ab3-3da733febefb
2021-05-28,bac7cfae-b907-4f6e-8e14-01621316ce25
2021-05-28,5df91333-81f1-433f-a2d6-76a65e1e52a3
2021-05-28,6216cc0f-9387-45c2-aeec-6be9a163b27c
2021-05-28,fd941954-e2cc-4de6-8ae0-bcf6df3e7333
2021-05-29,4693b059-badd-4eb8-b3d6-1def5b7e162f
2021-05-29,603b719d-b4f1-4fa3-b620-e8a9853c7785
2021-05-29,5cbf590e-0bb5-4a49-a192-7d4de77d1795
2021-05-29,4eb59dad-2d8a-4b2e-9158-68f8d64ec188
2021-05-29,05e3d441-15b4-4f6c-8f67-5b0dc3ca6553
2021-05-29,9a13cfa4-c2c8-462b-a63c-77fda1256251
2021-05-29,793a4fcc-38aa-4008-a190-9f4aafd6bb9e
2021-05-30,6527961c-517d-4f26-87c7-1797fe0dc1dd
2021-05-30,fed5faad-a3d5-4d4b-8261-e4ffac4b3e05
2021-05-30,f69dcb39-819f-4cc6-9ff5-7b60fdb1a1ea
2021-05-30,172cd78b-99ce-49bc-8afd-002c1479240d
2021-05-30,ed858c25-829d-433a-aa61-602f86949c55
2021-05-30,e2b152bc-aaa2-4601-923d-14eeb5a85271
2021-05-30,dc795ff0-7055-4df4-9c21-f3cb6633fe87
2021-05-30,2200ed27-05d1-4e71-adfc-44b0d0e4fedc
2021-05-31,3d59b949-d826-45e7-ae4f-9856e8c71594
2021-05-31,8bf78da6-2bb0-445f-90f4-a5cff28407d5
2021-05-31,eb7cf947-5c73-4b54-8511-16315ec53a02
2021-05-31,3e0da42a-7f57-41ef-9843-fd2cbd252b16
2021-05-31,1e7a0e9b-99b6-4425-ab02-32829207537f
2021-05-31,8d25ab04-e1b5-48f1-b448-689c9f21398e
2021-05-31,4e3c2c1b-61e6-4035-b69a-5944febfe194
2021-05-31,ada01a8d-9bde-499c-b209-a00b0a2c6108
2021-05-31,199253ba-8f28-4b50-8a47-cedb7bbf0c98
2021-05-31,72398317-26d3-4107-a902-e8b2bfcc2c8a
2021-05-31,91bded23-9587-46f8-91bf-62872c06f95e
2021-05-31,1186287e-6157-4407-ba71-c1906dafd8da
2021-05-31,f50b8c04-0aaf-4120-a4fc-b583cc84fb14
2021-05-31,6f5bf010-66cd-4678-8fed-05fa10862e15
2021-06-01,f05146f2-a24f-497c-8aef-834d6b8b0db9
2021-06-01,7f4ac480-c64e-4868-9f08-6e64ed976fbd
2021-06-01,fe2c2ec8-c4b5-485b-ba3c-1d2cbdfb6a6d
2021-06-01,6cf16b76-0e92-4409-94b5-08c27d10e497
2021-06-01,eecac8e6-d1cb-4e11-8713-a0a13f3f7c29
2021-06-01,9b62d1ab-f987-47fb-aef0-bae466a0514a
2021-06-01,852ce071-04fe-4da2-8610-8aa3c4ff1359
2021-06-01,d98caa2e-ed8f-461b-8f4a-b860ea7c6c49
2021-06-01,e35cd672-05be-4967-b9e6-fffa0c8f6004
2021-06-01,c3b9d7a8-01c1-4a9f-8af5-802f2537c757
2021-06-01,4aa65905-668c-4e46-a377-1a965230dfe9
2021-06-01,05a9cf4a-ceaf-4396-ac13-7db53c1ca393
2021-06-01,3fbbefcf-d249-4920-9855-80cb3677be2a
2021-06-01,fe024035-f878-462a-a5ba-1db6f5f19646
2021-06-01,11c240bb-f176-4053-affa-20043a7ec439
2021-06-01,12e1413c-9d4d-4990-b710-b1373b72b004
2021-06-01,d5586e18-1dc4-4f74-9b9b-5fe6bb92b393
2021-06-01,9caa3617-66c5-44d7-9ff2-c5eafe7a1dc2
2021-06-01,1d931688-b203-4258-8389-25b8656b4695
2021-06-01,b8fd4306-26b8-44b8-a648-669871fe3afb
2021-06-01,66f8c2ad-b05c-4b14-869e-37a9885db2df
2021-06-01,90146753-e8a2-4db6-aad6-d2ddc9a6d70f
2021-06-01,b53fbff6-6fb9-4ac9-b5c3-d19727492492
2021-06-01,a26beff8-e0d4-473a-a9a1-b8270c3d5f96
2021-06-01,3b75ced7-f2be-4c26-bc2e-d0a9029cdf49
2021-06-01,e236117c-ab11-4d06-9712-74d0f51e4587
2021-06-01,ab90a4ec-a10f-428e-844b-387c72be6fd2
2021-06-02,a86b29b0-8d99-4248-9936-ffbf3a1a07d3
2021-06-02,1ddaf085-1fb9-4028-9475-7f7f93bce770
2021-06-02,0a5224fa-98b4-4dde-aef7-a0b23860583d
2021-06-02,99aff14a-9942-4843-bb5c-2ab223f13f73
2021-06-02,8884ae9d-099b-4af5-9f1d-fbd6b5c21bf9
2021-06-02,f4245170-4756-4620-9a71-f776cc8c6789
2021-06-02,9937e36d-05a3-4427-a388-cca7aaa12263
2021-06-02,a46357f4-4d19-43cf-afa4-5b5275a9f571
2021-06-02,7886b485-c4f8-4eab-b4c0-1d1a6f4ac9e1
2021-06-02,f086c79f-37d7-4010-aef7-a60ca74b8428
2021-06-03,cd690213-fc25-4fe9-af88-1ae1c77b8023
2021-06-03,76a79bfa-541a-4727-bdc5-8fcd63c96aaf
2021-06-03,f3352771-f216-4bed-8af3-da16e048f7eb
2021-06-04,166044bf-45b6-4e48-9060-436640ae63aa
2021-06-04,a6cb0b2e-8e94-47a0-a3ff-b780a8c924a9
2021-06-04,0d816803-48d1-4421-8575-07beac21f938
2021-06-04,f96326cb-072d-413e-bf4c-4f9895ea69ba
2021-06-04,d44c400b-eb08-43ff-8376-7f271db9fd7b
2021-06-04,f47316e5-e1cf-4420-984d-3789c79900ec
2021-06-04,eb7681f1-5b1f-4001-8a84-c16536bed266
2021-06-04,2ab54832-507c-46f0-abd6-dea21658307a
2021-06-04,d732ec77-0485-4f91-9805-22433153a4c0
2021-06-05,c18527c6-d06b-4177-bb62-d06bfcd29455
2021-06-05,4d03e369-442c-4a7f-a063-49057a4ad7b3
2021-06-05,52d7e6a1-fc98-4429-8a5f-38857bb99fe6
2021-06-05,07c227b4-2f05-4a55-8e66-35592b7db0c4
2021-06-06,65f5b470-f41c-4abc-a17e-888162098d5c
2021-06-06,f2838847-e7f5-4719-8818-5d39256d122e
2021-06-06,e439f01d-5fcd-4fe4-9a4f-ad6beac60eff
2021-06-06,56391e6a-ff75-40df-8bcf-200274a36a5d
2021-06-06,aa12973f-714c-4d81-b507-3e6f58ec5bfb
2021-06-06,bb3e9f41-645b-4d8e-ad11-bde5ece88470
2021-06-06,85e42781-8627-423d-aabc-2bb3f8d08566
2021-06-06,b42fdcd5-2a0f-407c-9ceb-4c1a3b9209a2
2021-06-06,6d22fe6f-6ff5-4d04-b8cf-c323fb3c8d67
2021-06-06,3089a481-372f-4c4a-afde-e9abfaf3d74f
2021-06-06,4cf509d4-3066-4263-9857-97cb7dc45654
2021-06-06,a78a56f8-24b2-4d0d-9acb-93491ccc72f6
2021-06-06,19b63ab8-d324-4681-a1f6-9057e9053156
2021-06-06,7d09c9be-c4c8-4b68-b3e1-ff7785a911d9
2021-06-06,1930dbc0-80e0-4446-a52d-801637971a87
2021-06-06,f2054a0c-c836-44d1-8906-008ec1cbdb59
2021-06-06,62e1baae-56c0-47a5-9c39-8b6b527614ee
2021-06-07,daa8e9ef-c0f8-4ddb-8182-91a99f88f135
2021-06-07,945070b0-3a0b-45ee-bc01-c325ecd33982
2021-06-07,16603691-fb8d-4ba5-91a6-6409a52adf1f
2021-06-07,3c62d29c-c57b-40ee-9874-9c0a0cb7fac8
2021-06-07,e1234ed0-4f41-4987-8417-7508660b6035
2021-06-07,06f2bfcc-174e-40c5-99aa-fc5631a1ea26
2021-06-07,02c03c7f-3a36-40a4-8c3e-b9645062291a
2021-06-07,1129cbb0-e0ae-4954-82fe-7ff7fc25e7ef
2021-06-07,96e42794-d50b-433e-9092-16fe1f2d9a09
2021-06-07,6abf4c0e-e38c-4f7a-a92e-46541d200ee1
2021-06-07,4622f625-f93d-4f65-9e9a-e7b24171da62
2021-06-07,4ec055d4-987f-4545-8490-186d86482ce4
2021-06-07,950616b5-e3c9-4cbe-9ace-131b066e5599
2021-06-08,9b245c72-66b2-4b60-9371-0ebb1d2d3fa1
2021-06-08,953a48a9-1292-4353-ad72-5c99dd47ae28
2021-06-08,c6fa5ddc-f941-414a-b59f-ad084aaa0a75
2021-06-08,9d986c5e-cccf-4cb0-9708-fe83784899ce
2021-06-08,c4c22238-4b4d-418c-8732-8b31bccef3dc
2021-06-08,8eb5e52e-30c4-4f4e-8d6b-dd0c0d5cfc8e
2021-06-08,7ee3d40f-b2b3-4c1e-8f5b-fedfe77a28e0
2021-06-08,03fff432-51a7-42f5-ad48-cc08e488e0d9
2021-06-08,f850cbfe-fb09-487f-ba59-6d1cd9e450e7
2021-06-08,3ea29b0e-572a-4d54-b8e1-add541f38a13
2021-06-08,dfae2cff-b19b-42d7-a7c6-becb7d8a0be3
2021-06-08,31bafa64-781d-4231-bf7b-b99e5e115ae1
2021-06-08,728d5422-c547-4a03-96ad-30d919cc9392
2021-06-08,0be449c2-e40f-4c1b-9400-bb57e59b47ec
2021-06-08,8519318b-c9bd-4c07-b77d-15a2a9136159
2021-06-09,2b5b7ff5-d5e9-4ee2-a901-2205caa8535c
2021-06-09,b95613e2-ff30-43bf-95b6-8ec11184326f
2021-06-09,8f1dc325-392d-47eb-80a1-140eef4e3cfe
2021-06-09,0963747d-bbba-4fe0-bf64-7d275e12f61b
2021-06-09,fdf24c69-28ea-4dc8-b1b2-f035cf3914d8
2021-06-09,b981071d-5b41-473c-968d-28591022a552
2021-06-09,ebbbe1cf-cf9f-4460-b790-e7eafae56b3a
2021-06-09,4cedbf95-95d7-4ab5-b674-10fc55847c10
2021-06-09,04e9d40c-d4b4-4d86-8438-c1799e65b6f4
2021-06-09,7c6cccd8-9235-4bbc-9dd8-4a3473788bb4
2021-06-09,ef37cb30-a0bd-424f-9602-ab2284d388a1
2021-06-10,f40f7b3c-8d9f-4858-ae25-b65ce70e049a
2021-06-10,e2c4a223-9e34-4083-85f8-8e1d9fdf1cc3
2021-06-10,e7e839ca-d84d-4646-85a2-c2f854921709
2021-06-10,cc738001-05c4-4441-bf49-bc45faeeeabe
2021-06-10,3f7622c8-f2fb-42aa-9efc-8d8d3d3a2edb
2021-06-10,aec26ec6-ed4e-4662-b674-689380281dc3
2021-06-10,eb781710-df86-4e21-a1e6-901c84c2abbf
2021-06-10,6cb2d0f5-0da5-4c4f-9fc9-d3ad53cd30d3
2021-06-11,173913d0-55c2-452a-addf-1c3c9244a595
2021-06-11,1e3647be-fb78-4cea-9296-a93b5d8bf1a3
2021-06-11,b36dd86b-81d2-439b-b7ed-86403e1fe843
2021-06-11,f7bb5a44-c596-4a47-b04a-18e9545abb29
2021-06-11,e612d485-4827-4c04-bead-617732445277
2021-06-11,4a0f3b44-5c65-402e-8d1e-5d91e52ff0ca
2021-06-11,aa0a9817-5c70-43b3-83ff-b713c5494269
2021-06-11,3e074769-5679-4203-abd0-af6ed7434ae3
2021-06-12,117bf88e-59ea-4ab8-b197-5cf89cfb6222
2021-06-12,7243dd69-3fd9-4132-bf22-c738660358f5
2021-06-12,266dba55-cd9e-43ca-8ee6-8cecd78e6fd5
2021-06-12,b6a10a5d-ba5d-4287-aa56-8e4b144311ec
2021-06-12,45ff8518-3f89-4dbc-9e4b-c12c849ba3db
2021-06-12,57848355-a08f-4947-ae47-c030ad36d93b
2021-06-12,2ced92f9-804a-438e-9031-ad7c1fd4e4fe
2021-06-12,2dbbbe7f-b7e1-45fa-a6ad-85f2b7a1a164
2021-06-12,9d3cb062-02f1-450c-84bd-d413064e3dd8
2021-06-12,ca95c2d7-0c19-4e04-a8fe-062c8e48404d
2021-06-13,61a29686-824e-4b0d-8cfc-a0d0ccf04b03
2021-06-13,c2ca8e86-cf84-44a9-9fea-f2a1c07f5417
2021-06-13,4e1b7746-dda8-4eba-a1d7-2c6197467fee
2021-06-13,1f8eaa82-948b-490c-bfb0-d63612f9bf48
2021-06-14,499e87e4-e06f-4b92-b45b-934182aae847
2021-06-14,17fe938c-f66d-4266-8447-0139da4072a3
2021-06-14,0171d796-d7fe-448f-baca-b49b18ecfe43
2021-06-14,ca9e09e9-98bd-4086-b747-59b01b3ede04
2021-06-14,e8f87b8b-fc99-41be-92d4-65d00eda5a05
2021-06-14,37143d61-110d-4552-a638-f8980e4a6947
2021-06-14,8e6d15e1-2486-4bef-a7ae-9b748f5e2596
2021-06-14,7b240f5d-0072-42de-959f-390793fef802
2021-06-14,9ead2281-30ea-4011-a2d3-5749f6ca8abd
2021-06-14,61d4b308-fa4d-4a51-97ca-9cf377e4c268
2021-06-14,e4b84a3e-dc6b-4e17-9ab8-108119fc482c
2021-06-14,8a653ab4-0223-4412-9bb0-41d6ac34fce8
2021-06-14,32a84273-da29-48fd-b551-4725b22051f5
2021-06-14,a3cbc7a6-9987-4301-b764-4a64b1a82749
2021-06-14,7a16d4b7-4f76-4a45-a336-5e3f0e77058a
2021-06-11,76cbca9e-0037-4750-9e20-84b7a9b0b4a7
2021-06-15,bad793d4-57bd-4efc-9660-360a506139ab
2021-06-15,0a2a775e-a77f-44bf-99c1-40d74521a6b1
2021-06-15,c4c93667-13e5-47d1-abd9-63d5ac824149
2021-06-15,9c80af23-f2f6-4da5-b817-afab7a1b4e67
2021-06-15,6d91f4d4-2bc2-423b-9576-176b6c1ae367
2021-06-15,9ed6587c-bdf2-4c29-8eb0-1de71cf85baf
2021-06-15,7cad4a2c-d915-44c7-a19a-641a2ff1922a
2021-06-15,1f6151a8-8de4-49e4-8962-aee97155a0d5
2021-06-15,7f5d3d1d-6d99-46af-be61-77c17e5a85d9
2021-06-16,e0246072-f300-49b8-b96a-d27bbcdf99f3
2021-06-16,6a8eb72b-abdc-4d98-b941-afbc61c1aabd
2021-06-16,ffd880d5-0200-44e1-91db-7df9483f2a39
2021-06-28,ffd880d5-0200-44e1-91db-7df9483f2a39
2021-06-16,ec11d523-f5db-4620-b9f8-08767b0fa7a2
2021-06-16,fa8a52de-8ee7-4d14-949f-b3a86b85acc6
2021-06-16,aeab043e-b2a5-4100-bfd0-9b97696deb21
2021-06-16,5d8a261d-85d5-4fe2-87b0-e557cf2da26a
2021-06-16,839d1a47-0a82-4059-a80b-9f41267c67de
2021-06-16,b5577724-0248-42f0-a8a3-415e8835ed14
2021-06-16,bb00c2fc-8e4d-4986-a1d2-346c4203b603
2021-06-16,a4db6b12-48a3-4488-a9bf-f9bbbc56a4f0
2021-06-16,3e469bf6-2842-4029-a457-3d60454197d8
2021-06-16,31324065-cb3d-488a-83ae-e3e4841416a6
2021-06-16,522f7237-4164-4f38-91fb-213cdfea29ac
2021-06-17,58472d22-ba10-4b27-95e7-209555d290b6
2021-06-17,c920bba8-37bf-46f2-ac67-eb03d346b098
2021-06-17,7f72cee7-95bc-4c51-ab1b-1f1b83a74264
2021-06-17,270b8cc6-0d2e-4d89-8f43-e3f334f72198
2021-06-17,6aa3215a-fe1d-40e5-811f-adf9c2a9cc76
2021-06-17,6c2d5537-b554-4122-ba29-6db8f45504f6
2021-06-17,32ddf21e-44cc-4b8a-baea-2c018ef491da
2021-06-17,eea923ad-264d-4c95-b902-70adc2b29998
2021-06-17,34021151-115d-4a1e-992b-c368ad9a2680
2021-06-17,18f41ca4-700a-4126-9f81-9ab2f983fbcd
2021-06-17,2bc4b5b4-e1a0-428a-a95f-181994aff2d5
2021-06-17,574b6cea-208c-4b46-abf1-a1a011497a8f
2021-06-18,a37e8a56-510c-4178-bfef-4384dd235d0f
2021-06-18,53de8757-1ece-440e-a73a-5687ed70f966
2021-06-18,2fa35acf-bb59-494e-805e-f5ae51d6ea3c
2021-06-18,53de5960-f46a-4561-8c18-03e69c50f762
2021-06-18,537ab18a-daa0-4241-a4eb-47bd754c2f4e
2021-06-18,ca916c2f-31b9-4318-ab97-a311d79e647d
2021-06-18,6ef13aaf-62e1-40a4-b86f-85415a7f130d
2021-06-18,c6a07766-e0a3-4129-9f72-3af6b7c3f526
2021-06-18,46144caa-63a4-4845-85c5-743d9f4254a6
2021-06-18,2f50b976-558d-461b-a520-dbc6c7ea41b3
2021-06-18,a9ea462a-0cae-429c-96bd-e889fd93d97e
2021-06-18,a7093fa7-c25d-4e7f-8cfc-ca769a466d81
2021-06-18,2477a1e1-ddba-4831-8472-310c10705650
2021-06-19,6bf7dce0-0ec4-4c0b-877a-af3469d29b7a
2021-06-19,eb938770-c4a7-416a-b51a-8d9865d209b5
2021-06-19,ef88fc0e-0c72-4881-9129-74a92a2d89ad
2021-06-19,9037ef30-8d70-48f8-a770-776b96d82ab6
2021-06-19,5c79a1f4-731d-407f-8292-a99bca10449d
2021-06-20,b165a607-3457-4364-8aeb-96eded8d4056
2021-06-20,a4f64a72-3954-41be-8613-28239c7ffaed
2021-06-20,3b05ac77-80ad-4b9c-a6c3-047320892bb2
2021-06-20,899f568b-1622-49bb-b002-bb696f60af9f
2021-06-20,1eaea9ae-af25-4f57-b695-dd580f4e1e50
2021-06-20,3feea081-3cdf-4de6-975a-04f607159ed9
2021-06-20,05aa5a08-ae0c-495b-a6c2-592585854d03
2021-06-20,978b3904-be76-4b13-a9dc-b8f623f6a85e
2021-06-20,a4ce4f05-853f-4a5b-98e4-1e90cd3c5f9e
2021-06-20,dcd613ec-4962-418b-aa7a-6d3de4e67af4
2021-06-21,d52c5243-6170-44db-86fa-b13c569ee09a
2021-06-21,41daf6cf-538a-4dd8-85f0-0dded6a4b99e
2021-06-21,a95db60c-7c2c-43d4-a61d-8f976babf5f3
2021-06-21,a1a4ba17-49ec-4756-a4f1-f6a1490f9c25
2021-06-21,2965514a-3b8c-497a-a797-ad5b320e0b41
2021-06-21,ab7e6fcc-2006-476d-95a5-f1552230e36b
2021-06-21,38462516-02c0-4363-9241-a2465fb5b5d1
2021-06-21,3d79efe3-83a3-441f-a71b-97502fd40e36
2021-06-21,d43fff32-da03-4eef-bd49-2702e89b404d
2021-06-21,760f859b-e8d6-4819-8aa1-624b0352b6bd
2021-06-21,c9516677-a8ee-4832-95b9-0136337da883
2021-06-21,7c295a4e-d5c5-4f0d-9af1-e18ef8fd88ad
2021-06-22,6f300f88-625f-4827-8c80-cea28e562962
2021-06-22,6916ab73-1caa-481d-bf7b-7912c552ce12
2021-06-22,9894f446-3a15-4627-bb12-826953aba72f
2021-06-22,51ac99c1-e4be-4584-a1f5-e3477abe9a3d
2021-06-22,495ee791-463f-4c24-b77a-16a62a274c57
2021-06-22,29ea30d0-2fd6-403f-9b9d-2115ea391991
2021-06-22,3878ec8e-5f3d-4475-97e3-435f7a929db2
2021-06-22,d1b4ef7e-4151-4c9b-9ff2-c0b5fcea5575
2021-06-22,755fcbfe-7752-454c-a638-f2dbdde4364c
2021-06-23,7cf987d1-7ed9-4907-8617-9f88a7905562
2021-06-23,84391811-2762-4d49-98b8-2a68b1058649
2021-06-23,9d397eb6-baac-4e1f-b394-89da610ca3d2
2021-06-23,d768238d-06ed-44b5-a7f1-e847a5e7da05
2021-06-23,a90be1c3-4683-4c3c-8f23-a680a54c9afa
2021-06-23,373b0577-ef6c-4d4c-aaf8-05e9dd67b196
2021-06-23,67a52b62-0441-4b12-94a5-3e601bf0f4c0
2021-06-23,9e16fb62-bfb0-43ce-9ef8-892f9d7280d2
2021-06-24,eb079dec-a13f-4018-b2fc-e90c6f1a8803
2021-06-24,f29e0b33-0b13-4aa3-a141-6bb482bf365a
2021-06-24,e3999752-448b-43a1-9155-892ff54faade
2021-06-24,baf8cb95-a4d7-4ae0-b640-61224f5f263a
2021-06-24,1cd9361d-2127-4e93-b896-e4a5a0964350
2021-06-24,5432f6be-b90c-45cd-bdf0-1ecf2c79da47
2021-06-24,1cac00f9-6c10-4fe5-aa75-90e3483cab1f
2021-06-24,74c0c098-b31f-44fd-83d3-ea8a61ea84c6
2021-06-24,82b11c57-3f45-4e08-a3b1-c840679899f2
2021-06-24,355924f6-1137-452f-a4b2-0f2d19437cfc
2021-06-25,08e33a22-1945-4ec8-8883-198119a5aaac
2021-06-25,22f87802-8e08-4991-9519-52bc02ab0d3f
2021-06-25,a9ffeeb5-5c35-4b07-b217-73faa5cf8669
2021-06-25,375d0c2d-bc92-4c4a-8939-bd2efe0af0b0
2021-06-25,dc697c0b-f547-4093-aded-9ba545a1f226
2021-06-25,45a8d12e-76e2-4162-bbc2-a4defacbc276
2021-06-25,676ba48d-ee4d-460b-81c8-9b3b0a8d0d6b
2021-06-26,5798d7ce-87d6-454c-a60a-66cc01932e53
2021-06-26,dd8b4bdc-b362-463d-9d7d-b2a794ca149c
2021-06-26,49411f6b-2244-489b-8f8e-9f415003d633
2021-06-26,10b4f85d-2d2c-4c6b-9935-a3fbf67f38e4
2021-06-26,8bbf2447-f306-42a4-ba77-dec48cd0ffb3
2021-06-26,8d19eb3b-81ef-4b43-9325-844e6da3c8b2
2021-06-26,0f8f7221-cc3a-4f0a-94b5-342e284d9d02
2021-06-26,2b3d79e5-f718-4574-9e10-e4e5a91d8e8a
2021-06-26,381873f9-bd14-4832-84b9-e94c5b172bc8
2021-06-26,dcfe7255-36d4-4a81-af20-98db24605ca7
2021-06-26,96d659fb-9f7d-4f7b-9cfd-9446ab9221c7
2021-06-27,2fdd5d11-ca18-4bae-939c-e9b80824b7e7
2021-06-27,1501c600-adab-41b5-b206-a8be14939175
2021-06-27,976d737b-348b-4bd6-b90d-40a878e6aefc
2021-06-27,1e0251a3-01c6-409f-9255-78ba8b1c5959
2021-06-27,a8d704ce-4d33-4a11-bf65-569de23110cf
2021-06-27,9c16668f-1c5d-4713-b9a6-4d4e1d559429
2021-06-27,cc8ac908-3463-434c-8b4b-369d19f0e749
2021-06-27,b947b9af-0bac-4926-bf69-ff69ae3ddf6b
2021-06-28,1023231e-74ec-4864-9000-0fb1a8121682
2021-06-28,3a63c201-5f02-404f-91b4-f4b47ae306d7
2021-06-28,d3738351-cdd6-49b0-97a5-06ec21ca5995
2021-06-28,191ab01a-2279-4a8b-9be5-0ae242901cde
2021-06-28,90854717-9385-45fd-909c-dc03b0ba8f2b
2021-06-28,4d5457db-d4b2-43ee-bdbb-7495fd36ed2d
2021-06-28,68879ab3-f3c1-4420-a545-9d26f3c87cdc
2021-06-28,054d4da4-a0e1-4e16-86cc-1378f3847403
2021-06-28,3b95db7a-72b7-4e54-8497-252a0e488297
2021-06-28,1cbb74e8-1460-471b-b5fd-844b3ae43583
2021-06-28,e602b6ce-b96c-4041-bcea-4b1c7cdcde5d
2021-06-28,f722c7af-40ab-4e6e-81d5-407a0226f939
2021-06-28,54109800-9e13-4556-be28-dd452bf7e253
2021-06-28,e20bbc14-c627-43c4-b1d3-4f3700209a36
2021-06-29,607820c0-0262-4440-9f96-214cd2f68814
2021-06-29,f33f5406-23c8-40fa-8eaa-4ed6a450bb8c
2021-06-29,f3da8bdb-5277-47cd-9051-04c045bda3cb
2021-06-29,d9c7f887-3cb5-49b1-9222-ea395559ccae
2021-06-29,6ce43312-04d3-4a3b-beba-6beaabff0c85
2021-06-29,d59e10ee-4fb9-4939-b214-80b4a65412e3
2021-06-30,aa73f671-93f6-4bb1-8e84-03f8c690a0eb
2021-06-30,e39b62c4-0613-4b31-b67c-9ce6306d5e3e
2021-06-30,4cca4336-e9d6-4d84-80bd-2d733bd0f033
2021-06-30,5a27345f-1f6f-4c4e-bfad-3f655c103311
2021-06-30,2615f042-385c-436e-945e-38d84ce578fd
2021-06-30,79e6b258-7d99-4c3c-85b2-fd954da86b83
2021-06-30,10c74c15-e0b7-4c30-9001-dc185a030818
2021-06-30,8bfed726-b136-4521-a4f1-c7e5cd604e7a
2021-06-30,57521fee-05a3-4d93-9e22-9475a9740c19
2021-06-30,9c09c5b7-8bef-42f6-90cd-27ecc6f3b9bc
2021-06-30,d20f8231-b6d2-4313-b5d9-347baa43cbc0
2021-06-30,25034325-b30f-4728-8475-4e9e2bceea5f
2021-06-30,182b8806-1b52-4f7b-b34c-0325e12d15ff
2021-06-30,15e4bc37-87a0-4005-a01b-62bcf30563bf
2021-06-30,1b33bbb9-9075-4810-b53b-107e978e4e64
2021-06-30,42360a06-abb0-4b3f-8c76-dfaadd0034ea
2021-06-30,7449c587-b2c9-4bd3-b56a-15829c0a9f3d
2021-06-30,1cc7119d-73f1-475d-be56-59d8ba9050af
2021-07-01,0b4000e5-fa40-4059-83e0-9a8f4be312ef
2021-07-01,ed88fa06-301f-456c-8509-39b2c163ab7f
2021-07-01,3148217e-e8e8-4dfb-9fa1-d870adf92c28
2021-07-01,0d683891-497a-487a-be82-5cc475721591
2021-07-01,8a29a64e-1474-4042-9fd3-a31b39161b7b
2021-07-01,ac10359e-33c1-416e-a52d-2a09085d9cb5
2021-07-01,e081a5b5-7966-4c6d-8564-ff22c953ec1a
2021-07-01,8ed66968-56bc-437a-9d66-93d1abfe121c
2021-07-01,33353816-7ba1-4400-9789-e595f0765dd0
2021-07-01,22398294-7d7c-4168-961b-d161d1df00e6
2021-07-02,1944e132-cfb9-42fc-b20c-2706d6a0ff49
2021-07-02,65dbaae9-8fcf-4b37-81f2-318a47061aaf
2021-07-02,f7787857-8185-4ba9-8385-696006c884d9
2021-07-02,46e43418-55a6-4e6c-9490-b8abf53fae04
2021-07-02,33cbf92c-6ccd-4ba8-80df-b66806a959d7
2021-07-02,1e309999-e3a2-4ca1-9dd9-1465a6dc803b
2021-07-02,82d87468-c2cf-493f-9e41-c4d15f20abbd
2021-07-02,dc8226fc-c379-403d-aee1-1256946bbcc2
2021-07-02,a741d434-7471-48bc-b6fc-cef2d3da5ca3
2021-07-02,c53985a4-3755-4ae0-8e8b-711a3046662c
2021-07-02,785705ad-de62-4b87-bf96-acac3a8c8608
2021-07-02,2f2396f9-9de9-49c4-8188-8d1e25617470
2021-07-02,99bf0005-af8c-4366-89ca-cd160cf965df
2021-07-02,597182ef-c3fa-4faf-9503-e0cdda0fe3ef
2021-07-02,1ee7631f-b38a-4acb-8511-91f71268be45
2021-07-02,8be37ae4-42a8-47ab-a794-8a3193a051fc
2021-07-03,69c8fc97-8c83-418b-bb24-a952689d6855
2021-07-03,f03ef76e-fbef-439b-9d56-a563383a3d1b
2021-07-04,b6aadf3a-b977-4c27-9fae-7a67211e48db
2021-07-04,bcee39a6-867b-4fb0-b805-28bdd2084724
2021-07-04,b44e359e-6518-49c9-8dce-a5a1f36b43d2
2021-07-04,76455fc4-61f7-4460-b6ad-9c9e7fff936c
2021-07-05,9945f0ca-6987-4d94-9b36-c201ffeb556a
2021-07-05,206f801a-a72e-42a1-8feb-8b3a0b65b0ab
2021-07-05,0ba2b1af-bda4-4871-9b74-d1836ac4e028
2021-07-05,fb99908f-81b6-43c1-810e-e25de54c84dc
2021-07-05,ee3d8edf-600a-4c6f-87d9-e3dc777e3b9b
2021-07-05,6ea199f9-166d-4e09-a599-039282a18dda
2021-07-05,2f6ebab9-ee82-4843-b49f-b1ae4cd7a8f2
2021-07-05,755ea515-dbb2-4083-9807-5baea0babd6a
2021-07-05,cd09b84c-f3a7-435e-8f0b-b49135a71e48
2021-07-05,f7526e0b-6b6d-4762-ae58-f782c930ce49
2021-07-06,c3a27f06-a35f-46e0-b189-0f659bb74c91
2021-07-06,0b08c9e7-37a1-4a65-8f49-4c7674c178e6
2021-07-06,b88cb2d3-9bd7-495d-a406-ead6ad39b8b6
2021-07-06,475ffec9-748d-4d14-b252-24a93aee92d8
2021-07-06,5affbac0-6f9e-4cf9-b37f-6b7716a11f94
2021-07-06,8ae4a0fe-c0a6-419b-a2b7-218094fbb1a1
2021-07-06,033c7705-3d54-4c45-a230-df767afe083a
2021-07-06,7dc662c2-771d-4eb8-9915-1696133a4982
2021-07-06,9339f1bc-a2bc-4923-9498-e14d6571d896
2021-07-06,57f55664-6d65-45b1-8b3c-027974f6e59c
2021-07-06,9eb7cfb0-0bf7-445e-8e0a-8326b68e236b
2021-07-06,3cc93bb4-388c-4f7c-8afe-47d4a78afd83
2021-07-07,af122b19-ad52-42c7-933b-fb0b9c9db322
2021-07-07,a2ae4cfd-ea49-4b7c-9b4c-d429b2795b20
2021-07-07,c011583c-7b12-4b7b-ba8d-a1b110b37698
2021-07-07,206b5557-4b8b-4249-975e-6da9409fdaa3
2021-07-07,8d7df0ca-3c33-401a-b16e-249da90fc97e
2021-07-07,f57eaffa-6990-414b-a398-117fc92ebda7
2021-07-07,e441ae6f-9f6c-440e-b2c5-7b52433134ff
2021-07-07,69fc1694-2145-4b48-a694-5eb280cebc5d
2021-07-07,bb612390-34ac-4a26-96ce-83d125e4bee0
2021-07-07,b4e32084-0bc2-4b49-9466-bd83911a57de
2021-07-07,037bc296-9b77-41dd-9bf6-dd2ccbfe643b
2021-07-07,2a88ce6a-8c95-4203-b1b5-2d8aab443211
2021-07-07,f3bf6271-dc80-495b-ad38-aa17e83a04af
2021-07-07,27ac2457-7cb0-47f6-9648-009b04da3d88
2021-07-07,5c5412ac-baea-4565-8190-47880540c804
2021-07-07,4ecba5ee-7bfc-4464-a90f-55f1e451f69a
2021-07-08,48b2f672-b066-4ff0-b059-861de33da598
2021-07-08,cbb344ed-09b3-4553-a039-39a453d3419c
2021-07-08,f4e75c02-8ca9-4a11-8dc4-18ab369b4113
2021-07-08,d41f89dc-d06d-44e0-b5b0-7266842f9383
2021-07-08,856dc225-7844-4fef-a14b-f0cf20933036
2021-07-08,76b6d769-97bb-43cd-854f-138c9911b500
2021-07-08,d64c8b65-4929-4397-a0dd-8d8262be4918
2021-07-08,a4a3429b-4847-477f-88be-274f816084b2
2021-07-08,f0f03319-8fc3-4100-a185-ec6837ec57b1
2021-07-08,9ae30b10-8729-44f7-8f27-ed94f292c2b1
2021-07-08,f30efb0c-6cc4-47b7-a1de-877914e9f49e
2021-07-09,c8cfecef-e36b-4630-b7e0-d1299a65b4b6
2021-07-09,742780dd-127c-45ee-8c00-af74b334052b
2021-07-09,55cdca85-bcc1-4abb-a2eb-e871176457e0
2021-07-09,cfc6a2c7-e19a-4ccb-b3d9-ba92f44a5ca4
2021-07-09,0da58244-e9aa-43cb-b0cd-105f2efd85eb
2021-07-09,a552bbf0-6d22-4d58-ba2c-770d1f5f42ec
2021-07-09,3ec59d0a-8a86-4db4-a76f-ef0d0b091642
2021-07-09,97f06339-05d0-4933-a79b-ee1091ff0eba
2021-07-09,71bcabaf-19ad-403d-ad6e-826fde96b2bd
2021-07-09,5a301a4d-e2be-4184-8eef-c46aac8ee93f
2021-07-09,b1e001bc-b530-4be8-81eb-71508b0711d0
2021-07-10,96bd4b04-86bd-4abc-8bb0-2d69f2d4125a
2021-07-10,be2e5c44-1c49-43df-83f7-824923aa31c4
2021-07-10,f6a2dde9-a265-41f0-86f8-394fa99c50e0
2021-07-10,16dcae1e-1a48-4218-9160-809ba692c321
2021-07-10,35633eb2-f33f-4363-a503-a48168db4dd0
2021-07-11,00fff7e8-c1b1-47da-bcdf-94ac997f62cb
2021-07-11,074d11fa-1887-4e05-ab92-824927d5570f
2021-07-11,876a4c41-88d8-4ada-80fe-fa23605ad3df
2021-07-11,5ccddb12-108b-49ac-bf13-69373978c377
2021-07-11,27be8f02-b731-49fc-be7c-f5d757260b67
2021-07-11,73369e2b-7f8e-47ea-8a10-b3c886ca7e56
2021-07-11,065d022f-1f08-427c-95f1-245ba9ad5763
2021-07-11,e3edb4e0-c2f0-4887-b61e-aa00cc2ce41e
2021-07-11,97655ab5-bafa-4a70-8f1e-c864b9a7279b
2021-07-11,207f0c7c-8bae-46c6-b9ea-92ff8fe5fd7b
2021-07-12,525caaf2-36e1-4fb1-b2bd-6fef3f8f756f
2021-07-12,095cbdee-d1ba-444e-b49e-d12b8cbfdfbf
2021-07-12,570b586c-d63c-42d7-b68a-cf18f5102d66
2021-07-12,0e9f2088-91e1-4b7f-8739-95953bbf4b1f
2021-07-12,954fe2dc-8905-49f9-94dd-5a82683a1e7b
2021-07-12,a2df5ed6-9cc2-4135-94ba-062a8765919d
2021-07-12,9d5ac303-0aa0-44c8-9244-e8a0f9f3a76f
2021-07-12,dcbfbb8b-05a7-49a3-9484-fd6c8325a99b
2021-07-12,f422828c-d426-4ad9-89ef-bf3c6ffcc606
2021-07-12,508b42d3-8307-490c-9afc-203bcfd4255a
2021-07-12,80f4bc7d-c236-4545-9029-91316d5e65bc
2021-07-12,60f0deed-2f12-49da-a0be-234cd5f2bac7
2021-07-12,b6ad8b1e-620d-4b31-80af-7f0e914ac01e
2021-07-12,7db1bed8-3aaf-4e6b-9801-ca3bd22aba3e
2021-07-12,d841c299-70fa-4c45-a031-22df2dceb2d9
2021-07-12,7d0950a7-8ca4-4544-9c43-d57c2cab6f7e
2021-07-12,bca1646d-a492-47ea-b117-fc76511d6568
2021-07-12,4ae4a0c4-b14f-434e-a8bb-744b07e1d5f6
2021-07-12,47e8a8bb-3a5b-492d-81e5-b5f7bcc93a74
2021-07-12,18f54182-a522-4f42-9da1-6c16c1f30ce8
2021-07-12,e93f682c-bbd9-435f-a955-dd92b1940363
2021-07-12,36057d0d-e549-43a4-befe-9a27b1f270ca
2021-07-12,e2936178-ea14-41ee-be86-a94e94279d98
2021-07-12,f1943ab8-ab17-4e66-9ce6-70fa953ef2da
2021-07-13,0e73c1e2-2fdf-434a-ad0f-1b46100db5a4
2021-07-13,6beddf10-8141-405d-8df3-703e135bcae5
2021-07-13,f2105569-36f1-4d21-8165-66f3aff3c8bd
2021-07-13,e1655a04-73a2-4a90-a6ba-fe3d25fe48fd
2021-07-13,32c7cdd5-dad2-41a6-8ef8-dac3b14767d3
2021-07-13,b751acf6-f634-4b72-ac03-65f67fddfd9c
2021-07-13,25a81398-d49f-4e39-b719-c4b6aad9fed4
2021-07-13,50914938-a425-46a7-bcc7-54f451474453
2021-07-13,62de04a4-8ab0-41d2-9204-76853233d4f2
2021-07-13,1e63359a-56d5-4412-86fb-6cdf2c3f97bb
2021-07-13,d81138b0-ea84-4696-b95b-f2b50c56865d
2021-07-13,21e9d886-4cc9-44d1-af9e-20cba2297082
2021-07-13,e39d5341-d0b4-4b00-9732-10b8e1e3ded9
2021-07-13,324bcfdd-9013-4aee-be82-a260762e5938
2021-07-14,89251f6e-6259-45e0-9499-0e164b17a570
2021-07-14,0e6ae955-743c-4409-9514-6618076b0189
2021-07-14,e15637b4-c953-44c9-bb15-821e5d6594bb
2021-07-14,b926af1b-ae4f-408a-9d1d-a860e5306376
2021-07-14,19642d47-42bf-4902-9772-16a5960a3236
2021-07-14,adae5639-a7c6-47fd-ac75-f70fad75facb
2021-07-14,92270757-e91f-40cf-8426-bbcc3734aaea
2021-07-14,1ee10e2e-25fc-4860-9e6d-cc43a8de1bbb
2021-07-14,dff5753e-2066-4fc1-bd02-51ce97f24656
2021-07-14,96c85f78-3ba6-485a-b147-3c11d90194c3
2021-07-15,8a8814bc-9cab-4868-9b9f-a9d58492b0ea
2021-07-15,34cfd8ec-3971-4c24-ad1f-e632799e52a3
2021-07-15,fd1b76b3-9842-43db-bf91-2562453dd449
2021-07-15,822d0617-9695-41ad-a036-9c9759f3d827
2021-07-15,a84e1d31-42dd-4007-b76c-241144f2a1ab
2021-07-15,fc44a707-a53f-4273-8344-da42f0d4cea8
2021-07-15,a07bfb97-65f5-45a6-a533-3da1bb9aa765
2021-07-15,e14e0ce5-9de1-42d0-8385-a3071b8470a7
2021-07-15,00be7ab1-eb8f-47e1-8821-48de36d16b01
2021-07-15,fcb88a04-574d-4aef-a58e-bb82109bde29
2021-07-15,d3ce2fc3-7d4f-43e2-8509-c1d64c6713d0
2021-07-15,eb19e2e4-329f-4aaf-8bef-56997c02f8ec
2021-07-15,81f82404-b707-433b-a2c6-ddf0cb9c0d09
2021-07-16,67d20de4-dbc1-4ce8-81be-a1149a95262d
2021-07-16,d1a6e833-9b93-4460-a8cf-c123c1c9ec54
2021-07-16,ba698b19-a070-4f6e-80d8-78a15a5e3659
2021-07-16,938c0b88-36bd-4001-9c42-4fa96dc1c6aa
2021-07-16,32b98257-053d-47cc-b156-1fa6157a96f8
2021-07-16,57e4e636-27ef-4e26-aa6f-9a04d08c6e79
2021-07-16,8e7bfbb1-f1d4-4b52-904f-6c770eef3042
2021-07-16,238b09b5-84f9-48aa-8419-03e047f285ce
2021-07-16,0c8bcc66-4103-4e5c-bb5d-0c603b633950
2021-07-16,7f2a2fa2-0c44-4ae7-8719-1fcda74abb3b
2021-07-16,dc44530f-b81a-4fc6-aadc-1ce04187b24d
2021-07-16,97dd3abe-11a3-43e5-b9aa-e98f2b0917a2
2021-07-17,0a9a23fc-b3ef-4a53-b6c3-27f6d197d9a9
2021-07-17,388f3ebf-7d20-4857-934e-79a3c73e0bf0
2021-07-17,a3b8f210-fca2-4676-b620-ae5852e644b6
2021-07-17,2931af01-1bec-484a-90a4-08173562107d
2021-07-17,edde0c42-79ed-4a8b-9bfb-35cd268a1f95
2021-07-17,e790acee-ed0c-4168-a436-bb86b52c1687
2021-07-17,5a785c92-b9c6-4730-a70b-f76b872403a7
2021-07-18,eb82b5b3-5380-4b7c-9028-2e279009dad9
2021-07-18,cc13576d-1901-4f99-95a4-bdb2d178ceea
2021-07-18,b7d37a63-2077-4b01-8244-df72ccd0238d
2021-07-18,1898518a-baf8-4cf5-904e-62f76b624c95
2021-07-18,656f1afd-e76b-4692-b317-f8a889622f60
2021-07-18,decd92ae-4989-4bd2-bc8d-27b698346604
2021-07-18,cfecb67f-30f7-407d-a77e-cc82a1dde5ff
2021-07-18,8106ae57-c51b-42e6-8b98-dd98ae65c1a7
2021-07-18,a594021d-53a4-44fc-9430-191936757cd1
2021-07-18,85a8afe8-56d2-4f8b-9fea-081a167c59ab
2021-07-18,899e8f0a-6278-42f5-90c8-0cabbaf08d68
2021-07-19,d745d8e7-3317-4a41-89ab-ec86a0dbaf07
2021-07-19,18d11ee6-a6dd-4c52-afd8-3071a21047ba
2021-07-19,17bf90e7-f29c-4fdb-8091-076cf91585dd
2021-07-19,8aa68ce8-090a-443b-96ab-3327520a2978
2021-07-19,4749e319-263e-43dc-9142-f2185ae7b2d3
2021-07-19,74d8893e-eb5a-4199-b451-2a58f77d1fa7
2021-07-19,2ab3b123-9d43-4578-aaa6-cf18c781b1de
2021-07-19,891127aa-959d-4788-a836-dfcc9cf5bfdf
2021-07-19,0f8fa2b6-5fea-4ca9-bb3b-11a1ca7ebf79
2021-07-19,22b4e750-f5c6-44ea-85fa-3672b85bc8d0
2021-07-19,314a2e0b-cdfa-4dba-b827-a2a3f17bf04c
2021-07-19,aac8799d-5272-4087-a514-621b4bcbd74f
2021-07-19,e86f9e90-efc1-432a-b77f-19a02422a486
2021-07-19,c2c67230-de96-4679-9926-e4315634c06b
2021-07-20,f86d864c-2f93-4bd7-a49b-85e9f039577e
2021-07-20,c71394a4-df8b-4dcd-b5f3-568416206b38
2021-07-20,af60f04f-878d-4cf2-a0f3-82251e362659
2021-07-20,251ec9cc-52d3-46b1-aa3b-8c14592d85b0
2021-07-20,5b428dbe-d799-4cdb-8616-1c00013f1042
2021-07-20,2810234c-9695-4758-8830-47cef53f2f92
2021-07-20,a745e665-d06f-4a45-99c1-73b3d7b41f11
2021-07-20,64845d89-8895-46c0-9c15-df2dd48c7a7f
2021-07-20,75cdf281-f8a3-4a0c-8bf5-abfdf33972fa
2021-07-20,ee9e750d-4a8b-4df1-b448-7994e8cf2d38
2021-07-20,5340b11c-9770-45f7-9982-7a39ecc915da
2021-07-20,848f1120-c280-41a9-b10d-c6ad3ea869f6
2021-07-20,97c25f2f-d4c4-4dbe-bf0f-4f518167ee9f
2021-07-20,6ffc8091-a9ac-4360-ab1f-c0e5f49a2f27
2021-07-20,289e6b75-5b7e-4741-8cb4-4e05ba086d34
2021-07-20,efa75e52-42aa-47fc-ac6f-9a8d99edeb34
2021-07-21,91b274f3-26d9-467b-8bb6-58cdae686509
2021-07-21,4ff81ed4-328f-4ecc-bc6d-b9c11b1e7d7e
2021-07-21,2e678846-65c9-4926-b3f2-eba72816d2c3
2021-07-21,f40cbc2f-ad7e-4115-a1a6-97ebf429855e
2021-07-21,77b8d46e-5a34-4625-b95e-ec2cec961a79
2021-07-21,b8df682e-052a-494a-a92c-11f70eab34ff
2021-07-21,14b3870e-5f83-417c-865b-492de20552da
2021-07-21,79e6e86c-4ec7-40b1-8ebf-0467bb9b9bdc
2021-07-21,ba62243b-0874-4735-8123-9204002536d4
2021-07-21,b8cd2854-869b-4053-aca0-1ebb1e1a192c
2021-07-21,dcc7d6e1-755d-45bc-a3bc-d7fad9cebbb2
2021-07-21,39edfe71-8104-4c22-8c9c-d3df3ac24fb0
2021-07-21,f2ad0667-693a-4be4-bd08-3e0bfcf3092c
2021-07-21,02bcef9f-ca5e-4f2a-95c0-68c1baf917b3
2021-07-21,6b4eb6d3-6c03-4af5-a025-d99ad983df1f
2021-07-22,0114ae7a-34e3-492f-855d-693d96f3a4a6
2021-07-22,20452b43-ecab-4df5-b463-508a0d88f487
2021-07-22,db99a2cd-7a2c-4aa9-b8d4-61c72fe6badf
2021-07-22,d736fdf6-84ee-49a2-b60d-4b6d176a328e
2021-07-22,1d56743a-c8ea-4d2e-bfbd-93ff6f21025b
2021-07-22,e6cec7d2-4eaf-432b-927c-c900a4b9b16b
2021-07-22,b53e75d9-a9f0-4b3c-a24d-54902c47f008
2021-07-22,bee4ae2d-60c5-427a-8ef9-4213bd0606d6
2021-07-22,e6cd0c36-2de6-4fcf-a082-5b34a5310e4d
2021-07-22,11845ca0-bdaa-4c0f-aeb0-e5c3bcff7a2b
2021-07-22,70a956c7-defe-4c5c-b698-7e5ee0579aa1
2021-07-22,712d5402-a278-4e3b-994f-50587113e2ae
2021-07-22,f8ea1039-9d52-45da-83df-84d556d9338b
2021-07-23,9cc7fe29-e078-4e0b-848d-a57c78e41eee
2021-07-23,c8f2a812-5699-45ba-b1a3-9517f7c5a713
2021-07-23,721a3512-ce18-405b-8c34-5fcd684039c7
2021-07-23,f29e979f-baed-4f77-a760-8023039399dd
2021-07-23,06424ddb-d2ed-440a-9610-bfa21ee47506
2021-07-23,0e059646-456c-41dc-9391-38b27a2f72fc
2021-07-23,df10af75-febe-4c63-bc18-7b9d6248d343
2021-07-23,abd0a7c5-2a4e-4495-acf2-53c2bdad4f71
2021-07-24,8090c327-fa8d-4075-8af0-842ef43dff77
2021-07-24,87ee6d82-7810-4169-8b11-3a405dfeeab8
2021-07-24,cd43a723-b677-4fc7-95ec-ba6b355521c7
2021-07-24,d0c23d0e-8526-4f2a-87e2-0d0722b82de4
2021-07-24,096209c5-bdf3-4070-b128-4f6fb4e847fe
2021-07-24,f490ba4a-fdd0-4857-aee7-ead668f86867
2021-07-24,320d813d-34b6-4876-b9ed-5deaa248c384
2021-07-25,09b07709-601f-4954-8326-daf592201223
2021-07-23,f01866fc-6583-49a0-938e-c79f5873849c
2021-07-25,cfc3a9a1-b25a-4d9b-8065-28d4edbef278
2021-07-25,97714a5f-39b4-4a9c-b54d-d2ac5085828f
2021-07-25,321d0eaa-6a69-4641-9f26-cafb340575fa
2021-07-25,81fe04ea-46c0-4eae-bd43-59b580769ac1
2021-07-25,ba31dfae-dfc0-4577-8661-9bb0848b5891
2021-07-25,bf3efa1a-3b13-45cd-8c9a-1caf87997832
2021-07-26,bfe60a0a-1b47-442f-bd31-8d8936c9fbd2
2021-07-26,599ff487-7d9e-4361-8007-2d00bdba088f
2021-07-26,b44ab4f1-7f90-4391-a751-3c3e2f0f7c1a
2021-07-26,2d243079-3cb0-451f-8d7e-145cfea43384
2021-07-26,c0a0b3c8-acb5-468b-b974-30942eb31949
2021-07-26,8f98bc07-b457-4453-941d-2e518bf46b10
2021-07-26,be0f8fed-6d2d-4201-bcdb-9745c0851cea
2021-07-26,61f7075c-fc46-4c04-8e05-6e29b7b91ca1
2021-07-26,5f79f28d-96b7-498a-b0d3-41b37ba29796
2021-07-26,9ead7d67-7c29-4485-a185-8fc5b18f6f5e
2021-07-26,d8b4c804-f227-48db-86d8-d19f06530a4a
2021-07-26,5023e145-27c8-4f0f-9505-64684056bbdb
2021-07-26,7ffffde4-14d8-48fd-a26f-134f87f47f7f
2021-07-26,4b5a146f-3e29-4950-92bf-feb53e5c3c22
2021-07-26,4efb2f2f-1538-4702-9ee6-38e8a4ea2976
2021-07-27,3ac5d31f-68cc-4f10-8b5e-0c398526cc63
2021-07-27,49bfc9e6-4c4a-4a34-8e23-aa3997be8b24
2021-07-27,5cec52c5-556b-4a5a-b429-22bd0719b252
2021-07-27,40d0e74a-db2f-4dd5-bcac-af0250038d96
2021-07-27,b0903bc0-a54e-4822-987a-6138654b0786
2021-07-27,1bdf096e-0813-4a93-a924-fc00df4932b0
2021-07-27,3a471ce0-832e-4d03-a763-7045f1a792bc
2021-07-27,b4f14ff4-b825-4797-8788-38bea3b6a802
2021-07-27,a8458d5b-469c-401d-abb0-24008c50241c
2021-07-27,2fe3cc72-ed97-4a9a-8f5b-902c9cbeafa7
2021-07-27,4d1db868-b3c5-4c2e-85dd-71316f32d7eb
2021-07-27,19509be9-e6ec-4aba-a181-a6d5e1f36f6b
2021-07-27,6a248f1e-f68e-4317-b420-5f157f0df71d
2021-07-27,92c55f0a-7f92-48be-a44d-3fde16c3fac9
2021-07-27,151ba663-1f58-4f8c-8d62-0ef490cbe6be
2021-07-27,2c0c5d16-05de-4ffc-ad3e-5ba06458a2de
2021-07-28,8d68ace1-2150-4dfd-a515-fbf5a27c97d4
2021-07-28,e63b8f05-3b91-4bcc-8b5d-9a3d468968d7
2021-07-28,cdf5c17f-f4b1-421d-ac84-efb68b0fb187
2021-07-28,bd15ab7c-9316-4076-8eaf-cde6cf2ccf5f
2021-07-28,763ec55c-b87f-45de-bb51-9302d68db250
2021-07-28,1460c4bd-95e5-4676-a6a7-56ccdb57dac0
2021-07-28,8a8b007f-301d-4605-86cb-b984b032748b
2021-07-28,41c42b4e-4594-4260-8789-a1d8c298bf21
2021-07-28,7ec5390b-e520-43d8-abc1-fcaf2502cedf
2021-07-28,b639b892-9640-448f-b85b-5727632b6a8b
2021-07-28,a86c3481-1e12-4566-8cf7-e254604d6b33
2021-07-28,562c4954-465d-4507-b9ad-87bfa61cec8a
2021-07-28,11a97a45-4bc8-4b65-89eb-9713deb2dd5c
2021-07-28,96d0c029-1771-4294-b458-7735889c1823
2021-07-28,cb654379-b06a-41f9-a438-e164450e9b9e
2021-07-29,f230d1ef-e290-4200-b1a2-8958572f634c
2021-07-29,3151ff69-2fe7-42b1-9d78-2b8fce33991d
2021-07-29,64371c45-dc5d-4538-8a70-a00e49e5b018
2021-07-29,15e202a2-bf48-4679-8321-9e2f5e979ad6
2021-07-29,1535e125-8277-4fac-8285-bdca1324d094
2021-07-29,6e6a4af4-ccef-402f-86cc-1be85073e994
2021-07-29,af378c47-b049-4219-ba37-bdfa655067d9
2021-07-29,94271092-02ce-4880-928f-f3dee73a4089
2021-07-29,57a27060-d20e-40a9-9b51-0d432c99ccc3
2021-07-29,9c349cfa-70ac-4156-b52f-ecf7329ad0f9
2021-07-29,a6c39233-8e7f-42bc-9d1e-d8e2a82644eb
2021-07-29,4ef4651e-6ae2-4e96-bb86-a4f4efc4f137
2021-07-30,94bebc10-3e9f-4926-95ae-01187f937c29
2021-07-30,994e8bd1-b6ff-4c4d-9b81-d34991b77456
2021-07-30,2703d26a-5ee0-4723-a5a3-2a41bfa27ca0
2021-07-30,6ab6280f-b3a8-4d36-a65e-286a8d26ebdf
2021-07-30,ef852034-b5c9-4b7e-9b50-84f5c87c62e3
2021-07-30,6e65ca66-b575-450b-a023-e67697d34d5c
2021-07-30,62e4700a-f88f-4d59-a1e8-db543cd6c609
2021-07-30,9bfaed48-b7d5-48cd-8fdc-a45221fbc7c1
2021-07-30,3eb80859-b119-4bb9-8a6e-ade5871eeae0
2021-07-30,88e3ccb2-d788-41da-af85-7f7ccabf2dfa
2021-07-30,f0a48ba0-ce97-4259-8255-ea503860ae3d
2021-07-31,787d21b7-b4ac-44ea-822f-d1bf9a5fdb42
2021-07-31,77ec99ca-0b02-48cf-85e6-be89587b246c
2021-07-31,f702696f-582b-4668-ba6d-2cda1a62960d
2021-07-31,76326f8d-0eda-4b3a-a877-1f930bab6aff
2021-07-31,fb2313d8-3e9f-4b79-b8ad-46f11c16b998
2021-07-31,aeff9253-9a15-41dd-9e17-c61d3850c197
2021-07-31,10163fb9-6bd0-4e6c-b577-42964a858b40
2021-07-31,a1f1237e-58d6-428e-89a5-a08c309ba746
2021-07-31,0b29f818-d79c-42ff-9e8d-884fcb48a532
2021-08-01,e9d1c35e-ec83-4a0e-8733-65717603eb35
2021-08-01,e8fa6922-0e0c-4c1e-a2fb-fa554117cc3f
2021-08-01,b4fa890c-4389-432f-bbe1-2e3b0bf445d5
2021-08-01,9f541e1d-ed87-4219-8ee3-16e5815ff8b0
2021-08-01,b099be20-dbb0-4be5-b615-434d03ba66f6
2021-08-01,7caa49be-2d74-484f-b907-a93935ef642a
2021-08-01,c51b978d-0511-4dab-8647-edd2963ba3c0
2021-08-01,e78fe6b1-7f26-425e-8eb4-078618d8b598
2021-08-01,f8c83ebb-3ebe-4696-ade0-435f675a3813
2021-08-01,6ee866be-8382-4cde-9a79-454a6fe6446c
2021-08-02,ecc120b0-7b25-4029-ac54-769a47304ea5
2021-08-02,7de2f18c-f731-4f87-a2e0-08ae6f8724f9
2021-08-02,881f91e3-159f-40f4-b1a8-0bd4c7a82cd6
2021-08-02,2ede338b-e830-48da-99dc-15bd2dcfab51
2021-08-02,bd556e28-ad51-4084-9da9-aa46b30625d2
2021-08-02,948cc606-620f-4402-897d-63345d272628
2021-08-02,b97e7ea9-dad9-4775-bddf-f24b22ac2a42
2021-08-02,84de51d4-5c93-4f6c-a3fc-c9fd652a80b4
2021-08-02,f1f3efb5-1636-4327-ab72-aa67b3d601bc
2021-08-02,e3f029f9-bf7a-4f1a-9c8e-69d2d8c6688e
2021-08-02,770e00b4-6dd2-4bc9-9a8c-46eba66c8b9f
2021-08-02,bbb3c080-001f-4375-9c8e-2770859805dc
2021-08-02,520f9360-e628-45e7-8198-1ced3f873e78
2021-08-02,5c27a467-ae43-4063-82ea-9bbefe4496f0
2021-08-02,32b94a80-0e35-49cb-972c-709a9453524f
2021-08-02,338391f5-d571-494b-a3dd-8281e405d4ab
2021-08-02,af6d6816-47dc-4b8d-8133-4bd820b576bf
2021-08-03,8b43b0d0-2471-4c87-9b86-fea85c50e821
2021-08-03,dba7fa32-594d-4367-82bd-04ca28459a1b
2021-08-03,b076bd5d-5333-4806-a742-886f2ff911c4
2021-08-03,2f2dca50-e3ca-43fb-8966-3e8c7c344168
2021-08-03,ead77fa7-1764-496c-bac3-8dcd9eca97ee
2021-08-03,9dd87347-6e38-4f21-8975-c2ad13147eb6
2021-08-03,a9fa212c-4ebc-49ba-ab50-37ec549a6f92
2021-08-04,d3f93531-d86a-4cca-a3f3-85969615e214
2021-08-04,b0391e5e-5baf-4688-9205-fd0a39e51c32
2021-08-04,1646a602-366c-4414-8891-c2125792afe2
2021-08-04,851d3d1a-c371-42b8-bb07-92af5dc413bf
2021-08-04,cf802628-b32b-4a15-a6f7-8f7f7e89a9ca
2021-08-04,da8842d7-d1a7-40c0-9a98-6ee27a92b000
2021-08-04,0d6b56c6-519e-4d9a-88d4-1ae776abab9a
2021-08-05,ad9cd212-496d-41eb-8ce1-d88fddb51e4d
2021-08-05,83abffce-0fe2-4c4c-a75f-5476811911c4
2021-08-05,c721ca41-f5ae-44a8-b331-1e00e1ecb2a3
2021-08-05,c49e6600-e532-4ce6-9741-93dea6b0841a
2021-08-05,42520338-cc90-4b34-928e-af53b7682e69
2021-08-05,f71fbe77-a5d3-4780-8a06-07bbf8ba8836
2021-08-05,4c4ef4ba-d012-49bd-81cd-172cc62ad5d4
2021-08-06,78e88356-73c7-4997-8c8d-cae99bb5797d
2021-08-06,6edef105-5836-4244-9809-b6a079f3739c
2021-08-06,81d8ec49-9bde-419b-ba60-32d49dc60bad
2021-08-06,38bf9566-baa6-48c3-bea8-97ef68939c43
2021-08-06,c006bf46-3e28-486b-b1a2-ad0776822f0f
2021-08-06,c6c17b87-1bed-4733-85bd-990e72856eda
2021-08-06,592417c1-ff6b-4a56-a7da-6660c65de953
2021-08-07,d8c5e6f1-701e-4238-b840-8405fe38e14f
2021-08-07,d1b4b38b-3111-429b-ab84-6f59b3725877
2021-08-07,eba47b5b-be6f-4832-ad6f-a7417c89cfd6
2021-08-07,0c956ea3-a6ea-4d8b-885f-ed3b3796b51d
2021-08-07,ba0c23e2-37f2-4eea-b6ea-bcae674b15a3
2021-08-07,e294a34e-8f25-48b9-abcd-808eb1664ea7
2021-08-08,32167f1e-8056-46da-9ccb-5c43b0b0697d
2021-08-08,f59852af-9430-4ca9-b614-e58dd41a8b0b
2021-08-08,fe8c2e2e-fba9-4066-b55c-9041eafe1173
2021-08-09,6c2aaa0d-2090-4410-9a4a-2478a61b47eb
2021-08-09,a423313a-b291-47d2-a0a5-2a975273c664
2021-08-09,ad40dc98-8105-412d-b6f7-aac9384d945e
2021-08-09,17717189-2882-437f-be99-5b9eb0dff1fa
2021-08-09,25ae5e98-9279-4560-88c9-9239ec4b8c83
2021-08-09,ee94bca5-73aa-4767-b0f1-dc48734577a8
2021-08-09,2017e736-b364-4d6d-b171-07dbd63f6b1b
2021-08-09,f330bdf2-e834-4ba4-b90f-01193a7daa0d
2021-08-09,bf5a861c-24d6-49dd-b8eb-c1e2b82f30e1
2021-08-09,af48d51c-e088-4cd3-83af-5bf3ff8831be
2021-08-09,6befff6f-2953-4770-a19f-12fd4e75ac67
2021-08-09,394c596d-5422-4bef-b2e5-73d667149c4a
2021-08-09,bf611425-e26f-4623-8177-bf553eec9435
2021-08-10,1ef87c94-fae5-46c6-aeb9-26d4bee1b9b1
2021-08-10,cdc6f51a-0e12-4ced-a326-ad8b070929da
2021-08-10,735093d1-2f19-4bf9-8035-071fa0d9153f
2021-08-10,ff0c6504-ad3f-43cd-ab58-f937a5fad71e
2021-08-10,115b68bc-a0ce-42b5-bdcd-660d133a6a36
2021-08-10,68300fd5-8872-472f-8185-a1c6af32c665
2021-08-10,e860ec16-8bc8-443c-b625-473113bf3341
2021-08-10,96fc81de-eb9a-4293-9597-35bed46c6ffd
2021-08-10,9e34f807-78de-48c7-a6f6-7d392b5a4e51
2021-08-10,81d49e3b-aae6-4b52-af99-1e942f703602
2021-08-10,47e229a0-cc85-46f3-900f-188403dbcfbc
2021-08-10,9c728dd3-86b7-4f57-b547-ee54d2c5afb3
2021-08-10,fea41b43-1783-4d4f-994c-830129bde70c
2021-08-10,974ef9a1-610c-40a8-a4fc-cd6f916ab440
2021-08-10,ca76e5bd-5e76-47ff-9ef9-f0fac8b64edd
2021-08-11,144460fd-bbdd-4e69-b388-645953794344
2021-08-11,e98621d0-6d7d-460a-9362-5caa4e35eb4f
2021-08-11,57485e2b-99de-4928-a17d-f11392c6d963
2021-08-11,1fbb851c-6680-496f-86fa-7ab950242cf3
2021-08-11,c6eed13b-e290-473f-9dbf-de6b216d3d50
2021-08-11,03de570f-b81e-428c-bbde-a41d9cf83c4a
2021-08-11,e5220bfa-3372-4c01-963c-dd8f32d5ce9e
2021-08-11,105e770a-408b-4ed9-a548-510f69e96726
2021-08-11,ad34b48b-17e4-43a8-bf7c-211670c7b7aa
2021-08-11,472633b2-1662-4c49-ad34-d873890ed8e7
2021-08-11,62e51da2-246a-4532-8a98-406bae472927
2021-08-11,7060cc8f-ebeb-4e38-ae8d-1171284c963f
2021-08-12,dfcf88d6-b293-4598-89c0-6598865e3fd9
2021-08-12,24a424c6-8030-4b6f-9e3f-094c0b9233c2
2021-08-12,4565bec6-cd50-494e-86d4-9811bfb13c32
2021-08-12,a19e4642-ecda-4ba7-964b-ed2c5fe1e71a
2021-08-12,0f535426-9c2b-48a1-9911-186956a02599
2021-08-12,f2fbb44f-a55d-49ce-aa90-53b6719a5ba1
2021-08-12,c259d6f0-cbd9-41ba-a73b-2f31f388a54e
2021-08-12,762e5a2e-6432-4527-bb6e-7e23f6523446
2021-08-12,7d2e1084-23a9-44af-b813-72c4d140cbc6
2021-08-12,c5ea4803-6e62-4547-8725-aa6fcf80d55a
2021-08-12,7f67acc2-cc05-4f76-b3bd-216110cc2f0d
2021-08-12,50597691-7cf4-4724-a015-c891a4de9aaf
2021-08-12,1f108143-c3ed-4497-8c65-ed86db7c281d
2021-08-12,4e6788d4-5266-4318-8b84-f8523b229716
2021-08-13,db269588-d3e1-46c5-8c1d-495a1b0a1113
2021-08-13,4fe48a06-34bb-421c-bde5-2ab7261814f2
2021-08-13,b497693a-355d-4937-aeb8-a1cacd4c8f6d
2021-08-13,b983af67-d2ee-4831-a182-b563a86e36c7
2021-08-13,f694f85c-31ca-47b1-86d4-fc3dfcdae5f6
2021-08-13,8c776576-c5b1-420d-b011-0597af932421
2021-08-13,295a56dc-6fb3-403b-85f6-d5466c530a42
2021-08-13,10583621-7863-4273-ab77-fdf70673bc84
2021-08-13,64f54154-8ef2-4f02-853f-8892e4eae177
2021-08-13,4c45d7c6-2209-43d3-a43c-d46275530ecd
2021-08-14,1f39fd59-990f-4e38-b9ac-c9ded903358e
2021-08-14,3d6f57b8-e3be-4254-8fec-2e22efdf2e72
2021-08-14,8399dde3-b03b-4524-9ec1-2486afab8c4d
2021-08-14,d93f911a-8829-4ea0-ab10-0805824e002c
2021-08-15,81552955-9401-4617-9d7e-b0626001eb32
2021-08-15,cdfee795-893e-4144-9419-acf942abee6f
2021-08-15,a943c145-1a59-4694-b3d2-41ee0b57d49b
2021-08-15,7cab4768-714e-45a6-b2cf-db537efcaef8
2021-08-15,03252ba4-ba12-49a8-9e1b-b32694722db6
2021-08-15,579fb815-6325-4677-84de-894c30103458
2021-08-15,114eadab-1f68-42e1-a529-e4959c74481e
2021-08-15,030252cb-065c-4b9e-aed1-e6254ccc9886
2021-08-15,b1efcc47-3e4b-4c4c-8ddc-b1f98c992049
2021-08-15,90ad6ff2-a43d-42c0-8ac1-8ba98ce113b0
2021-08-15,e5401e1e-dd62-4f59-9661-9c7578063a9f
2021-08-15,66426627-dfb2-43b5-8a1d-5c6bcf4a1606
2021-08-16,ad7207d1-8b44-4015-b8db-00157d892794
2021-08-16,2b327cab-f2e8-41ab-8c34-fa17e055e335
2021-08-16,58c409cb-55f7-4732-b16f-1892c1850e85
2021-08-16,c3260780-d0dc-4acf-b761-8b3422fe2825
2021-08-16,23afd2bb-64f1-4978-a7cc-78f6b080b0d5
2021-08-16,b582bef4-28a7-4dfa-b280-b32d4a011051
2021-08-16,871049ec-5a40-456d-aeb0-06e42f91aef5
2021-08-16,f0372d44-d5eb-4025-9138-4bba1a5ba020
2021-08-17,10148ae2-be7a-4dad-af9a-20253fdb3bef
2021-08-17,8ca171e0-1a43-4142-96fa-7738fb968648
2021-08-17,66fa8a6b-9c90-49ca-a38a-fc443231c61a
2021-08-17,694728ba-771a-4cd9-8c29-5ce54a3fa8b6
2021-08-17,e3caf6b3-bc96-4160-af7b-e3ee9d195233
2021-08-17,ec9d8c43-be17-4d80-8e2c-a199e262b939
2021-08-17,37f62a6c-444f-4a08-a414-699ed178b341
2021-08-17,14b4bccd-8bb4-4e5b-b73e-32201388b3db
2021-08-17,a8866d6e-f1e1-44bc-939a-3d62e4ce7b85
2021-08-18,6859ddf8-a8cf-4202-8bd6-957cd15e500d
2021-08-18,3854b7c9-2444-4a05-a10b-a3473cf1eff8
2021-08-18,6221c1b4-e841-4234-a4fa-3cc5e42a1437
2021-08-18,03e9b1ee-0796-4251-b224-d220a17d3a5f
2021-08-18,9c9446d5-bb70-4dde-83d6-acb363320a2c
2021-08-19,37b19db3-1a0b-49c2-9f0b-a82d708b4fdd
2021-08-19,6c3f9fa6-b868-4247-95ac-52b66cb3a9f6
2021-08-19,155e8f7b-ed9d-4830-9f06-b2ff2bf778b0
2021-08-19,69d57646-c220-4ba4-85a1-a38ca98ddfac
2021-08-19,79dca2f7-5a08-4411-b711-715faccfda06
2021-08-19,fd1a938e-0696-450c-8a24-1f8aadaefa12
2021-08-19,01ae767b-068a-4231-b5bd-201a6cb569da
2021-08-19,e8311fbe-63bb-4736-a84e-531c7d23fc2e
2021-08-20,fb5e7dcc-110b-436d-8723-22a08a4f7c6c
2021-08-20,3ecb7b10-9265-49c3-807e-93520a0293ef
2021-08-20,1d47a5a7-2c06-4cbf-a3d4-2e38e7f61547
2021-08-20,b7d9e402-0987-4033-81a0-25f8b93ed708
2021-08-20,e2039726-44ca-41f4-ac81-5b3b761d1157
2021-08-20,5791a23f-98b9-4aad-a573-ca43f3ea6d58
2021-08-20,d7f2180e-5ccd-45ae-8b7a-e185070def6d
2021-08-20,10de231a-c9e2-4173-95e8-784afa65731e
2021-08-20,8be7e003-e197-419b-ad1f-3c03f97d56a2
2021-08-20,3e7338c6-26aa-40d7-8bb9-84dc57ceb64b
2021-08-20,232bc7a2-b67d-4bf7-a2b7-45807b9334af
2021-08-20,08d99a28-2139-4869-99e0-48b63b9e848a
2021-08-20,8a443e5c-63e6-4c10-a0a1-098d5373bbba
2021-08-21,a47c0b1c-b820-4449-adde-91077789a28c
2021-08-21,eb5d76f1-72c9-4d12-9385-83b4c007c2cd
2021-08-21,67290a68-097d-4918-8846-47321b2a7353
2021-08-22,2dee7e85-7c45-42dd-88f8-b01b5a281e29
2021-08-22,561aad6d-0535-4a20-bb5b-0b2971161949
2021-08-22,4c7c3da0-4bee-40dd-9217-8827fcf8fc48
2021-08-22,802d7c6f-3e9f-486c-887d-dd958570762d
2021-08-22,02f0e20e-5314-4c75-bb28-c3346042f1b7
2021-08-22,c122c89b-699f-4f4c-9e96-e8ff18de6faf
2021-08-22,72b1646b-4e31-4376-aa5b-7fcf8eb6be54
2021-08-22,a47f9995-44d6-42f6-a59d-19e2e081fa65
2021-08-22,f7114f30-c7ce-4689-b489-5e7434e8ebb9
2021-08-22,62ef24f6-9df8-4764-bbec-fddf4c601aa1
2021-08-22,4b04eb98-a1b4-4a04-8e08-4229c37249ec
2021-08-22,d2f04580-08ab-4f25-a7fb-28a6ee0a8f13
2021-08-22,1313b9dc-ec77-4eed-8d7a-f9412db3c7b6
2021-08-22,edf9f749-0a2a-4f6a-b741-3fc33b22bc74
2021-08-23,a3425d6d-dabe-4993-b108-3e287ddf9040
2021-08-20,9fb7fb3b-fbb7-4dcc-8a21-f33156ee4f73
2021-08-23,f6cfa98a-bc15-4cdc-a18d-ea99874f05ac
2021-08-23,484582e1-4a8a-46ad-9d4c-cd3c7606f655
2021-08-23,c6641c76-cb7c-4da7-ba4b-38876270e665
2021-08-23,4ad89b1b-c2e0-4a78-bd2e-330069cabc9c
2021-08-23,177561cf-ae67-4d87-8c61-46647f76f1d5
2021-08-24,8e400e4b-7d5c-4ae2-9ff8-e5e0359da1bd
2021-08-24,181d97f6-bf66-40ef-b2b2-ff717b0751e1
2021-08-24,76e1677c-d67b-438e-aaa5-432bf45a0d90
2021-08-25,550bd7a8-0d04-475d-bfec-17f93bf9e239
2021-08-25,1b553c46-0cab-489c-9e0b-8920d492f1f3
2021-08-25,d5e006f0-f594-4889-b1a4-5120255ce0a1
2021-08-25,9c4df158-72a1-4cc4-a791-63973485b79c
2021-08-25,56ebb8cc-2cf5-4379-926d-37841448cec3
2021-08-25,99d3bfff-2b9e-4caa-aafa-ac42a2b2b0c6
2021-08-25,9b040a3c-56c0-40ee-93c1-2f5f09e57e62
2021-08-26,248700bb-197a-4b37-99c9-6f43d8adb447
2021-08-26,55162ddf-bcc3-49b6-b0a8-454544e72be6
2021-08-26,b11115b6-f0db-41d8-8a46-b85cd84eeaa7
2021-08-26,7090e572-9345-4216-9dd5-7c98d695ee8c
2021-08-26,1ed78b3a-5b3d-4d2e-a66e-ade85aba6cbd
2021-08-26,784541d8-6f4f-47ef-ae51-9ae051b82da4
2021-08-27,00c8e6e9-3967-446e-b228-49346338d448
2021-08-27,0eeaff96-3508-4260-b082-00eb467b9301
2021-08-27,23710469-2bb0-4e0c-95cc-8a21d65e5b0f
2021-08-27,e35282be-e786-4e28-be14-ae2612fa1291
2021-08-27,6fea3a86-ddb2-4ea4-aefc-9d7bf890fa28
2021-08-27,0c70104c-34dd-4e94-b9f1-c75f054f9e6d
2021-08-27,94b66393-c2a0-48ca-88c1-48e18ff9d706
2021-08-27,6c9b21d7-c1a5-4219-8619-1028c029d9ed
2021-08-27,c486056b-3c43-4c96-8e8f-c0dbd8c8adb7
2021-08-27,1b480761-8612-4e46-b4ea-0177cea6d9a3
2021-08-27,c1d55be1-32d1-4a1c-9b2d-e37e8eab0d33
2021-08-27,ba9ebc87-916b-4555-9627-48ed3f6668d4
2021-08-27,1cfef154-91c6-41c5-b7ac-cab23608d42f
2021-08-27,4cf7be79-5d38-40b8-b292-3fa8e1e7cc44
2021-08-27,bbf88af9-b003-4588-b6d3-539e298c7963
2021-08-27,f420ca87-b587-4221-b1c7-7ab01dd6f6bf
2021-08-27,f1810769-0835-468d-9f06-5e4e71638503
2021-08-27,dcc61f67-7760-47b0-b32c-503a6ad239cc
2021-08-27,d17798d7-6f10-4a02-bf9c-530cdc1b4d47
2021-08-28,3f0e4ab9-ecc7-4a06-b30c-7cdbd9365809
2021-08-28,f11e9918-755c-433d-ac75-cf6f8c328d8c
2021-08-28,9b1eaed2-efd2-404f-b5e2-3f2f014411a6
2021-08-28,328e4737-5983-4bad-8b1f-b88e0e31b064
2021-08-28,42f70e47-e731-4dba-878f-e782b73090ac
2021-08-28,09966790-7a05-4577-a45c-87b3da6ff0d1
2021-08-28,c1453078-f214-4703-98b0-15afb8f7cdff
2021-08-28,2173c3ef-cc10-4e7a-946c-ca55e7222213
2021-08-28,65e461e6-ef71-42a3-a0dd-338ab0d3e774
2021-08-28,cad96b3d-4e2e-4ef7-b04a-b62789c07d92
2021-08-29,49b28a11-443d-40e0-bb48-5ffe736b0b7c
2021-08-29,da9601ad-9f2c-428b-8464-6dd418e06bb0
2021-08-29,59f9309d-d636-4598-842e-202ebea5af40
2021-08-29,39d356af-1e02-4fdf-ad6e-d8f8c5dc1bda
2021-08-29,98d4f2a1-7c52-4ce5-a9d7-b8eb2c973d93
2021-08-29,5ed3a7bf-9a00-4e1a-aafb-60634ac533d2
2021-08-30,45be924b-3c23-4b78-b9ec-e75fe9e3aad4
2021-08-30,301edc56-0a80-41e1-87fc-55f061252213
2021-08-30,da5f4347-5613-410a-a56b-400e5d3ef58c
2021-08-30,45adec57-e7b2-4988-ab76-116bd5be4379
2021-08-30,9010c521-367a-4d63-8be6-3116222e8be9
2021-08-30,cc68ed97-4baa-446e-a276-e93f3348c065
2021-08-30,38b16d30-4c92-484b-9b29-42a992dfc816
2021-08-30,a7c8d8bc-ead5-47cb-a52a-fff491172dc6
2021-08-30,7f5c88ef-afe4-4068-b2ce-d598c6c79364
2021-08-30,1c0bd650-e1cc-41fc-8372-627302422d76
2021-08-31,89a8a76c-bfbb-4689-9a24-8de796c98f2f
2021-08-31,330a29fc-6571-4f30-9fa0-8db77f725df9
2021-08-31,283d11bc-eab9-4430-8f4c-cbdc29027b06
2021-08-31,d5e11820-f99b-405b-a11a-273b8fc849e6
2021-08-31,26452c60-a7eb-4406-a199-a202ffdc2e69
2021-08-31,e99a780b-d07f-412d-8bc3-8277ac9cd7c3
2021-08-31,56be2507-fdff-4e3c-a004-3d0b4168634c
2021-08-31,06985080-96ef-4cb7-96c7-baaad23c5b67
2021-08-31,b7e3d17f-521f-4e1d-98cb-ce3cfe3697a1
2021-08-31,a8b89151-d18f-45b4-a20e-d935cc692789
2021-08-31,4a8feae8-0b1f-41b6-8ba4-66791df6466b
2021-08-31,973dd224-b032-41e2-ba1e-b081d150abd4
2021-08-31,1187f913-8975-4009-b839-1b772317cc01
2021-09-01,8a361001-9795-4aea-b536-e2e7a5d8991f
2021-09-01,e038fbee-789b-4766-9591-600f28d9a1cc
2021-09-01,abccd539-b286-4591-98fe-efc196fc0806
2021-09-01,8bcab83d-7eb9-4520-af78-1ae2b76293c8
2021-09-01,c8d794e0-37ca-4180-84cc-ae43c81f036b
2021-09-01,a259c7d5-51af-40bd-8a4e-88f3a905b317
2021-09-01,8275ef93-4bc1-405f-85f3-03ce3310221e
2021-09-01,628c9d49-619b-4807-a983-6cafc31f0608
2021-09-01,202638c6-1709-4f3d-8125-b526260cf0c1
2021-09-01,a5db4393-4969-4ff0-a93f-78b6821a47df
2021-09-01,bb95e634-fd08-4187-8b9e-4d8418fa4b25
2021-09-01,dffc8595-b631-4457-b45c-5e16a77f1f60
2021-09-01,a0002ac7-dc3a-4ef5-9c89-f7e2b7b600a6
2021-09-01,1662421d-4775-4d62-8993-10fa46cb8b78
2021-09-03,897bd22f-a491-4ce9-bfb9-295dd427ac7f
2021-09-03,ff87a91c-2fe3-4ec4-9094-e8b2819685a5
2021-09-03,c0365e9f-fd06-479d-9f68-3faaef7f9d53
2021-09-03,c1ded731-8737-4198-8a55-70b540b6a7b2
2021-09-03,570753fc-3ca4-4d7b-9c82-6d2064e79eea
2021-09-04,02cf9c1a-1c72-4f3e-897d-ce7d7b552dee
2021-09-04,cd8109c4-e240-461f-8d95-72fc89f77165
2021-09-04,295ed545-8249-40ef-86aa-8a389718bf8b
2021-09-04,a1b12e61-18e6-4d0c-9db6-0d8670299e83
2021-09-04,beab51e3-8007-44d4-aff8-80323dc8ecad
2021-09-04,9eb65795-8cfa-4957-9808-5a7252f11ee9
2021-09-04,bd5d1a0d-f8c1-4c38-b7c0-f60e13160424
2021-09-04,862de4a0-bb37-4808-a704-ce625231f924
2021-09-04,94345427-83ac-4396-820f-0fe9697fb1a1
2021-09-04,b2239aad-e81d-4967-8f35-9cf0cad409c0
2021-09-04,1b128a98-978b-4b9a-879a-015dc0406d5a
2021-09-04,afae8781-705a-4ea4-8b57-b3543c8afa7b
2021-09-04,dc7644aa-151f-48d7-a607-285b37b1de55
2021-09-04,f5010180-8f6f-4938-a664-c7767316b1d7
2021-09-04,a90407f6-7a7b-44b6-9712-743272485a53
2021-09-05,7982d84f-be46-4113-a514-e00019520989
2021-09-05,5fc1ec2a-4763-48b9-9cee-8625247f074a
2021-09-05,9f3d44c4-a0f3-4d58-8e62-a0840ab573f6
2021-09-05,f2fa64aa-cb37-4a83-ba12-2f5b7a216091
2021-09-05,8194175b-f5d0-4bf7-bfce-8c7d9f9b2c84
2021-09-05,45f982b4-ca69-4592-9e7b-72c2411ec293
2021-09-05,e18b1d73-d22c-44d3-aa56-981670a6b6a3
2021-09-05,915e640e-37f7-4b65-acf4-25fb0855fdfd
2021-09-05,cc95ff63-e2e3-434d-9fa1-12ab59fc19d9
2021-09-05,6c08b102-1c74-4c62-9e3f-5d83fe69be20
2021-09-05,26a8a93a-1736-4901-aa78-c903c9a41aae
2021-09-05,1fa6f4b7-1f49-4483-952c-8dc4277e24fa
2021-09-05,133f113d-4253-4654-8ce7-86f67b73bcb5
2021-09-06,343d0a50-0192-4f61-9bd2-e0ff96582242
2021-09-06,c5ecda6d-3063-4af8-b0fb-b6898b1263c6
2021-09-06,4008307f-486f-408f-b90b-e01398972029
2022-03-25,4008307f-486f-408f-b90b-e01398972029
2021-09-06,fe8a5aaf-af8e-44e3-bec6-701b0f196f2b
2021-09-06,c90e279f-d018-4aa3-a7dd-e27a77e6ed8b
2021-09-06,bf9b24db-677b-40ca-af5e-0741cfa6d852
2021-09-06,1fba30b6-1397-42ad-bd87-5bde01236007
2021-09-06,8b5deb7f-199f-4f94-88b2-020586d5ceaf
2021-09-06,67956df5-5028-4a71-a84b-3f9be5620ea4
2021-09-06,f632dab8-f3a0-417b-a5f0-81f73a3f3bb9
2021-09-06,7066ada1-8b00-4429-9426-527a9b100c6b
2021-09-06,199b5809-f7bc-4245-9101-e08b1ee74837
2021-09-06,dbae83dc-22c5-46db-a0ad-3911921c6987
2021-09-06,bb323a69-73b4-4f2b-96df-878332b30774
2021-09-06,5e574783-b12c-4dce-ba95-e8d9a1e1db7b
2021-09-06,03e960cc-4f6b-4f0f-bdf7-70b03fff5b61
2021-09-06,652c9486-4f71-4004-ba2f-d4c5562c835a
2021-09-06,b4648da2-b6e0-424a-bf00-08bec1bece07
2021-09-06,c3fe7ee0-c883-41ad-acce-aba843601ced
2021-09-06,5361efaf-3955-49e6-aa50-51e5affd3026
2021-09-07,89371bb2-5be1-4986-beb0-b91d828c3054
2021-09-07,05f526bc-2b1e-4c73-8fa9-7ad0c1171faf
2021-09-07,18f165d4-aed0-431e-8ad7-83230dd51128
2021-09-07,002a7570-90dd-4cab-b0aa-b0e40f7ef27a
2021-09-07,654bc73e-6694-46b9-841b-c75366026143
2021-09-07,b1eff042-d6b1-466c-ba51-88b38d3c4f63
2021-09-07,9e733bcf-60d5-4f32-85b3-8f3ec633a52a
2021-09-07,9837f220-c66d-48a4-9e3a-ee800d24adbc
2021-09-07,b683e7a1-8d88-4845-9a73-17dbb659633e
2021-09-07,ae5488f5-f1bc-48ac-b32c-7100ce2514a5
2021-09-07,62fa4442-7b2d-4480-99c9-f19eb8d2e097
2021-09-07,8d9eaac4-1945-4b5e-b52b-531c04ef9a9f
2021-09-07,930349c9-c903-4233-a3cc-d3b71c7d88f0
2021-09-07,cbe43e66-5023-411a-901c-9ba6c78b4984
2021-09-07,d2aabd35-e20a-4693-bbe8-8fa036fd29ed
2021-09-07,abacc997-01de-4818-951d-da52b48d5e3c
2021-09-07,dbc13f1e-704e-4659-9188-0b00b1612149
2021-09-08,016103ee-9584-4c35-adb2-f0eed79910a2
2021-09-08,ee158653-dd70-4e4f-bbeb-e9163b0299a6
2021-09-08,e7974834-64c1-491d-a558-6a0fae4dcec4
2021-09-08,f0dd5332-afe0-4cf5-acec-475e0937ee56
2021-09-08,6e30707e-7eb0-41b3-835c-f83437b1d493
2021-09-08,2c332cb5-7125-43c9-ac74-4ccc441ed956
2021-09-08,d34905d8-65d7-4618-93e6-b908af5b5b7b
2021-09-08,d55141d4-abd1-41bc-9e2d-0db762c008a2
2021-09-08,8aa51c33-fc07-4732-b1f3-3107eb512c53
2021-09-08,80d71c46-ea1c-4b8b-b2be-2b0de1431af4
2021-09-08,b90b70a0-119d-4f16-9c31-e98e1be57c6e
2021-09-08,bca76d92-49f1-4a21-9586-853ff3f6aa24
2021-09-08,b88ebfd1-2d7e-4c8a-b214-f634227759bd
2021-09-08,dff02994-4f2f-4821-bdd4-56d442d8d190
2021-09-09,5c693a98-6fa9-4e5a-b461-67be4724b98d
2021-09-09,5d709be8-633f-4d2c-ba95-840112db1a08
2021-09-09,dd305a0c-e543-4c64-a856-78021df7bf67
2021-09-09,6efc9930-6854-4076-bfda-f5bb1c0c1167
2021-09-09,366ba701-94a2-40e4-9fe7-400cc84216af
2021-09-09,8811192d-bd08-4342-b5a0-161a87d82ab5
2021-09-09,192095ba-148c-449a-b96a-505a461ce516
2021-09-09,e040d025-edd2-4456-ad9c-78e9a7c21637
2021-09-09,dde652be-4d79-4c8f-ac6f-d8093ea7da42
2021-09-09,3585f230-a5e3-4dd2-8bc0-f8d18fbec48e
2021-09-09,44a67ac1-9f1c-4e81-ae80-a28d499172a3
2021-09-10,ecdd6db6-ea24-4aae-88b7-eecf2cc3e622
2021-09-10,468fcdbe-dc5d-4d85-8924-1ee774d94af0
2021-09-10,22451dc8-2890-4c0b-ad03-32f7ba80d32f
2021-09-10,e07e0f88-32dd-4442-9019-79c4e6ec0d6a
2021-09-10,2ba1d54f-2751-4eda-bd1e-c3bcbd2baf7c
2021-09-10,6ddb17aa-7109-48b4-b10c-6cc101a81660
2021-09-10,879f3fbb-8321-4938-a9ec-4546c492c76d
2021-09-10,bb71b6c9-86fd-4406-9a4a-418fc2a341f7
2021-09-10,b4711ad2-91c5-491c-8ea7-94089f01d7c9
2021-09-10,e49662ad-1f64-41d2-b05c-a70f696ce0b7
2021-09-10,e59516de-9802-43c4-be11-81f5914bcb22
2021-09-10,8a32ef72-327a-432e-8bde-a1fa27ca6d67
2021-09-10,f054ada6-948e-4b32-aa15-9483dc137c88
2021-09-10,93eb628c-e81e-4677-88c2-2cd9a85de1c2
2021-09-10,7381af72-e42f-4762-b5f7-9a8c86ea8810
2021-09-10,e926bdf5-fea7-4796-b38c-23e5415aa9e0
2021-09-10,23e277fa-33d8-4e07-a4a0-6141791d75ce
2021-09-11,800bc61b-ba00-4534-8b67-c594e7836c46
2021-09-11,21ced7f6-96a9-4a9b-b034-3ab2a0c89e1a
2021-09-11,6dfb54cb-60d3-43ac-8d3f-0b15e757af6f
2021-09-11,69a27995-c8ad-4e75-9fdb-025170df0807
2021-09-12,42b1c336-e46b-4bc9-95dc-46f10056b07a
2021-09-12,b2a59a48-3965-41cc-b57d-e93065f32540
2021-09-12,29c22657-4833-45a3-b61d-dfd562f17575
2021-09-12,49491597-5cca-481d-9d1d-d1267976e4d5
2021-09-12,4cb4ee52-ccc9-410a-b06b-9863eed58e93
2021-09-12,68ce3d5e-44ce-42e6-a5e1-f802a99ce01c
2021-09-12,b128deaa-f389-4ba8-a216-2b7d07b245ca
2021-09-12,99fb718c-ac85-4212-8fb5-f848abf206e3
2021-09-12,e8cb1e67-a4a3-4890-a4f4-fbec0e2c19bd
2021-09-12,0b10ddb7-4309-4db6-a56d-c74c51bb59fa
2021-09-12,171176ae-d3d4-4002-bf10-fee39a6a6cb8
2021-09-13,723c25b4-9835-4f38-a163-cbf5c11bf30e
2021-09-13,a16b2af5-ffae-49fd-88e0-45d1ae1a0b51
2021-09-13,880d4477-2cf6-4b1e-9670-2800e2fb6aa7
2021-09-13,85bd0aa7-ff63-4c14-8e13-caf1d1bbf3aa
2021-09-13,402366b8-c2b9-44c8-a19d-d6c65df7f85b
2021-09-13,500c5a6e-c3d8-4936-9e8e-58e4c2a66dc6
2021-09-13,1f99a702-49f8-4468-a0a5-60df4db75f67
2021-09-13,ae3fba00-f61d-43cb-b590-23b8f878e6a7
2021-09-13,e9f0c506-59e2-4000-b74c-82d71acbd812
2021-09-13,c1bfc7c9-ba24-47b1-8bdf-0cbb903a8eae
2021-09-13,3590bf7e-9573-4ddc-b928-b3cecfee7446
2021-09-13,5db61185-8614-4401-966e-ff6eb0411080
2021-09-13,90374420-1aad-4b22-9933-9bcd48774da5
2021-09-13,b17e2610-c84a-439e-b6c9-dc3f56e6b374
2021-09-14,9fe920d3-e3de-492e-968c-92cdf8a6acf8
2021-09-14,bad63177-175b-4917-ac5e-925c13d0148f
2021-09-14,a76910ac-f504-4064-aee3-5d6aaa6c6379
2021-09-14,f670d2d5-c9eb-4944-bfde-bd97e37ba036
2021-09-14,90ceae80-cb55-49b7-8a08-79232622d991
2021-09-14,4c9b5ac5-b265-4b10-9a51-5d4c1b8298cb
2021-09-14,30eb3ddb-c265-4d20-bf29-33eb01599187
2021-09-14,e03eb9ba-bbd0-4f3d-b1b5-f44c58407eca
2021-09-14,79755d02-2ad0-4d74-9566-6e69a948b7e5
2021-09-14,8d5835e4-428d-465e-932b-2cc1795710f4
2021-09-14,9be56ac9-9226-47d5-af90-326b02c3dd82
2021-09-14,83a816ab-c093-4ada-893c-d4739b2ed701
2021-09-14,cdd396c9-2436-460d-915f-c27703443929
2021-09-14,be9488fa-73fd-4dbb-8f03-9d1d9f8483f8
2021-09-14,f1945979-9562-4525-bdc5-59c242e5b28e
2021-09-14,31318c7d-f92e-49fc-bc15-7630e14ce12d
2021-09-14,84959acc-4746-4c9e-bde5-ad96bfbd23be
2021-09-14,661d6e27-bb63-42dc-97b1-3662cb0bd30f
2021-09-14,0ccc7d8c-c067-41aa-983f-06cf8d6d8f38
2021-09-14,e218ca23-00a8-4e20-b53d-b8aad3d5c0a9
2021-09-14,b81c97ff-8503-4273-8cb7-a1e947e32114
2021-09-14,6d477807-15e3-4156-b438-408cde4e11ff
2021-09-14,2a18ba4e-0145-438a-93e5-f9f0e53fdee3
2021-09-15,bc264028-3ab8-4ea9-950b-a0329ab4ebd7
2021-09-15,00d1d4ee-c143-4434-bd9e-b79ae5376a55
2021-09-15,ff090bd2-3db0-41ef-a6b6-a32e85a4de33
2021-09-15,61a15788-0204-420e-abc1-a860878cd1d4
2021-09-15,68ca2504-58ce-45f6-961b-fe39e5c750e9
2021-09-15,4cda6bb2-04be-45f8-897a-de85f4584488
2021-09-15,dbf1b80f-d56f-4ddd-8816-3d6c6cc7513e
2021-09-15,b3351cb3-6344-4b0c-b72b-4cd2b033df6c
2021-09-16,28f7a44e-1760-4c92-9559-95254d61ad2b
2021-09-16,6b1d0b81-5fa4-4624-994c-609687ab7f6b
2021-09-16,6c43e18e-afe5-4558-be64-4137d461455c
2021-09-16,a798e73d-0245-41cd-9fec-b8af77309710
2021-09-16,fafbc40c-15fe-43b5-a39e-44bdea3379f6
2021-09-16,efe47c1f-5d84-482b-9f3a-1e7f0eb433ee
2021-09-16,c3751408-2e85-4a2c-a4b7-f1a9ba689174
2021-09-16,3197ec24-cf85-473c-bcf4-77522831befc
2021-09-16,10fea876-ce83-48b7-b94f-a7a1c9d10d75
2021-09-16,925a40a6-774e-4842-883e-979fa4695035
2021-09-17,07f0ecaa-9d73-40bb-97f6-6e41f7755e80
2021-09-17,0689730e-55a5-4d05-85a1-3f1e2f512951
2021-09-17,7bbe6c5e-4cad-4600-bb30-bb2ced8b4d07
2021-09-17,0373e9b5-1f9b-4c1f-b25b-d4b0c102d0da
2021-09-17,f5b9eb1f-8a3b-4d74-a9a5-c850c8521c9d
2021-09-17,5e3b5ee2-2ed0-49a6-9d52-d580481ab644
2021-09-17,97fb3cb6-d435-4e1c-a7d2-fe0431fb98a4
2021-09-17,d2f83af7-25cd-417c-8f8d-89f89e09f98b
2021-09-18,de8051a0-039a-449f-95f2-141fc76723aa
2021-09-18,b1178a13-8f53-47e0-aee6-8f3525d6e793
2021-09-18,b972b9ce-57b4-4928-991c-e699378562cb
2021-09-18,98946b5a-1ad7-4217-8e57-a8c642d1e28f
2021-09-18,e1497f1b-0c6b-4e83-8da4-00bb3451c9bf
2021-09-18,1ac58af6-902a-42c5-a21e-a165351433ac
2021-09-18,2f9432b7-c26c-4746-8867-d24554cebdb2
2021-09-18,bbdb272a-96b3-4738-b69f-e0dd7feb0efc
2021-09-19,4d0849b7-16ac-4918-8a27-bdeb88cbf1b6
2021-09-16,dce2928d-1b26-4636-b653-a95a6af2acea
2021-09-20,a5685ab4-da2f-4809-8335-4470f9e35591
2021-09-20,4b1def23-42ad-45d6-b3ab-487dc1c54f31
2021-09-20,5d4058cb-528a-45b1-a2dd-7cf2cc6c401a
2021-09-20,16064604-1e32-43f0-9f04-73c86940df8e
2021-09-21,4a73f055-f3fd-4573-8419-cd3ced493455
2021-09-21,fb5b6f89-b107-4689-afc0-47dba52d8830
2021-09-21,cd03e9f0-10d4-40ba-a300-57c66c84521b
2021-09-21,6763ebd6-c5b4-46ef-b6b5-1a724c970a1d
2021-09-21,c0180a0f-ce69-483d-90fb-7c4c16b5614f
2021-09-21,1391b2ae-9cc7-446d-8aa1-8c00d9e7152a
2021-09-21,0e1ec41b-0e4e-466d-bdb5-bcb55555abf4
2021-09-21,40a7f8ef-8bbd-4718-994c-0720bc74f894
2021-09-21,16648f25-ac5d-40e5-9df7-fca845dd4cb7
2021-09-21,03ebb0ad-4136-4000-8a9a-cb76800d6e8d
2021-09-21,b7d30408-8e29-4384-b24f-fc1b93482568
2021-09-21,6732153c-9e32-44a0-a575-5577900c0c95
2021-09-21,02b3932f-cc31-4ebc-9859-77d5dbbd847f
2021-09-21,71ea5fd7-6e64-4b63-bd1d-81fe3fd7475d
2021-09-21,c477b359-7d24-41dd-8a4c-132cd4ca1e2f
2021-09-21,e7b48911-f07c-4463-86db-b8704126f8d7
2021-09-21,ddc4b2a1-7648-43ab-8c81-d970b01fe5fa
2021-09-22,812f964a-3eb6-40f0-a12b-d1fb6ab08c02
2021-09-22,17e4e483-ea91-4515-9ae5-49748e1a52e8
2021-09-22,ede4ecf4-b696-482f-b842-d94ce73b744e
2021-09-22,6cf7ff94-f897-44fc-b387-4d23ab11620d
2021-09-22,34c75265-1fcf-4eb3-b49e-3c1b11c39e40
2021-09-22,c5cf5656-c24f-468d-adb5-4069a1bfdee0
2021-09-22,178c191f-cc29-47d2-b407-d8c1ea7d523a
2021-09-22,fecdf1ea-91ec-4027-99f5-0092bbb3cfe2
2021-09-22,10ed5548-4aa6-412b-8809-9c3aa86c1000
2021-09-22,c19e9c29-b69a-4d28-ad13-d30648258de2
2021-09-22,d3d6ecfa-4536-48cf-a50d-66a6f768f8b9
2021-09-22,4e9d260d-4c9c-4075-9061-b74a43bbda3f
2021-09-22,e6b0d80b-2c4e-493e-9991-275723638d2b
2021-09-22,3fd515fc-3bae-41d7-88fc-bbf797679f1f
2021-09-22,3e9c788f-d2fe-42f1-87b4-dcae07bce6d5
2021-09-23,ada6f600-49a7-4b88-92d3-45d858351f02
2021-09-23,d338092d-8662-422d-852a-167807ff5e6e
2021-09-23,fc2bb1eb-468a-415c-b82e-9bce0773e78f
2021-09-23,ee4232a0-2fff-4dcc-84db-6aad0b556ccc
2021-09-23,0b63e224-fb05-47cd-bac0-537c9313a2ef
2021-09-23,c801d461-4b5c-4ed3-a893-ffb5f48e3eb7
2021-09-23,0b6e784a-bb87-4cbc-b9aa-1896d2db64d6
2021-09-23,4d968519-b07d-4fe1-952d-ce2a9067f131
2021-09-23,05a3847b-3855-4c6b-bc54-0527377e3a13
2021-09-23,16caf140-5037-43c0-ba49-b4ead5573f78
2021-09-23,df50db59-b75d-4555-b772-cb66b2360ef5
2021-09-23,b94edded-b767-4d61-a0cd-36bd75a85f9c
2021-09-23,3c14662b-e2c7-48c9-b575-89dfa63eaa92
2021-09-23,83055aed-1d76-4805-bcaa-c4bab943fe0a
2021-09-23,9d446797-96aa-440a-9a55-ce5d14a1c1fd
2021-09-23,6de97a9e-ccf2-4ca9-a202-84dccfd02aef
2021-09-23,72793aa4-7bdb-41f0-bf43-c71f5670c9ad
2021-09-24,8ed425fc-51cc-4d80-a3e2-e8b9b8db901d
2021-09-25,2a450f4e-71d5-45e6-b0ea-5a0bc7cdc603
2021-09-25,cab03bb2-1fcd-4c9f-b81b-e3c7dbe54ea5
2021-09-25,04e0cc64-674e-4763-9b55-6ebf9f523210
2021-09-25,47e84c83-540f-48b1-943f-a9e788779b13
2021-09-25,3fbf3931-1606-4ffa-b658-8cc96b3a62d7
2021-09-25,18e829b1-ebc0-471d-b64f-294f1f6c5bc8
2021-09-25,3b46ce9e-16ed-45ae-88be-da824b20a2b2
2021-09-25,0c084632-006a-4bda-af61-a5d29805d502
2021-09-25,8f58a5ce-d4b2-4fbe-bea8-30770be849f0
2021-09-25,5aaf705e-84ce-479b-8280-8186a50853c3
2021-09-25,709b3a0c-2594-438a-8ba6-914563202f07
2021-09-25,a4639fa3-e8f1-4663-9df4-0b9ef0aab351
2021-09-25,1efec2a4-a3d3-4ea7-9dcc-025f6e834fcb
2021-09-25,b7c40731-533c-4d61-8311-0eb0eea9d347
2021-09-25,b8d0053f-d3d8-42d8-b629-ca59072e8914
2021-09-25,e4383088-60be-472d-bd89-f9be2f1024ac
2021-09-25,9767ea37-b4da-4b8f-859a-659c3a466b56
2021-09-25,be134c45-6814-4300-80aa-5ee3018a5616
2021-09-25,5303d3cf-2861-4190-a522-d9f890c49d3c
2021-09-26,e5e8feb2-5c4f-4b48-899d-f46d7a484d58
2021-09-26,4180d1e2-87d9-4bd8-a82a-bc8835144c39
2021-09-26,261b3682-1584-4ecc-b1e6-5e2f67db5bc9
2021-09-26,58b467f6-a7ab-4b02-aee4-7d2a4285e6b5
2021-09-26,61b981ad-0e6a-4314-b9b9-c16722f0e4a2
2021-09-26,5a47be39-ad58-45e5-a166-17df88928bd0
2021-09-26,8ce80651-fa00-423d-b8f0-142eb316533f
2021-09-26,820f8575-018f-494f-ae7f-5cf6a1798ee5
2021-09-26,591cce8f-0c41-4e73-b3bd-fc89cf4dc696
2021-09-26,52bdd264-a54c-4287-912a-2273667bb4df
2021-09-26,283f1eff-61c6-425b-ab94-673bf54d894b
2021-09-26,afb779fd-7222-4a28-9f3f-10cc4762f96b
2021-09-27,7841fe24-0212-4a7c-9b94-71e05896639d
2021-09-27,d8f4988f-99e0-4891-8d00-704f191f3237
2021-09-27,4f2bd932-c728-40e8-a9cf-8919ddb43fde
2021-09-27,02d5a393-0f0f-4e41-8238-0d9b27277956
2021-09-27,91acba24-efd3-42e4-b9ff-1bdf059b8eb3
2021-09-27,560bcd23-a0c6-41dd-b576-f4379be86763
2021-09-27,ad3d1fed-4215-4171-ae13-ad7a1f6ea22b
2021-09-27,f74289b3-4d31-43ec-b2df-c0c83aa94e54
2021-09-27,3c016b2b-5e8f-45d4-9f2f-134eb8e29235
2021-09-27,5fd2826d-08cd-45be-9e9c-bf19ac7cdcf4
2021-09-27,63acc574-9c6e-4e6e-b4fb-3a8c69aff757
2021-09-27,54d2bb93-0eec-4b2b-bdf9-3d6129514bf6
2021-09-27,28841eef-a1d5-476f-bd21-1a015ab447c0
2021-09-28,c8a8c3bf-0d06-4f0c-b9fc-da1373b249ab
2021-09-27,18e53ba5-d9d0-4154-800a-9e8820029f3b
2021-09-28,3e5b6a3c-cb1a-4d1a-a56b-568f6aa74b48
2021-09-28,4fb9160a-2174-4c59-bcab-f5158095113c
2021-09-28,2e5065a1-e0cf-42c4-b2aa-10abe46a4ea3
2021-09-28,6dc5ee14-671e-40e8-808c-c1b9464e3711
2021-09-28,7b2b7e47-a795-4252-9a0b-e2d4fc921c08
2021-09-28,d82b8644-00d8-4a7e-aaf4-fe9d8f2cbee0
2021-09-29,222da340-1e26-4a4e-be72-15f522f6fe52
2021-09-29,abb9d84f-7850-4986-ad79-5cf7dabe1211
2021-09-29,19c58dfa-30bb-4e8e-95d1-5df962063b6a
2021-09-29,173a9577-75c0-4052-be70-3bf479663eea
2021-09-29,e51ef273-9ca4-481b-a8d4-2c2a534e99c4
2021-09-29,5954115a-303d-4a9b-a036-1e2f5e304765
2021-09-29,cf7a6e42-1ac8-4f00-b30b-717f6cbebe4b
2021-09-29,83d3ce65-d8e1-42d4-a665-865f379f9c9d
2021-09-24,72d1ae64-ceff-4b79-8e32-af1ae3d795d1
2021-09-25,3aee6e86-3c9d-42b2-9961-0429d998bf46
2021-09-29,04853f79-5dbe-4aa9-a837-f7957c53dcb1
2021-09-29,09e1899a-574d-44f3-8c40-529ceae9bb1b
2021-09-29,867935f8-76db-4467-9fa4-e0894dc9acd6
2021-09-29,01677c03-4afc-43a8-b85c-a2e060045d51
2021-09-29,de3bf0b3-727b-45a3-951a-381851644cd3
2021-09-29,09509ebe-f81e-4a17-9e2c-9acf58bf4d38
2021-09-29,36ec55ff-1a52-4d77-bf11-11d2ed93135b
2021-09-29,8d7a7514-b690-4194-b671-cfc26579f641
2021-09-29,46ec7d58-0667-41e2-9f48-cea1c72646fc
2021-09-29,bf6fbd19-2b56-45ad-a8e6-46c706dde4ae
2021-09-29,937cd438-d71d-4096-b1c9-2832a23666dc
2021-09-29,000be14f-ba0f-4af6-bc2c-7b00dfcbc98c
2021-09-29,5d55913a-b047-4fe5-92ff-a4999857012e
2021-09-29,eee130e4-7663-49ee-9b44-d3a3862f7687
2021-09-29,364b52e8-8791-4a45-802e-3f4c9ca48814
2021-09-29,b67ad1bb-03ee-4a42-8302-5d112257ae11
2021-09-29,7e14fb39-5b1b-4df9-aab4-e45c747d3dd7
2021-09-30,17859ac1-c48d-49c9-9dcf-d31acd3afde4
2021-09-30,fca27c9d-0a6a-4e59-9582-45b8cacb56f2
2021-09-30,cccc9d7a-e986-492d-9aa3-0f981e62271b
2021-09-30,328a46f3-c826-42ca-a58e-afe3a09ace87
2021-09-30,7f5084bf-b234-4f84-b1ab-097da7651538
2021-09-30,e53c8c06-eae2-4319-986a-b453f447fbe2
2021-09-30,2a00aa7c-ab5c-42be-9c61-aa99edf1984d
2021-09-30,f4c4f1d1-6863-463c-9da3-d678c0384e68
2021-09-30,0fb61e31-3d80-45ca-83ed-8a8265666427
2021-09-30,ea372d39-8e4c-41dd-9231-9b947f5c0a59
2021-09-30,4e05fee1-4b77-4ee8-a82c-c3af63420221
2021-09-30,2673e52a-54df-4886-9699-e5b8ec84f47e
2021-09-30,f7caaa88-d528-4538-bda8-12abed0426c0
2021-10-01,66e5bc5f-2ebd-4b97-ac4b-409b7e2f7cc6
2021-10-01,74fab471-c8f7-43d1-9a29-163bb0d6aa36
2021-10-01,ff773dc0-7163-48a0-8865-be8f56bc1754
2021-10-01,f50c2a55-4668-4004-810f-33f58d7242ea
2021-10-01,90b3e4c1-6fd4-4afb-a8c3-8ef2373cfabc
2021-10-01,55d37988-778a-496d-b87d-bde238dda3b1
2021-10-01,78e14e8b-9c18-4016-bdff-8757dc752c13
2021-10-01,63b9b88a-855b-453a-86d0-e4fc193f8ee2
2021-10-01,78752c79-d4a1-4b51-9047-204710318c2b
2021-10-01,525302ed-0e52-42c0-bd15-ec6bae01cfe7
2021-10-02,cdd6f664-7f98-4bcf-8e35-9f5dfe81884e
2021-10-02,59b1dc77-3d6d-42f2-bea6-bfe04d244130
2021-10-02,987c7859-3d92-4adc-81a0-c274f6dd27bb
2021-10-02,dca09856-847c-4c78-a8c4-0e2237df5b64
2021-10-02,b9cd918c-770a-4e84-9659-3fcb498b2ca6
2021-10-02,c622016a-082c-46d4-98f0-a4d560463ead
2021-10-02,a5d3a536-215a-4110-915b-23c5ae65cf20
2021-10-02,f93ceb5c-0c26-44f5-a678-9c6b109faf5a
2021-10-02,f6d95455-8767-4c77-90ca-317281aa221e
2021-10-02,d3fa0d80-2cf7-464f-9fd6-83224b824354
2021-10-02,107b5b99-75d0-4711-95e0-e1020cefaba8
2021-10-03,e8f54e0d-b744-4156-a104-ea733bf3374b
2021-10-03,98700600-35dc-4081-93cb-e7be0c518cda
2021-10-03,330f121f-20fc-4bad-b212-8c7a6cb21e40
2021-10-03,9d95ad10-fec4-457e-9931-41552a08aad5
2021-10-03,3a1687ba-fd91-4c41-b11b-534490534c08
2021-10-03,076e2227-8ce4-4bf5-b5d7-d91cb6f42e70
2021-10-03,9bf1ee65-7cc9-4970-a88f-e170ddd20429
2021-10-03,e1967fc6-7ace-4520-b958-62f21fc946de
2021-10-04,88cbaadc-2b51-48a3-b542-f4e41f3ec6f3
2021-10-04,f4385161-e053-4bad-9be5-799b9ff02504
2021-10-04,85b2aee7-24d9-4280-8f58-caca6fa22cf9
2021-10-04,199ff561-2a7a-495f-a491-809a1436336e
2021-10-04,67b7021c-061f-45eb-ae64-82559f35ea9e
2021-10-04,fac05612-61ee-41e9-bda8-8a10d3f7c029
2021-10-04,db49bb6f-57e1-41ae-857a-634773ea0a9a
2021-10-04,a50a654c-d32f-46a6-849f-ed3c33834647
2021-10-04,0182b66d-b447-4b4b-ae2b-a33e06321726
2021-10-04,3551d35b-fd2e-478c-ae7f-938bf2601224
2021-10-04,653554de-4523-433f-b0ce-89db121b6693
2021-10-05,1a1aa917-c55a-4101-88d7-f1f21b64d27e
2021-10-05,53c5f114-a38c-45a7-b660-8d96e0d70b29
2021-10-05,324ede10-97d8-48b8-8bd2-a5aaf056377e
2021-10-05,e1477a64-27e1-44d5-b889-c6154de23fcd
2021-10-05,a4e50e9b-056b-4383-b5e8-5085ead5ef18
2021-10-05,9daeb519-876a-49d2-8e09-f4e6a8f86af7
2021-10-05,0f3da21b-591b-4342-bfd2-c9ec4ec790cd
2021-10-06,c3c794a7-50c3-41e9-a859-f4c90f464c3c
2021-10-06,8f434bb1-be7d-42b7-b908-6718b478fd47
2021-10-06,45849263-5cfe-435c-96fa-1ab522464863
2021-10-06,abaf6559-3db6-4d2d-acef-599358e8e6ea
2021-10-06,ea60c3aa-aecf-45de-96be-71de0f5ef96a
2021-10-06,45a96050-beb3-4ff0-a971-c55d8e9005d7
2021-10-06,50afcbcb-7ba8-4cbb-8e2b-bea46aff0071
2021-10-06,d482ab1e-8086-49ca-888d-2c0d22bd2498
2021-10-07,cbc8b080-7768-43f6-98ad-951add65be14
2021-10-07,493a6cdd-503b-4d85-abdd-3810b656e9ea
2021-10-07,dafb95fe-91e4-4772-968c-c6df1133e874
2021-10-07,eb57a03f-e9db-4685-abc2-95ad16405634
2021-10-07,383ea0ca-1010-443f-acc2-3136cb5c2d9f
2021-10-07,7c5956c5-1b48-48da-85a0-bd81818bff7b
2021-10-07,e2672ede-b2e2-4eb8-b1d3-d9b2ea157407
2021-10-07,8e8e9b99-1a72-43a4-8919-27defdbae197
2021-10-07,b0c0656a-07c5-4a96-b00a-91cd35e90891
2021-10-07,c0ae939f-80fd-44b0-89f0-3f1ff092d326
2021-10-07,5de40b48-fa17-4691-bbed-bb27ccaee62c
2021-10-08,4596f9f7-3ecb-4432-aefd-2379db118f02
2021-10-08,c173478f-5c5b-4c87-a90e-7bd69e59b471
2021-10-08,ad6b5f26-87e4-4ab1-9120-568f0b3c061f
2021-10-08,188480a2-52b9-4887-baab-207d8bc45972
2021-10-09,3eec8741-7d70-406e-9352-4a30d65a8925
2021-10-09,6449eafe-92f8-416d-9ebc-15202ecfa4f5
2021-10-09,0dc3bbd3-7653-49db-93ad-61e26afd060c
2021-10-09,25b44692-e5a9-452b-996e-92336c0d9d0e
2021-10-11,f55a5a86-d5c9-4950-8045-ccf40ae3c850
2021-10-11,b17065d6-cdf4-4a1c-ac6b-6f22cfde11f1
2021-10-11,92bfecfb-b512-4f02-8b8c-dbe210b03652
2021-10-11,7daaaadd-b1c1-4fbf-b946-545a744516c8
2021-10-11,9384240b-4c8d-49e9-b708-3711ed24b0da
2021-10-11,b8789e7d-cd14-4c94-8773-144ce8d02d60
2021-10-11,5cb8fbef-1dbf-4fcd-b2c6-41a5fd64b694
2021-10-11,91601ed1-b8ac-4958-896e-7b6efa1a9a05
2021-10-11,6612e535-73cf-4a03-8968-6b87ec388d82
2021-10-11,37f358b9-7187-41ba-9a44-fddfc90d21ae
2021-10-11,76030b0b-6dd5-4f9b-a212-ae48dd1add28
2021-10-11,c2b447e6-77f9-446c-b66b-c5e174ffdf87
2021-10-12,92011b50-5535-47d7-8445-4cabd0917fc1
2021-10-12,a42dcd22-d58a-4fd6-81f1-6881c2cc01cd
2021-10-12,852c566c-ed82-4f61-ac7b-08745a0ef0aa
2021-10-12,99556314-6837-43f8-b3b5-8799f2bd429e
2021-10-13,1c331ac1-9d23-4d75-9f46-847628f4d4f5
2021-10-13,238c99e9-6e01-4509-a82d-0659efcee1bd
2021-10-13,d71426b3-856d-412a-a85f-9b1c2905ee9c
2021-10-13,1705d5fc-eded-4fcf-8a93-a5c5755e3d9d
2021-10-13,dbedf556-7361-4972-9227-aef9f3a6ebcc
2021-10-13,f81267ab-efbd-419e-a8e7-61d7f88004d9
2021-10-13,504b6543-3284-433c-a12a-5ed1f9a040ec
2021-10-14,e1fd6c42-f90a-434b-ac9d-6df60c82d5f8
2021-10-14,19c1a0a8-ff58-4d5e-8920-1095db40bc2e
2021-10-14,25d9740b-f554-4c50-a0cb-ab87a2a05a76
2021-10-14,c3059439-1778-457f-8474-25dc87102a44
2021-10-15,c9cdd441-25f8-4f21-841b-fd042160b424
2021-10-15,117a7706-0eaa-4eb3-8a20-7ddcb54020d4
2021-10-15,8740e974-1371-4ada-9667-35c2079c9074
2021-10-15,7588fa18-4f68-4d3d-ac1e-dfe3d35f48b7
2021-10-15,26e4b037-d8d3-42c6-9892-7ba856ca6c68
2021-10-15,3816c88f-b994-42fb-8dd9-9113c317abfe
2021-10-15,630e9834-f58b-482a-acd7-a9bb0dfa91b9
2021-10-15,7313e4a8-7b87-4371-bb69-d84525696415
2021-10-15,fd6b2e7a-dfb2-45bd-9c79-3e899c3b76fe
2021-10-16,000a5d24-2da9-4c51-8a2b-ea3caba1553b
2021-10-16,b2547907-2802-4245-be36-fc571909a4e0
2021-10-16,a48432da-bb78-430a-867d-736a2a42e85c
2021-10-16,75caa97a-e9f3-4ae5-b9a8-a5d89f47e30c
2021-10-16,ef5cee15-e99c-449d-8c88-d643a49143f2
2021-10-16,12dec957-fe85-4b29-93a6-b0cf8c4a3bcd
2021-10-16,0ad6f6df-ba8c-4d7f-b583-d31ab5cdee75
2021-10-16,ea3c9966-a034-4d54-a25e-2d4baa386d12
2021-10-16,eb17aa4a-c66a-48f9-a311-ac2f5d3f8b5b
2021-10-16,8786f7d3-d5a1-47ae-9698-88d812151507
2021-10-16,b6de63be-6ed6-4f69-a890-c3d5951fb8d7
2021-10-17,2f72c949-e253-44da-a950-23bc376c3081
2021-10-17,c4829966-d7ae-4f5c-93fc-1a9d96708e3c
2021-10-17,db047070-57f4-4179-94a3-1fccc6ad6651
2021-10-17,97de7780-e035-4aa2-bf91-4fdd18eda6bb
2021-10-17,cfc61e33-82db-4d60-b878-c13a04775943
2021-10-17,5ac4f21d-9842-4c22-b038-c5415d2caa87
2021-10-17,1a8f2ca3-65b6-4772-b78c-7c38aea798e5
2021-10-17,3a7ec19a-ba5c-48ef-8e3b-a5fcbb0227cf
2021-10-17,9462f9f4-78a6-45b3-9a99-b55e1661e2ea
2021-10-17,09c7b4bb-2fe4-4a0b-9719-0a94b03439b7
2021-10-17,0ca67702-9005-44c3-8c95-8c64ad206634
2021-10-17,5f4bf071-625f-4b61-b393-3b661d76db5d
2021-10-17,e2003857-4db7-4525-9be9-7d969146ef04
2021-10-17,8662eeea-bcf9-4b56-a44c-0cc87ce95c6e
2021-10-18,5b24e9a7-ddc5-4537-917b-47f1e4fca5b4
2021-10-18,3c34d77f-c2db-4f1f-a996-79f4c7cc685f
2021-10-18,69087b2e-cece-49af-af69-9ab2d212d322
2021-10-18,34926f4c-2819-4428-b892-b02f4487205a
2021-10-18,d4fa8ae9-e5c2-4c42-b73f-983d67fc63e1
2021-10-19,16777156-d5e1-4222-9d0c-e88068b8655a
2021-10-19,04e89a23-5ba9-413d-b026-78615308e41f
2021-10-19,6a7c8a10-af44-42ac-acbe-94a13e946c1e
2021-10-19,66f1e49d-b171-406b-9bf2-ca86e22efad9
2021-10-19,983f0aee-d0c0-4f1b-8003-4006a6ab8b05
2021-10-19,ca3ffffd-d0a4-4871-9adb-9acd2aed50f8
2021-10-19,8ec7ec02-fbf3-476f-8571-4af26c97e8b3
2021-10-19,97e89918-ed06-4762-a87a-5c49358d6c65
2021-10-19,3291a733-153c-4624-9bd5-428911307837
2021-10-19,92567175-2466-4205-b723-3ddb5bd27c57
2021-10-20,f7bd86d1-e1be-4024-b0e7-2965e6eb123a
2021-10-20,1e906710-fdc2-4c84-94cd-559d6081cce6
2021-10-20,b044c2bc-75f1-4107-8340-d1cd8d367797
2021-10-20,6589c482-697d-423a-8b9d-1084a3e9e508
2021-10-20,6f5b48ed-a442-4d91-8b17-97a94d3fe38c
2021-10-21,075a8d90-d784-424e-87f0-a66e9beeaee9
2021-10-21,f13f529d-6a5e-4bca-aa55-7eab51928212
2021-10-21,cb7fc934-90f7-4533-8109-a3b34ab5597a
2021-10-22,2396e67f-e83e-49e1-9407-334ecb81ed6f
2021-10-22,99f36d0f-692e-4864-acd5-4dc03ade308c
2021-10-22,ffaca4f8-ee24-4b1b-8a4a-1a4e06e2efab
2021-10-22,67803cb5-9e36-4134-9e2f-d90d18b1ac22
2021-10-22,b0f05a7e-2306-4a4f-9487-b96314ef8617
2021-10-22,87e93fbb-963e-4bb1-bb18-fc4f7950adc8
2021-10-22,92d82504-8b54-4145-bcde-b0e87c6dade5
2021-10-22,b391aef4-3510-4b50-9606-752dc7de6d2a
2021-10-22,4ecbc806-c3c0-46e4-8da9-63fff9509d7d
2021-10-23,574f4cdd-6b49-427a-92e0-6e739c9dd6ae
2021-10-23,c58b0357-d4da-447b-826a-023ae4c265fe
2021-10-23,ab9d1495-421f-4afe-bbef-c578ac347734
2021-10-23,291a81e0-9c51-4681-93b7-d274069ca5f8
2021-10-23,807a19a6-1f15-4a1f-a66f-72c4645ee7ae
2021-10-23,913a1494-feaa-4423-a0ce-8202a671e042
2021-10-23,0985c3cd-a33e-473b-a81c-5cab4f5886a1
2021-10-23,5ffbe182-4f3d-492b-8110-667cd5b0a0be
2021-10-23,abecbe7d-2454-40f1-818f-1856ff85a31b
2021-10-23,66481a21-4b61-46ab-b91c-ba91cc5b5472
2021-10-23,79a57f7c-b4de-4fed-a706-374a195904d5
2021-10-23,884254d2-c345-4e25-acdb-f28eee000600
2021-10-23,ddba8260-41e3-411d-bfb0-933449a24a5c
2021-10-23,125d9c34-70b5-4c37-bb3f-c21a9aead55a
2021-10-23,37cfa8b5-59ea-4563-809c-3d4f5c5dce87
2021-10-23,835a12c5-50ad-4b30-98e9-51fddd246061
2021-10-23,b63cf705-8559-4974-97bc-7e848b67fd57
2021-10-23,796c0cee-712c-4e2f-bf9b-554cf5cb31f2
2021-10-23,a656e278-3d4e-4804-9f27-70261b34bbc6
2021-10-23,4166c61b-ed7c-4841-b9e4-9f1166cd1a89
2021-10-25,99cb5d43-05dc-4db7-b0c6-ec19bb63b23d
2021-10-25,9dae5289-2bb4-4bed-8534-4a18ea8de50f
2021-10-25,8e325aa7-dee6-41f1-b2a6-7d2d872db770
2021-10-25,173918ee-513d-427f-ae10-f4a0b4a950d9
2021-10-25,ee283dca-a0be-4f29-a3ae-c0616a000683
2021-10-25,d3d7cd23-7237-464a-ac68-e7a5333fdbdb
2021-10-25,16ce803a-a4e6-411f-8f95-1365ec126dc4
2021-10-25,25104f08-d31d-441e-96eb-ff87cc672913
2021-10-25,a4e4c128-7506-46c4-a5da-0154029a6c25
2021-10-25,306d6c29-c02f-404d-91df-3621e304c5d2
2021-10-25,8e328186-cd6e-4b2e-863a-12286ff8e43d
2021-10-25,ae250632-c72b-4be0-b5de-ea6b34f5156d
2021-10-25,91edfe44-8643-4df9-87d7-2845d07f3077
2021-10-25,99129b15-da41-4497-a54c-93e367462352
2021-10-25,7c6bd610-a3f4-4368-a785-ef9ec9f96f17
2021-10-25,28b26a69-1a39-4f1a-98a2-621623adf297
2021-10-25,f363056d-0982-431d-878b-ab514b86662a
2021-10-25,9e4f139d-a8ac-4485-bb23-ffdc2e7bce27
2021-10-26,444dd40f-0d1e-40a7-8a5c-03cfea8de794
2021-10-26,0a388f29-0829-4f7f-b1a8-4db3bc264e6b
2021-10-26,20772c31-a950-44c4-a176-958808ceda8d
2021-10-26,cdbd46ff-ce2d-415c-b7a1-b1d037c65b72
2021-10-26,aa7eef89-2f02-4b61-a69d-98e16ffba6e5
2021-10-26,4ffbeeb9-7b47-4cc8-94ae-4bcd80bf2db4
2021-10-26,59f85005-c81e-47da-b367-cd89a026d6f5
2021-10-26,66d4922e-f492-451d-af35-a930dcf9832c
2021-10-26,9df4edb8-6a2a-4c8e-b86f-1286a034f2a7
2021-10-27,22ba90ce-99c9-4214-a13d-cce1f714d688
2021-10-27,833c6d03-018e-4394-9177-3a19f7f1e064
2021-10-27,7b116f55-a302-44f8-8fd3-9449e89f8873
2021-10-27,3b5b78df-ee63-4ecf-8932-4f063e3acb9f
2021-10-27,2918df85-6722-4f42-9501-8ff55730d914
2021-10-27,a2ff7574-587a-479a-a0ae-125e2e5f10ea
2021-10-27,b8751009-8975-431b-859d-41da4faca932
2021-10-27,70d8b159-2177-4771-bade-e2aec0267793
2021-10-28,b5cb70d9-c572-47a9-9ce1-18c745d44cd3
2021-10-28,2e3d977c-6f17-4c28-a284-5d420baf3e53
2021-10-29,9fd8a3d8-c587-491d-98dc-291cd3c38614
2021-10-29,9432ca2f-cf1b-42cb-8c9f-5f20b5400a66
2021-10-29,dcfd9b9b-b5cd-4e25-8010-b71c01088bf3
2021-10-29,7209badb-9ba1-4ea0-9b08-a3357169ea24
2021-10-29,252c34c5-1aad-406f-998d-a93464cffee5
2021-10-29,12bbc4d6-b195-470c-a404-e441e0067710
2021-10-29,f8fff56c-46f7-4a8d-8827-728d635878bf
2021-10-29,a742868e-4198-4973-ae55-2366bef68e3f
2021-10-29,16863e1c-d3f2-4ef6-a455-27ba24ca7735
2021-10-29,a9493512-6bd2-4a72-892a-c3b00cc27c3e
2021-10-29,3442c953-d772-4ddf-930f-4fbf37163058
2021-10-29,72ce57e7-b685-4a7c-b74d-0483685e55c6
2021-10-31,d2d3062f-610e-4425-85e1-0abd137e395b
2021-10-31,01fb2fb4-9e24-4d6e-a644-bf1f751e069b
2021-10-31,ef92ab7c-b000-43cb-ba7d-f6d0e2d9f625
2021-10-31,268218c5-85c7-41cd-928d-1e2abd1639e6
2021-10-31,d4c1d6be-1dd3-46f5-bda7-8b6920785936
2021-10-31,e8e64f5e-e9a5-46db-befc-c0882c1bc0c5
2021-10-31,dc4aa093-4d79-4550-a372-4bfe3d7f8402
2021-10-31,d8dde068-a008-490f-821d-c207c18cbaf8
2021-10-31,7045e7ae-9c04-4fa5-be69-9ee33e5df3bd
2021-10-31,7c017050-6ee2-4933-994d-d3d0bf565a19
2021-10-31,4978e916-a28f-48cd-9e57-55e52b2d7500
2021-11-01,544cfd1f-afb3-46eb-96e7-bcbe6b977073
2021-11-01,48f94b99-a723-459b-be8d-49ddf74fda9f
2021-11-01,ededf216-d29e-46e6-86af-16e41f4a51cb
2021-11-02,380d42d1-45dc-4fcb-8d3c-aa9e8d510ae2
2021-11-02,4a0007d6-ecd7-45e7-8414-4f32c23fb58a
2021-11-02,20c2c04e-013a-4944-8679-a6a5205ee274
2021-11-02,5e38dc12-3272-43b2-9155-b70aa25256b8
2021-11-02,cffbcc6e-86b6-4712-a692-341f6e2d4b9a
2021-11-02,feb58dc8-d33e-4a5e-92d4-db662ac7b47b
2021-11-02,4ec7e65b-81fc-4382-922d-762c3826b148
2021-11-02,dc55a987-98bc-467f-b439-7420e2cb1d6d
2021-11-02,6e75aeca-d150-4b84-93b3-048fd129d205
2021-11-02,b60e89e5-937e-48ee-ac66-95d6453d954d
2021-11-03,8cddb5ad-4b00-4e55-a635-d6cf8d8e1bc0
2021-11-03,3d3ac1de-65e0-446b-a420-1b68ffb148d3
2021-11-03,f9dd07d8-61f5-4028-9950-1a53394a120c
2021-11-03,3fd8829b-f728-4a5d-a90c-7b9bd92d0c66
2021-11-03,65213a41-b076-4c0d-b95a-4922b72c47c6
2021-11-03,a69d1b19-872d-4b9b-80ec-873cd9c9ad5c
2021-11-03,35cacb30-69c6-41f7-ab4c-e700909fd74e
2021-11-03,a0668f69-bc08-4cd0-b373-b2af98ba5abd
2021-11-03,4e480737-2750-484c-b4b9-b4618165d22e
2021-11-03,13779908-9e75-45ce-9802-1585318349db
2021-11-03,895a1d85-7f4f-4201-833c-09484b8a3749
2021-11-04,66ae2dae-2e30-4615-808c-c1b398c6e0ef
2021-11-04,94b5b564-bf73-4d06-b0bd-8d09c79a5c0c
2021-11-04,439c9a91-b06f-4abc-888a-4cf68b0b3b2d
2021-11-04,4acc06b7-3b62-4c01-a140-3ead75b80f03
2021-11-04,5cf2910e-de5c-4dba-bbb3-fb09f2dc7554
2021-11-04,9c00da30-441e-4499-8b5f-840081458a5c
2021-11-04,25da578a-4107-4cfc-a1d0-e6b2be9d2be5
2021-11-04,7f743b50-fc5d-434b-a634-ee492b338a80
2021-11-04,fbf8f600-ddbe-4043-b240-ccc156cc22ad
2021-11-04,584dca6e-8a34-4616-aeb5-fd1db843c270
2021-11-04,5605d0b0-9e84-45da-9f03-5e4cbaa19489
2021-11-04,28e8bf9d-9be1-4903-aaf4-8dd770ca6912
2021-11-04,011c6096-5e86-4ff5-8707-6986a8bd1727
2021-11-05,158df039-0dd4-441c-9c5d-974aed5a7007
2021-11-05,7b36dee7-3ff8-44eb-b224-dd3a9deb3bff
2021-11-05,372c6eb3-0fb1-45d8-9af7-28c51491339e
2021-11-05,111ba1d9-19c3-4694-97aa-f833e9eebffe
2021-11-05,9ba77f2c-abd8-4874-85ff-9533ca8648ac
2021-11-05,54b02ceb-3d19-40ad-b58f-6e19cf09cd9e
2021-11-05,737b4289-af7d-4a5f-81ce-9f26f76772dd
2021-11-06,04f9c8e6-ba79-45a8-bbfb-08e33f1f37bb
2021-11-06,6708893f-177c-4b7d-9988-7671d42e16f3
2021-11-06,c0be0546-8b6c-47ae-a4b0-b9ac9d667691
2021-11-06,76bfebdf-7467-4e01-b0b5-ca2843532894
2021-11-06,9ba72674-8ec9-4eb9-805a-008fc49f55e8
2021-11-07,3179ee78-ce73-46e2-8665-ea56542c006e
2021-11-07,f0198dcc-2aae-4c83-b166-e2bb72a284e6
2021-11-07,b5eeab2a-82e1-4cb6-b2d0-6849d6de6092
2021-11-07,fcc730cd-1707-4a37-8c7a-9f07f27e3028
2021-11-07,24007184-5d32-4656-b9e4-78ab055c5450
2021-11-07,61ee08d0-bb26-4bbd-ab9c-27b801803d41
2021-11-07,c866202f-8f98-4432-96f7-2efba9bccd7f
2021-11-07,76990368-a790-4455-87b7-2f614c80a735
2021-11-07,30fa3d62-b842-4204-a1c4-61686856dc51
2021-11-08,f33c28ca-a073-42e8-8399-41f639f956b1
2021-11-08,ce3ec0d6-30b5-4ba2-9a71-51ba30fc57ee
2021-11-08,30a90082-efb4-4bcf-a364-a9f77c15bc56
2021-11-08,93e4f0f1-c4ce-44fe-b8ad-caa1ab6e2e4b
2021-11-08,9de0479e-4767-4af9-854c-33a867b3b490
2021-11-09,02e45dab-3e27-4a6b-affc-ca605ab294b2
2021-11-09,e4a8a09b-914b-4b61-a169-de3d7a608659
2021-11-09,95f7f476-179a-4be2-bf4a-67ac05c605b1
2021-11-09,46a4e525-f34d-4822-bec1-8abb709b18ec
2021-11-09,59e65d43-2117-4ae3-a9ae-d9db41891ff8
2021-11-09,649e7160-0eda-48f1-b8b5-97e068664b9e
2021-11-09,d60d6ba3-8451-4ce9-a704-e75b302ddbcb
2021-11-09,439edc28-20c9-47a7-a4a7-5d2e1c32fc42
2021-11-09,39e9a703-2372-40dc-90ab-165e24849e60
2021-11-10,53222b27-e708-443f-a5f4-b2cf7ccba578
2021-11-10,c604c5f0-bc3b-4093-bb67-61557db102b5
2021-11-10,cdba0000-84fa-4f42-9e2c-688232578ebf
2021-11-10,3c5b6ba9-ca84-4a3f-a6ad-85101ab30564
2021-11-10,9f51e0f2-27d9-41e1-a44f-05397d5c4db2
2021-11-10,ef4449b4-4b38-415b-8bee-00a932979e24
2021-11-10,781602cd-2f05-4302-8813-82d25cb3a9d3
2021-11-11,375e48b2-5b2a-4339-b38c-07284306407a
2021-11-11,79f58c07-da53-4154-a66d-ec7a48eec3ad
2021-11-11,2eb6dbde-4f68-432b-a779-238e7bb55251
2021-11-11,4602f087-d21a-46f2-8262-3d64bf02f21c
2021-11-11,882f7fda-ef94-4852-9dc1-a95654febaaf
2021-11-11,ec6aa1a6-4658-48bb-a85c-2b0c5eb4334b
2021-11-11,399fab8d-e826-475f-b9dd-f64e19040cda
2021-11-11,9c0427da-ce11-4153-a601-5057f9b45b2e
2021-11-11,b30d8a2a-fa47-4b74-90c3-e26fd5d71017
2021-11-12,791681e2-6eef-4df0-ab18-e06e13b48760
2021-11-12,b80cbe14-78b4-49e2-9837-12b143529cce
2021-11-12,1a865e91-6cf4-436e-8e76-b6f5a0df5dc6
2021-11-12,11805e24-40cc-476e-9654-dd780f5b02ee
2021-11-12,72c88d48-5366-430e-a165-21ee944acc48
2021-11-12,fb221e6b-95cf-42db-a5ec-158c7a21810c
2021-11-13,6218ebc5-cf76-4baf-9fc0-01f980d3e5e3
2021-11-13,a0f67ee3-a89c-42f1-bd45-5389f58c3f82
2021-11-13,6f60a9aa-422c-4a0e-a938-a84607cb4b9b
2021-11-13,dd68ebc7-d99b-4804-90d7-3ebecec49660
2021-11-13,4bc95700-7775-4a14-8eab-e86493d0fce2
2021-11-13,681adf9a-4ed6-4e6d-8ea2-ef11b1cae887
2021-11-13,49fa3864-30d2-4004-890a-e0ae8da3e8ed
2021-11-13,48d31122-ec9b-41b0-b837-a02f86721167
2021-11-14,9aba273e-fbf2-4c2b-83db-6642ecb9546f
2021-11-14,5866edd6-b97d-4703-9b43-ce9596405bad
2021-11-14,5d7851a3-10af-4040-afa8-f12fb62e5a64
2021-11-14,0802d78a-8a2d-4634-beb8-ea7657bae515
2021-11-14,66640f4a-aba0-410f-8dc4-2120ab7d853b
2021-11-14,217b1c66-b810-47c2-94a7-42993d300374
2021-11-14,4d4cd492-5ff1-4266-8876-35c520b4b936
2021-11-14,ad91c220-a16e-428f-80e9-5ad2de2fae51
2021-11-14,2f7582cc-5254-4874-87f0-c7ee82c1bb55
2021-11-14,de5c7249-df9a-4f99-8209-d36a2d568eda
2021-11-14,559fdd6e-bba4-4020-a13f-d788fd96daed
2021-11-15,7a159dfc-4a03-4540-a347-3f75d3528791
2021-11-17,f7a5d1c5-d238-4e06-b365-100ad8a6f952
2021-11-17,8e2c9f54-9217-4d4b-8c30-baa2e237d16b
2021-11-17,64ee06b4-a9e9-42be-8230-ffaf2f3e2842
2021-11-17,72f4bf59-2067-4f1d-9ec3-b9502c91ea84
2021-11-17,1a0e3cca-0c47-4f2a-a3c3-0fe06c893b36
2021-11-17,0d745996-616f-4835-87ea-0063ae44a2b7
2021-11-17,e4e2f7a7-1e82-4e94-bf76-cc141943f98c
2021-11-17,5d2ff070-4bea-4b8e-a9d7-f46c02430318
2021-11-17,e6c9f3b9-5059-4fdb-8dd6-bdf8918417c1
2021-11-17,bb9dec39-0d59-4a3d-bf77-84b04127f2d7
2021-11-17,bfc61416-bb00-4500-8531-9026783db192
2021-11-17,4ba32f10-3f7c-4f88-ab75-1201bb5d45e1
2021-11-17,f20440e3-48c2-4199-b76f-17f60d588f38
2021-11-17,f023784e-e7a4-4dba-877b-3ad41af8be73
2021-11-17,0c1fad43-ba4b-4604-b142-5d5fa3cc1be3
2021-11-17,526cd870-c8f4-4c4d-89fd-989e09aa7b72
2021-11-18,44690217-a350-4a1d-a6cc-9d64a908a8a1
2021-11-18,1ef9ae6d-1b07-4674-93b0-7d465d7c9ac7
2021-11-18,9f519306-79d7-4f03-b3ce-c44f161718cc
2021-11-18,8ea6bbf4-dcfa-4774-a2d5-5425f4614715
2021-11-18,dd75088c-979d-4b4f-bb4c-45608046582e
2021-11-18,3f69b1b5-935d-43a4-80e4-b208dad5594d
2021-11-18,64fccb94-cfa8-4831-8c0c-59adf4284e8a
2021-11-18,b04ca53e-995d-44e5-8ddc-da8857ed3da0
2021-11-18,26195de7-908c-4ac4-96f2-1f4f3222126a
2021-11-18,7532c947-31cb-427e-96c0-ab64961a0347
2021-11-18,38a00575-4735-4e4f-a8ff-8827926dc2c1
2021-11-18,77894716-1fcb-432a-a639-30f0716ce6ed
2021-11-19,c949abf2-9c60-4f12-9f32-72e41baebeca
2021-11-19,e59db821-a8e9-45f2-9b98-23b2526c171a
2021-11-19,52d5bdbc-b64a-4d0d-9fb0-728861095cd9
2021-11-19,fb7358a9-9dae-43b7-a1b2-a25d489c5b2b
2021-11-19,c0f518f7-48c0-4aa5-8acb-52b204006103
2021-11-19,72651fd5-d164-463a-96cd-539b964067c6
2021-11-19,fb2698be-0991-49f5-83a9-1c1ffa9bf938
2021-11-19,4f0bf4f4-d781-4e9b-b553-f667b8dd6434
2021-11-19,fbef7df0-a88b-484e-a6f7-1f5e84803f48
2021-11-19,699655ff-cb61-41ba-bc03-550b10fb5c60
2021-11-19,82ab38d2-b3f4-4924-abff-9126655073bc
2021-11-19,95733895-58a7-47cc-af13-3831a5245dd3
2021-11-19,87a8af55-1616-4c7d-ac70-d795de82ec14
2021-11-19,e4558aab-3351-4605-a0db-c1c8b193b74b
2021-11-19,898da109-1b43-4d4b-b023-881d65808fc6
2021-11-19,9454606f-599f-457f-a17f-e6630ca033ce
2021-11-20,40bba8c3-18ee-4953-a990-b18481a0d327
2021-11-20,241b02e6-d591-414b-b394-97a36ac2747a
2021-11-20,517d7b43-c2ae-413d-a5b5-b15439a75f40
2021-11-20,3c44658f-de40-4ab2-a81c-7ba627fdf28f
2021-11-20,57da4dba-c072-46f2-87d8-c5d8edceffaa
2021-11-20,346892d5-a15b-408a-98d5-fc5205339c20
2021-11-21,72360646-ed42-47d2-89b5-476287b94ebb
2021-11-21,1e330be9-b5c6-4b9e-b0ee-53bf3427eebf
2021-11-21,397cc564-dff7-45b6-944c-706a57267141
2021-11-21,ee4d554b-5489-422d-823e-d098136f3248
2021-11-21,7fa08b17-b860-439d-9d9e-4a8f56194e2f
2021-11-21,86bdcfc5-e74f-48cc-9d0b-40a4f1404f86
2021-11-21,b4e83992-be5c-41bb-84b0-8980391e1c32
2021-11-21,ad591da7-52b8-4c88-ace6-466d6bf09ed7
2021-11-21,f128144e-02c0-40c2-b45e-2028baa914af
2021-11-21,9044f274-3946-4594-90c2-1d66559e0385
2021-11-21,e40c1d74-9e23-4e39-b64c-67fe8a68fdf2
2021-11-21,3a990fd7-dfe1-4a87-9a8d-3e53af2093f2
2021-11-21,d234d622-cca5-4cc1-8843-7dad10a2486b
2021-11-21,2794741f-f673-43dd-b6b6-9941b9b6d5aa
2021-11-21,bdb4df04-ad1e-475e-aba8-f25066052111
2021-11-22,b6883250-ea1d-438d-9714-4b7a39653264
2021-11-22,594b45bb-5af9-4ed0-807c-54d0e85e9332
2021-11-22,f008ccf1-1f7c-4719-b390-1586467ca35d
2021-11-22,69a706d0-8ead-4027-ae91-2f6ea4917743
2021-11-22,9b12f6d0-f432-4ad9-a966-9b65ee696b4b
2021-11-22,d946da7d-8d48-4fa0-a7aa-44fecc5f881f
2021-11-22,86a6a9ee-87dc-47fa-a394-4a2b75e2762a
2021-11-22,fbc19d42-097c-447b-b8d4-12d8446a9bca
2021-11-22,f6d152e1-7263-496f-b261-f3cfec49f64a
2021-11-22,06492eb4-8140-4a76-abb2-153e5ed54120
2021-11-22,b04dace3-2500-4a29-9ea6-89e800916008
2021-11-22,480b379e-4c36-4aa9-8323-161a48688541
2021-11-22,55a4bad5-e1e2-488b-b40a-59bbcf903292
2021-11-23,2ae1058e-e673-4dbf-9e40-779f3bf12677
2021-11-23,737e90cf-8b36-496c-8168-a21fcbcd948e
2021-11-23,3b371ed1-3ef5-450d-ba29-b4e71fdc1bc4
2021-11-23,6b0cbdc5-9223-4c13-b89b-2b930becdb86
2021-11-23,a52e3e78-e560-45b2-95f1-c52cbe54730c
2021-11-23,35d0ad82-02c0-418e-83c0-fa7d7f0892cf
2021-11-23,9923f4a9-eb19-4e5e-94b6-afed3c5d4abc
2021-11-23,90cb01c8-ea39-46cd-ad80-d2775b67798b
2021-11-23,25c96161-d59b-434b-98aa-92e16468f5d2
2021-11-23,914c15cc-fe6a-4c48-9440-3f2eeb844e17
2021-11-23,16476177-969f-49a3-a5ec-40a63a8d09da
2021-11-23,b7ea9d35-d51a-468d-b75e-8d7404aada09
2021-11-23,458d07f1-ac91-492d-b9f9-d6a2adda9714
2021-11-23,8aaaec62-a661-4cef-9fa2-f1af922f1b55
2021-11-23,38a1d10b-3167-48e2-860d-24b96bb3a540
2021-11-23,437713b8-d1c6-4fda-81ef-840805f69f50
2021-11-23,4708e6cd-f364-40eb-a07d-deb60af036c5
2021-11-23,98b3f9f1-5da8-4b21-ab57-9c4ff284cf97
2021-11-24,1c730ca7-a6f9-4db4-8ca2-fb1160720679
2021-11-24,aa0d2082-9674-4718-bcd3-5c1b9466958a
2021-11-24,0a8db8b1-ef60-4759-8b53-75e378b4d9a3
2021-11-24,3823a7d5-c1f5-40e7-b07d-68b0ef983e99
2021-11-24,504b910d-ed95-487d-9fce-946b8472de5f
2021-11-24,97df62d1-adab-4906-9393-29fc9337e8b1
2021-11-24,80aa3e75-2aff-4ad6-bcff-68f8315a027c
2021-11-24,1ce8e33d-a529-43d5-a53f-d0e70f7098ca
2021-11-24,9cc9ca2a-a268-4ead-b5fb-62fe9fe28113
2021-11-24,90803371-d561-4995-9bb4-bb0acbf67d14
2021-11-24,22785236-7e85-4b23-b497-8ad76526f6aa
2021-11-24,affd4fba-2ec3-4a9c-af75-b84d75fe49a7
2021-11-24,02bde751-3a97-49d8-85f4-c412fe2faadf
2021-11-24,93ff1113-9370-41b1-9cd7-66f1ec5f10e7
2021-11-24,7fb5ac8b-f9a7-4930-96d4-013a695d3d86
2021-11-24,fe23b21e-eae2-4eca-8b15-05a6565406fe
2021-11-25,15d105a0-1e6b-4821-b59a-19027803e57f
2021-11-25,b467c107-ebfc-4d1e-a316-6e1603f5b4f6
2021-11-25,72a11e2d-ad17-47b9-a458-17e6e50b2b93
2021-11-25,09ff9ae0-fa45-4b46-bcae-a124727d2fa5
2021-11-25,8919a910-bbb4-4433-b90f-4fd41aeac455
2021-11-25,759afea2-c0dd-4120-8b61-6738b60d08a6
2021-11-25,b4d5e869-2538-4c68-a5ee-f7186e97fddf
2021-11-25,f8ddcca6-1a47-495e-841d-4ef4500f874e
2021-11-25,93eaaaec-5192-4f04-ae81-a5d7adef271d
2021-11-25,185d6eda-e55f-4d07-b9a2-61c5e8aefc9e
2021-11-25,709dacdb-f5cc-4e84-90ca-6151a40cf158
2021-11-25,1b9820e7-3e42-4527-8dff-ad68c177dc00
2021-11-25,90530e78-dd16-4eee-b10b-e4922877412b
2021-11-25,5d35011f-8c70-4460-a6b9-34513939abc0
2021-11-25,91040c53-482b-44a6-a91a-64b23befbe03
2021-11-25,1154c9a0-f96e-453a-a487-0374edb3d0f6
2021-11-25,7e2d127c-cb20-4145-b542-e2dbe2a5ee23
2021-11-26,5c3b0303-faca-4b63-966c-52a4a430d42c
2021-11-26,357f1cad-6d19-4455-9c56-c84b29beaae0
2021-11-26,1a63bdd9-82dc-4f8a-8e53-028dcf5bd806
2021-11-26,52feeb9d-f3fe-4ed4-bba0-4adb546f9215
2021-11-26,db52475c-b97c-468b-b7e1-5e2c4dc87d51
2021-11-26,75e94d2b-e369-47dd-8602-65f209f033e7
2021-11-26,1b24520b-c118-4966-ab31-8a1a5e268ef9
2021-11-26,48acac4b-a738-460e-9d22-fa584ab44198
2021-11-26,fef7b8ab-b3f6-4f46-b13c-53a4463d788c
2021-11-26,403107da-41a4-4537-9ced-552e95c28a01
2021-11-26,e9d582f1-dacc-409e-bf02-889e71313079
2021-11-26,7829acf8-df32-4467-89c4-f04b53c85b36
2021-11-26,7bee8856-4fb6-4888-8e67-0f2b4253a0b0
2021-11-26,08bcf74f-c57d-4314-98a7-a011dff5ab54
2021-11-27,bd939f7f-6420-495e-a481-7ebcf3672ccc
2021-11-27,92520ec2-239f-401b-b790-1350246796af
2021-11-27,835c8a62-3229-4e00-99eb-224a77fac2f5
2021-11-27,0d64c98d-8afc-47aa-8ad4-4661c5e7ef4d
2021-11-27,67f1f393-7bff-46bf-8c9a-08260deccab6
2021-11-27,357d42aa-6f18-4c3b-8434-964c3187130d
2021-11-27,61307602-fcdb-456a-a20f-cd06ee0b0662
2021-11-27,82fcd220-ad4e-46e6-abb2-e37211ca0fe1
2021-11-27,52739388-409c-421c-8800-5c50ce9a3fab
2021-11-28,b4c6d004-727c-442a-b4e9-992d35fcec69
2021-11-28,d82f9930-d1ff-4e21-b2fc-f38854a14d76
2021-11-28,43e519c1-7192-43bb-923e-68b1f312bd62
2021-11-28,6d444e8a-3234-4a10-82ae-7302e25820a7
2021-11-28,c37f5021-546d-444e-bce7-e97b0191071a
2021-11-28,1d1b131f-3abd-471f-8060-48e5f5f8f4d2
2021-11-28,0ee7c0d8-ae83-49b2-a500-d8ee3f84f805
2021-11-28,65cef6f6-4f48-40c0-9ac1-d5c7d46abcb7
2021-11-28,cc8dae3a-0729-47a1-a34c-ed8bf69b15d4
2021-11-28,28c58775-0a8b-438d-ba1a-1678289b3af8
2021-11-28,9cc5eb36-b511-43d7-8e5f-4ff59c6167e8
2021-11-29,06444375-5b9f-4821-88a2-221d0a14a65c
2021-11-29,33560bf0-7529-4121-80a6-18d95014079d
2021-11-29,daa567b3-5509-40a6-b081-b2cc798e81f8
2021-11-29,a21bf99d-c86a-419a-8b40-f2910200b523
2021-11-29,eb2b9bbf-09f9-47ea-aeb0-65b9bb3954a1
2021-11-29,1ea8bc19-0207-4f13-a171-dfe3e6cf3191
2021-11-29,cd038cbe-784f-4b53-a198-1e2c5d3a8d39
2021-11-29,086d204b-f22f-4738-a7c4-f081f47b755f
2021-11-29,14e0ee92-4786-42be-a31c-84baaa70c8ba
2021-11-29,0df4a744-5d8e-447a-a415-cc6367e0af78
2021-11-29,dc454229-2707-4926-b6e0-11a9f3de0ced
2021-11-29,c50d2a23-d42c-4371-b18f-ae1964a81ca2
2021-11-29,f47b0df8-6655-47d1-bbc1-28b0c3231d8a
2021-11-30,24529a3b-9316-4657-8727-2af4bbd8685d
2021-11-30,6a825b6e-88cc-4e74-9dee-c6c18396bf22
2021-11-30,28b5510d-324c-46c5-87bc-574614fb9138
2021-11-30,a27fc553-88b3-46e3-bd74-05b327a21ab7
2021-11-30,4e47c024-6e85-4a10-b4c4-550c33093c01
2021-11-30,7b939b0e-eb6a-4936-82d1-5764058ad6a0
2021-11-30,306638d2-d495-4e7f-81d7-0c64dd22f37a
2021-11-30,5ab8517e-0d22-41e9-b1dc-637e3cd1ef34
2021-11-30,272fdcf5-4dda-47c8-87c6-dcf7bf345108
2021-11-30,badca39b-4966-4fd2-87ad-02393a636bcd
2021-11-30,9305057b-a2d6-4ac8-85ec-e00b3d00a3a5
2021-11-30,416bb06e-626b-47ea-bc0e-31cd17648fcf
2021-11-30,7f697094-c344-463d-91fb-6e8f8fb1df51
2021-12-01,55429cfc-2a92-48ff-acd0-0650b2050c15
2021-12-01,299d3ce9-6043-4063-bb5c-5a3ba6cc8962
2021-12-01,e8212d8a-4342-402c-8a9c-7bf14203a618
2021-12-01,be029140-de85-42b2-bf45-d055a26c3884
2021-12-01,e5a0bd24-d33d-415c-81f2-343cf9d6f23e
2021-12-01,0ce047b4-9523-4d17-9d9d-a98a01982c5c
2021-12-01,5a8723ea-4207-4d94-ab06-d7f7d7de8b61
2021-12-01,8512d595-3f09-4b93-8d65-983edff30fc3
2021-12-01,2dbad1cf-0053-4740-b74c-7d8877d57247
2021-12-01,ec814287-8845-4845-84d9-dd65f9d001ad
2021-12-01,d7b4634e-4c26-4ad2-8176-3a6833ca90ad
2021-12-01,80febf93-a90c-472f-b568-f5bb1ff941f2
2021-12-01,1338eafc-2dc6-430a-9f8b-7adf3a1771e0
2021-12-01,a625a4cf-d91b-4e1a-915c-9d3620f87106
2021-12-01,c9fd1bc7-6670-4dc5-b0fa-a361fe174e27
2021-12-01,8ccd8bfc-e8df-4883-adc2-f7a4b3651276
2021-12-01,78d308e9-22a7-49a6-a525-09db5283ccbc
2021-12-01,53fba035-4db8-4a03-927d-7976bba666bf
2021-12-02,43a656fe-5491-4ecf-b66c-2a6ed939ecf0
2021-12-02,18e94179-2d47-4d13-b74f-d8342ab07f03
2021-12-02,05931fc2-d01f-47a3-9211-6d15ddab39a6
2021-12-02,370e8642-8750-4906-9ac2-c25dac46503b
2021-12-02,cf390d9d-ac26-4bdd-8f88-c16eb74d70c2
2021-12-03,c4656198-c4f0-4b35-b230-a7cccccb44c8
2021-12-03,cee19d67-3875-4828-adb0-c4b27d181d16
2021-12-03,442bb60a-d7c5-4943-ae5b-790ff74b773f
2021-12-03,f6181168-f7eb-42c7-8576-4cacb1d82beb
2021-12-03,ab4321a8-accc-4ddf-b984-45a8e8ccb0b9
2021-12-03,be36c897-6446-42fe-8284-0c0f0af2a50a
2021-12-03,03a5f26a-d7a2-45a9-9134-9ea7107ce824
2021-12-03,66672cfc-4c59-43ad-a407-d496c16836f7
2021-12-03,4878e98f-54f5-4e6e-aff6-c6fe30826019
2021-12-03,81b856a5-3b79-4df4-bbe2-363da8db815b
2021-12-03,bafded5b-d384-4dbd-9b0a-9c0bad865681
2021-12-03,dcf7bf33-735c-41a4-b83a-fae32fc96d5c
2021-12-03,66c63b1f-724f-46ee-a1ab-2e79f504bbfa
2021-12-03,741f21dd-c8d8-4bb6-9efd-7c25bf60d85c
2021-12-03,d32957ed-9fae-4a99-8c3f-c44569a0d81c
2021-12-03,4ee8e8de-6a1d-44ce-b706-26e9ee6b6717
2021-12-03,66ea3e25-af0a-47fb-a833-c986cd5397ab
2021-12-03,1cf40a81-713c-41ca-93de-a005b4264e91
2021-12-03,46382c74-a0f0-4aca-8fe8-66eb14ec2438
2021-12-03,4ead7fd3-badc-4f4a-bfd1-d1474fab20c1
2021-12-03,5ee0add1-05d7-4403-9011-20051366be4e
2021-12-03,69b80a23-17e5-4e80-bf00-af1967b7c885
2021-12-03,b803c991-43f0-4c9e-ae92-c2ff14b43fc3
2021-12-03,478446b4-04f4-4853-8db2-88752073fa04
2021-12-04,4763c1fd-2b67-4f22-8c71-3cdfa4f0ffeb
2021-12-05,22633b9b-fe19-474e-a54d-87999d6288ad
2021-12-05,fe29a881-a94c-42d5-a186-a555900fe689
2021-12-05,e24f8af8-b597-4390-8181-00ff4f28ec0a
2021-12-05,238aeebe-491c-4f01-bfb5-f1307bb05048
2021-12-05,71faccb3-bf3a-467b-bd4f-ebcad4ce21c6
2021-12-05,bf41bda4-c683-43c3-8d9c-e16a097686f5
2021-12-05,4ae0d31c-4d3a-4c33-b266-31f4149e049a
2021-12-05,e8877bcd-66e1-4aa4-ba6a-aa15aab27418
2021-12-05,e1089aaa-f1fb-4da2-8318-a370a926a233
2021-12-05,5390dbff-d922-4210-b3ed-6f87cad57000
2021-12-05,1f3084fc-cb0e-4ca0-9fb6-42e5255c8537
2021-12-05,f924675c-ff6f-4954-9cd0-9a8b72655efa
2021-12-05,8a54c6d9-0b1a-4244-99f7-af74506c4393
2021-12-05,ca2acd62-0e36-443a-b9e6-3edf9780e4f5
2021-12-05,ffb73a8f-3496-4268-84f1-b3bc2dc08d8c
2021-12-05,c2c86537-5351-43d0-8e94-f676d55f73d5
2021-12-06,d20ef613-e787-4278-bf9c-c7c0a163d2d4
2021-12-06,524d587f-a3f5-431b-9e97-242de9136583
2021-12-06,b69d0b4d-214e-4d11-ba0d-756ea30efe4f
2021-12-06,67842c87-4c17-4131-b7bd-88ddb35cb7ef
2021-12-06,8ef86ac0-1bdf-4733-9ef2-34717b2188b1
2021-12-06,79f924a1-b5e8-4fcc-8668-60e150e7d93e
2021-12-06,19325a03-6871-4f73-970b-be7068441bde
2021-12-06,c7aa3e60-3b20-4d6b-ac49-284be6204a33
2021-12-06,1f97b641-90e0-4ef5-b17d-d0821dcf2bbe
2021-12-07,cf175b00-eefd-42fc-b799-5d30088bb67f
2021-12-07,0e41ac07-ab00-469a-b7d4-5205e40bf1a8
2021-12-07,87aa4d33-0d31-4d7d-b436-8bf6fa25a117
2021-12-07,93d4b3e5-a5b2-44b7-9957-7296fefca35c
2021-12-07,a0d4f2bb-83ce-4e7d-ae09-d56ec4f85aca
2021-12-07,7b4d242b-6c1a-4699-bbdf-ec367a86856f
2021-12-07,85449ff3-1f2a-443f-90bd-204d777a474e
2021-12-07,7d1f909b-5b4b-4c6c-9e4c-8ff493dec251
2021-12-07,40ea869e-bea2-428e-aac3-6473270f75d0
2021-12-07,8c44331a-bd64-4de2-b75d-75ab7add7636
2021-12-07,bdf9138b-93e4-430e-a139-fb33376aa3db
2021-12-07,693148a0-1c79-4c3d-a4ea-7f42708005ae
2021-12-08,915c4c9f-96c4-4d8e-a015-eff381e5d37d
2021-12-08,af2ac8d3-b0e1-466a-a958-c418df057e6b
2021-12-08,0f320cad-e654-4866-88cc-d4a55de8873b
2021-12-08,f85de03b-7331-452b-ba6b-39c774265795
2021-12-08,3802cfc7-044d-495a-be77-6dc29c910970
2021-12-08,10daeb68-8815-47cc-81ed-f30580ec81c7
2021-12-08,1bb5aaf9-fd41-42de-80f5-6422a4dbfe42
2021-12-08,efc94e74-6760-444a-b590-74cabeb97c3b
2021-12-08,b0640b76-ca3f-4a19-9046-8ea2362ce22b
2021-12-08,789532f7-26ce-4e71-a1e7-b93cb2e5ed2a
2021-12-08,5d18e37f-7bdf-49f9-9a16-40045db55f85
2021-12-08,7740dbeb-029a-4450-89ff-eb7629da428e
2021-12-08,e0c45be9-ef1c-4d46-9692-38ea1fc2e215
2021-12-08,dffda6d6-7332-4aa7-832f-b01d654342ce
2021-12-08,4f9feffc-e1b3-41a2-94c3-b02b57f25576
2021-12-08,b9c4d75b-ed61-4d02-a26f-9d01283d0815
2021-12-08,d47d478c-b356-4c93-b60f-1eab1f8993d7
2021-12-08,8efae98d-18f4-4ce8-9033-960add4629b9
2021-12-08,e1512fa8-6d06-4e60-b92c-d4b47cdc1f96
2021-12-08,dc3c6fd6-9404-4bc8-8ee7-3cde269f51c2
2021-12-09,662a2d64-0194-456d-a594-78ebfe52d05f
2021-12-09,cba17e0c-3510-4691-979a-fd3e941e104d
2021-12-09,7068aa5a-762d-4580-b7f7-acfa608b9200
2021-12-09,fcf3b985-0a84-471b-905c-2f03a6c52c49
2021-12-09,97354664-47a8-4958-bce5-43f3ac8a4a01
2021-12-09,f9161f7f-6bd3-473d-a207-6ef605a8a3d4
2021-12-09,79d55526-b42c-483d-a7de-88846fce1b1c
2021-12-09,624acf1e-a277-4181-af81-f4bb77e4cace
2021-12-09,135463f6-fcc4-4913-b88a-2009f52fe737
2021-12-09,d228a99b-0d97-4048-8928-2ac85d1dcfab
2021-12-09,1ffc01d4-4994-4011-9387-2b90ba48748c
2021-12-09,b199b5c4-51c6-4c01-8b5f-53248ced9cb1
2021-12-10,fc0d5bbe-542d-43b2-ba7e-7a10c8419341
2021-12-10,a2d651de-ed34-473f-af66-abfcd850a5af
2021-12-10,83a917db-b79e-41ee-996a-a4a83179df3e
2021-12-10,95de66f4-0c4c-4acc-9703-5f5c8f8236b9
2021-12-10,9c7918ba-42c4-4e9e-a1e5-8603d2ad985e
2021-12-10,8f5f8605-0d6a-4244-9198-754c771ffb55
2021-12-10,2f9d313a-6416-4230-89ba-1e106dfe01dd
2021-12-10,7f534cd7-22c4-4b3a-81da-913ecb26587f
2021-12-10,b981bb49-9e5d-42ff-bd82-ab61d510c576
2021-12-10,ef6e891e-f352-4215-a9d0-2fb276a1b781
2021-12-10,bc912765-1f10-41ca-84cd-268b8d859e8a
2021-12-10,352fd991-78d7-4adc-906c-a5a1c26ad09f
2021-12-10,e53099ba-2dba-43c2-9193-1be0ef54bb78
2021-12-10,e17274fb-bed3-47ca-a65b-36eb143aff60
2021-12-10,8e856ad1-8391-44ed-84cc-39b4bfa6894c
2021-12-10,4c495728-7184-4de1-bd6b-ffe1810660a6
2021-12-10,e628508f-2ff1-4562-9e51-12308d5583c9
2021-12-10,e9fff287-b2d7-4fa7-8777-f5dd80ec634a
2021-12-10,c23327fb-c422-4e7d-b662-77492f1448d3
2021-12-10,e4c427bf-a22e-476e-bdfc-07673fcb4527
2021-12-10,73a25d2a-cac9-470a-816b-17957555155e
2021-12-11,833e7c7a-dd73-42fb-ab95-004e82c21ff4
2021-12-11,a586dfa0-07eb-4ffc-b876-2cdee4be0638
2021-12-11,e57d728e-9e7c-4816-b6cb-d187401d4b0d
2021-12-11,9b53f573-575f-4635-8ce0-ed9d08ae8f14
2021-12-11,266bf79d-dc72-448c-aa2e-e6bc29c43368
2021-12-11,46e16203-ef58-4f8b-a00f-439696397ca1
2021-12-11,5b19d36e-383e-44f6-84b8-47b1569e7a57
2021-12-12,0cfebab2-8e8f-44c2-a253-11145d49fffc
2021-12-12,27980fe6-280e-4c7d-aa08-73e4a9c052a8
2021-12-12,d297083e-6b49-487f-9122-ca76f652e524
2021-12-12,56f878ea-1e9e-4fef-a261-77d86d4d50ae
2021-12-12,0b0b713c-c185-49ee-b034-51de23fd1f59
2021-12-12,64f418d9-298a-42cb-98bb-bd3792ff3572
2021-12-12,8146f2c8-3352-4f78-b2ab-14a9315a29ae
2021-12-12,3fa6d357-5cbd-44ff-b62b-8f03bcaef379
2021-12-12,60cb39b8-d68f-4204-ae7e-da8755f50d3a
2021-12-12,b86f8509-4c88-4d0e-87f1-7d8a2ebdf0a6
2021-12-12,b522f015-5b32-446e-8e6c-eca268cb6717
2021-12-12,ed48c182-d9ea-47b1-8921-ae6364bf98f8
2021-12-12,61981078-28aa-48de-bd4a-5eafe042964c
2021-12-13,2efeb873-2326-4235-94b5-47e6526872ef
2021-12-14,bb1f277a-d623-4737-9b5d-7918a36566bc
2021-12-14,40d13da2-43dd-40f3-bf9d-4b9be538641c
2021-12-14,2a8380c6-0e32-4703-a6e7-6d390efd6470
2021-12-14,d2e0f39a-dec7-441e-8895-3a43d7ccf2dd
2021-12-14,a26fb3e5-797a-4835-85cf-2bc263d02258
2021-12-14,3e8fa80b-4aa0-4d6d-989f-24ac70e1b1bf
2021-12-14,410aa20a-05b5-49e7-b7c5-2d7e0cee6580
2021-12-14,4beefe81-ae6a-4639-9523-920d8789d177
2021-12-14,72b8b302-aac0-4936-bed2-49a8d562b87a
2021-12-14,d89ffd27-2a66-42a7-a0da-1b2c7efd9fe1
2021-12-14,baa7c8fb-a38e-45cb-a4c9-eedcbd74fac9
2021-12-14,8ec05e0b-d78c-4163-a711-6299f68c9bdf
2021-12-14,d809b95e-3f2b-41c5-ba18-29c5357bf90c
2021-12-14,8463645d-06e3-4874-a6f5-1a7869c02bff
2021-12-14,104d456c-ccbb-45f1-a897-06beb5facec0
2021-12-14,411a95c9-d476-4121-8c89-c5e602cffc41
2021-12-14,3e631ee4-fa9d-4478-879d-1cb36242795e
2021-12-14,f5d420f3-edba-4657-80c6-dd3b5c0c42af
2021-12-14,6e1ec6cb-8745-4609-b20c-3d303e347c18
2021-12-15,c571af58-fb4d-41bb-97a4-8c5318640018
2021-12-15,25054407-5ffd-4b7b-be99-b0ff50992483
2021-12-16,e052d254-9e19-4e89-8e74-9896057ee22a
2021-12-16,98378f9f-7f56-4682-bcf6-73b2a95ab269
2021-12-16,7dee22ab-0f0b-49fe-82dd-77da7191a771
2021-12-16,f452b8ac-6722-4f7c-92ff-2cb436834a09
2021-12-16,361e0bbf-2528-4049-8089-b9d9b70be95c
2021-12-16,41853eb2-91a0-418f-8f5a-81dc2b728edd
2021-12-16,8c4313f8-c63b-41ca-858c-3121fe9a48dc
2021-12-16,7938bfad-e602-46da-9f2f-82f2eed7ab78
2021-12-16,f20157b8-8c28-4c02-bd67-3b175ce453c7
2021-12-17,8a150de1-92fd-492d-9097-9444cc1313d6
2021-12-17,2e84beac-1c66-4614-a742-64c08be187ba
2021-12-17,c1678789-64a6-49a1-a502-30f026ea8b3e
2021-12-17,7fbf130e-2c5e-4417-b0fb-f65256d4ec75
2021-12-17,e5083280-9225-4ccc-9f63-56f44ce5d53b
2021-12-17,d1e9df0a-8652-4298-b1e0-c9ac3425a3a1
2021-12-17,39f5ee5e-201d-4009-8f38-c25f056a5253
2021-12-17,967ecb4c-eadc-46c2-846f-96c31ad58d5e
2021-12-17,71982dfc-a08c-4bbb-ba1a-ad71d5a1b946
2021-12-17,85960e93-c799-4313-b4de-e97f4cceb2b5
2021-12-17,23c4b79e-ab5a-4354-baaa-e5ab3fc9c4af
2021-12-18,ac2b966e-9236-4653-b6b7-655d3b93c247
2021-12-19,866c3585-b4c2-4fee-861a-092d27131fcd
2021-12-19,30d1d58a-c247-4f90-8dc7-a0328a66eee2
2021-12-19,f00e6a41-de6c-461c-ac87-8582710e1308
2021-12-20,66a03892-01bf-40c9-b05b-9ad036a0f431
2021-12-20,4460a825-4eef-472f-ab41-95a43c4fe020
2021-12-20,05a9937f-f351-4b37-9991-1af75d692d09
2021-12-20,2b6518ba-c9e3-45ad-abdc-38d7a1962364
2021-12-20,2ad3e46a-6f0a-4662-b354-f27916742717
2021-12-21,be1f095c-48a2-4b07-9299-7973b3f8c530
2021-12-21,bffbc026-971c-47e2-abb8-ae6e13a6f595
2021-12-21,bb63dd47-195e-424a-baf8-26fc8805f868
2021-12-21,4012092e-79d4-48a9-af0a-1c7314a1e3c8
2021-12-21,f1c78eeb-9c6e-4d4b-a03a-fc00645f11e6
2021-12-21,f673c24c-1d35-4906-9ee7-90eb66afb014
2021-12-21,352a85fd-ec84-4f14-b86d-4f4522dda4e7
2021-12-21,f774587d-c516-483b-ad2f-8ecc73773be3
2021-12-21,112513e3-583d-4163-9927-d52257542f5c
2021-12-21,14ec9e95-96d7-4ea1-9ffa-ff95a2269001
2021-12-21,3aaa8d00-69d6-4c1c-9c9d-182c07772335
2021-12-21,4fd1cbe8-ad4c-4b1c-ba5c-06c7133fe641
2021-12-21,492622f4-55fb-49c8-882a-d11bc1f5dd72
2021-12-21,e2cf7041-b379-40be-a652-2ae2fb4c50c4
2021-12-21,64d4f445-bc78-459a-bc03-20e494ebfcbb
2021-12-21,2a4bcc8e-eb12-4384-88a9-53dba86edaa8
2021-12-21,0d81f530-a993-46a9-9da9-51aa2adc581c
2021-12-21,39076396-6c25-43ea-9a49-7d48f9cdcf07
2021-12-21,da9a289e-20ca-4b32-ad50-12bf4c7233ad
2021-12-21,c1caccba-e4f2-4464-8061-e278e280d3cc
2021-12-21,9d7a09b6-6be8-44f7-a070-c6b6e25c8efe
2021-12-23,07afd78e-ae43-41bf-8488-210bebb5021e
2021-12-23,09087bd1-7a3e-4e97-8bfb-39f2e8018844
2021-12-23,ebc3e4f4-2fa8-4c6e-a191-a6cd9c88241a
2021-12-23,2ae0621e-640d-42a2-8352-078c26f54f2d
2021-12-23,35781142-f442-4a8a-b139-cdd11ea9635d
2021-12-23,d969d284-db35-465c-bca0-aa4b22674c66
2021-12-23,19ce90b6-9636-47b6-948f-354dd668cc0a
2021-12-23,a8e464d4-73c6-4ccf-ae01-71736bc2fc9c
2021-12-23,88b6fc14-1043-4ff0-8819-349aa33d4f5b
2021-12-23,b1ca4335-f553-418f-a2c1-ae686f0645a2
2021-12-23,d29a4cf3-ad74-4249-ad82-808d33365b2b
2021-12-23,a33d4e50-d932-42bd-8256-aaa208360376
2021-12-23,2b3544b6-d479-4c07-b1b1-3342cae0283c
2021-12-23,6302975f-2911-47be-87bc-e2cb16ae53f8
2021-12-23,d0bf2edb-ac71-498d-acd6-f90235e005a2
2021-12-23,e7b87809-3518-4e7b-85ca-cabbbc063128
2021-12-23,762d2126-e760-439b-912d-e642629db35f
2021-12-23,9c049a41-037f-4ba2-bad5-a14911be6541
2021-12-24,1727b44d-0573-4d71-bce8-0dba78a548a2
2021-12-24,5a226745-ffd7-429c-a93c-8404316ad745
2021-12-24,28a15bbf-fb18-4961-bc09-34e73313230b
2021-12-24,f7230bba-5bc2-47ab-9e52-4b115fce114d
2021-12-24,0fed4e7e-56e8-499b-8e5b-aeecb3b68fc4
2021-12-24,420995e0-87b7-4950-b84d-20a6f33c837b
2021-12-24,0c764316-33bd-41bb-b8aa-4e2a172d122e
2021-12-24,2cc54736-624b-48d1-b2b0-e22380ef6a03
2021-12-24,ab13af14-43b8-4ecc-a9ca-6e2bf3c28c87
2021-12-24,9cc8eb03-d613-485d-8200-d98c4233b277
2021-12-24,03c390bf-3e33-452a-836f-e118e99a0fea
2021-12-24,cf0de6d0-cd9c-4aea-a5c2-0bb0a9cf5d7c
2021-12-24,82ec3366-9da4-4d8b-bcfe-d8d822baf058
2021-12-24,1f5e46d9-52a4-4f48-80b6-a5b3015b6712
2021-12-24,086c7b9e-1425-42bc-8085-14b7fe2e5a09
2021-12-24,e7944f91-86f8-41fb-a854-10b7d7e50bd1
2021-12-24,d04d3014-f1e2-4a0f-ae0c-ceb04693e0f7
2021-12-24,1a538d4a-dc7f-43ed-b6c0-3fed944f6f10
2021-12-24,e18d2666-1991-4f94-8cc9-04b8673d5c1e
2021-12-24,9ad6f8af-8398-4581-b203-13f13dba9da6
2021-12-24,1455abe5-b896-4373-b1e2-a66bd287f367
2021-12-24,e9ef3d1f-c9b2-4f6f-a6ae-492378fac1c7
2021-12-24,02ae76d3-0373-4f24-a8a8-f0fc43906f54
2021-12-24,6d7afbad-f42d-487c-9dca-c13a2f6d3146
2021-12-24,c3d9457d-2a21-4b56-9951-32ec3a3bb00c
2021-12-24,8d19fb2b-6a04-4878-a6d7-7f42e5b854a1
2021-12-24,abd87b26-fc10-4e00-b923-60757ae01449
2021-12-25,93abecbe-fa05-4dbe-8ce7-65a1d9ce6f6a
2021-12-25,3e9100f9-4e41-4e61-b06b-35c0e6fa7309
2021-12-25,606de165-1b30-47e3-a47e-2383cef034c0
2021-12-25,8b2e9852-74ed-4b63-93f3-175aec7cc435
2021-12-25,0b05655e-75d0-4787-9dc7-427034d6f1a2
2021-12-27,12a8ad83-dfa5-4363-883f-7206d9965805
2021-12-27,304520c7-80f1-4c11-944a-1f9d20a00c04
2021-12-27,11d5d377-6f40-46e3-8405-e5458ab979bb
2021-12-27,7c89ef40-7cc8-4d3f-a9ed-4553ecc7d145
2021-12-27,03d805cd-6b19-4bec-8ad1-3a47c0d26aad
2021-12-27,43b14ce6-f253-440c-b621-807d1c4c6791
2021-12-27,03c2a559-45b3-4d83-a46d-23c494fbe406
2021-12-27,5acdcc79-78f3-4d82-8670-02b872c5df5b
2021-12-27,270dd4f8-80b9-48bc-b6b7-2ce886432c61
2021-12-27,0a1b7b3a-ea73-4bbc-b404-fabbcb0bceb4
2021-12-27,4b148aaf-0149-4d63-81ba-0cae91598ff2
2021-12-27,bd7ff37d-ae8c-4cec-8e32-1cad2b6ae354
2021-12-27,de296c2b-b72d-4526-836b-633f15b8d0b0
2021-12-27,0575a28f-09ca-4c28-99dd-54c9ebddb554
2021-12-27,5cf07091-7366-4b9a-bddc-0b32850355c2
2021-12-27,8d6e60f7-0ce3-43aa-8a3b-de749a1afecc
2021-12-27,1a2d22a7-46b6-4e80-b9dd-045cd494d959
2021-12-27,ae08fbee-8a66-4fab-b441-fd58b8d58eb4
2021-12-27,9cddc4de-4788-4309-93e5-b607cc15e8f0
2021-12-27,09aae807-5b9c-4894-bbfd-d038ba729763
2021-12-27,a06169f8-f160-4db7-a261-482683cfec63
2021-12-27,6dd0b2dc-ba60-4e71-aa12-75d79c65a3a0
2021-12-28,b388c6ca-68fd-4939-aa9b-b2300459c46a
2021-12-28,b19d4754-1ba8-44da-8661-67944d0182f8
2021-12-28,2ce31e42-951c-49c1-9068-f0a7ac9ef00b
2021-12-28,3d30bd65-1839-47b1-b5d0-d65f9ea1a484
2021-12-28,29664ae6-647a-489d-a5aa-84f5da859013
2021-12-28,27c765be-1350-4fc3-bb40-ee8270447230
2021-12-28,ef2a8291-31a3-4647-bf4d-4fea372afdf1
2021-12-28,dd49a413-cd16-4674-88c4-2d1e876b9f87
2021-12-28,16a3666e-2a4c-4f8f-b91a-1262248b5f6f
2021-12-28,46ea01e2-cb86-4eba-9de3-9d034583fc36
2021-12-29,51e5a418-58e6-4ff2-b20f-2f3f0a1342d5
2021-12-29,6ab30f9e-8d48-4320-b109-4fc87d377247
2021-12-29,7f5a8209-10ce-4038-b07e-70b7df1910c5
2021-12-30,2946e17f-92bb-4219-83f8-929105cb8504
2021-12-30,8dc29883-007a-47fa-a680-a90ca888bd14
2021-12-30,3af94789-09a9-4962-9ea1-823352f75b1d
2021-12-30,e3d0c10b-7f9a-4962-bbd3-e0bfab987dce
2021-12-30,c0b375cd-f901-4609-8d0d-75aafd9f00cd
2021-12-30,4325b114-0159-42b0-a5ab-5f5e0bc51039
2021-12-30,dc4615da-7573-4ff0-a4d6-4a55ca877dc6
2021-12-30,35fc4cc9-f05d-4f38-aa38-b7ad25f5af6f
2021-12-30,7d685ce2-ef85-4ea4-b0eb-dda3275fd15a
2021-12-30,e0b24073-87df-4064-8200-346c1e5d04b4
2021-12-30,e1506fd9-6ac6-43d0-892c-bce47ddc2b1f
2021-12-30,9793e630-c687-47bb-a6ba-c9f2f1a86c2b
2021-12-30,176ca24a-7848-4723-8b58-4029bb6a6596
2021-12-30,585f3fac-73dd-4bee-a655-9961ca1693ed
2022-01-01,eedd360b-3fdc-4976-938d-c2a59063ebd2
2022-01-01,d1d0e1ba-dbf9-4e47-ab56-1825741df9ce
2022-01-01,92c60432-291c-49ce-9059-2799538e8868
2022-01-01,68d88ef4-8d11-420c-a4d8-179e69fb5a6a
2022-01-02,01992f2b-d266-4475-93a4-c1e7757090b1
2022-01-02,18e1ae4d-2003-4175-8a89-c989c8c10fca
2022-01-02,d72b7f2c-9ce1-462c-973f-dea3ed5298e2
2022-01-02,3be1afda-a86a-4207-a177-4dfb3e12e38b
2022-01-02,aa2c3578-1324-4127-95ad-734513613a58
2022-01-02,3ab198ae-c61c-4f24-a6bf-8d8f4f85182c
2022-01-02,2607a0a7-2f82-4d3b-97ba-9fbc1b111c24
2022-01-02,575b903c-c3eb-47ac-9276-ccb5e275e17c
2022-01-02,0ae4fd72-1fc6-4a1c-9611-08be9bfb182e
2022-01-02,9d6ed918-cba0-4766-be09-aa20236fc0bf
2022-01-02,bd70dafe-4e26-494f-bb69-59776dc91e98
2022-01-02,fd856ecc-7084-4825-99d0-18488f77a8f1
2022-01-02,2e2bd335-a081-47e2-9bd0-0836544e08fe
2022-01-03,4cffba30-388a-474d-a69f-e7706e48def5
2022-01-03,ea368a0a-d6ed-4d7c-9a55-56f8db31d570
2022-01-03,d3320ae9-4a1b-413f-b698-0ac62a454b9e
2022-01-04,0a53ae09-6e93-4350-9fee-d502a6379431
2022-01-04,3958cb9f-a33a-434c-82f0-3764e71cb9f7
2022-01-04,829f640f-a894-4938-9e47-549d439009c4
2022-01-04,16c4634a-bd7f-478c-ae12-b6c124226a7f
2022-01-04,90351cfd-4f1c-4a25-b083-59e7b91e8e40
2022-01-04,a8781c7b-8597-4ffb-83d9-26d59024d179
2022-01-04,41c76ce0-68f3-4296-8e6f-021fa4c28c3f
2022-01-04,f0bf7462-d857-4afa-985f-bcf6af36f1a2
2022-01-04,4ac4d144-f0ac-41a2-beb2-daf06f2c71fc
2022-01-04,b82b7b11-abb5-4901-9c6d-80d009514a33
2022-01-04,01ce222e-9b2e-4696-ad88-1ace248789fd
2022-01-04,43bde8f5-46c5-4b58-bc0e-f5d4805ff783
2022-01-04,1bb514e3-1bf0-4786-ade5-2f36b9c1ad86
2022-01-05,02eb5f4f-a2b8-4284-bea3-592c4d525629
2022-01-05,36babb5e-042b-45c8-93bf-2aa568322ca5
2022-01-05,6efd42c9-68f8-4f03-acb1-d6a3f6e28d81
2022-01-05,a9950dab-7d17-4295-9fe4-c41557970c6f
2022-01-05,c833d991-f36d-4beb-a2e2-f4c1e1175add
2022-01-05,a8880b28-29a6-4b77-b634-e188f5e4c2a7
2022-01-05,9c2fb198-1105-4f69-9f10-af0a674a7eea
2022-01-05,b7f92ace-8f20-4f45-a9b1-e1eb541a129c
2022-01-05,e04bf112-7949-4b6c-9335-417c0c6c0540
2022-01-05,efcdc7e4-43fd-47a8-b3f7-4951f0865e58
2022-01-05,e36fdc05-a21f-45e7-a5f8-d4a5d722584a
2022-01-05,174ce793-8b03-4748-8678-c110df18f9e4
2022-01-05,94882f0b-1ad0-4b4b-9e49-dd2d33fa81c2
2022-01-06,30f603b7-443e-4e00-a8e6-c908b2716423
2022-01-06,0c7f5674-3262-467f-8f36-b24ead2a3fa4
2022-01-06,abd7e991-cc36-46c7-ae58-71ba7c8d1245
2022-01-06,d6a77681-536f-4a47-b659-169e6423a0ad
2022-01-06,48385de5-d26e-4065-a0c5-e6de3a98fe4f
2022-01-06,329d66f2-f1fb-429c-a28d-f1cba7703ccd
2022-01-06,6e722b3a-fa3b-4b76-a15c-a7db71b0ab8f
2022-01-06,a0a8ce70-d208-4771-8355-5fe812d0a6e4
2022-01-06,b3b0b6c9-6cf3-4dfd-af1d-37665b223d73
2022-01-07,4e892213-a4ca-47d8-a294-1d6a7c4a80f0
2022-01-07,21322ea6-bbd9-4632-ac22-2e02ed9bfff2
2022-01-07,e99cd2d7-453e-46bb-8f0c-ea1b325aba3b
2022-01-07,7f9c0971-a844-490b-8edb-eb44a107c79d
2022-01-07,06c8c173-3de6-4fae-a4dd-80c3c61cf3c8
2022-01-07,6e05fb46-82f6-478d-854d-6e4a6936ecb5
2022-01-08,8b0f7959-170b-4df0-b453-122656b4b9c5
2022-01-08,aeb4a379-6fb0-4c1f-89e4-578d450ac8f0
2022-01-08,40f34885-1e3b-44ee-8de4-c45009a1cb6a
2022-01-08,4722592e-a13c-4719-a229-dba1db45b76d
2022-01-08,c824ecd5-f605-4ddd-a0b6-d2b5cf5a6a1d
2022-01-08,6574fd9f-b5ea-435a-aba4-c0ce7c5bedff
2022-01-08,47af5160-4ea3-4d26-96fc-a5b9701b173c
2022-01-08,92928124-17c0-4129-ac65-11f6dad501aa
2022-01-08,7a350f40-e651-44ce-8e6b-e2efe0484f81
2022-01-08,a8cc8113-be9d-444f-bc51-37648d277bd2
2022-01-09,d8bc70a2-78e3-4ba9-ad2c-b1fcae2cef7d
2022-01-09,b46ad41c-7c97-459a-af84-b29c2c7d515c
2022-01-09,6d456f64-7c5a-4235-8c17-b321fabd5167
2022-01-09,e291159a-8a71-4e49-aaaa-ed8192585c6e
2022-01-09,bed314b7-fc34-427a-9cf8-b4c0c8d3a652
2022-01-09,a2414467-9b3d-45af-8a24-01f2222c1090
2022-01-09,9f3f750c-c759-49b9-9872-2f2415eb6fd4
2022-01-09,60f79034-50cf-4ec7-b5d7-0255041aed29
2022-01-09,d1eea2cd-de29-4114-90be-aecf3eceb6b9
2022-01-09,78cdc25a-3957-481a-a88d-ce1a70e630ea
2022-01-09,5062f28a-4738-4726-a9f0-7ffbc64ffd28
2022-01-09,9aab89de-ac14-428a-ab90-6e73387a3e06
2022-01-10,50f79fcd-c824-4f52-8635-69a2ddc3cae4
2022-01-10,54d1c21c-a0e8-4808-a12f-6cb12f2f73b7
2022-01-10,e70a2cfa-b5d5-46a4-ab8a-1e8b140f6633
2022-01-10,b12535c0-ab48-45ac-b88c-d5a555c74f86
2022-01-10,e8f6711e-ac28-4ea7-ada7-82ad4a4db0ed
2022-01-10,8b77b600-71ba-4098-974e-170d2c95846a
2022-01-10,0893c26e-5908-4db3-a5c5-450f87516896
2022-01-10,0df99455-8599-4e86-a7cc-7f9f61ac237c
2022-01-10,b12f57c5-1124-41a2-ad54-be9db137a252
2022-01-10,39462402-5104-4104-b308-efa933c2c61e
2022-01-10,fe5da4df-98a5-4150-b76e-2c392cf92985
2022-01-10,3fd4b59f-19c3-47af-8ef1-c5b3ac043a90
2022-01-10,2f8059c8-5fb0-4ec2-9f50-53f4b807ca82
2022-01-10,c7d33963-3f26-4fd7-9008-99cc88471ea5
2022-01-10,03da50f6-cb56-472d-8fdc-d4f7fc2cf7e2
2022-01-11,6e8e1bcd-11c7-489a-b17b-d2e614ea99b7
2022-01-11,e31f0a0e-9c1e-4e5c-a3e8-fd45ffd2cad5
2022-01-11,c6ff4d6f-d162-464e-a6de-1feb933a05d2
2022-01-11,04cbed9f-14e0-4b42-9ac1-2c9a693f3424
2022-01-11,9336b84f-c5ac-46ff-a5e8-807c330797ed
2022-01-11,7365e4de-4364-4aaf-88ac-1c70edf42691
2022-01-11,ccdfeff2-4a39-4649-8877-592e06535784
2022-01-11,fab10a54-e69b-468f-ba3d-12d8d0a0fccf
2022-01-11,eb69a57c-d187-4456-9219-034b25e0b35f
2022-01-11,261eb8e6-b727-45d1-a3a5-e3370332a68b
2022-01-11,7b55d92a-75d5-4e43-9bdd-4f95afd2a32a
2022-01-11,60fb9a58-fc5f-4255-86e3-3f4c0f1c0b47
2022-01-11,aa225dd4-a1c7-4b84-8a42-fab02f2156a4
2022-01-12,7dd91732-0f5e-43bc-b729-695718bc3478
2022-01-12,84762d95-c7bf-4540-9696-31f6af8c88d3
2022-01-12,436bdd8d-cec2-4fc9-a8c5-adeeb110b476
2022-01-12,bcb24c92-63ca-4b5e-b1d1-d27561dd0093
2022-01-12,30c69b5e-a74c-4aa3-934a-c11476d405d1
2022-01-12,f3e18827-e5b2-476a-bc22-a47294dc9144
2022-01-12,4a130e96-7958-4ac2-a35e-98a6c49ba355
2022-01-12,fffbf2b3-7853-4c07-bd2a-aae686ac9013
2022-01-12,6c95e387-559f-425e-82e0-b09631d80352
2022-01-12,a6277c2b-c5cb-45ee-a9ef-15140091d095
2022-01-12,630fafb3-8c86-43a4-821f-250d85a84be9
2022-01-12,290b9dc2-63f6-48f9-971d-c0b57d0d4a91
2022-01-12,bb1f5d34-ca28-4057-9419-0d1ec460f42e
2022-01-13,37421f59-4ccc-42ad-afb7-d9acf9f7c1db
2022-01-13,f59b3cf8-b580-4354-b815-0a84faa17743
2022-01-13,17050256-ac38-4a9c-af83-0d3bb31391f0
2022-01-13,507ecd4c-895b-46a1-b7fc-cca6672cbb4a
2022-01-13,d53ec83a-60c2-4fa9-bd69-a7f158f455f2
2022-01-13,cb10da17-b6eb-499a-ae9a-085b7314c8a2
2022-01-13,4dc3ba9c-0fed-4e8b-964e-9c3a1f4f6f9e
2022-01-13,44bdd263-c91e-4e41-97ad-1eeb423e51e0
2022-01-13,607a575f-e4f3-418e-8758-39e7e65a668e
2022-01-13,ec7e86b9-3f47-4d03-81ee-eed2de9cded9
2022-01-13,cc77d046-c723-486a-81d5-a97ea2d6e991
2022-01-13,12320320-6557-4dca-8eea-5fd80ae221a4
2022-01-14,eac641e7-ba6f-48a4-ba40-e00a091ee599
2022-01-14,7c491272-53ee-4c01-b847-27ab8a7a195b
2022-01-14,10b14da2-71ff-45c9-9164-66e36ec014ee
2022-01-14,a046737a-ea14-412f-bdef-d0f15a4381d3
2022-01-14,096c5c00-66c5-4598-b71f-353a92620c8b
2022-01-14,0ad4dbc8-e3cb-4c4a-833f-74df6dd6f2d6
2022-01-14,769e36a8-bbc5-4dd2-89eb-b865b7f198e7
2022-01-14,2cebd760-f948-4186-92cb-02dd21b20431
2022-01-14,45205c72-0e01-43af-a101-3df29e0a3956
2022-01-14,0b976a48-4438-4ca7-a316-e8244840cca8
2022-01-14,babb5b9e-d929-4e5e-8947-aee0d636d542
2022-01-14,e98b4ab4-d489-471b-8a06-deabd83b7701
2022-01-14,8b5eab40-408d-49bf-9777-3ca6cc53a381
2022-01-14,8cd24974-2ee3-48fd-b0a6-c40fa86208f2
2022-01-14,525ab430-414b-467d-b183-f7da8e4255cb
2022-01-14,e78edfc3-0489-45cc-b246-c2da3158ca58
2022-01-14,87707444-e70a-418d-b136-0df8a8cc293c
2022-01-14,481214ed-2394-422d-b861-6c49082ebff1
2022-01-14,bc3dcc86-274a-4932-809b-a143a52ae34e
2022-01-14,3c36d720-feee-4261-89d4-0a4cbc74cd17
2022-01-14,6251e3d8-b21a-4ad4-b29a-a3d814666b17
2022-01-14,606cb37c-bb97-44f5-8603-81212cea8ee3
2022-01-14,1cdb9bfe-427a-4237-8c15-c6c34da75d71
2022-01-15,5caa2544-bed6-486e-b119-d88e38578867
2022-01-15,2553de58-88dd-4523-b470-7ee7d195f713
2022-01-16,fc4c37f3-8ca5-4f28-87f1-b693366b16f2
2022-01-16,968e725c-a6e0-4a40-8a02-a7fdcc4705cc
2022-01-16,a2fcd07a-1014-4b9e-a336-dbd37a3d73f9
2022-01-16,629f6c74-0ee9-479f-ae75-544b7b6a15b0
2022-01-17,1f016a4e-5755-4cee-9a8d-2019a6d0bb7c
2022-01-17,e98958a7-f65a-49c8-b002-ec5124031238
2022-01-17,c186c4dd-3dea-4daf-9535-65ea456e6512
2022-01-17,e4677011-6495-46d2-a694-cf59f526de4a
2022-01-17,93494e66-4935-4f0a-9551-8c58c58672cf
2022-01-17,add21fe4-fe39-4cd6-92c2-97f339194359
2022-01-18,19411870-5cee-4682-b7af-7b2be3c8a9ca
2022-01-18,1f7d3be8-e5c1-481b-a37a-988042cffdf3
2022-01-18,bd02bc20-92b3-4649-90ff-b669ed9dbcd5
2022-01-18,1deea3c6-fa35-43d7-a5ba-99ead72bbea0
2022-01-18,2a322ab7-2584-4192-b0b1-b7d03858e4af
2022-01-18,46442872-5366-4d31-872b-77d606484fa6
2022-01-18,f3a17e9d-e7ee-4f8a-a928-cf1a883fe6a4
2022-01-18,a7e75d58-9c71-4a24-8c56-21a2cd5fe50d
2022-01-18,57cafad1-948a-45c7-bb8d-c41636b6b530
2022-01-18,ccd84b9e-a114-415d-9f07-a487107afdcd
2022-01-18,7c6ce5bb-b6ad-4672-a9af-b97b09f28397
2022-01-18,8588889d-801a-4307-883f-47f974dbc7b1
2022-01-18,9fe874d5-7da0-4e8c-b578-5141cc89be68
2022-01-18,73b3be03-06cc-430f-a5ac-407827bbe064
2022-01-18,be01802d-c673-4988-831a-f1a3af69268c
2022-01-18,0b33a7fb-dcbb-45c8-a4d7-a8e93cfdc7b5
2022-01-18,1be3e5ca-61d8-4ef0-8d50-4fd2b375273b
2022-01-18,8dd2464c-48d0-4e39-8bf4-e6a79a5db3be
2022-01-18,6859e4c9-d628-44b4-a9cb-1447b790757a
2022-01-18,00579570-e032-42ad-8773-b3fa73b97da6
2022-01-19,fc8bf3ce-dc86-4e9e-9ff4-e4d1c2055c58
2022-01-19,f9525d2e-b36c-4246-b851-619fa27de90e
2022-01-19,59e8d5f5-5dc5-4db3-8a4e-b3d7302017a1
2022-01-19,01cd299b-f4d2-4692-aed8-74bfa64f85f7
2022-01-19,ae001841-fa1b-4cdd-8391-7b1e18561fa1
2022-01-19,32eee657-c21a-49e3-9199-67ff3393f2b6
2022-01-19,a6e80994-8094-4c08-81fc-c5d8be937319
2022-01-19,6395a8fd-ac1c-4da8-a96d-fe6eaf5b4b1e
2022-01-20,cc3b0d4a-9f4b-4153-8fed-867de95536af
2022-01-20,c4ccc769-078b-4f3f-aaae-5c2abb99072f
2022-01-20,10faa714-6410-42a3-9f1b-e8602690225a
2022-01-20,4e43b233-91b9-4f6e-b1fa-0aab0a43a4dd
2022-01-20,9df84038-098a-4d07-a994-1704a6b1c20a
2022-01-20,4e583745-1f16-4798-a9d4-63ab8ff33445
2022-01-20,45969682-bc69-49da-8185-3b86b2dbe948
2022-01-20,bfb75b50-3588-4168-9890-9832be23d8c5
2022-01-20,25298639-874e-449d-bd27-d12b99893d48
2022-01-20,3af72d77-3029-45d0-a425-7a3f0b942162
2022-01-20,d6802c91-b776-4822-a878-ea1e1e7ac81b
2022-01-20,071593e0-5d2f-47b1-bb8e-6c1347f51a65
2022-01-20,ebcd5d00-3b54-4331-ba6a-43c73caafdbf
2022-01-21,635fd4ec-18ba-420a-bbbb-fce35cdae832
2022-01-21,e4169894-8494-4391-958b-c796270c73c5
2022-01-21,b9b285fe-1ac5-42ed-a88e-fece6e686a64
2022-01-22,96625f37-6029-46d2-8637-824317a2d2e1
2022-01-22,937708aa-2201-4194-a4ff-e1ea05c1afc6
2022-01-22,9e9fc040-dfde-4f80-a16b-4c28f0ddff10
2022-01-22,282d490d-ce9b-484c-9845-40f04d643ab1
2022-01-22,6b6059d1-c69d-4c96-8128-12db834d62a8
2022-01-22,9f65d69a-2069-4bef-b0e8-2e397f55f617
2022-01-23,f0bb578a-b27a-45c6-b931-e3663a661364
2022-01-23,f45f71a2-1703-4fe1-a83e-25c45b1eab86
2022-01-23,877d5d79-70b6-4067-9bed-4d0afb0af520
2022-01-23,deb0c89f-7f73-4c41-86d7-5158bb6aac76
2022-01-23,8051556c-26fd-4cc7-98aa-a2cc3129fa6c
2022-01-24,1eec3744-5ec3-4070-b041-b88a9d9cdf8c
2022-01-24,af0920d6-52e4-4cc7-ae0c-06485b06e95f
2022-01-24,45c09525-0679-44b0-a777-1e0fe3dbbbb7
2022-01-24,5587bc19-286d-4e5a-9840-e14bf03dd632
2022-01-24,5ac5ff87-7f68-4864-9e03-1b94622d6bfa
2022-01-24,c0ff214c-d08a-4b79-90c0-f6352a9e42ae
2022-01-24,868c9a4f-d1b4-43e9-a888-095b1b75f8b6
2022-01-24,daa74896-2748-4eb4-8e4f-82d5a5520b19
2022-01-24,1ad1eb46-0c56-4689-971a-0436f948ef76
2022-01-24,74aed439-eae4-47dd-b376-4b0eac7b6b93
2022-01-25,ae5df8f3-5d40-47f6-ae4b-77c0998c6f29
2022-01-25,a2c29038-ee53-4257-97e4-79509fe350b2
2022-01-25,28907e70-4f11-44d3-b03a-552318d3bb72
2022-01-25,81501063-9f4c-4fb8-8cf3-6762b7ad5135
2022-01-25,d264a58b-8109-42a4-a75a-930cac7b115c
2022-01-25,57b49de1-c117-424a-a75c-60b2469f6185
2022-01-25,58d50fea-53e4-423d-b643-310660e504ca
2022-01-25,ff16eb1d-7f49-456d-b316-63c43d6107ea
2022-01-25,4e6aac8e-085c-4fec-ab9a-a8f39daf5e95
2022-01-25,bc740300-ed5e-493d-b420-8a8de4386a72
2022-01-25,d4a71e69-6445-45b4-8a30-f8f04325572f
2022-01-25,2f55f288-8cd2-4879-9666-95238147a393
2022-01-25,509d787a-36f3-4a82-8fe8-ea54b3a70cce
2022-01-25,f7a71512-80a0-409d-b9ca-27ee2465d1e4
2022-01-25,f8cbe859-891b-48b6-aca8-3b93a37edd96
2022-01-25,0aafa3af-0b12-4881-bee1-3d26c7c7abf1
2022-01-25,26807014-9ab4-4cbe-9133-92dcb0caafb3
2022-01-25,2bd29145-7b49-4317-a3d7-c6104317bf5d
2022-01-25,3dbcb03b-891a-495d-8191-0fe3db15a91c
2022-01-25,dd7c339c-cf9e-4195-a687-b9d262be341b
2022-01-25,d3f86da4-410f-428a-bb0f-90e7f0ed943d
2022-01-25,8c8ac585-2235-4d69-817d-f0d06d8e98b8
2022-01-25,009b5506-967d-4700-af54-3f61f8cbcb98
2022-01-25,40441088-ea8d-4349-a8d2-925ae67653b9
2022-01-26,c24e8e6d-5351-4281-864f-c5ba3f6cf4be
2022-01-26,7d00067c-53ed-4b87-a5d8-207671d8ad8c
2022-01-26,d0d0ef61-b39b-440f-834f-ca8681257198
2022-01-26,ceb1c11b-c119-4d52-b49c-7c3a27434dc6
2022-01-26,73728e35-2d1e-41f4-b627-7cf830f9f00d
2022-01-26,b85675a3-9aec-4d60-89eb-98d61b0f5f26
2022-01-26,3a146d5e-1452-4eb1-8fa6-8abd32f54fc9
2022-01-26,5abab413-ff02-46ec-8314-f484bfa8f56f
2022-01-26,e6d9c4ea-3552-4c20-87ba-ffa50d5955bf
2022-01-26,ebba73ee-a606-4484-aa85-eaefb57d3ed6
2022-01-26,ac5251cc-f5cf-410a-8d71-fa46f2a07798
2022-01-26,6d98eecf-e030-4d83-b32a-fa1467b74efb
2022-01-26,14fc0381-b039-4f7f-ba1d-df42611746e5
2022-01-26,ed94640d-f4b3-432b-aa72-a65cf9a72f1b
2022-01-26,d17e56dc-7a0c-4f5f-9077-655e3623a4cb
2022-01-27,46e0da57-9120-437c-adf6-394877481a67
2022-01-27,88cf29b9-04a4-4762-9b68-f83aa0da8f56
2022-01-28,43f25f0c-e7f2-4c6b-a2a4-5b6484942ad6
2022-01-28,ccdce91b-09a3-4e1b-931d-0653b4725493
2022-01-28,a700ec5f-25cb-4d4c-ac4d-5a7935d113ab
2022-01-28,238f29f9-0efc-4674-8cb7-cf75af13899b
2022-01-28,573b56b4-0249-4735-895b-0469cfe1b24f
2022-01-28,41eb8270-f2c8-4e93-b44b-49c529d31513
2022-01-28,7ed30cce-349a-40bd-a588-ad7ef860163f
2022-01-28,a82f0917-c005-4d31-bb17-cfab0f0d3398
2022-01-28,f1bb0d2a-e31d-462d-9b1b-f101af281d31
2022-01-28,d46302e7-4333-4819-a922-b6923cf04e3e
2022-01-28,4d03e1b1-d1df-4645-9c4e-9f19ddd86989
2022-01-29,edf0f53e-3a81-42f0-a99d-43d32b30588c
2022-01-29,15914f78-b2b4-4692-ae8d-de2fe6a43a27
2022-01-29,08f8b04f-399a-40a1-999a-8276cc48fb18
2022-01-29,f9d2542d-2fc4-49df-99e1-56bf64fa11ae
2022-01-29,77b489e0-2504-4aca-9363-fbdcf86f1163
2022-01-29,47e6cc82-cfea-4dd5-9a35-c005539eb00d
2022-01-29,2fdfaab6-728d-4e28-8083-d66f7765e296
2022-01-29,46589bde-5f24-45be-abfa-69e1b6311b6a
2022-01-29,59d23951-3d44-4ed5-9d07-af246b00e2f3
2022-01-30,c7daf689-ca67-49ad-9ad2-62cc15f03da9
2022-01-30,41f756fd-f360-4c6b-94e9-d10d7b892ffb
2022-01-30,4f7c6ab1-652d-46b6-8c35-3458d47fc43c
2022-01-30,f5575bb9-ab97-4fe8-985e-72c12b166479
2022-02-01,aa8e3a57-47c7-46ff-8cdb-71d5d25e3bd4
2022-02-01,70925255-4900-4217-ac85-36ab1e93f152
2022-02-01,9a3312d4-4c99-4224-80a8-f4dcd36e5e32
2022-02-01,934c5193-87a8-4eda-b11b-64f9d6f4cf4d
2022-02-01,40489c75-3203-4445-883c-c6b89d002c4e
2022-02-01,bef24cfb-9928-4069-86a3-3c0ab2ca5246
2022-02-01,b940d12c-f9bb-47df-90ea-86abe41dc68c
2022-02-01,28431241-37a3-4e89-8635-157c2e5900c0
2022-02-01,3229fd03-42aa-4ab3-9c14-64d6e54ecc2e
2022-02-01,3925fb0d-5f2a-4028-9513-58db5379df10
2022-02-01,29a3edd3-ef61-4278-bf56-3bd2200bcc77
2022-02-01,f229d325-a750-45ff-9a75-c6fa19682b47
2022-02-01,52b46170-8caf-4a1f-8207-09d6d9534cfd
2022-02-01,b8441445-38c5-4695-8f49-b81757dd3090
2022-02-01,b72c070a-3122-4b85-987d-136a88364365
2022-02-01,3342ae0f-4335-4c79-a168-8233534cbcce
2022-02-01,0b9a2cc8-6294-4d7a-88b9-29b63aec5eb9
2022-02-01,a7d23f65-289c-403c-832c-abce74fe3551
2022-02-01,7ee49fdd-97e1-4eea-93eb-a83e685be1ea
2022-02-02,e5c25f4e-5fd6-4f74-8331-297432c069b3
2022-02-02,110bf98a-a6ba-4b3a-b42e-d71b7bf6cf56
2022-02-02,5ec2cfa1-cff8-4423-815c-86679cb19661
2022-02-02,de7bdd9b-6c04-49f8-ac81-565e6aa28350
2022-02-03,290101e0-5c9c-4df9-af60-49ae1172d453
2022-02-03,efcbc00f-7c1b-4fb6-b2cc-c12dda4caa9d
2022-02-03,a85546e1-bca6-4a00-ae4c-8040873e687e
2022-02-03,0c6628b1-bee9-4390-948f-ee088cebeaec
2022-02-03,a00df829-73dd-4b48-a0cc-77c139811117
2022-02-03,49ba2bde-a54a-40bd-b58a-7cf7cb446235
2022-02-03,8a35859a-d104-4aca-9447-cef4cf4a4c62
2022-02-03,e1525694-9b2e-4a89-a692-cc06664ae3d7
2022-02-03,28436e3f-2f30-4027-a494-8684412ad9b2
2022-02-03,e2e39fa8-bdd1-4182-8a35-99a0e92df211
2022-02-03,87c02e47-ebfd-4d17-9cac-54a2848ae60c
2022-02-03,103ffdfb-3758-463b-9d09-d776edcac381
2022-02-03,1e5065bc-0a2b-4e22-b9c9-83f5b875b931
2022-02-03,7a6ecd8a-b0e2-4d24-953e-48f4d272c621
2022-02-03,37b823ec-dd22-4949-8c81-46632316248d
2022-02-03,f0f361e2-d1d0-4859-8816-9daba11e2f62
2022-02-03,30719cdb-07b3-4336-b2de-383869d92dcc
2022-02-03,dc7678f6-137d-408e-9d02-173f3a6f5660
2022-02-04,0874d455-a146-406f-8e6e-9edb2ba35599
2022-02-04,103bbbfc-f288-44eb-b1a1-3261c3acedfa
2022-02-04,788ac6a4-322d-47f5-a609-f8e05fa0ae59
2022-02-04,2a89841a-e97c-447e-b8eb-9b2afa88aa4c
2022-02-04,76920ee0-71a5-4d5e-a3b9-ae39223bf1e8
2022-02-04,d0bad987-f95a-4732-b157-3ab7cbb20750
2022-02-04,d623d3da-8a46-4a1e-b9ad-97be2d66e05c
2022-02-04,c67f2c10-d37e-4c8e-8a7d-6e97a940a372
2022-02-04,939262be-1881-4508-ad71-d2b471ddc3d6
2022-02-04,a7f1e67c-57fa-426d-8700-0f349ae70407
2022-02-04,0f0cd737-b0ea-49cc-81cb-8ef12e7716df
2022-02-04,21887589-f4af-40b4-8b7b-dbc1cfa58693
2022-02-04,818ace1d-d527-4c57-95cf-77b73297a6cc
2022-02-04,71250d3f-08f5-43ea-9b06-a2f62bbfc2c6
2022-02-04,9d469346-60f7-4750-bbc1-2797ee1e9e1a
2022-02-05,66539bdc-0361-41e6-876f-57d77203f4b4
2022-02-05,743e4277-3d78-424e-b2e1-2ec6b277fa79
2022-02-05,566b551f-3339-465f-bcc6-3b3ab4de7800
2022-02-05,d16f9258-c9d4-405d-8a8d-2f2b2d3715a1
2022-02-05,f317638f-7554-4381-8ba9-40906fa2e405
2022-02-05,5bf8e361-55cf-4efc-960d-1ab3647fcf63
2022-02-05,9e078fb8-cdd1-4c3e-8c3a-4016c5b3f1fd
2022-02-05,e45316fe-1f36-4ee2-b295-e44706865372
2022-02-05,ada1a437-5c43-4892-b3b6-140e2085f1b9
2022-02-05,61895976-40ae-4920-8eb3-8ed29bf957c0
2022-02-05,6ac22625-00e0-42a7-8491-84be5e6834dd
2022-02-05,4050a73c-0fad-4170-b3e9-6e5a925a01c4
2022-02-05,050d38cf-04b7-4c99-a8c3-752821d12a8c
2022-02-05,f2a5493e-8f28-435d-88cd-131f2ffc8d1c
2022-02-05,44d015c5-3f3f-4ccc-9b91-9071f70f28d3
2022-02-05,eaf2f07b-1758-4f66-b474-08b2954d7c11
2022-02-05,3f1dbd20-1d88-48f5-a6ca-b5b7a0da0db8
2022-02-05,e62c3771-d962-4f09-81f1-49f1a73db995
2022-02-05,3109d56c-8764-494a-aaf5-b7a76ae25cc7
2022-02-05,3c0c3144-f28d-4a20-ad4d-2e47cab15e52
2022-02-06,62f29d88-1afa-4a9d-82e0-363372ae56b2
2022-02-06,24998dd1-33ff-45d5-b4a2-f9d04da49358
2022-02-06,a7d00111-0c04-4abc-a483-c7c9c622ae88
2022-02-06,e34e49de-73ef-400d-a620-e6fdfedf03b0
2022-02-06,890ecf15-2664-4cf2-a91f-4377d2d9e8dd
2022-02-06,b1c519e8-301e-4e9b-a445-fa5bff5895da
2022-02-06,56a3008e-fa71-4604-b1c7-7b5c3c380b71
2022-02-06,c6d287a2-9d9c-460f-8597-a4a0c5bb40b0
2022-02-06,c449e355-420a-4647-b715-a23e34732609
2022-02-06,55e0e521-4304-440a-b62e-55ef6219bcfa
2022-02-06,f3ed764a-3b53-44a9-841e-db2cf07424f4
2022-02-06,d47dd300-f605-4dd0-a2cd-75da5fafdba9
2022-02-06,fb1ad1d4-1084-41a1-84a7-b224f77ba7ce
2022-02-06,0bca5404-c32a-4225-9cff-9ed2b093df0d
2022-02-06,80d4b412-d96e-4838-bb32-2efaa0cbbe0a
2022-02-06,9324f963-398b-4245-8473-d95b91079d87
2022-02-07,d3150579-d262-4a3e-88d0-e85ffe784cd7
2022-02-07,4073ffc8-4d83-42ce-8a76-f471256e5cf4
2022-02-10,1a76f449-8e65-4941-8c8b-3ec9d4736a89
2022-02-10,a7c01682-c892-4066-9754-0d3cee6f0de1
2022-02-10,10c94c46-beae-43ea-ad47-83a57fe5a1f2
2022-02-10,ec10406a-d084-459a-89c6-ec2182129fdd
2022-02-10,0de75314-6f02-45da-b974-87c8552af714
2022-02-11,103ffa9b-4f22-4e4d-b5f9-9e1047949673
2022-02-11,0757522a-a911-4952-ac86-89773af2d472
2022-02-11,8c689317-73d6-4038-a65f-a629043324fa
2022-02-11,0ce297fd-15a6-4b63-8479-d3a18d41447e
2022-02-11,c74f416d-b056-4fc1-8cbd-618275de4098
2022-02-11,fe0c245d-a962-4f02-9fb6-576375561ee9
2022-02-11,80b2065c-be8c-4e78-a1f2-3eeddb6107f7
2022-02-11,5c5edb79-ae94-485d-a9b8-7cb1f2c06e3c
2022-02-11,f7202eb7-1ee0-4cc0-8162-400abca2dfff
2022-02-11,f3fc280e-ca11-454d-bc8f-6951600132b2
2022-02-12,947d3a05-14d3-4beb-b917-760dc63db5f1
2022-02-12,990df23a-11d0-493a-8ed2-af3c43166fdf
2022-02-12,8cbedd38-c0a2-485a-96b2-bd6e940a04d4
2022-02-12,bd3ecd0d-f976-477a-9d96-c654553fa824
2022-02-12,67ef000f-d6b6-410a-bcc2-5b1cd5cf51ff
2022-02-12,f837d6eb-2a2f-4c0e-941f-b80be821bde5
2022-02-13,f665155e-21ae-4a16-acfd-2410f1599f63
2022-02-13,4f9b3980-525b-4f67-9ead-891a8e07e8ab
2022-02-13,56ec7bec-ccda-4ef0-b6dd-835cce63d326
2022-02-13,8c10b3ac-0b7f-47ae-ade2-1e37a7c2aef9
2022-02-13,581dd81e-361b-49a4-a96a-65aae4100f0e
2022-02-13,1392ccc1-7154-4fdd-b0ba-d177e5d33662
2022-02-13,5edb88c7-5837-4b32-909a-ad79c2652762
2022-02-13,c6eda5f9-dbd4-44cf-a4bf-efa3fe0bdc57
2022-02-14,64f151ba-fdba-42ea-9957-00089b3d5eb2
2022-02-14,6ddfde7c-d6ad-4dc2-a0e8-9d06773f119e
2022-02-14,fc4f17c2-1d7a-4989-a134-c4572c3696b9
2022-02-14,48cf5864-8b89-4f17-8de7-263ed3e03a5a
2022-02-14,7228f2e9-4da2-4017-ac07-72b5012f3b57
2022-02-14,048cd34a-b982-4e8e-a867-4959242c2f67
2022-02-14,e025beef-7024-4d6c-b48d-4c9e4d572e34
2022-02-14,047aa129-5f19-4b3f-9e55-75c4f553e436
2022-02-14,7990c5dd-d5b8-484d-835f-1a095bb7c6e9
2022-02-14,58338cda-bcb3-4a98-b2d8-973165119302
2022-02-14,fcb81739-f201-4fa2-9e08-c8fff5c5d2fd
2022-02-14,3a6c2ca3-09dc-440b-b88b-fc1307057140
2022-02-14,43d32825-75cf-4d24-aeda-fe30d7ea0701
2022-02-15,228a9005-fb8b-4746-8b61-02b441a5b68c
2022-02-15,4ac6cda4-f59d-4cc6-a242-497cfbefaca8
2022-02-15,afa2bfcb-50e5-446c-84da-84a52e7cfa4e
2022-02-15,754399a2-fae4-4737-9383-5a80a28719cd
2022-02-15,4b8b8e98-112b-45a8-aa64-ff7ab3a8bcb9
2022-02-16,3f8f78b2-cf17-481a-b01f-d596214c73cf
2022-02-16,35e97e72-e650-4fd9-b761-1c7c77fe3359
2022-02-16,334f7b36-0582-4e7e-b262-c8ef82c67611
2022-02-16,ead8c58f-3dba-43f9-a26b-ee95c9651d40
2022-02-16,721169bb-a8ae-4e99-8af0-9ea8d5966c27
2022-02-16,6d978873-ff90-43eb-b523-4628a9b1c340
2022-02-16,6a510997-f2a4-405c-b90d-e2adefb9e322
2022-02-16,757b2d99-f8f5-43e9-9aab-b5029646f5b7
2022-02-16,72d611ff-a5f6-4646-aa2e-5e9429d4c80a
2022-02-16,9901b010-1603-4ca5-afa5-414ef42edb66
2022-02-16,31b50fc5-464a-41e5-82a7-edf5299ca3df
2022-02-16,a65b38ac-adf8-4e54-9216-2eb286f20766
2022-02-16,c22c1e29-7f08-41a2-a93b-cdf107654d4f
2022-02-16,5d8b836f-ee56-45f5-abbf-62c929a688b8
2022-02-16,b680e1f2-6843-4bee-b1f2-a3a194af5b02
2022-02-17,7605afa9-4c93-4053-9851-53b77fffa6cc
2022-02-17,6bb1e96d-244d-417c-b069-ed8c69177d5b
2022-02-17,cbbcc6dc-6d7b-4eed-baab-4545768b6c82
2022-02-17,c4cbab2b-7298-4275-bc6f-da5a015a52eb
2022-02-17,06a58ee4-2cdd-4520-847a-a1ae5e4b3f16
2022-02-17,f818c299-3e71-44dc-8e10-b3e78f951433
2022-02-17,f0e97083-ac66-4048-ad57-ae0e08892ca7
2022-02-17,cc3dbee9-5f56-42cd-92f6-e061e4d487a2
2022-02-17,8779abff-e125-4437-a1ec-142d7baace18
2022-02-17,ba669b8f-b9e7-49ea-85e2-8f2ce3c012ed
2022-02-17,a959d04d-0231-4453-8dca-54645722df7b
2022-02-17,2f86f189-3bf4-4731-9654-594a19885bd9
2022-02-18,8a2ab02d-39c9-4b96-ac12-15770c19de7b
2022-02-18,c883a61d-fa8c-45a1-849d-53ba95de5f3b
2022-02-18,23f274fb-54cc-4247-92e4-d2cafcc0e971
2022-02-18,97480b96-916e-4931-9165-a4936900e736
2022-02-18,0abc9de0-6e1a-4a82-a873-4bb95418f823
2022-02-18,e7255e08-4904-46c3-93b3-a14888ed8286
2022-02-18,ca86abc0-9dc1-4a7c-b555-43ff649f2f22
2022-02-18,1558a465-0333-44a8-a66a-df0ef7648b05
2022-02-20,5bf557b1-fd6c-46bd-9231-7f6059c27320
2022-02-20,95e4460b-1c53-4e05-a541-58f99504839e
2022-02-20,4cb77cf4-823e-4505-951f-fcab164da56c
2022-02-20,f0601508-8197-4f00-a1fe-6d4e47ade6de
2022-02-20,2b3409e8-0008-4238-bb14-404be39a9906
2022-02-20,444d7b9b-0d33-4589-866a-e33b78859864
2022-02-20,53e38326-6504-4f2b-91e4-a440b5916e38
2022-02-20,a4b1e149-2ca2-4e89-8d89-c72957b88e17
2022-02-20,0188371c-fe6c-4d74-a68b-d62c0ec27c17
2022-02-20,7ef2be8d-1e86-47d5-b1b5-77b6c26be03a
2022-02-20,0994bf8d-7571-4f49-9f8f-eb3c80347eb8
2022-02-21,6dfb7c39-b391-4055-bf0c-2b336b9c20d0
2022-02-21,31ecc40b-4f28-4728-9094-2cbae809a5f3
2022-02-21,a00f5629-083e-480c-ab5c-c6abb3dfb579
2022-02-21,8333a9c6-f363-40b4-8c14-f1bd139ad018
2022-02-21,6f5be258-7d3c-46b0-a48f-55dfc49444ee
2022-02-21,a62831ab-3032-4b13-a43d-af176962c036
2022-02-21,fe59304d-75a5-4051-9fe4-a7d21ca857fd
2022-02-21,ac5245ce-79f6-45cc-8696-b986e9613011
2022-02-22,fdd7815a-3c4e-4aec-b1a6-488e8e87ab57
2022-02-22,7a2961d5-933d-462c-b32d-b602d8413eda
2022-02-22,f8f31ab3-89af-4b28-adfc-1660163dfb2e
2022-02-22,4b57dbd8-d62f-49fb-9d8c-5272562c1176
2022-02-22,38ca1ed6-b68c-4aaf-bec3-2b60304ff673
2022-02-22,4adf7663-c318-4d62-86d3-141f2912bf9d
2022-02-22,54d20e77-a613-4fd6-9efd-35bd60ec14f5
2022-02-22,312b8c34-a194-4195-925d-b9b408a9cf37
2022-02-22,7643a957-ac18-43b6-a240-5082c2a9919a
2022-02-23,edbdc71b-5f82-4a5e-aafc-08d0a1c1b9c6
2022-02-23,2a63abc0-60b2-4c93-a7be-a1c30e5692e2
2022-02-23,0748af68-90d2-41a4-9d74-c62296dc3d8b
2022-02-23,01c07d43-6984-4751-bf32-e5a37fe9a03b
2022-02-23,4b75190c-3f45-40d5-8742-3aeab5dcbedf
2022-02-23,5f2ed52f-b743-4000-bca9-89e53d022f5c
2022-02-23,6c831de3-1dba-4da0-bae7-636ae691f634
2022-02-23,c83a89fb-826a-4674-828e-749e25332f13
2022-02-23,5d7a7187-2539-4f8e-b6a8-65e4a26e1663
2022-02-23,c0968f22-cb15-41f9-abd1-31d0a9109255
2022-02-23,da2c1869-3de4-46f6-b40d-390cd05b40b0
2022-02-24,2e07ce29-d8cd-4819-b15d-2b8a172d70c1
2022-02-24,1ce7929d-7194-4955-938d-daf589e5fea2
2022-02-24,0c087454-03d6-4ec7-b2d6-12fae8e64afe
2022-02-24,1ecd7827-dd9e-427a-9b3f-207db0b23d21
2022-02-24,caac4935-d486-4946-8982-5fb9f5050bbb
2022-02-24,019a44ee-552f-4ed0-829e-b5e5b0acd9db
2022-02-24,2a75545b-c75e-490c-b7af-a26dd7bdf4cb
2022-02-24,ab8bbd4e-8eeb-4338-b769-a5e013fb28b2
2022-02-24,d7c2d06d-2789-4c52-8f62-be8e241b1fb5
2022-02-24,6aefe686-925e-4270-a74b-2a34e4dfcc32
2022-02-25,0ad9f860-73f7-4d3b-88b1-e8027efe05fe
2022-02-25,92027623-0749-4497-88dd-01ed27f66407
2022-02-25,5e78e1ae-eb80-4cf5-a1e6-b58e3374e06a
2022-02-25,28f83375-fd8d-476a-9b09-15e585096fe9
2022-02-25,2d25639a-d57f-489c-a2c9-11e194a1fba9
2022-02-25,10852dc3-eac5-40d8-956e-9275c03ad08b
2022-02-25,590c4b50-e6fc-4d96-a908-db10a763b199
2022-02-25,9cbcb6cf-2f04-4472-8e30-ed259457cadd
2022-02-25,8d73dd84-17f9-498c-8da9-667a03bd81e9
2022-02-25,15c669b6-3b66-44f9-aab8-941a25e615ba
2022-02-25,9cdea71b-041e-44b7-a044-1a9e463556cc
2022-02-27,118d5c0b-42fa-4dbe-9933-b198e041b3f8
2022-02-27,266546d6-463a-4de6-83c6-bafee9cd5686
2022-02-27,ce5cf60d-fd33-49b0-83c7-db2135480222
2022-02-27,ccaad3e3-1d48-4b22-bec7-e6d1bd22fd32
2022-02-27,d3cdcb7c-585f-43e2-93dc-8478b09f6270
2022-02-27,0aeca03b-1c93-4801-b216-a9cfb0a8d030
2022-02-27,92f1af08-311c-421a-8be7-2fa16178186d
2022-02-27,3d712d77-b8e0-49d2-84b7-e27d9381d572
2022-02-27,db6f2b61-f299-4b3a-ba0f-a50383ae5083
2022-02-27,373d7649-6c26-4c91-bec4-ec5d99cb00e7
2022-02-27,6078eb54-9278-47f8-ae44-4f219ce09342
2022-02-27,221e02dd-ce5c-4b24-b9e1-c11305fd6f62
2022-02-27,30a3c948-8490-4444-aa95-e45859760685
2022-02-27,0cd4c4bf-0730-4490-86e5-bd9007cf3f78
2022-02-27,eeff5827-45c8-4521-bea8-6ac90db0d4a2
2022-02-28,e4ba761b-6353-4fd9-aa92-f41464730245
2022-02-28,bcaaabe2-527a-4967-9a82-d9683bfc55a4
2022-02-28,258705cc-85f1-4f1e-8657-b807156a22b3
2022-02-28,754dd700-3fdb-41e6-a8fa-1a7043a5043e
2022-02-28,0bba1342-4f23-46e7-b099-4f3b50440c40
2022-02-28,51a0d3af-2510-460e-8191-3c613d36f7b8
2022-02-28,edd34987-e980-4029-b9af-2c8c066892cf
2022-02-28,ca843caa-8618-4761-901a-6a1db4b04eda
2022-02-28,2b4b6418-fc77-43bb-8cc2-9651a2e7194f
2022-02-28,3db25b4e-b0d9-4c76-8174-14244ff42699
2022-02-28,05b383d1-cf45-454e-8a87-2c6fe5d0df62
2022-02-28,c7c788ac-bf91-4353-9c8e-6d0530869e89
2022-02-28,0155d03d-dc8a-4397-a491-079dd772f9af
2022-02-28,eb019574-306d-4689-a1dd-bb0245ed2081
2022-02-28,ff592207-878d-43d1-9502-76169fa1c584
2022-02-28,822a5f59-6999-4c19-a33a-cac5581bd1c5
2022-02-28,3652956c-187d-4f61-a355-31fc9749f56a
2022-03-01,dcf3d200-e209-437f-ad96-445f3421bab0
2022-03-02,791d21a9-a574-4d92-990d-f1914206d075
2022-03-02,a485d6ca-083f-49de-9654-b1f797f1341d
2022-03-02,402cceea-fcbc-44ad-abe4-a5ed3a96b455
2022-03-02,4d3306f2-f3b8-4190-b185-ccbe011a9197
2022-03-03,97638d72-4586-48ed-b54d-ddd59ecf24e8
2022-03-03,a15c519e-a6a1-40c8-a4bb-6818c0acdd2a
2022-03-03,12a4835a-594d-4845-ade9-83a834f995cf
2022-03-03,b1379c5c-59bc-4ea7-a608-52f69732584f
2022-03-03,c8f2572b-b6a6-4ecc-a2f0-e3691c92c112
2022-03-03,17dcab1f-2de6-4e8b-aab5-3b196ac51b54
2022-03-03,854e4a7e-08b5-4b95-aaa8-683a1661d301
2022-03-03,8743640c-4c4e-42bb-a0b3-16b8449869a1
2022-03-03,c48c8990-50e7-496a-8dbb-f151cde00fc9
2022-03-04,0d9fce72-3c66-4c3c-8bef-fb00b326f884
2022-03-04,1f236e0d-6ae1-43d4-acda-492d5fe70839
2022-03-04,4e78c103-7105-49f0-8958-dffa93d141e6
2022-03-04,108bb381-8cf1-409a-9627-b91453faaa16
2022-03-04,6cd0a181-0733-453c-b55c-2ad541ceec95
2022-03-04,bf620970-e3f2-4b54-9620-86171299d08b
2021-10-28,bf620970-e3f2-4b54-9620-86171299d08b
2022-03-04,30d3dc82-477c-479e-84a2-b38ac88c211c
2022-03-04,ef378707-2e39-4e62-b73e-ae1881e2520c
2022-03-04,61e63dbd-5de0-43ec-a231-7126a3ad1066
2022-03-04,d746f623-8ef3-441b-9682-7f832ad0272d
2022-03-04,c1434ff7-2f85-4edd-a308-3f1824d5ed86
2022-03-06,237547b0-3bf5-49e5-b7bf-4417308a0c8c
2022-03-06,4c5c172a-248f-405f-b26a-9c1dca851522
2022-03-06,545101f4-9b86-4d7f-936c-2fc8c4315aa7
2022-03-06,cb4fa458-56d7-4ce7-8306-d927eb498b81
2022-03-06,81e8c973-aebb-482c-a013-145f2a34c7bd
2022-03-06,a7d855c3-fc0a-472c-8770-6a5d1a756386
2022-03-06,00b27799-6ef2-4eda-a714-c31a03531672
2022-03-06,46cbddeb-bddd-4baa-a41e-a86256809d00
2022-03-06,9e8651a5-df5d-40ae-9dc4-b919d808df02
2022-03-06,49af93e2-d51e-4a8a-b963-64936c114066
2022-03-06,238b7ed3-36f1-4c56-830b-395120d95d40
2022-03-06,c2a6b0da-d88c-414e-b357-7b4a11892cf9
2022-03-06,6a655d18-4334-4fd8-962f-652ba45eaf87
2022-03-07,f0af0586-23f3-4bfe-8183-8a7722a6bf74
2022-03-07,e0ef0df4-a8a6-4002-bf9e-aac065b73304
2022-03-07,0c917ebd-913f-4356-8314-98c17c905e6f
2022-03-07,98e21f6d-97a7-4a55-820b-1dc93dd1c87b
2022-03-07,710a8f7c-8a79-45bc-80e3-b62d6d0923e7
2022-03-07,0b79179b-a10a-47cf-ad48-1cc9618411a8
2022-03-07,50792516-a5ab-455c-b287-e1a3a6776c16
2022-03-07,c4d52ebb-fdb3-431a-9b77-38ba4cd4f1dc
2022-03-07,bfc8062f-d19b-4b8e-8c4e-3242ab1ce2ba
2022-03-07,5938ff82-e44b-4d1c-8656-6a9556965d15
2022-03-07,9d6f1307-116f-4c85-822a-715c0aca2e37
2022-03-07,5e1e4c26-90f3-452e-84f7-4c54742c45a2
2022-03-07,4ba9aa91-5429-4e30-bed7-4280c044f415
2022-03-08,1e2007b5-e31d-4bd0-a2ba-2f013a0ba4c9
2022-03-08,f53697fc-c9ca-4c48-99f4-b002aab5f5fa
2022-03-08,3ca0a8ac-05e7-45d7-912f-a12531c73a52
2022-03-08,24991fc4-abed-4c08-8d12-9876396108c5
2022-03-08,43af68ea-368c-46ef-8115-8fb8cf5fcd16
2022-03-08,e293b872-b4d1-4dae-9a68-7d500901fc99
2022-03-08,a61cc9a5-0a61-4b38-9830-1e99cfd3de8a
2022-03-08,ac7a5f17-01cb-46f5-87cb-589cf76934da
2022-03-08,56e428e1-d5fc-4596-8229-801d58824c73
2022-03-08,d09ff991-ad09-41f8-96df-00a3a1e5e9be
2022-03-08,eb75621c-03a8-4ed4-8ea3-ce2f425d00db
2022-03-09,dd53a989-fd23-4c47-b2b2-41695a4e3136
2022-03-09,0fdd4428-3843-438f-a0ca-994015f7f498
2022-03-09,3f5139bf-2048-46e8-8ee8-f2a3a53780d8
2022-03-09,45520d11-33a0-42f7-818e-fbab7ed8840a
2022-03-09,a51c3434-1bc3-4f93-b511-310c68f60ff6
2022-03-09,bda8e778-db0c-4910-be80-11a8feaa37bf
2022-03-09,1a0a1f84-5f5c-4927-bf78-b990e4e23615
2022-03-10,bd052d61-1e11-414b-84fa-3314f991da09
2022-03-10,add3311c-8b3d-4def-8398-a4afaf8dda70
2022-03-10,a9f72de7-221d-4272-b29a-5cecd032f831
2022-03-10,f34393c9-b868-4fd2-90db-ba5ef0d3cb88
2022-03-10,fd48e74f-5b07-4503-bbcd-b42c015fb418
2022-03-10,9903fd96-c8cf-4423-a35b-5ed2f6756bb4
2022-03-10,65c05fe4-270c-4503-a2c3-fff6f0537cd7
2022-03-10,f2bd304d-c173-4f07-8659-c572f29ef28c
2022-03-10,21b3fbf1-aceb-46f1-8fc6-3f83dac61e72
2022-03-10,cde78362-de58-44fb-a8fc-dbbf8e55745b
2022-03-11,ab3aaf4e-1b52-4bd9-b00c-63fc98319002
2022-03-11,692887ee-4f61-4ea2-becf-1a1e7f93dcbd
2022-03-11,caa0fb80-8d03-41c1-837f-d562779b1d14
2022-03-11,5639b9f6-5e97-4932-afab-5fb9d4adaa5e
2022-03-11,6f2738fe-cfa9-44ec-abbd-de96cbee3431
2022-03-11,b71f6395-633d-4cf5-84c3-599a90355d3f
2022-03-11,bd0fedcf-2b61-49f6-9013-292cbc9422c5
2022-03-11,a1bc63bc-d88d-42ad-b984-64153cc8b4d3
2022-03-11,1eb22f20-c07d-4f98-811a-fd32314a51e3
2022-03-11,ab03fc37-3be7-474e-864e-16d3c23510b6
2022-03-11,2bd9f3f2-80f8-4ed4-a6a9-d3695b07e25b
2022-03-11,c1face39-a510-48c5-a6e8-043ba4193791
2022-03-11,050875c5-91e9-42bf-97fd-2a4942aed99f
2022-03-11,80a00063-2767-4d1e-8063-14206d5bf7dc
2022-03-11,54a8d4b4-f255-4a6c-a6eb-ebfd51452617
2022-03-11,7a7dff5a-99e5-42fb-9222-80d81891672d
2022-03-11,b2c5c68c-ab77-4be1-95cb-8e8fb10ec092
2022-03-11,8cdfd2b7-0e1f-42a3-b44b-9424e7fd0580
2022-03-12,3299851a-08fa-47ad-816c-e479ebd4a80a
2022-03-12,a800c4a2-e3fe-4d14-8093-c0c772c6f65e
2022-03-12,3842b428-2ee8-4959-a204-b7b4eeaabe1d
2022-03-12,9550ac50-3b7d-42cd-a648-6ce0544a9610
2022-03-12,5b33abb1-c8c2-449b-91cc-0e5aa00fd2bc
2022-03-14,2c9896d3-e125-43ef-a0ee-b7b297d7ffc1
2022-03-14,f54287c9-1e87-43fb-8fca-6950e34b4126
2022-03-14,87eba557-8f99-4141-852d-fb9fdf53fbf9
2022-03-14,dcc2a2ac-2363-44b1-a7fb-6d3bed96975c
2022-03-14,caabff99-3a3a-4558-84f2-109b6e6c3669
2022-03-14,77037735-9ef8-4458-bc35-fe80bb992014
2022-03-14,19ff7334-3958-4de4-9579-a94d0ba664bb
2022-03-14,8c1a928e-4324-4696-8a9d-7c9668bbe7e4
2022-03-14,5e26c2a8-4e52-4ce8-9515-e319da52e89e
2022-03-14,5b16f32b-3344-4b39-b2bf-8cf1caac78fa
2023-03-22,5b16f32b-3344-4b39-b2bf-8cf1caac78fa
2022-03-14,81d566ab-4484-4d61-9054-22210ad5c2f5
2022-03-15,636783bf-9ba3-4276-9983-4458d5b9e62b
2022-03-15,6198776f-3eee-4e83-81bf-16187922483f
2022-03-15,63f64fe2-055f-4537-8f4c-a2e473342c5f
2022-03-15,5c58af6f-6bb7-4b6d-a813-a3887d225605
2022-03-15,ec99d67f-3256-422b-b200-c1f9acac6655
2022-03-15,920c9f9c-fad2-4410-a128-0d16d216533f
2022-03-15,2a523a44-cf9d-4e32-ac7e-51cad6e5642e
2022-03-15,2b1c600e-7ce0-4ead-8b02-ae44a9358530
2022-03-15,3692abf0-1ccc-484c-8745-38efcbc4a95d
2022-03-15,e4b8f55e-1bc3-46fa-b69c-381ccf578e0b
2022-03-15,fe8aa07c-4bfe-4fdc-a446-a1b938dccff8
2022-03-15,f016c921-a9d3-46ef-b8bd-6f11d84fed89
2022-03-15,8910edc5-1af0-4b9a-9387-72a097cf2279
2022-03-15,2897b3db-abe0-4290-a8dd-46b86cd013cb
2022-03-15,533f428e-1da8-452f-ac56-2b8eb57b4b0f
2022-03-15,42ad1d96-3062-40b3-a587-f5eba76f904f
2022-03-15,7ba6ff3d-4dc4-4d40-b707-496f4550ca26
2022-03-15,da231a21-33bd-4426-966d-4a2752372af4
2022-03-15,ab6b8262-6da3-42c0-b8d2-0b069a044c84
2022-03-15,ddf10237-36db-4ac0-b677-02c97e24e1a1
2022-03-16,7441df82-2153-4414-a0a5-359d7340d06f
2022-03-16,4d074f2d-45c5-42b1-9e86-1a3f757e9c44
2022-03-16,3afecb5b-736f-4665-beed-84f532abb75a
2022-03-16,dd76aed6-c9aa-4cfb-89d7-3411cb5e85e4
2022-03-16,97a86040-96fc-45c9-b036-79221bbc5b4e
2022-03-16,ac921fc7-6227-4f39-bc66-bc09155116cd
2022-03-16,acd0ea34-3d0e-45c3-bc54-21908322b0f5
2022-03-17,3b751612-2a7c-4ef1-8dd8-d393ae103290
2022-03-17,55243d58-a9f3-4d8d-934d-155d06ddda6b
2022-03-17,89537ca3-0fff-48e2-b7e4-13c612226036
2022-03-17,ab314d04-3700-41c3-81b0-18dc354fafb5
2022-03-17,ae192a1a-5e6a-45da-a59c-4d81face97dd
2022-03-17,9bc8afe1-0a2c-4e70-b46a-56ca291e4501
2022-03-18,2d363e21-bc5b-4de3-b116-1d325a0a434f
2022-03-18,ecc8f4ca-5950-4b94-a866-e505337f012b
2022-03-18,5cb4a6bf-51ea-4323-a6ad-0236f5aa57f9
2022-03-18,a601e64b-bbc2-407b-be53-7a22836236e6
2022-03-18,af2eb360-4e06-4c64-9f5d-e0c795576cb2
2022-03-18,c0423893-4cc2-412c-95db-bdb246f53c45
2022-03-19,09aa2554-cf84-462a-89bb-52a87f7a2544
2022-03-19,4a57deba-176d-4c1c-a589-811512307f22
2022-03-19,03fd578e-58b7-4917-b15d-c798204520aa
2022-03-19,e109845d-11a9-49de-ab83-5919e61fd3e4
2022-03-19,b0ec53e0-840f-496c-940d-8e9c56c8205c
2022-03-19,4acf941b-b706-4891-a592-7e04784a1cc4
2022-03-19,a603a000-32f8-492a-8200-faeccebd148f
2022-03-19,0ffc4d6f-f26b-4569-94b0-55cd29e27860
2022-03-19,6864b859-2b80-43b1-b5b8-e6c42d08dc39
2022-03-19,66e628e4-85ef-42f2-8e9a-559265b7c512
2022-03-19,173c2311-6e2c-4d54-99a9-afbf467f958b
2022-03-19,6b5fb2bf-1958-4c97-89f8-2332fad94e08
2022-03-20,344678b7-e18b-4c68-a1e7-03f20dffb757
2022-03-20,772ea47c-8462-4d9d-9835-bbeded7beb41
2022-03-20,6613095e-ad6c-4bb0-b793-3bc087ca7fdd
2022-03-20,e7f79e16-60f7-428a-8295-d2d4af406acb
2022-03-20,83428a0d-00c3-47f2-990c-9470a0d53037
2022-03-20,92265615-94f2-4d62-9ac2-7daeef4557ed
2022-03-20,2fa2f14b-282d-4e69-91b1-215a1887ce39
2022-03-21,7f408f5f-ccb4-44df-a62f-251f70c84939
2022-03-21,c04d3208-672f-4733-a2d8-e242abad6e56
2022-03-21,f879c9bc-4fae-4491-aa8e-8bc37611e009
2022-03-21,3e6acc11-4592-4277-85fa-11502392a568
2022-03-21,f8b075d4-ded1-48a5-933a-4235a8caf298
2022-03-21,0a4aaffe-8d8d-4c66-a76e-dfcadb398c1d
2022-03-21,13d32457-9c0b-4ad9-9da6-bd895402885e
2022-03-21,5c985b28-2250-43c0-bb65-a264db9978f8
2022-03-21,149149cc-3202-4625-ae6a-fa1406d20f49
2022-03-21,8322c36f-3fca-478b-8ea4-6cce80d3cdb2
2022-03-21,9e86e276-167c-438d-8527-3ed4dbcfeb30
2022-03-21,4aad5f8d-378f-4d3e-8e7c-814f2ea013c7
2022-03-21,e364145b-2fa4-4097-84ee-9a1e5c1e9349
2022-03-21,ca130d40-ae9b-445f-86e7-7d2614459ac3
2022-03-21,85da5cb9-f147-4323-b18b-c1084de9d348
2022-03-21,6906929a-ed33-403f-af00-6d4d9716fbfd
2022-03-21,68aeb799-1dd9-4857-b0fc-9ce598305e90
2022-03-21,b6541779-25af-4818-b488-8a2b1c71ad46
2022-03-21,bfd88a5d-207c-40ee-8297-bcdfffdbe609
2022-03-22,9e73509a-42cd-4da9-838e-47e35bd3ff4d
2022-03-22,ec79ecae-f339-4210-9004-52e8db86df11
2022-03-22,05ba3f66-82c8-4089-a866-88ed7f2ce496
2022-03-22,045849a4-f2c3-494a-b1e2-d51a2c611d6b
2022-03-22,5090d837-46ce-4518-9f76-ccf04c0b0acb
2022-03-22,b0bbdde5-bb1a-417a-a984-8371222d036d
2022-03-22,8d98a79c-70a6-42cd-8251-3efc94a4c9c7
2022-03-22,eacaa38e-fee1-4b83-b2d8-f678300bf428
2022-03-23,6a5c8850-c87a-4c99-8ebb-33a9de7d62ce
2022-03-23,eb32828c-eb59-47b7-b671-8b933f603f4b
2022-03-23,45a20457-b3ef-45ff-8c03-60411690ea3e
2022-03-23,1f524dee-7371-45fa-8e1e-3f4fa5e3580a
2022-03-23,1cbfed29-8de3-477e-bf7d-5b5744c5b019
2022-03-23,3cd29219-5d55-4447-af63-000a25636c12
2022-03-23,faa2953b-b5d6-46fe-a92c-e16b46cf0b8a
2022-03-23,09b5f5e8-35f8-46b1-a265-fcde32ee7a8a
2022-03-23,3a2fefd1-e3fd-488f-87c6-8eef4bea11d4
2022-03-23,ec50154e-3195-4a6a-9f56-d077f6f12fe2
2022-03-23,d4b1ca2a-3e4c-4adf-9e3c-7fdf467fa17b
2022-03-23,a69066a4-ba02-431a-a0b1-8b4f12f9ec93
2022-03-24,8517a1a8-aaf7-457a-bcd6-d81672c0ee1f
2022-03-24,71d4854c-bb24-4e16-8d42-ef63a024853c
2022-03-24,5f23e106-cb4c-4ae9-953d-98e3e0cc0eb8
2022-03-24,71008d36-dc4b-4a06-9199-6114e12cfbe9
2022-03-24,f7440c69-f5cc-4286-94f4-7dc444d4061c
2022-03-24,2644f624-a353-4b84-b7be-11f9053e9ef3
2022-03-24,0b9b8799-4bbd-459f-9ab6-dce1a2a82ea8
2022-03-24,837f61dd-022c-4d99-bd4c-c1113d588b32
2022-03-24,fd7343f1-8502-4032-aaf7-53dbb519eaa4
2022-03-24,c88a1009-f7fc-4b95-8d08-6ff4e812315d
2022-03-24,f686e1ee-d37a-4fc2-96ca-b3ead1c8fd06
2022-03-24,699c70ca-64ea-461e-bdd8-66b7c314c582
2022-03-24,6d3896e2-00ba-4ddf-9250-26857410ce56
2022-03-24,37a30be4-d7aa-42ad-b4c2-7afef9747c7b
2022-03-25,6f82f02a-4433-44d8-8cce-b37f3f5e2883
2022-03-25,0362a697-9fca-463d-b65e-1c65673fb15d
2022-03-25,17453567-8842-4d83-8543-318130fd8ff0
2022-03-25,576a859f-9498-4af3-8d9c-9d2a0d118922
2022-03-25,7b0d42f5-54a4-431a-9413-89d92d380ae6
2022-03-25,4f18f31d-f402-4d20-a072-00423bdd19e4
2022-03-25,5c382642-64ac-4ca3-8fb4-402521fdba1c
2022-03-26,a74911a3-2436-40bd-bb7c-04e2f769d938
2022-03-27,1feefeb9-c528-44cd-96b6-ad3033048f92
2022-03-27,c67a7c66-baaf-4d48-aa65-2c5775698b4e
2022-03-27,bbbaa7b6-413d-44f8-936a-fc0be6dcf71c
2022-03-27,d8e71a10-d6c6-4d0d-994e-d4a66bc5ed81
2022-03-27,ba730492-c63e-4ef5-b60a-3ce3cc77473c
2022-03-27,6009ea5f-0bcf-4420-bde6-15e0920a1272
2022-03-27,0ad8f227-3e0b-4d37-b17f-f940b687f94e
2022-03-27,780437e0-0796-405a-bf63-84e40df7c630
2022-03-27,f5884723-dd8f-4592-9940-1389ee33a8b8
2022-03-27,e849b726-be80-4553-b116-45c811de1eb1
2022-03-27,27f38413-d030-440a-8b98-0b9956731363
2022-03-27,5005f299-5916-4e32-84e8-fc256505713a
2022-03-28,d3723d40-da43-4b44-91cf-0c7aed46da0b
2022-03-28,1e04eeec-95b8-4082-b412-af5289144f55
2022-03-28,2593aade-666b-4a9a-9ebb-8e56f08436ed
2022-03-28,220dcf1f-ab5c-4e98-96e2-c269fc632ce7
2022-03-28,6aed9803-4a31-44ed-88e6-e2d09e8f2b76
2022-03-28,ee1a4cf3-9413-4a0d-8d84-e7a2c16c4545
2022-03-28,5be962ba-af43-4f5e-9271-78b8863f54b4
2022-03-28,c9c0e5c0-6530-4066-b68c-ac9d6f91afba
2022-03-28,c6dbca49-40a6-44e2-94ae-c270377e4f19
2022-03-28,b50c0a98-4f7e-422f-9f0a-dbbdb6b85735
2022-03-28,ad042f5b-851b-4a5f-bfd3-6cc620c25055
2022-03-28,427182f5-2582-4c18-acc0-39da7d7f5826
2022-03-28,49651683-9356-4edc-ab8b-cf0a3b01d0c7
2022-03-28,3c2fed04-ad62-442b-a1dd-6b1bffed5fe0
2022-03-28,7c0f1d75-d23f-4ef0-b5af-68577e574d10
2022-03-28,951af338-bdc0-4a0a-b3f4-d84fa4986265
2022-03-28,df24a9b0-cfb5-47f0-aee2-2ca074427929
2022-03-28,f027763c-acd4-4544-bbea-bcead2cb64e3
2022-03-28,00d93512-0d31-4412-be9f-683d4d16c3d0
2022-03-28,8607c057-acdc-4f33-bc2c-8fde20c23b3f
2022-03-28,99bc720f-2bb1-4753-8a38-60f162c48d44
2022-03-29,191b6b77-9fd5-4a9d-8331-eab8796fd663
2022-03-29,cc4d1b7e-6c1a-47ba-9244-a0dc266160fa
2022-03-29,86c73a03-e947-4131-8d22-32bf9f717f06
2022-03-29,6659b20a-bdb8-48f7-bcc8-113d481236ab
2022-03-29,d6643143-96fe-409a-a336-100871dc9c6f
2022-03-29,4617f861-4e22-457e-b172-8891dbf621f6
2022-03-29,6078248a-d50b-4dc3-96b9-8d212a6d34ec
2022-03-29,fd750567-a584-4b8d-bab0-8b1fb4a91a49
2022-03-29,be113244-faee-4bd1-91ef-b3a82f5b7ad3
2022-03-29,068558f1-d92c-47d7-978c-5c60099fee5f
2022-03-29,13edb472-2c19-4741-b5f0-396504595279
2022-03-29,27718ddc-8913-4163-8ff4-5b045d23ad71
2022-03-29,583c5708-dc3c-4ebc-b353-78f341db25db
2022-03-29,6c9844ee-024d-4e9c-9f9a-005c394454c8
2022-03-30,da212537-22ff-4323-aa15-dbeebb03dffc
2022-03-30,3263e162-0436-484e-ace6-4d9e4240159a
2022-03-30,b1befc5f-015f-434a-83b0-cf185f6a2f31
2022-03-30,28e3c1a6-bb17-496e-9423-62dbb1f2aba4
2022-03-30,3533164f-1c7b-4432-a8ff-96f0a1c0ce00
2022-03-30,0dba105b-02a1-42b0-a133-1683a868c081
2022-03-30,f7b5a8eb-60a5-455f-ae5d-5a0ff17e46e7
2022-03-30,dc507872-bc64-4978-a17d-8f6cd69dfc32
2022-03-30,75e376ef-b43e-4f63-9123-b01c27349aca
2022-03-30,d8cc79af-e58b-47a9-8861-d4fab091e8e6
2022-03-31,166fba71-aa5b-44e8-83ca-dba6824d145f
2022-03-31,b681b96a-c646-4073-89ab-dde3dc69ef91
2022-03-31,98cc9443-d235-4cc8-81e9-a97d516dc4c2
2022-03-31,20eedb94-5bcd-42ee-bed4-1571ad7687b5
2022-03-31,7a37dcc3-e9e2-4133-bbab-18131116907e
2022-03-31,95027769-11dc-4331-a1c7-4c6ed34f848e
2022-04-01,fdb90630-95ba-4b4b-ac53-f8331bfebdb1
2022-04-01,ccefeb43-647d-4296-bb8c-5ad0ba842ed2
2022-04-01,52037501-626a-4a21-9fec-43352cf650cd
2022-04-01,ca2469d9-a4a8-4be9-8320-2df4dd4cd996
2022-04-01,854a0328-fbb4-42a5-ba03-1200624f2e63
2022-04-01,e338d99e-ed65-45e0-9eaf-5182cc123eb1
2022-04-01,06d4377c-3e21-4e13-9d91-40c7ada74f56
2022-04-01,d2f092e1-d2c6-4bc9-a19f-daa0da628571
2022-04-01,6d09f28a-012a-454c-94ca-682269804017
2022-04-01,176d1298-b3f7-4b1e-99d7-60b1bb65c8a1
2022-04-02,f28099ff-1633-464c-a00f-9797daa55a17
2022-04-02,ef846bfa-9d56-4524-98b0-5059be26b749
2022-04-02,82a79249-d0a4-4fac-b34b-1a29c462427b
2022-04-02,16a127c6-93c5-4110-8d40-3337915cc242
2022-04-02,53238012-af42-4052-8a5a-7753f0960de8
2022-04-02,81ed6039-9938-453a-9c84-d4ed74eb5af2
2022-04-03,b91b8d34-5a5a-40b0-935d-aecc558f7d25
2022-04-03,6cc44bc4-448c-4b73-bc60-008fe21f16f6
2022-04-03,ac66a834-e4ea-44e0-9bd0-b64e52f9f9a3
2022-04-03,51c07e38-69e1-43a1-8071-a720ebea7b94
2022-04-03,dc19613a-fc1f-4a95-b8c4-5dafcb5e2b20
2022-04-03,c23e620a-ce66-4416-95e1-9b507fc3f812
2022-04-04,6cbad273-296a-402b-b8ef-52d9c0034559
2022-04-04,d1f7314b-861f-4eda-bd44-ae8f5faee79e
2022-04-04,91647924-43ad-492d-aeba-bd86bc44ab0b
2022-04-05,b127a232-6ab2-4d38-9614-de4fbf786815
2022-04-05,9f44f255-4640-429f-8e90-894c54da9d52
2022-04-05,b5b6733b-ea7e-4ebe-b191-9d33e3afeb9f
2022-04-05,01505ba5-6e37-4a5f-8ff3-6460201fab59
2022-04-05,43094cef-876c-47ae-9ce2-5f1d54ba0ee2
2022-04-06,f0c6ff39-4a90-4762-ac63-6c6d0fc8484c
2022-04-06,30f1dbb3-035f-4b2d-a969-25569976a06c
2022-04-06,c7ed4a2b-1767-4bec-9e04-2ee391e6d725
2022-04-06,24abbf93-a758-4ff2-b631-16a15ad4bacc
2022-04-06,a8970698-7a34-40fc-b4ce-0a0040d6da11
2022-04-06,25a7ecdb-4a46-4e2f-a957-8c0c6700ad4d
2022-04-06,d5ee3cbb-ee08-488f-b23f-dbe1dcffd8b1
2022-04-07,ac426d48-3067-4eb4-982a-ec4f39aeb2aa
2022-04-07,257c55a9-d965-4cb6-b58e-ecdb2a082b73
2022-04-07,8a9a6729-cedc-42fa-b238-bd4cac7e839f
2022-04-07,9da6bf0c-95dd-4d81-8c43-0a2e57d2ddda
2022-04-07,7fd8c9ce-1697-4673-a81e-dced1f42f6f4
2022-04-07,1da36ae1-eccd-4f3f-9d4c-2e2e98319ef7
2022-04-09,c31ec911-db85-4ef1-8a98-23efd36457c7
2022-04-09,517a5c7f-aea5-4f89-baa3-bef32f5224e8
2022-04-09,c58d599f-e8b8-464b-9b62-263449e3dd78
2022-04-09,9d7bd1c4-88ae-4c72-9af5-2065021fbb05
2022-04-09,f84dedaf-3d9a-4412-8818-95d5dabf49e5
2022-04-09,c66d7340-2191-4dc8-ac93-260a489bb43e
2022-04-09,42417921-1c62-4380-b778-536099dd81f0
2022-04-09,3c7ceff8-ea38-470f-b560-00bc8f809e3b
2022-04-09,ac1aba8b-aa74-48e9-86e0-bd609bd85b06
2022-04-09,ce81e9af-78fe-4156-9a00-e787b0f99e70
2022-04-10,13364820-8b4e-4b9c-9909-340b77034348
2022-04-11,f2a541a7-37f3-4177-8cb5-28da0d715e39
2022-04-11,3e2649e3-2965-4247-8ed1-4dc769cf657f
2022-04-11,dec1d614-2eb1-4158-96c7-7c889db49236
2022-04-11,4aaab692-c888-47ec-8b1a-0781f4b588ec
2022-04-11,dac505c6-a969-4784-bff2-98c24518a7fb
2022-04-11,7b76ecbf-5282-4201-a591-a538fb6eaeda
2022-04-11,e8390007-e379-48c4-8b38-94ef73cec8e7
2022-04-11,d060e80d-8a33-4dc7-be7e-56101f4f7656
2022-04-11,89bbdba3-840d-451f-96eb-94632af656fb
2022-04-11,b5543f73-f091-4e56-9771-da517435f1f8
2022-04-11,eb735128-3deb-4337-a8f1-f3568d15ad0a
2022-04-12,05e7fed6-b8ae-4c7f-a826-168a32245cb5
2022-04-12,83e1e932-97c1-435d-9eed-b5483fb5d126
2022-04-12,62e10dea-aeed-4c2e-a3f1-94bb0bcbbd15
2022-04-13,58e7465d-7515-4378-bdbc-d5ac16d8b9c7
2022-04-13,1df4d7bc-bb1d-496d-8cea-fed3f611ee69
2022-04-13,55542443-559e-4d9b-ab6c-e48857625c82
2022-04-13,d9ca496c-00cb-4e3b-904b-9730fa8d7b8d
2022-04-13,1c08d764-a0a8-4222-9e4f-5f148d50b75e
2022-04-13,3a90c4b3-8d0a-47b5-8520-86ed106a6125
2022-04-13,64d0ec22-1a46-4746-955d-d3654272d254
2022-04-13,811c9eb9-1b80-47ed-8d31-76ef10db18be
2022-04-13,2a3ee741-d301-4c81-8540-3392d4730088
2022-04-13,63d05e64-7911-4300-8739-cae6d36135c8
2022-04-14,f6715417-0171-4a2f-bb1f-787970532df3
2022-04-14,36ab544d-a38f-41fe-bb4f-944fa0d5a5ec
2022-04-14,32a9b791-d2af-4da6-a3ee-433950aecf04
2022-04-14,4e554191-6930-455b-b92a-9ba9147cc511
2022-04-14,5ef48e67-4b19-471b-8130-f347d783ed4f
2022-04-15,7b33d7e8-e3b6-49f3-961a-d5aa3cf9550a
2022-04-15,0b53487a-f9aa-4025-be7c-df244b1e0130
2022-04-17,d8f27015-b65b-4a79-9740-cdea6d25a1b0
2022-04-17,0ed8477f-6f1f-4cf2-89d0-7937e38ce4f4
2022-04-17,56ee9de5-85c6-486e-b78c-3164e8d9adf8
2022-04-17,81ea5229-593b-41b8-bef3-67c1799251bb
2022-04-17,aaeb2856-6a0a-45d6-aa1c-efc1de248cfe
2022-04-17,4cde1e8e-0e41-4a40-b64a-ad1ede57fcdc
2022-04-17,2e1b35f8-9cf2-42e2-bdab-8110ba69a3f4
2022-04-17,6692022b-ed6f-4c4e-b2fc-3af737f0415a
2022-04-17,4f8949b5-3e59-40a0-8f5e-8e94d977227b
2022-04-17,916c77bd-4f07-48bf-87d1-218c8899bb7a
2022-04-17,677c1bad-56fc-454c-a2ae-c22efec97b44
2022-04-17,d038d3eb-3267-4fde-b606-94b1b3fa3805
2022-04-17,ac90eb79-233a-47e0-99c7-c8f7b8372a57
2022-04-17,061f0727-842e-4427-ab91-503426d3cce0
2022-04-17,09ef0692-0593-4626-82bb-a5d50944b110
2022-04-18,be7494b0-3ef9-4f75-8e27-a34643c4ae4f
2022-04-18,0159e648-41c3-4c72-b61d-47f8c020902d
2022-04-18,64f58389-482e-4231-b3f5-02013f54cc55
2022-04-18,1d0e01e0-ec95-429f-b719-522942261222
2022-04-18,019f6a47-c6b9-4e39-bbcb-2a068bc35592
2022-04-19,2281e8d3-01e3-4c21-982d-c55d34c37a02
2022-04-19,f0419bd3-c888-4498-9e6f-7bb6b2122ddc
2022-04-19,8fc7df37-fd43-49ef-bc8b-eb10078bcd96
2022-04-19,12d2cace-6dcf-4f52-b9b4-4379a0133c93
2022-04-19,a7caf7a5-80ea-4bde-b395-c68647403c13
2022-04-19,268eaaf3-646a-4661-9c53-75049f1ca177
2022-04-19,f3419503-5f04-4c57-9cfe-64956a5ee318
2022-04-19,63261e7b-58bc-45a4-a551-898c1e91897e
2022-04-20,11d19b9d-0340-4a81-b8ed-4b07fe906c89
2022-04-21,d54755d0-4f04-400f-a41b-fdd67a22dd9f
2022-04-21,67847076-82e1-4400-8355-44db1b0e42e7
2022-04-22,239f69a7-64c5-4631-873f-9b4eadc60c28
2022-04-22,9a98071a-9f59-4b1c-b3b6-23e2965f88ae
2022-04-22,5d59a88d-6e38-40b2-86fc-8c5f0de6b055
2022-04-22,da2994cb-a9e6-401d-a838-e106bd6b34bd
2022-04-22,a610f8bc-acf6-44e3-9db0-5820658d45c0
2022-04-22,61a2ce83-cc7d-42ac-92e4-0d78b267534c
2022-04-22,8f021f89-d7bb-4f9e-9f12-7268cdb37b3d
2022-04-22,d205fb82-18bf-45a6-b4a5-a53adaca0a77
2022-04-22,a5195fdc-b324-4429-a1dd-5fe5291cb73a
2022-04-22,805c65a9-e0f0-424d-a13b-4b0e802569da
2022-04-22,7e7827a2-065d-4f9b-b3e2-763eed365d2d
2022-04-22,31cfa2ce-923e-4514-a70f-bbbae8228a88
2022-04-22,69182239-5de7-4c2e-9cf8-5c92c205b7ab
2022-04-23,e9b49e7c-ef82-4fbf-a21a-564e073add7e
2022-04-23,88482a9b-1e9c-4060-8bc9-797b3df2c939
2022-04-23,590c9ac1-3d70-41e2-a879-2fa0fffb287f
2022-04-23,d9f29fc9-56eb-44c8-9e90-2f8e4309a9ba
2022-04-23,a1ff5328-bb79-42a6-ac71-845f92b99c32
2022-04-23,288b608d-d33e-4fda-8858-46ec6bb34163
2022-04-23,c2ed275d-a4bc-47dd-af5e-958c24bc9bca
2022-04-24,7a468aea-0259-4d51-9b24-49a8a99d9290
2022-04-24,a7b70916-9a49-432f-9c5d-f9858715a5eb
2022-04-25,6b651d19-4044-451e-ad66-5c49bb8ee9f7
2022-04-25,b6f53766-1afe-454f-98d7-0f168cf9533a
2022-04-25,5f05c3b0-140a-42e5-9e17-e53a5283d972
2022-04-25,d3179269-fe38-4fd1-842b-748305cb7241
2022-04-25,72f8204c-12d0-4b46-aa9e-fa92eec00f1e
2022-04-25,d39946c1-b9ef-4b83-b62c-36294cb4251b
2022-04-25,d2bfdce7-8b95-47a2-a830-b41d49d9ed4a
2022-04-25,ffcb7950-d150-40ae-a6bf-f85f5c2b9702
2022-04-25,4e867678-a6fa-406a-8fa4-00108e5742f5
2022-04-25,7e66f39e-4fae-4fcd-87f4-b79b8e2a6d6c
2022-04-25,03d06cb9-039a-4ea5-b627-65235ad2cfc5
2022-04-25,d198a5ed-7606-4aea-ab0a-ba3bb283de93
2022-04-25,d54bcabf-d381-4287-b5b0-518d8fcbb2df
2022-04-25,acf00796-0aec-4e75-be5d-03740e1cc7fb
2022-04-26,e47ea1eb-bcaf-4b2b-a149-dadbc32cf1c2
2022-04-27,ba47fe23-ef52-45de-bc3a-269ab29ca7b1
2022-04-27,a33d4134-9abf-4450-aace-b8a100869df2
2022-04-27,133fefaf-27cb-4afe-941a-e4dee3aac348
2022-04-27,32ab5e40-956f-45bb-818c-6554980ef730
2022-04-27,2848ea38-27de-4501-a9f7-4f6cfc3bfd0f
2022-04-27,7445da0d-e1c2-4efe-b785-754187bafee3
2022-04-27,2700053b-a37f-40ae-aa8a-ff25c3c455d9
2022-04-28,b3b0bec6-c5d4-4b32-a447-eb5d3f0345af
2022-04-28,57fb5823-744a-4726-bbb2-8f877f10431b
2022-04-28,1bb8b14f-541f-4f76-8f27-a6bb6c25a8d6
2022-04-28,27ebab70-3886-4543-bd03-f2880e5ba24f
2022-04-28,201c48f8-acaf-46b8-a165-9d2ab03af8c5
2022-04-28,5b273c72-c525-4f82-acc9-7b86a4849d2f
2022-04-28,e04bf034-0d39-4313-aa33-6ea1c310a84d
2022-04-29,70fe23cf-743c-4e1a-8e83-ad6444cb138e
2022-04-29,bfca7f41-09bc-421c-826e-e3782eb23353
2022-04-29,9d6d7336-75fa-4108-832e-8f664e1a2140
2022-04-29,e34f7b02-2acd-4560-9d02-e5bf47d7d166
2022-04-29,c779104d-e1b4-43cf-a751-46609e948c79
2022-04-29,4797b6a1-f7af-414f-b89d-01523d78fe51
2022-04-29,607a8356-8347-47f1-ba03-de2eaf03b62d
2022-04-29,bb96078c-3639-4f9c-af77-e4cd13bdc936
2022-04-29,213374ed-dbfc-4f30-812e-837edac17726
2022-04-29,37ca3a69-a7df-4e9b-9c7e-c4a6258bb9be
2022-04-29,ea1aaa66-d5b8-4145-b04b-1724c87c00fd
2022-04-29,9c885ef2-f33c-4e2b-a16a-f6d1a1b4b53b
2022-04-29,682ea311-592c-450b-b6b4-12336b85cb25
2022-04-29,4765ef3e-8f9d-4998-b365-17573fa3c6a4
2022-04-29,49c48062-3da3-4fd9-960a-292583f4fedb
2022-04-30,bb23961b-7b5d-46b9-8514-37288c010da6
2022-04-30,d6f26559-890e-4194-b958-8879ff9364c7
2022-05-03,0c8fea93-bf4e-4a22-8396-e7e36f726244
2022-05-03,02b4d25f-3e28-469f-a0c0-a1a51d6bc1e9
2022-05-03,d98f16c9-92a0-41bc-8ab6-5bb3ad9b1b24
2022-05-03,7f489f9f-880f-4450-9cb3-0f191322c61f
2022-05-03,87dc21a9-7f41-47f2-a03b-d388228d8e96
2022-05-05,94ad9897-6a44-4333-a4a5-bf2499d679ba
2022-05-05,d64f265f-eb0b-4259-b036-23687d357d4b
2022-05-05,e8241d1d-044f-4f17-ab25-b39fd72a33a7
2022-05-05,9fc45686-ba72-4b2d-9d7b-3f91995c6b57
2022-05-05,dc766568-4a97-4a3d-bcc3-e0e91415aa60
2022-05-05,3eb711e8-844f-4666-ba70-e1cb38929968
2022-05-05,daf13bd5-a7b8-48b7-b7c1-11c752118134
2022-05-05,5a783f48-059a-422c-9d16-98b867e293fd
2022-05-07,1f8a8beb-e5e4-4ac8-a270-e4ec23471b79
2022-05-07,d8e8ced6-e2d0-46eb-9943-b9d9e9a2113a
2022-05-07,f04bafd8-d8d7-47d0-87fa-5279b8d18462
2022-05-07,dc7c9df8-c1c7-4ba1-91ce-2360c98de03f
2022-05-07,725bd626-8569-42d8-b2a3-4f775b4852e1
2022-05-07,9229a466-36df-42af-af19-56e616dd41ab
2022-05-07,564e7aa1-2d40-4b34-842f-004e596db30c
2022-05-07,8287e1b4-a6ef-4c96-8831-09ae64cc2818
2022-05-07,36a11611-3fee-4fe2-b5fe-4f6897b53c1d
2022-05-07,688723e1-16f5-49d2-9bc9-7e6fb3559954
2022-05-08,c4c6c0d0-6920-4922-aeb5-26599721856e
2022-05-08,3edb240b-7640-45af-b09e-d380aa4a7c6e
2022-05-08,acead604-2503-48a1-8f4a-8134cda63ed4
2022-05-08,310a2add-9582-40f4-9be0-5642ae31818c
2022-05-08,ac9eea3f-e704-4483-b22b-29fb45cfe76f
2022-05-09,24b5bb9a-0278-44bc-9a46-7bca094d5e33
2022-05-09,bb1aeaae-8c72-4edd-abcb-ed015868729b
2022-05-09,61dbfd00-70de-41f4-8571-2c26ca68dd67
2022-05-09,db2a1627-8b99-4933-b557-917f0dac03d4
2022-05-09,5db82e95-78fb-49a7-8894-4eed2f90188c
2022-05-09,9897e9ea-cac9-4416-a4bd-daa35d3943a7
2022-05-09,fa3bef1f-fd30-48ba-8508-c7f8125d7905
2022-05-09,a798bf77-25f9-4afa-b265-1cbd972d054f
2022-05-10,a18636cd-2b85-44e0-bbe9-608b78d6e58d
2022-05-10,03be8b3e-4f03-48d0-ae70-4a596484e2a0
2022-05-10,2a423582-13c9-45a1-83ad-d59bb5265941
2022-05-10,197f41db-8057-4470-a61a-24df92a08e16
2022-05-10,1dfc4a6d-2176-4ced-a45a-05ed887ac33f
2022-05-10,fec4b617-2857-4644-b0e7-aa13d5c612d9
2022-05-10,3b04d05e-7fe4-47f8-9395-7ab9a6611996
2022-05-10,84b87601-8587-4f63-9f09-aa597946f3bf
2022-05-11,2cebe94e-04b3-4f28-86a7-1544e5bcffc3
2022-05-11,c5faf235-5eb2-44fd-a393-f9777c6c1d62
2022-05-11,f472345c-59aa-40f1-8ace-aeed49574ac4
2022-05-11,4e876ef4-1312-4615-aa8c-822b4688396d
2022-05-11,10b9f763-0ec6-4464-83c4-e899ac8311f2
2022-05-11,5b0a30ed-2c6e-4c2a-954e-99a67ac2fd11
2022-05-11,32da567a-b2d8-472b-8890-f31a6eaef667
2022-05-11,c1d03631-a432-497e-8f7a-a25e1fdb9643
2022-05-11,3f382274-7dfa-4324-9a2d-2cb8c934c0bb
2022-05-11,f6ed8bce-0c5e-49d6-9ae1-bb2b2386e940
2022-05-11,1ea35761-6814-475d-a7ec-ac308c350dee
2022-05-11,1ba68aa8-26c0-4f93-b0ce-b17b721bf0af
2022-05-11,47a32880-af85-48eb-a93c-d530da99748d
2022-05-13,007552e5-f02c-4f57-81d6-a7642064852f
2022-05-13,28cbc288-d987-4996-a53e-8a26bf1c1d24
2022-05-13,0a23b707-4a89-472c-8c62-b4dc98dec130
2022-05-13,89afed7c-83fa-4e23-9163-a6de22945e68
2022-05-13,6250c7cc-f48c-4104-9d77-97d2900d20ed
2022-05-13,c4377747-3417-4261-8241-beb3a4ccdc16
2022-05-13,4ec45f80-5c83-48b0-b309-59eee290b872
2022-05-13,c0cb83b0-195e-4a5b-9dcf-27da8d5b1b2d
2022-05-13,81d20b25-ca54-497d-8898-63010cc65695
2022-05-13,4857a9f3-6f0c-460e-942d-838958261770
2022-05-13,2a936797-e8a6-4135-9258-8a19a2761876
2022-05-13,d52b44c8-f631-4a84-9638-0596e1ec74bc
2022-05-16,a4bba264-c403-45f5-86f5-b940a34aafc8
2022-05-16,2b5213b5-b7fe-4f18-a179-8ff4090d224a
2022-05-16,5b80348f-5889-4f25-b153-0fdd6d6e87cf
2022-05-16,c2e1fd3d-57a2-4ae7-a3d7-e8b948d31690
2022-05-16,d555fba3-f71c-4325-9442-4848fc41324e
2022-05-16,7ff4d90e-b42d-4413-a910-030c146a51a3
2022-05-16,cf8f1d49-e43a-4300-9ba2-b73ffdce8295
2022-05-16,361e406d-0c90-4474-ad3e-7d1c5002c115
2022-05-16,f92ee665-f1da-430d-9a61-0ba03b9fc4e3
2022-05-16,f4f0d415-bc23-4cf0-ba71-4e4c4dc77c4a
2022-05-16,1d7b2543-40f8-4899-9d3f-ace3ae2e08ed
2022-05-12,4aad9148-2cd2-47cf-9046-a3684411356d
2022-05-12,50e18417-d051-44bc-b060-6b5d14ca6125
2022-05-12,2681299f-bc50-4dfa-82dc-63c777ca0d9e
2022-05-12,4db9a621-bbad-4620-bd24-2c701a7e0217
2022-05-12,dbc82074-9998-4a4f-b96f-7d686be1afb6
2022-05-12,8db3b0bc-e9e8-4543-80e7-9661c7f93cfb
2022-05-12,8b3e5790-e198-44ec-b3fb-7200e97ecd34
2022-05-18,638c4ef4-ee82-4f54-a85d-c40417416f8b
2022-05-18,85515273-95d1-4a98-b312-a17eb451cce9
2022-05-18,edfdf26d-0e10-495b-bf66-489472fe3e5d
2022-05-18,fd71af2a-139a-45dd-a778-f4f40919d306
2022-05-18,3702e688-91c0-45e9-9b50-ca0c4090545e
2022-05-18,80fb22dc-422e-454f-9814-bcea18e04208
2022-05-18,e303753c-15af-4c0d-b84e-a9428e9da0cb
2022-05-18,20e606a4-b769-4c26-82f8-bb49d6b314b4
2022-05-18,c849563c-df71-42d0-b046-af32dfe2150c
2022-05-18,36079a16-099d-49d8-8926-e2d91eec6b21
2022-05-18,0cc2a2f8-214c-42f9-aebf-0cda6c2a3881
2022-05-18,1ab88192-b903-4dab-b77b-5c98f14af036
2022-05-18,360b0985-949a-45a5-af1a-bc25ce3ea7ba
2022-05-18,a35d5344-76fb-47ec-bd78-ca8b7b3d215e
2022-05-18,11f50744-ac99-4334-9f27-6a7c81b55d05
2022-05-18,b23efa1a-ac4d-43f2-8495-0ed86e094477
2022-05-18,f551029a-04aa-4417-8677-933cf49ed32e
2022-05-17,d3e771eb-f26a-4858-ac5b-e16ca9d5c2ff
2022-05-17,05444451-2e80-4340-86d6-0261aa97fed4
2022-05-17,43355744-a564-43f9-a7aa-8a0af4ef24eb
2022-05-17,160c7d5a-f73b-4fed-9a62-0c1a30a703ac
2022-05-17,ccfaf57d-d961-4fcb-ba1a-d506ad4f36e6
2022-05-19,17567868-56ef-4f96-81c7-845e028750d0
2022-05-19,49c8ddb1-6667-4087-9a46-078f707cc540
2022-05-19,cdcba0d3-f8be-4a34-9549-d9fba02ce995
2022-05-19,57148aa0-ef32-4eee-a8d9-c0e6960d694a
2022-05-19,cf28bc76-80fb-44da-bfd9-7edcb8b568b2
2022-05-20,28e5a693-9f10-42d7-9383-c93807bb7821
2022-05-20,a2b11a07-f439-41ae-ba28-c919c10f4b2f
2022-05-20,e462011a-eb10-4dd0-a9c5-001dc8c3369a
2022-05-20,1b2dc797-fc64-4ed2-b3cd-306fca6d0d10
2022-05-20,146cee90-ff4c-4923-bebd-2ef0acbaa8b2
2022-05-20,e73b637b-665e-4660-b2b8-93de9e7c29f8
2022-05-20,1831d8aa-d92f-45ee-8313-c175ea8984b4
2022-05-20,04b77e59-17b1-4553-b60a-4fd2224a8822
2022-05-20,9c9fd920-db39-42bb-9fca-f1a7a66e76de
2022-05-22,67b85dba-4aa7-4e1e-8a53-44284d814865
2022-05-22,1c0a999b-4ff3-4876-a4b8-0e38400485cc
2022-05-22,cafff469-dacf-4d36-9535-2b5555577171
2022-05-22,409bc5a6-9e34-40d0-832c-021271b6d874
2022-05-23,8eaac49d-f5f7-4a0a-b134-fd6604872914
2022-05-23,24f11fc1-2483-48f4-9d98-6cf8c1279e8c
2022-05-23,f0e97a91-217f-41b5-914b-faad9583f1e1
2022-05-23,1f2a8113-a4e1-43e8-b329-8835c7a95268
2022-05-23,a4dec125-a97b-402c-ab83-2c112132cf5c
2022-05-23,82041d3c-aabe-4be5-9ff9-b9e56392f288
2022-05-23,e8c9a158-6f97-4745-94f1-1fb2be51137d
2022-05-23,9947e00b-37e5-4321-8c53-275b415d1269
2022-05-23,d66c4d43-a3a2-49ea-a159-2f43b34b72d9
2022-05-23,098d9c2a-9594-430f-9ddf-25f2093bab2b
2022-05-23,66ca6e1b-dd13-47de-990e-89262050d931
2022-05-23,22ac5924-ed3a-4ede-b29f-8bfe33a6ae43
2022-05-23,23338899-8e8b-4801-9132-7fce3348d1a1
2022-05-23,8d1c3aee-60f3-4606-a92e-606d61547b21
2022-05-23,974b334d-5b4c-476c-960f-d60610ec723b
2022-05-24,d72dc264-f6a2-4e2d-aa14-ce6305e44818
2022-05-24,6bf9e449-a42c-4d72-85a2-8c47c148bed5
2022-05-24,5654e725-db2d-4bcc-8ff3-2a09dd230b73
2022-05-24,bc6f180a-2bfb-41f5-89c3-164728b2be69
2022-05-24,6c73c0aa-f872-426d-88c2-c2406b691772
2022-05-24,4af9b4a5-fe10-4fce-9174-cb126cf1d4f1
2022-05-24,dbec62cc-6439-47da-a5dd-ae6e9d28e960
2022-05-24,e7c58767-84df-4c4f-8ca2-a919acaf7cf4
2022-05-24,0d7fa06a-6c7a-40e3-b64f-ac4460677f10
2022-05-24,c04cdcf0-0ee7-41c9-9d92-187e1edcad83
2022-05-24,c53339f5-cb04-4746-80ed-0103b60198e8
2022-05-24,4d627684-acee-4c2b-9f85-89fae0aa89d9
2022-05-24,aad803b0-5b67-4399-98e1-f82be9dc1e02
2022-05-24,5908090a-3d70-4309-8dc4-1d54eba6a20d
2022-05-24,cdd21909-5562-4efa-a873-8d79033849fe
2022-05-24,4aca0588-e758-49b0-902f-923c4329fddd
2022-05-25,0d5911ba-22f2-41af-adff-bab39d7f92b5
2022-05-25,665b55cd-0d0a-49de-aa0f-9cfcd2bca35a
2022-05-25,4f2059af-698c-45b3-9636-e815b25f6225
2022-05-25,54fdeaa1-a4fb-40a4-93f0-1d8592b91bd3
2022-05-25,7ec98603-2c14-4a16-b440-58ba8ba0d9e9
2022-05-26,1da1c16b-fac7-47d6-8a9a-6c12f84099f0
2022-05-26,775cc446-8bf4-4eec-8c48-42b49d983b84
2022-05-26,2fc7a493-6ab7-46e3-a6d4-80a347b0faef
2022-05-26,8b4e0868-7abd-4121-acbd-6359c534fb6a
2022-05-26,19faf7e8-8621-4cc6-b3fc-0d70cdae7b23
2022-05-26,f42a67d2-862c-47dc-92ee-64318b431b4b
2022-05-26,f0e1b3c4-1ef2-4476-95db-64a44aa2d5ce
2022-05-26,b97cc7f8-7a54-44d2-8900-5756d043a92e
2022-05-26,eec4a2e0-82e1-4504-bb8b-5d54db7cd59c
2022-05-26,e534c62c-7c5b-4b13-8af0-37afcb657057
2022-05-27,21e566b2-0485-4152-95cc-cee2bc5d9e81
2022-05-27,812c647f-4fc5-45dc-b504-dd2de2425b0e
2022-05-27,2768b96a-ef8f-462a-b2b5-01c5af242a6e
2022-05-27,db71c0e4-5054-40ad-9881-3aa6e6f32043
2022-05-27,664deea9-1d27-43ac-8e70-f2a321a8e0d4
2022-05-27,82ee2432-3f6a-4e40-8df7-f48b377d7ff9
2022-05-27,4264633f-761b-4196-88ed-06b9bf851b58
2022-05-29,50d75a9e-45af-4383-979b-fc9044c84cad
2022-05-29,1a90548d-4584-4e87-9bc1-19227a163bfe
2022-05-29,43bd6d5b-3778-40b7-be22-5fcdeeae961d
2022-05-29,b1ae1380-3e81-4dc2-8e19-1cacff8c4885
2022-05-29,fb414fd4-2284-4427-bcb5-5c7416d4ae30
2022-05-29,09fd4e21-55f5-4acc-86a2-021eff5bfa21
2022-05-29,a085c4c7-20be-476e-8e3d-cfd9ca5dc925
2022-05-29,64e80109-5ba4-407f-8269-beeb9e0b9e6e
2022-05-29,6f34af8e-56a1-434d-8b64-8c87ff60c4e9
2022-05-29,7187027d-8c46-4dc3-af8b-675d15d33a4f
2022-05-29,62b34297-f04a-4fac-ac55-e30421d00771
2022-05-29,72f5da19-6252-493f-85a3-4b79e4cbd879
2022-05-30,90f4ce9c-9827-4ff9-8cc4-dc38e6f7f3a3
2022-05-30,64d201df-5558-4777-a393-00989fff2f85
2022-05-30,b8616706-c5ee-4dbd-acd9-b709538244db
2022-05-30,f74096da-ee20-44d7-8a53-2a93216c2cb9
2022-05-30,e5f87f5d-40dc-492b-9dd8-bf808ec278cc
2022-05-30,e6a97e11-a5e8-49a9-85a1-734ccc305377
2022-05-30,4c9e322a-209e-43b4-88b5-b7629c6ca6e7
2022-05-31,361a7cdb-d9dd-4b40-9306-bdf2596645a9
2022-05-31,51a9b93b-a725-46e2-8d64-f058b8042955
2022-05-31,f8c72588-99f4-4364-845a-e7b801007b4f
2022-05-31,1db76e3a-c76d-4e43-b46b-b05abc9a2d93
2022-05-31,d2389385-fa92-4f5b-b27b-2cd902cb29df
2022-05-31,6bc97bf1-fadf-49e6-8af1-6acf31558b0d
2022-05-31,97843785-d256-4467-af81-2ef90f7fefaf
2022-06-02,79cb1d0b-1eb9-49da-aa54-0ee6972a0b96
2022-06-02,3f1ae0a6-a154-4583-bea3-1637018e816a
2022-06-02,a41efaed-46ab-47a6-82ed-638fad36fd39
2022-06-02,db78f48f-6af0-4310-8869-35a328d6dd9d
2022-06-02,2b3f5e6b-b626-4c66-8c5a-cf71c43c119c
2022-06-02,feb21739-46d2-4308-b1ca-947395bebeca
2022-06-02,e5671058-e20f-482f-aacd-25d7e13f960d
2022-06-02,b8ea2a92-630e-40f6-8b58-8369c4506aa1
2022-06-02,0c5f05a4-ba47-4592-8bbe-80c7284d7282
2022-06-02,8fe8ac4a-9bb1-4a1d-b445-416dc20f6ef3
2022-06-02,8dc7e9eb-75e6-4f95-9a28-062ee41a506b
2022-06-02,26eeb2f8-0523-4370-b1f7-1919d6dc17ad
2022-06-02,3439451a-5ced-4605-a510-c98e9219c6dd
2022-06-02,f0d50326-42ea-4d05-8d27-5bda0d9cba37
2022-06-02,d494d7eb-1fcd-424c-9571-35912ec664d0
2022-06-02,e8a3d26a-6679-4659-9005-f5b4396cb1d7
2022-06-02,0fe50ef3-9b72-4323-97d6-677da3ad139e
2022-06-02,6996c3d2-e5d8-46c8-9cc4-648ea786cbfa
2022-06-02,feb92e10-0117-4b8b-923b-74bf6cf22a01
2022-06-02,a3c94e56-344d-48cc-8734-a5a7a00b80e7
2022-06-02,72a9f5c4-b36e-43da-a027-621abfdcdbe6
2022-06-02,f4064f66-fa4c-4d17-9105-068650cf20f8
2022-06-02,efff8020-b19e-428e-8120-15b5de5e650b
2022-06-02,f42793da-55f9-45ec-a9f3-18b9972cd4b1
2022-06-02,29de92cd-2ee7-49b2-b810-494c98250dec
2022-06-03,ee1669c8-4f5b-4c4d-8766-9df9be1a2701
2022-06-03,887d4948-0cf8-4495-b341-667633d9a894
2022-06-03,21c9486a-0f67-4d8f-be4b-c7cb77a62bb1
2022-06-03,49f2450e-2682-42b6-9c3f-1316bcb6dc40
2022-06-03,91deccd9-7e75-4b01-abbf-dff7f92f8eda
2022-06-03,02631385-98a8-437e-99ff-0c9a438c8cc4
2022-06-03,2aa21d36-abeb-424a-a7d9-2570301d6250
2022-06-03,406218f0-5122-4070-94a4-be2145c83149
2022-06-03,14e85662-f1aa-4855-a118-a1cc59fd6deb
2022-06-03,c43c6709-c450-496c-8208-f5bb06008634
2022-06-03,202a3acd-4834-475f-ba89-56370293f2d3
2022-06-03,ad1770da-0a05-419e-b7f5-a957508df64d
2022-06-03,5afe595f-f19a-43b4-9c05-47c237fc6895
2022-06-04,7ffccc04-abb3-4171-8500-81a0a7563304
2022-06-06,ef9ee2cc-f0ca-4be6-80c2-204051acb77a
2022-06-06,a369cc54-adee-46cb-b4bc-02a9fc4b07ad
2022-06-06,b4607580-7ac4-4a03-8a44-f42aea8ba124
2022-06-06,3432a966-bd2b-4f68-afeb-405ff13f2fce
2022-06-06,4b09c25d-317e-4170-8645-999dac0d2154
2022-06-06,03f88ac8-2d1d-4655-90f3-1e3725df34ba
2022-06-06,f2de0fb2-9c9c-4164-9a20-c29ff470d9f4
2022-06-06,3d534f32-b5b7-4fb4-a452-172e597405ea
2022-06-06,2bc9fa6a-656b-4145-bb77-55074e447d58
2022-06-06,aa0f3f3e-e731-4d75-acfd-008031ea3e70
2022-06-06,2c209424-4450-4c79-bee6-38ddceb2878d
2022-06-06,ed869235-847c-4669-895b-43b718e6e00a
2022-06-06,54f6ae4e-9459-4a43-b5f4-764eaf055af4
2022-06-06,7b785f3e-3ff9-4024-b568-6e388808529f
2022-06-06,40e900c0-03e2-4814-9dd1-ef0866003102
2022-06-06,18d3a2eb-0738-436f-b47f-1bca8218de26
2022-06-06,68aed83b-4f15-4d7a-81fb-257ee5e2d143
2022-06-06,10279ee7-89a4-4c24-b9bd-846d960bdc2d
2022-06-06,b777d026-dc00-44db-a4f5-851fe4ff2c45
2022-06-06,56a3a4eb-00e2-4c9d-b731-2a39e04ad5b9
2022-06-06,ab728a29-09f4-4ce5-8630-4c59295f4877
2022-06-06,2bf12f78-d58b-4c27-876c-aca72f6c0ca6
2022-06-06,65a16924-371f-47a4-bbc2-9a08223d8ae9
2022-06-07,5768fc2f-94fd-4b08-818f-5231b0f2aa4a
2022-06-07,e280421c-a359-465b-a94b-26899375ab26
2022-06-07,9ece2daf-d6d2-47e9-aaac-2d0721a338ed
2022-06-07,16339574-9357-463c-b732-ddcf2601c663
2022-06-07,9c05c519-4ea1-4703-9877-4516cc91fc1e
2022-06-08,9a650b8d-78d2-4c9a-93f3-7bd3b2adef2c
2022-06-08,d5cfd6cf-9dfc-4a1f-8b40-4528d6d2ed67
2022-06-08,945e3187-2368-40aa-8689-92b3361ce5e0
2022-06-08,c52d72a9-f955-416a-bd90-658deea0b0fa
2022-06-08,052f486b-b214-4667-be3f-0a9b8570275e
2022-06-08,a4255762-7e44-43cf-a673-fd84b6b70345
2022-06-08,70dd8a20-470d-4d82-929c-ac53a797f481
2022-06-08,a0412e01-84f8-4dd1-b52d-952d7444686e
2022-06-08,26456055-e8ea-40ed-a6b9-c06a7d9f8875
2022-06-08,807a7b6f-728e-4d9c-8565-04b811f1c25f
2022-06-08,edcf4298-f893-415f-86ea-6c5ef47df34d
2022-06-08,1b56a3fc-1702-4e19-8449-99a81241af1d
2022-06-09,29d543ce-f2d9-4614-aacc-7aa0ba802a53
2022-06-09,f9f1cd40-9c2f-4262-89e5-edad0492c699
2022-06-09,9ede08d8-d52d-47a8-b945-e99c954db196
2022-06-09,afb9a133-4ded-4559-9d7e-fb3c6b475dc8
2022-06-09,53db9d81-80d8-477f-ad9b-e1cfcd6b6696
2022-06-09,dd96c84e-3f42-46ae-92ad-ea5a12ab3e46
2022-06-09,10db363a-6bb1-40d0-ba30-882dce32dfb3
2022-06-09,a9fbeb08-8101-4e02-abfc-a29dbed302dc
2022-06-09,de64dee7-b0ac-4a98-8a74-77b48329e877
2022-06-09,212c57c9-af7b-4a69-9112-037183f52079
2022-06-09,e8665c07-ce75-45e5-8e6e-18ca5ada33d7
2022-06-09,238937a9-9e54-4eed-b777-35d543602010
2022-06-09,d8a88491-7ac1-4d69-93c2-f98c4ea0f9e5
2022-06-09,41c7d481-7337-43c4-96de-0b6ed077cdaa
2022-06-09,ee6a67dd-75b2-4429-bd32-195f8b0d393e
2022-06-09,6ab4bae8-2000-4d8c-8e8d-3f94abf61880
2022-06-09,7437e135-0548-48a1-b540-412806c92936
2022-06-10,e8413bac-4e10-443f-a334-c772a8a75428
2022-06-10,8ddb1a61-8f5b-45dd-985a-88a210a80d22
2022-06-10,a2964a8a-b421-4b11-82d1-9849747cb063
2022-06-10,f581fb88-331e-4f3f-9694-629d929c6845
2022-06-10,21441f0f-df31-47a1-8e46-09710d1dc6dc
2022-06-10,86aba98e-70cb-47e7-b4bf-aaa3ebe31bb4
2022-06-10,1a13f4bd-5cef-4414-bc51-50c620370bd7
2022-06-10,efbeb5b6-5e80-4644-aaf5-eafc8e339ca1
2022-06-10,d7013b60-95fd-472a-9283-3196e93f6ea6
2022-06-10,1ffb2613-8924-48cb-bf75-1e1778f283fc
2022-06-10,37343b95-4d19-4ac9-9972-321b01bce0ab
2022-06-10,e6887cdc-46bb-4fbf-8826-69c1d0edff7d
2022-06-10,bc6e8b4e-73be-4509-822c-e4bba685441a
2022-06-10,b75e0006-03a3-41c6-8d6f-538bf40e9516
2022-06-10,be8e96ea-8880-48c9-bc9c-211ef7661b76
2022-06-10,b54c51b0-7f4c-45a1-bc31-9df6a413e9fe
2022-06-10,8e4d5a89-cd81-4426-8423-9fbfb556b315
2022-06-10,9f293a49-ec50-41c5-9145-4761be4b8551
2022-06-11,2acf7c55-fcf4-4438-9f46-72fcd312913c
2022-06-11,92e50f94-bd99-4bd7-aeb5-77e4f1072fe7
2022-06-12,0bcbef6e-1b20-47e9-a125-228504e41c30
2022-06-12,553abb5f-621f-4c82-bf66-adc6163ae41d
2022-06-12,097210a9-c427-43f7-abe1-50195984b136
2022-06-12,5168c882-4c1e-4ab4-a799-72d1469c4add
2022-06-12,924a3e6b-6434-426f-8b9a-fe2445a6d510
2022-06-12,6e509e0d-c879-48d5-a8b9-07d1f7ed7377
2022-06-12,fd10eaa8-5390-4989-a29b-577614733afa
2022-06-12,14f820ef-3595-48f2-8e35-4c5026579351
2022-06-12,67d75b96-6d07-4454-88be-63ad12b56fb6
2022-06-12,11b77784-41af-496c-abc2-6a453c442127
2022-06-12,4dff80b3-d0d6-41e9-8f1e-ad7d0d3cd52e
2022-06-12,ab2337b0-af3d-4f91-9ab0-97099f1e50dc
2022-06-12,8079769d-c7be-46f8-8d25-2975e267b48e
2022-06-12,f89374ba-5da7-458c-b062-5a27ede0a8d2
2022-06-12,80400236-afc1-43ea-8378-2b3d013909fd
2022-06-12,fc6c73fc-d6f9-4d2a-aba2-52f217857745
2022-06-12,24a5353a-f724-4fad-8f8b-4c70dbb6f24b
2022-06-13,e330f907-0123-47bf-bc8d-4c37cfdd6ed6
2022-06-13,3fdd37d0-6cfa-4d6f-866b-91b25d3f9ad4
2022-06-13,545ddf61-a31e-4f95-bf03-00a281b6141b
2022-06-13,5f59deca-e729-41d7-a6ec-b3778fa75a29
2022-06-13,3fa392eb-7a8e-4f52-9c05-b63a2b51144d
2022-06-13,d216ee6c-2209-480f-a845-0ef983dfee56
2022-06-13,c8db230e-4a55-415b-81f2-e153789b3cd4
2022-06-13,6585676e-f89e-45bf-953b-a0bedebb58eb
2022-06-14,9f332ee3-8665-4fe0-a87d-900be641e6bc
2022-06-14,ff80034a-996c-41bc-bd26-97f79cd447a8
2022-06-14,61b5138a-0cf2-4b3a-836d-c91a87a03384
2022-06-14,109049c4-0e53-42cd-88d5-02b54c65d87a
2022-06-14,5255a455-9dbe-4d6a-a45d-96a3f8c75287
2022-06-14,8f0665b9-fa11-46c0-9794-3523ae1d3837
2022-06-14,b36df823-44c2-4650-96f8-f6e64e164e5a
2022-06-14,490d23b3-4060-4c42-aa8b-2bbf15419653
2022-06-14,4b82c200-5d4a-46bb-9380-877e1e9ee48d
2022-06-14,76e29e2a-c8a1-497a-bb05-27b16a03a209
2022-06-14,a2893566-1153-4949-b60f-7bc613b7bc9c
2022-06-14,7df38d01-eb34-4375-84e2-5f31497d6315
2022-06-14,064e8832-e361-48ea-b636-cc2ea2a3b5cc
2022-06-14,02e8c505-7f15-45af-9314-1a7b84484180
2022-06-15,cc0eacf3-cd75-41ac-99b3-c3c60488e2be
2022-06-15,15c1f928-b003-4cba-81bc-2a581f6e2e89
2022-06-15,0a70277f-a7f9-401c-95fa-ed6d96ee32e0
2022-06-15,1bc86955-14f2-4bca-ba3d-fa667ab55b95
2022-06-15,c39065a2-8f8a-468d-8ebb-b08e5417a129
2022-06-15,99e3ba29-4d2f-4acd-b260-69bc98c86103
2022-06-15,766221e7-a753-444f-aa5a-ae76ce86d3fd
2022-06-15,e869b3b3-fa6c-4f20-92d2-e22b9dc795c9
2022-06-15,0ef0aca6-da69-4972-8efd-b7265ad9f2ff
2022-06-15,2e5a1419-ec05-43ca-827e-4de3a66523b9
2022-06-15,fad26463-e1e9-4d91-a674-0b4053691c67
2022-06-16,989aec64-017a-4185-acfd-8e5d978e89d4
2022-06-16,b38947b4-fba5-41b9-87af-0c2e7387af58
2022-06-16,a9df673c-0a00-4d1a-b41d-c2c2c419a923
2022-06-16,c2fe3591-7533-4cc9-9d83-8c69bad26895
2022-06-16,134dda9a-bb29-421e-bcf5-5e1f5a5c6c60
2022-06-16,1532f1eb-69d4-4ecc-8faa-f9797f719fc6
2022-06-16,61083943-9d3c-40c1-83a9-8b8c5f1a1e35
2022-06-16,dbd5c545-01dc-4045-8476-1417f7ab7039
2022-06-16,9404d674-a362-4991-9943-c1fe5ff833b7
2022-06-16,8ee80899-3faa-42d6-bebc-d905a6032115
2022-06-16,71ef635e-dd66-4b89-b1a8-fcef3e889abd
2022-06-16,774c15b1-9e2a-456a-8c4d-829fe1ccbd38
2022-06-16,f4b98a83-ea59-470b-96e5-ef23153026e6
2022-06-17,5e0eed73-94c9-40d4-a445-2668ee174e63
2022-06-17,9496347f-bf46-4f02-9019-a6a3c43ddcbd
2022-06-17,97e3bd6e-d545-4c46-9f4b-610bb85f0ba1
2022-06-17,5fb33e9f-de6c-4e19-9648-9b893fdac711
2022-06-17,a7a81747-a925-4a17-9d57-db3ae6e24c04
2022-06-17,547d3965-a39f-4da4-9440-07b6e66704ae
2022-06-17,b7aa7731-c7d3-4d48-9d61-9dd7b486465e
2022-06-17,74cf53d9-e303-47b9-97db-300312b4747b
2022-06-17,b1853036-b633-4c16-959b-f1afb0369847
2022-06-17,78121311-f2cf-440a-a5b9-c05ef023546c
2022-06-18,e97559d0-555f-4389-b863-f7299a7b2fee
2022-06-20,44f74b70-a7c1-4e91-9e71-e0ae92e690ba
2022-06-20,3daddfb4-b090-40aa-b15e-46e5c7a9946d
2022-06-20,71e537b2-2587-405c-8b16-e146905ea2b3
2022-06-20,1b7254c0-b08e-4bdf-9134-653530f7ec80
2022-06-20,5b6a5102-f68e-42c4-a120-ce9d798c7d9a
2022-06-20,aad595ed-10bb-4afe-8e0d-0795e695cd06
2022-06-20,0c3c45a6-f9ae-45f0-a8d1-a644db7d4c45
2022-06-20,fd62ff3e-1dd6-4f14-b17d-df2e45f547be
2022-06-20,f63150c4-d43d-461b-bd62-650e233ba23d
2022-06-20,e5249357-8b8f-4153-96b0-ec71d5ac7af5
2022-06-20,2a32e27b-b986-48b5-9b61-05c08efcb7ce
2022-06-20,1c7423ad-de91-4107-868a-a7a2336416ca
2022-06-20,062fb1d9-5318-4b04-a46c-ba2e1b20112a
2022-06-20,5341ebe5-d686-44d6-afc9-9e3ed1935ade
2022-06-21,07712a2d-901e-411b-bba9-58085e49dd3a
2022-06-21,9ae6cb6b-befd-4c78-8fc3-b8619dee3364
2022-06-21,8052f118-50bc-40e4-91b0-9db084c8f8f4
2022-06-21,76c3430c-dc1b-47ed-bae1-e45c68c031b2
2022-06-21,8fb59178-dc77-4558-a10e-a4403a4147a5
2022-06-21,7cd563a7-bbb6-4928-8198-c593e0fa43ce
2022-06-21,a6bbdb7b-adf5-4e57-a05d-2deb80b763cf
2022-06-21,59a1985a-7e0f-4880-a456-e3cb1189a076
2022-06-21,e8859054-41a7-441c-b883-e0cbe096373f
2022-06-21,30a79f37-4698-446d-b57b-44e933f2d047
2022-06-21,aa47be53-ec41-48a6-81a9-09860111e960
2022-06-21,7f9f87cb-5f96-4bf2-b6ad-e7d7dcff0cb3
2022-06-21,f2e1973d-863c-4b8d-a155-596a86c3283b
2022-06-21,b9cc331c-a392-4d82-9970-0cba129d0e7f
2022-06-21,325bfb9e-bc95-4909-a622-1897865b1b4c
2022-06-22,b6b7e33e-9c26-47e2-90b2-0296e1051280
2022-06-22,087664ac-3712-4acc-ba36-23948145f595
2022-06-22,019ed8ba-d889-42be-871a-d8919e9641d4
2022-06-22,dba17c61-f294-4719-9b41-e8d668f2eb0e
2022-06-22,24086f11-39c4-4395-9a43-1e75e0378e1d
2022-06-22,9d5ee785-c365-4cbe-93f2-b2782b78b73c
2022-06-22,0c10f240-e0af-4d59-87aa-b06871c92c79
2022-06-22,93d2aafb-534d-4a61-9a7d-417d7f8f24ae
2022-06-22,bbf4bed3-43e6-4659-9750-6688ad28f0ef
2022-06-22,6cfac1a4-3e21-4ab8-b5fb-b586aa667e64
2022-06-22,fc9ad16e-2ce6-41e7-8b6c-0e94ebf46374
2022-06-22,48ab9738-5740-4416-bb8c-53aaa3ca0874
2022-06-23,f8b154ac-c2fe-4523-893b-1a847a8861a0
2022-06-23,0d719a50-8134-4caa-b82f-d80f25198dd0
2022-06-23,b5cce9d4-5d00-4d0a-ae0a-3707d26bbe44
2022-06-23,f4f17fdf-c4c1-4570-8255-a4c0490fcd42
2022-06-23,687d74d2-e4bb-4496-ab5a-6972ab0ce4a3
2022-06-23,2c4f8acf-fceb-4755-b13f-a03a1501a60c
2022-06-23,b00873eb-2b52-41cf-82bb-52f2116d9178
2022-06-23,0423e41f-911f-495d-86b6-de3547fe27e4
2022-06-23,e02a70fe-65b2-4f94-940b-6e1db93e6e47
2022-06-23,5d06b236-6c80-470f-88aa-c9e20cfdc5e8
2022-06-23,9a95b0be-ab73-4c45-8025-9950d19bd0d2
2022-06-23,a3bd1798-53fd-4b32-8bed-833562c95f22
2022-06-23,0dae657a-7558-432e-a5f6-f655124dbd60
2022-06-23,6c73da9c-a661-4087-a238-d6787ba41d32
2022-06-24,ef88db61-a5cb-4395-888b-5c2a8e2bf65c
2022-06-24,d6aeb2a6-d0f1-409e-9006-b78c3094ba74
2022-06-24,594692ba-4154-44cb-9e43-f4fc936b322e
2022-06-24,0a4b3f76-c472-4414-8e62-4d0114ee38ac
2022-06-24,e34ff214-b5cb-4551-94ad-16a7d9a9de9e
2022-06-24,022781f3-5117-416e-8fb0-c5d5452edbfb
2022-06-24,6a0857b7-719b-4e8e-ad30-cecf2a3083a6
2022-06-24,96bb4501-7ecb-4d94-966a-d442ebb06451
2022-06-24,bcd32661-a570-442c-83b9-9dcb4f87f40a
2022-06-24,8fb022e0-6144-480e-9af5-1d520d90768f
2022-06-24,d2097fc6-5f3d-4acc-b7e9-9d401a8d702e
2022-06-24,5d1e6a8e-415c-4888-8ad8-7b964c8b5e1e
2022-06-26,d7a4786b-a814-47c1-9881-027289cb4228
2022-06-26,c6350ec8-a756-4107-b64a-f6060410b65b
2022-06-26,603bca14-bd4c-4665-93b8-626b357176a6
2022-06-26,f22593fa-5ee6-4969-b309-704e462f77dd
2022-06-26,c5bbe5d0-07ef-4b13-8067-e17477ea1aa9
2022-06-26,13b5ee4d-ba3c-4d91-909b-bb1979459019
2022-06-27,c9525991-1846-4c1f-b33c-c886a398f188
2022-06-27,94ee81b5-d0ef-44b3-9dcb-e59d3be6bb79
2022-06-27,7ad18345-688f-478b-a112-740b5893f6d6
2022-06-27,781f92c5-8373-4103-ae76-19eee98fa5c8
2022-06-28,7a7a43aa-fb67-48bd-82de-c60590a9d1be
2022-06-28,aeba3521-5992-4801-8b2b-eee272186792
2022-06-28,06c90d80-1137-4260-85c5-c5314f9fba76
2022-06-28,803ebb7e-acf1-4f31-a775-f696a5643fd6
2022-06-28,6baa3bb6-e77f-4bd4-8765-1f75305a54b5
2022-06-28,126b40ff-cb71-47da-a21f-73f2f4d150d7
2022-06-28,e0af2a7d-221f-481e-82d6-12f34399c2e0
2022-06-28,a8c8cdc4-a549-4339-ad14-2a071aae3b81
2022-06-28,2ebaba05-c824-4346-ab66-44571eb0ece6
2022-06-28,a222a91c-40df-4dbc-a719-f4dafd78f63d
2022-06-28,d4afaa7a-827f-4766-b0ec-20b458750a39
2022-06-28,ab96db67-b398-4bb8-a79c-a41a1ae938cc
2022-06-28,c2a9a291-8dce-43be-8afb-614bca9df370
2022-06-28,e0868c6b-0f89-47da-adc6-dba20b96ac37
2022-06-29,57246ac3-bafd-4586-9070-20355a8e068d
2022-06-29,896fdc24-c52f-442f-a829-2458b2fbd4a4
2022-06-29,14920dc7-ac51-4193-ad7a-43439a185199
2022-06-29,c632c71d-8580-40dd-b3f4-5e2da0ff5443
2022-06-29,bbbef7bd-d950-464f-9b33-1b2ead00fde3
2022-06-29,cb864ab2-e8da-4271-b1fe-e7adbea45488
2022-06-29,a87643a1-b9e0-4a64-b322-ef4931d4dc65
2022-06-29,af4d884c-b791-4ed0-8eb4-23d2cf11e004
2022-06-29,dc6cb3d3-b79d-491a-9bcc-0fbab83cea16
2022-06-29,0500f8ef-5c86-44b0-ad3e-ae6c7631bd23
2022-06-29,9e81abcb-32c7-4f44-9be2-abbcb5ec780c
2022-06-29,8f20a89d-e0dc-4099-a2ba-3d02a81b8f6a
2022-06-30,f357b762-e953-4b6c-9b7c-d9afd8a9b992
2022-06-30,b648a733-8897-4b5b-b97f-4c7bcc5d5191
2022-06-30,21ee39b4-401a-44e6-8360-448ee6249b05
2022-06-30,a087cc99-848e-493c-a3eb-114eba53a8f2
2022-06-30,e50e8c49-a691-4c4b-bcf6-f93361caf371
2022-06-30,120c7c3f-ea91-4228-83e3-0036bf26de3c
2022-06-30,7eb0e13f-5137-4829-aa5d-c51b65f0a547
2022-06-30,d9b6aeac-b7f1-4ce0-a610-1eae4181dc48
2022-07-01,e328fadf-60f5-446c-8046-1b835387ae33
2022-07-01,41de5b8a-5372-4d93-993a-007e7300b5a2
2022-07-01,500a9860-e9ac-4e92-81b2-3653cf773b5d
2022-07-01,d482386a-778a-4bc4-9a0d-53479a54e91d
2022-07-01,817be119-574b-4484-8f31-c7525592146e
2022-07-01,7e0956d3-53e8-4b5c-bd8a-869aa132f336
2022-07-04,892b7921-9a9f-476e-bbc1-2aee34c97d06
2022-07-04,62818177-77db-409d-9625-ac7b7faafd94
2022-07-04,b034b8ba-c9d7-44db-aae1-979c099f7a8d
2022-07-04,a0b19846-e173-497e-b1dc-5464ee4763fa
2022-07-04,601a3844-d1fd-49f5-b841-c075e1b9cc8f
2022-07-04,e8e6890a-dc54-48d5-bde8-68383847b72a
2022-07-04,8a74affb-dd30-4c77-9357-78ed7dc024df
2022-07-04,d6efa52c-166c-4533-a178-7052f82ff3eb
2022-07-04,fa03ad16-81b2-4a37-ab06-bb2eb920d3dc
2022-07-04,2a23b25c-2be1-49c5-baeb-253445f8a9a3
2022-07-04,91cc183c-7a19-4e0d-a0ea-34128a47bd1a
2022-07-04,a07b4458-1a25-416f-8d7d-42496b3b3c92
2022-07-04,9d6b68c9-af33-4bc6-a1d0-ee5ac7ad6a78
2022-07-04,f81a2d3f-94a0-446c-877a-da8adcc18dd0
2022-07-04,a4032c53-e078-486e-8d5d-3177f253a8c5
2022-07-04,052c629b-dce1-4ccb-a7b3-6aa8dce093d3
2022-07-04,8eb33673-ef15-40c5-829d-69426508ca21
2022-07-04,4820e71b-4b48-4d47-b0b7-1d75a96fa848
2022-07-04,b9f85cd8-0705-45ac-9852-ed2f8eebc1fe
2022-07-04,8f84c6c2-119d-4fcc-8a6c-f763c4d6b6cf
2022-07-04,2a43d576-fd1a-4611-8531-3af811e99626
2022-07-04,9069022c-1978-4917-8b5a-28c6affaf2a2
2022-07-04,ae4eb878-5edc-49a9-9310-0cff7c8e3a0a
2022-07-04,0b318c45-d5bc-41a7-90bb-fd51f3fdb5fc
2022-07-04,d1caa30b-d800-40da-86a4-18ebc2ff9f63
2022-07-05,071634f4-d1b8-4659-9a77-32a8694fd7e9
2022-07-05,c09c34c8-faee-4c89-ae6b-ee636302b950
2022-07-05,7b3fd4f3-7d31-47cc-abe5-a0126a1bbfbe
2022-07-05,00c00400-f876-4b41-be49-fe774cce542c
2022-07-05,a264f907-ffbb-475f-8ae9-380d72e90939
2022-07-05,1052a3a8-9468-4a65-a46c-82c15c062231
2022-07-05,c13e28a4-2874-495d-b7b6-4ef6c72f467f
2022-07-05,3e79db7e-0ea3-412b-ad75-4ef00801481c
2022-07-05,50290f00-6ba3-4887-82e1-87622447e54c
2022-07-05,af533eb9-ab73-4eef-8de8-1a6aef722a51
2022-07-05,f309dd2d-6f03-4962-98b6-321b5418ba08
2022-07-06,7072868f-fb8a-456b-a4c9-3526dcd19941
2022-07-06,288bcd2c-9e06-4740-9719-fe1e7aaec951
2022-07-06,4c6c361e-0c4a-4131-8e89-c60683697bb3
2022-07-06,80840c31-954e-4e78-8b98-59d7f8bfef39
2022-07-06,9d9178f3-8313-42d0-b2f1-6cac395283c9
2022-07-06,989bdb58-f369-4fd2-acdc-f0e96bbe4563
2022-07-07,357c7740-cf79-47ea-9fd1-a0fa04df030c
2022-07-07,1606ba75-4cea-4940-bb39-3a85519d27f3
2022-07-07,51cbcbd0-d9a0-4a50-b721-0657d94d77cb
2022-07-07,20bf04dc-6f4e-44ba-b4d4-6248f9ab6d89
2022-07-07,dbb32c84-7b1f-4321-8fdc-1e287031e082
2022-07-07,8a4fb58a-80f4-4b90-9e9d-9ab0f3fa612c
2022-07-07,1baaa5fb-a1dd-46aa-9f68-5c167077af2c
2022-07-07,4bbdbab9-7afa-4f8d-9e2c-50c84174b381
2022-07-08,5aa71ce0-a0b7-44ce-8105-f9148bd4a51a
2022-07-08,665c7c99-dfed-498b-aa83-ef6a306fd5de
2022-07-08,b6a0c1c6-f2d4-449f-8d31-35cd817923d2
2022-07-08,c8ddbb0c-6035-45f8-8dbd-2e23bccbcc67
2022-07-08,4b331fa0-0f28-4387-9acb-82877e303f20
2022-07-08,529774cf-a177-4753-8cd0-b9fc4afb431f
2022-07-08,2be44c8c-bf8c-452b-b8e6-458691d7dea1
2022-07-08,5a5d72fe-e4cd-486c-b554-6d60dfab2b10
2022-07-08,33dc76c8-e4ba-4d25-9168-c7d0b17111f1
2022-07-09,647288cb-cb92-47c0-9c8d-0f8369bd7841
2022-07-09,e57d2f4f-7e53-444c-837e-8a40e0b8de67
2022-07-09,d2709ce4-9f64-48c2-8a3b-00f84c9f59df
2022-07-09,e3df1ee7-a47c-4cab-826d-cef962db8eef
2022-07-09,19464384-61b2-4b7a-8f7f-27ca9ff1e1ad
2022-07-09,d1288692-1e09-4fea-9ef1-af7ccfd8fd31
2022-07-09,392e988f-9f9f-4ca8-bb41-5ba50f420988
2022-07-09,8821dc42-2f29-4740-9771-31a0ef396a7e
2022-07-10,b2293785-0bf7-41e0-9900-19a87496f1c4
2022-07-10,c700d296-02b3-4107-9be5-d3e831be76b2
2022-07-10,8e673f5a-d216-47ce-ac02-1be931c80326
2022-07-10,f441a642-2559-4924-b43e-dbb7024afa68
2022-07-10,f85afe6c-9dd4-4aff-95ca-c2605743d724
2022-07-11,e016705b-3a61-4d70-959e-e593fd3d171e
2022-07-11,4134f9f3-0208-498f-8453-a3ca58c37304
2022-07-11,bbfa7867-4f4e-4973-b612-cfc695d7150e
2022-07-11,16ca3ea0-8674-403c-b64f-614c7c8fa4cd
2022-07-11,e023867a-76bd-4951-8623-c28044438f5f
2022-07-11,edb3e2ca-03e3-4e3d-b14c-c842dc731e9d
2022-07-11,ef5f08a4-9c07-4fe4-b98d-07c841ac562b
2022-07-11,01b89367-d1c2-44c6-908c-8f07ca9b73fe
2022-07-11,03f41e84-6941-4b34-ac9b-77f12ab7b795
2022-07-11,eac921a8-5368-447f-86be-6eaed00344de
2022-07-11,bcb05d9c-9d0c-4332-a7e9-ff86293907ab
2022-07-12,120333c1-28e3-4ec1-925e-ead1c8b2fccd
2022-07-12,86160cff-fb93-4fe1-b79d-22e72fecdea3
2022-07-12,889dfa1e-3972-457b-b100-8f6620ab7382
2022-07-12,630f9b30-85b8-4cec-ae6e-a9c84d1cbf42
2022-07-12,40c8807d-ed38-43a3-bb2d-373b37dd9b74
2022-07-12,b5520f10-d355-454a-ab28-8635541d54f5
2022-07-12,2a14a366-b61a-47a8-9978-024ec7c63fbd
2022-07-12,1fa20b80-49b9-425e-815e-52f28c3cf83d
2022-07-12,e6129dac-786a-4e31-bfab-268c6b7d0bbf
2022-07-12,995eb2e7-1710-4dac-a813-00c300793d06
2022-07-12,4513053c-b2d9-4e22-bda0-4d33e09837b5
2022-07-12,dee1ff8b-482a-489c-b815-d758282ae94e
2022-07-12,d3db3284-c6d4-43cd-ae28-eecb47c65873
2022-07-12,99eed141-a490-42c4-9567-b19bbf388d38
2022-07-13,ede2eba4-6c6e-4562-835c-c3f3ada5edc5
2022-07-13,e1b26a07-11df-4d5c-9a77-b6c362ead31c
2022-07-13,ee3cd8c8-876c-4bf2-a4e4-b714158451c9
2022-07-13,7ef6fa0a-89a4-4894-8956-8f1a9c088c4e
2022-07-13,6ed9cfe8-438b-4c44-adac-624eeb19f11a
2022-07-13,99abc11c-6c71-4cc8-82f4-a41b9d558f35
2022-07-13,67067ef3-9c86-43b4-afce-410310656e5f
2022-07-13,e4cf541b-c1a1-4048-bf04-533d94ba5be3
2022-07-13,85ad993b-ef80-48c4-89b4-c903fe43e76a
2022-07-13,034fa8d3-d039-4931-a990-7fabb397b116
2022-07-13,f4c5d02e-7460-4f80-8b75-58979781a4b4
2022-07-13,93f956fc-4add-45e5-aac8-1ab944a4d2a4
2022-07-13,63b27dd4-b5c3-45e2-9b14-f5425c3b93e1
2022-07-13,88ac888f-39fe-4a6d-b55a-68d35a74a46a
2022-07-13,db09a6b1-9831-4186-bf08-9739d4202625
2022-07-14,3568e924-df65-4819-ad59-10837033cf73
2022-07-14,7816ee7e-e0df-4bcb-b723-f38b3340b4a2
2022-07-14,1350cd2b-577d-4ff8-9c66-bae21d95c245
2022-07-14,6f58e2ab-2149-4c5a-a8ce-4b69a90773fe
2022-07-14,c9f332bd-4c69-4758-8f50-874c3d38f14a
2022-07-14,62286d43-67de-4c06-929c-8b8e3a865ea3
2022-07-14,2645aae8-e049-4f7c-bc5e-4e4d7a92572e
2022-07-15,65a1c0c2-62f3-467a-afc5-0a021a9bfc39
2022-07-15,1754e715-81f7-451c-a6e0-6fc2ee393835
2022-07-15,c344f112-416b-43b3-8386-488370edd392
2022-07-15,9c9ca02c-ca33-42b9-a9cf-a1d1b2d27d71
2022-07-15,2710edda-01e1-4524-acab-3e7207f50611
2022-07-15,325f7c1c-3c44-4468-a622-64b55806c7f2
2022-07-15,4ab46a33-3202-4500-be1b-c31ef3834176
2022-07-15,7fb482ad-515d-4d41-ba6d-cb3efc1bef05
2022-07-15,1ca4bf47-b757-48f1-ae2a-39b7f7c30679
2022-07-15,b7ddceb4-0fd1-4772-a234-9bb85d885728
2022-07-15,06be5e1c-8db4-4b20-8c90-1dc13b8dea96
2022-07-15,50e0866b-5cdd-4210-9063-61d52341a91b
2022-07-15,64933a41-6a30-4e04-abef-fb229065c75a
2022-07-15,0ed559de-6a43-4535-88c4-fb838802543f
2022-07-15,fb6b248c-3521-4b30-b598-2169fc4bcdde
2022-07-15,9297aaf7-498d-4428-97b5-4180e2ac37f9
2022-07-15,2a3a3022-019a-4978-be34-c8abd5f81c0a
2022-07-18,8a76aaaf-3b13-49cf-af57-51fd9dd60d2a
2022-07-18,26034e3f-f429-46b9-b5d9-c842ea6d551c
2022-07-18,6b7117d1-1dee-4e16-917e-8372d1a995de
2022-07-18,d24c7d64-efb8-4364-8511-63226988341c
2022-07-18,632d691e-c4f7-417b-9754-37bb1c06a3d2
2022-07-18,5a6d3554-3534-436e-814c-1f3367d5146f
2022-07-18,072cd1c7-21ae-4642-977d-ef034e6d9901
2022-07-18,4722208d-124c-480a-b8f5-6fd0909b6258
2022-07-18,cca64e5e-6dcf-4e1b-b2a8-8715d919fd04
2022-07-18,d6de7005-5b24-4c55-934c-edb43f3c93da
2022-07-18,d243198e-aae1-4ce9-b7a4-83a9c73264db
2022-07-18,91b57eb6-fa48-4e53-bd35-eeb68f7ac21d
2022-07-18,bafe5fc2-8c58-4c5e-a73e-6c47f3e5d880
2022-07-18,89bd0ef6-bb6d-4c18-8984-9be28f6b4af0
2022-07-18,342a574b-f528-4e86-842e-d11631525a09
2022-07-19,7e96f3f1-95d0-4689-8462-1863cd38a502
2022-07-19,8ba429e5-8615-43a0-8c3e-911343c5e860
2022-07-19,84f53d90-42fb-4d93-94ea-118fbd9ed8e3
2022-07-19,2fc20ba6-ce1e-4473-9aa3-74f5eb55f0fc
2022-07-19,dc9b3579-4dfc-4673-8390-322ed8434749
2022-07-19,2039ad18-bcc7-4f77-a38f-e531733b2d6c
2022-07-19,566df49f-7957-4d6a-9988-0358237f6241
2022-07-19,d39463e6-45e2-4a98-ae7d-24e2fd93a8d4
2022-07-19,c0881ec7-284b-41a5-90d9-f4127fa9f373
2022-07-19,a0b981a8-5258-4fa8-a9c8-dc13d233bb9c
2022-07-20,07d073f3-d749-4a78-bc20-099d23ba93b3
2022-07-20,c286712e-4837-4bad-b9ed-ce502ef86dbe
2022-07-20,114897d8-29d8-4211-8684-43db14cac6f5
2022-07-20,708bdac9-9442-410b-8475-cfaf305e8fcb
2022-07-20,12611460-9f54-45c0-869d-aedcba4b08b0
2022-07-20,529142f0-e8a6-4cda-8b79-6663cc875d72
2022-07-20,ecc7c3f4-8f14-4581-b48e-6510ffccfd7a
2022-07-20,44b8bc74-709f-4c70-9dc4-ab85f9e16f8e
2022-07-23,36ecdaf1-0269-4875-8352-b8d92bfb59a1
2022-07-23,f6c3e7e9-a081-4a55-98d7-d42c35f1dcc8
2022-07-23,5e3a181e-481c-458c-8da9-76ee6402542d
2022-07-23,15bb5cb0-6a51-42b9-b797-bd5f6c51a747
2022-07-23,55cc4173-339b-4aa7-a0db-1eb2a49a3f18
2022-07-23,57d37649-db65-4d7b-b1bd-2fefffaf4d62
2022-07-23,a049c143-9c9c-4551-93af-dbcf46fe6abe
2022-07-23,384d47b9-2f2e-43ba-a27f-be52e77a219a
2022-07-23,a572d366-aa72-49f8-8799-479135b34cf9
2022-07-23,597b9fe8-db0c-406b-a9d6-31bfbe9093af
2022-07-23,bb18a84e-4d47-43fb-ac30-d50e094532ee
2022-07-25,b197d5f1-1d9d-4c83-919b-e3ebec593631
2022-07-25,96e3c73b-8180-4c7e-b877-08dcfcfaa49a
2022-07-25,1cc32a93-8bbe-4b6b-8bfb-903c55fee6f6
2022-07-25,2d887695-7560-488b-8709-cb16704ef59a
2022-07-25,068120bd-c5f8-4f21-80ce-296bf2f9e78b
2022-07-25,6a193d19-00f0-42f5-a66b-52e432d1e158
2022-07-25,48b23b77-ec61-466c-82a2-964c58abed8e
2022-07-26,d40e39af-d9aa-44a2-a48e-9b37ed65e70b
2022-07-27,41e2395b-9e9d-43a1-9478-e05c8021d7d6
2022-07-27,20742422-bc2b-4495-bc89-8a038148b4c2
2022-07-27,fedf9ec8-0e36-4a13-a858-a864b56fd4d3
2022-07-27,7e500975-97e9-4dd1-bbef-8a5fa46aaf01
2022-07-27,d892afdf-1552-4840-b413-3539ba1f6f65
2022-07-27,5e8b9910-8fae-422c-89b0-9e625706e7f8
2022-07-27,311e0603-1747-47b4-8ca6-29384501df3b
2022-07-27,d2507bb4-51a1-4553-a228-60cb4f2ecd9e
2022-07-27,11866688-e649-4cfe-bfb3-6f2c1e5d42b4
2022-07-27,11bffa03-dab2-4053-9eab-d0d2700f691a
2022-07-27,1cad0b0d-fdce-4bd9-95a9-bc35805e60bd
2022-07-27,4dc71cf1-2493-4c09-bc32-e9b4b5d20ccc
2022-07-27,654f4a1a-2b3c-4381-9437-223ff611d105
2022-07-27,d70032e7-da0c-4713-aa02-35f1c0615ec3
2022-07-27,29e715c0-2c0d-4310-b92e-3632222aa569
2022-07-27,d9b4048d-3812-4c3d-8bd1-7423cde544ef
2022-07-27,ee784da3-61dd-4dff-8170-001aa49cb21f
2022-07-27,4a92093f-4a37-4d99-83fb-29163dc72ad0
2022-07-27,1ac21190-fa2c-416e-b36f-1ce5836b0dfc
2022-07-27,bb6056bd-6b47-4b1f-99c3-8c457a70df5f
2022-07-27,2a2adcef-60bb-45ae-9903-aaac2f86f9e9
2022-07-28,bb9c6af2-0c1f-4748-a42c-9a03b4abe90b
2022-07-28,05b4b76f-f2f8-45eb-8c59-25755c715572
2022-07-28,914ae0f9-4294-4c56-bf25-023fd0a1516a
2022-07-28,d93f157d-db02-4f57-a1ad-77605c2799e0
2022-07-28,97414a8c-33e6-4798-a611-1ddca89200ef
2022-07-28,b4ddfc7a-1339-49b3-b6cd-36e912436a8b
2022-07-28,1e6562c7-cb01-4939-9544-dfde078d1d08
2022-07-28,13ce460e-e1f8-4bde-aa8d-c81a9de92a0f
2022-07-28,dc56f1a4-823c-415f-96b4-a86f700c6ed4
2022-07-28,0154ff66-551e-4bd2-8c94-1169e8f7bd97
2022-07-28,f83d653c-2de4-4dc3-8015-f4b780ea6af7
2022-07-28,57df0f0d-3be1-4ef6-98b0-4582aabe0049
2022-07-29,579fec0b-f895-4cb3-b90a-6c019da0e37a
2022-07-29,d6d1e636-c347-4fb9-852a-5921edef7e05
2022-07-29,369525c2-afce-40d5-b7ab-dfb338208541
2022-07-31,63d8c3bf-a052-45b0-b451-7e86fc501620
2022-07-31,46dbf233-ec2a-4308-abcd-75fa9a667b20
2022-07-31,3ae57330-356f-4bce-95d1-3844a3fff428
2022-07-31,095363fd-d256-4ab7-be16-830686ca041d
2022-07-31,643e701a-9941-48e5-b4d4-da87d9c6e424
2022-07-31,d553a569-714a-420a-a4c3-ef77dea39eb9
2022-07-31,78eb50dd-cd3d-4ce4-b746-639248c297db
2022-07-31,ec6e3671-d80d-42a6-b8ce-bdfa46c140da
2022-07-31,a0918487-8564-411f-8070-a46869496c04
2022-07-31,ea6a1032-7c5f-4367-bdce-f95aed3a13ec
2022-07-31,7f1c3ce1-acf3-451e-9671-6bf83dabc533
2022-07-31,50e61fb5-c9aa-4911-9104-de267811c7ff
2022-08-01,bc3e4cb2-2994-4348-a7ba-6c3cd7fa76ce
2022-08-01,fcab1d57-561a-493a-bd23-c49b4514decf
2022-08-02,bd3ed6c2-f139-4e0c-b53e-b956101b2822
2022-10-21,bd3ed6c2-f139-4e0c-b53e-b956101b2822
2022-08-02,784faa50-98a1-4169-954b-69416a0acbb2
2022-08-02,4c4f8745-cbb2-4dea-b9bc-09470cae35e1
2022-08-02,5e76c981-2545-45ff-865d-3fb1407402e0
2022-08-02,f1e73cd9-42e0-45eb-be6d-2ff7e9ca35ee
2022-08-02,398b54d4-e305-499a-96fd-062b0f1c35ce
2022-08-02,2a5ef3fc-4a94-49e0-806f-71e2fa8bb89d
2022-08-02,420cb982-4a5c-48f8-8c46-bf34fbef8753
2022-08-02,25830a77-5fae-412d-9764-dfcdb4cb3455
2022-08-02,1ea709b8-c23f-4c9a-98eb-78089d9a8f5e
2022-08-03,192797a5-b310-4b27-9b41-6d92f3bedf0d
2022-08-03,6d438faa-b251-4a63-b21b-66bae96cdc73
2022-08-03,bda39d0c-50c1-4625-ac79-ad9d7faf4757
2022-08-03,7bf7c1c8-515e-43b3-8740-aaec6849de8f
2022-08-03,c9ff924a-1fa5-4b69-afc3-ba03dbb2da85
2022-08-03,e5387c7c-c497-4754-a1da-2e03200e95c7
2022-08-03,e44b39d0-ab35-4d99-915c-2f1521b27538
2022-08-03,0f747d5b-4107-4ba3-a2f8-27668f3ec6bb
2022-08-03,3d9d2a19-18ec-44b3-906c-f90722686d9f
2022-08-03,4cd73a3b-e79a-4dc0-ba0d-755a181f7b90
2022-08-03,6f451be6-839f-4ee2-84a5-8a2742ac8617
2022-08-03,37138313-a472-4c24-970e-eff93b720f10
2022-08-03,333d9c27-fbe3-4e07-b1f2-278077cd78bf
2022-08-03,1e2164af-ba15-4c57-afcd-6e939bc5fbec
2022-08-03,76f23a6f-b5e4-4968-9715-6f40fc78e8a1
2022-08-04,177501a1-46c8-4cef-9dd9-1a717ed9618b
2022-08-04,7500eff7-68a0-403f-beb5-86feee155360
2022-08-04,767abb21-7d00-4967-ba2e-bc7268f4e2db
2022-08-04,eaa7c48e-a89e-47a2-9bc9-e995c8affc26
2022-08-04,3973ab32-3cd6-46b3-bcbb-a7bba8b9e41f
2022-08-04,08104094-7cfd-45a0-8489-9b336b8d7de9
2022-08-04,74ac672c-5fcd-4681-8777-6f478c757918
2022-08-05,0b4822d3-54c3-4219-b79a-18346a0ea81c
2022-08-05,db42ad58-830b-49a8-bc54-b4d7769c065c
2022-08-05,55321c6c-aa16-4c21-805b-a62a48c49930
2022-08-08,071c1995-3749-42fa-98e7-8ca32b0319c3
2022-08-08,ed3c4373-11f9-42ca-807a-083c60b62a25
2022-08-08,d1e26fac-d4fc-46e2-907c-35fbc7d6517b
2022-08-08,c699f5ce-7359-4438-96e0-925f4a8c3c71
2022-08-08,e9735c9a-999a-4506-a926-46256d353445
2022-08-08,139eaed8-7ece-4247-8c1a-c52dd20a0458
2022-08-08,1c906e01-9e43-418b-b0f1-4ebf18b6f6f2
2022-08-08,e85fdffc-0693-4b26-ae35-e22857f7c3a4
2022-08-08,decc3ddd-0837-4a1a-a9d9-86c2ffd7e4bd
2022-08-08,1dda5397-cd34-4ee4-b65c-abab9201a226
2022-08-08,e1794888-a14a-4ace-aacd-2d53d7c79876
2022-08-08,6f8a5989-cd43-4919-a5b0-e5490296f1d2
2022-08-08,cb879624-5dc5-472b-9db5-00009b2370f7
2022-08-08,229df5ac-4677-4756-9938-56fbd6ad5d35
2022-08-08,5c6938dc-043e-4861-943e-01bd1f068826
2022-08-08,8332b4ee-6280-49a2-a573-420796cea618
2022-08-08,38499a84-b164-4e9f-a46f-3ac70d0553d1
2022-08-08,dbcc50ba-1c25-4768-91ac-509e7f6e6230
2022-08-08,b32d34e9-a2ce-4ec2-aa50-0a69ffbd259a
2022-08-08,ac3bca77-85a9-4dbf-b006-db3601910177
2022-08-08,49a63e5f-fad9-479a-b03a-55f75863ebd9
2022-08-08,42d808d8-57ee-409f-bdb1-946461ba665c
2022-08-09,af74dd14-e929-42f0-91ea-f54b708861ce
2022-08-09,eedfac5c-dbd9-4c25-a198-645c09b20dd8
2022-08-09,62a81dd9-e80a-47a3-adb9-089208b2b6df
2022-08-09,a590ee4e-07f4-49ae-892b-cbbd71a25d79
2022-08-09,4dacb77d-404c-4259-92be-31e78c3e96a6
2022-08-09,dca3e481-9130-42b7-8198-59dde3e67bef
2022-08-09,015af0d4-4e6b-403f-88dd-15f72ba9f59a
2022-08-09,62178c18-9160-4838-b11b-df1d8f5f8e32
2022-08-09,0fd64ceb-d256-49f4-aea5-c0b9e2964016
2022-08-09,f3c04772-b44a-401c-823c-59d1914519e6
2022-08-09,b32f30b9-b9e3-4f5b-801b-2b1b7035020d
2022-08-09,496d8690-227e-4abc-80fe-22512eb71730
2022-08-09,96329071-ca27-4b76-b1ab-d20637000ddd
2022-08-09,83f6990c-9136-4486-9096-793a3ef6b6f3
2022-08-09,fa45afac-928a-42d9-a4dc-37ed517ab13c
2022-08-09,fdf0d265-a227-4191-a7b2-daf91b1c2969
2022-08-10,cbd226ac-526e-4ff2-8626-423505bb976a
2022-08-10,8589e797-6672-4380-a0f9-46ac42d1ed8a
2022-08-10,a8e38bf6-4f95-4746-bd06-03a7c1f8532a
2022-08-10,f09b7a90-91e0-4e0e-8e9e-7e65c301c7f8
2022-08-10,37db3dca-cc03-4e96-b334-a1a12df64c24
2022-08-10,c830d7d0-b83b-4056-883c-9546b645cc90
2022-08-10,6e4cdb57-8410-4b8a-92bb-934bfe37b08c
2022-08-10,baf4fcc6-8287-4fbb-a65e-cc845a3cfcdb
2022-08-11,7c4cad28-e8ec-49e6-b076-fcd094edec2b
2022-08-11,671aa16c-f938-4f3d-9c2f-3de2fbece5b1
2022-08-11,b8dcafef-246d-4837-b0db-a0068a092339
2022-08-11,635993cb-b60f-430a-82e8-e966cf5e46ad
2022-08-11,3d09b81d-aa47-49ba-8b1b-a8a168fe996f
2022-08-11,61df3663-c300-491b-8efc-070a3bfcd5be
2022-08-11,9f4af940-9d47-44ae-b85f-ed28115901f9
2022-08-11,0f40c4d3-09d2-4808-8a2a-ace9b336e53b
2022-08-11,3aede3e8-32d7-4390-816b-54732a5114b8
2022-08-11,840ad19d-fe75-4abf-9955-b3368ad828a6
2022-08-11,e233b26e-2259-449c-a1c4-ab16e2ee9332
2022-08-11,d0103ddd-118b-47ed-a5a1-30f069c2123e
2022-08-11,ec8ae70d-52e5-47e9-923e-76d7e1769056
2022-08-11,8933ee3c-886a-4ef4-aa87-c6f1a5dd96d4
2022-08-11,794052e6-2ea0-4b00-abb8-b7e4b84f3cf7
2022-08-11,a726b916-4690-45c1-a421-10a85de3ec97
2022-08-12,79464bb0-02a0-4af2-bc61-e7bb72fa911f
2022-08-12,79bd3272-99e8-4411-bf30-7f8bdf5bd46b
2022-08-12,f7d0443a-0413-48d1-913b-389e172a554d
2022-08-12,63e3aea3-dc85-4993-a637-ebc17a7104f7
2022-08-12,d0fcd4a7-4573-47d3-b258-35d115913a5d
2022-08-12,6790850f-adce-4874-bde3-6168e3dbc37b
2022-08-13,6c044509-fff0-4b3f-b397-3e2cd1161cf7
2022-08-13,98f68727-8c20-45c7-a677-6ea9c586b08f
2022-08-13,a4ffc02a-7b70-4929-b255-d1b3af38f30e
2022-08-13,4ffd4ac2-89b2-4875-b560-cf1e92f78267
2022-08-13,7a63942e-7c04-42f0-bf55-85d677514c04
2022-08-13,f9c4501d-6002-4d7d-8189-74102929f2fc
2022-08-13,879e9de3-f57a-474c-b3c8-1431e7774a7c
2022-08-13,9ad9be20-fa17-4149-b1f0-7ca6d5cafb3c
2022-08-13,bc85d386-aa0a-4347-adb5-01533b939f54
2022-08-13,aa370af4-3849-4f57-8e7e-3929f3abda58
2022-08-13,d9c14e49-7678-4d8e-b200-4b933972648e
2022-08-13,edd55b10-1e13-4f8f-ba20-ad4e76fa1156
2022-08-13,bad95b21-2bc7-4c2a-8979-5b00ba3b3a03
2022-08-13,0dea1073-265a-4f88-a35f-aa8cdab56d0a
2022-08-13,1026f2ef-3662-434b-8dfe-6ee09b74814f
2022-08-13,24f0594e-bdbd-42a8-a1f4-7ccb2ec65133
2022-08-13,58272ab4-3a9e-4217-8db3-f9675f92be8a
2022-08-15,3a8a189e-24b5-47af-a383-3de7d8392da4
2022-08-15,d6c5696a-c029-491f-a22a-ef2737dd92d8
2022-08-15,58b27d4d-1d21-4828-a3c8-d13d3a34a9c5
2022-08-15,3f0b7f50-0b01-433f-afb3-26414d46cf4a
2022-08-15,0c9dce20-639f-4cde-9be5-67e577947836
2022-08-15,a510fc6d-f025-4044-864c-595768a12c1b
2022-08-16,c0357107-d162-4ffe-8499-3c332ff94c3e
2022-08-16,6670ddbf-f147-404d-92bc-04dd53bea825
2022-08-16,50501fa9-761f-4751-99d8-0b22d56cbf00
2022-08-16,8d2b2273-18c1-4600-b081-a5dbcc5e1997
2022-08-16,a15a91e1-d500-4b7d-8773-c6f2d875d275
2022-08-16,17193e0a-e17e-4981-9775-77da158cf136
2022-08-16,d298db5c-bafa-44ad-a6f4-4383ab69c08d
2022-08-16,5ebc262a-e320-4f1b-8458-0549a0bd15ce
2022-08-16,05db364d-2c84-4a4a-b568-492c316519fa
2022-08-16,f44ec932-3429-4b74-af1c-cac399768456
2022-08-16,077ef8fe-8c91-43b1-8a8d-d6296b0f0bec
2022-08-16,a3878e9e-961a-4f49-9fe1-216edeb9d3ab
2022-08-16,83cc72d2-e60e-4c98-aa67-a4ad904ce8ee
2022-08-16,978d5d93-1490-40ab-b816-aff1c52a6f34
2022-08-16,634a01be-a98c-474b-bee8-014e87977bd7
2022-08-16,03b101cf-e1d9-4dc9-83aa-8f6f299e6b38
2022-08-17,ff97d19d-f640-4ebf-a6a4-56f7de100a90
2022-08-18,6a5aa2c7-5e41-4a04-a412-7c823da62efc
2022-08-18,c96053f4-9991-4a05-86a4-1a95da128cb7
2022-08-18,d485f8fc-b1a5-452a-b7ee-c4e1729eab9a
2022-08-18,c1c22316-7978-46ff-9588-eaf3e7d1808c
2022-08-18,05f7e10b-0c90-4310-8a9d-622d2b429a43
2022-08-19,ea19735d-3b69-4d5e-8399-577b9bd16023
2022-08-19,a3fbcd3f-547a-4ceb-b3ee-e8bb54039eca
2022-08-19,6b3cae8e-f6e2-45cf-b9d5-7873a85e15db
2022-08-22,aaba3c65-60a8-4db4-8d25-f814c8280d89
2022-08-22,fd37d65b-6e66-4c6a-908f-d909dad31d9d
2022-08-22,c6a23ceb-0b0f-43d5-8a21-6e1659f22106
2022-08-22,b2eb1ad8-728d-4338-8003-b37930461522
2022-08-22,0c2b703f-169f-4e95-98b3-940387f84f81
2022-08-22,d2d28764-e8a9-419a-b3fe-6439a8d0cfeb
2022-08-22,2d48982a-dc0d-4b10-b87a-5d90ddf16e38
2022-08-22,34676348-87d7-45d6-b603-28403f50bdf2
2022-08-22,f37dcf97-a268-4dbe-b8e5-c1ff903ffd80
2022-08-22,70ee896d-9e11-4635-b1dd-99f7fb76484d
2022-08-22,1abebf0c-16ad-494b-aae7-4ba1fc39066c
2022-08-22,a3343289-fa3c-4735-a0dc-740481675f49
2022-08-22,cf967686-16f8-423c-ac11-5c4e031d37e7
2022-08-22,64308936-7470-4a64-85fb-568d461ca343
2022-08-22,988ba97c-02f4-4c79-9d4c-d4b5e14c0d1f
2022-08-22,77095864-052f-4bf7-a033-e0945eb0dc43
2022-08-22,9d71691a-248c-4b8b-8534-309f295199af
2022-08-22,032d56b1-1d09-4955-87e3-4ba523a3e767
2022-08-22,afaf2c6f-31de-4800-8d88-662ae0efc7ad
2022-08-23,241f3295-1358-44f7-89aa-1e065253a61f
2022-08-23,5998f855-c3f7-433a-92aa-bdecf955d7a1
2022-08-23,363a370e-8ac4-4975-84b8-ccd9630a5a83
2022-08-23,9f329d2a-80ee-4f79-a5e3-3911847fd872
2022-08-23,7b7c0bad-b6f0-4afb-8938-22e7df19ceda
2022-08-23,9d4a686b-6ade-498b-806c-4ef8d212cd93
2022-08-23,6b925632-26d9-4967-a7b2-ae17ea5a3f1c
2022-08-23,f78e3b1e-be78-42e6-bea9-f0040683262f
2022-08-23,e902d2b9-21f7-40af-864a-4283678f1866
2022-08-23,16628b2a-2f2b-404a-8a40-e362a4dc4ca8
2022-08-23,4fc9b1ee-b0d3-4e2e-83b9-e708420c8f37
2022-08-23,734b279d-7af8-4dd3-908c-eb3c84ef818f
2022-08-23,eb68e352-511a-4233-9064-be3a9315b11d
2022-08-23,a47fca3f-9a7c-4457-a7de-48bfa7fa4633
2022-08-23,c037b19c-0163-46c2-b8e9-2c70d7c13c65
2022-08-23,5d3f0add-9cd4-4101-8537-ecb01f4ad9c4
2022-08-23,5919d49c-5ed2-482a-8558-be8a03182144
2022-08-23,fae84388-d8ff-4b63-aaca-09ea8cec2b3f
2022-08-24,6dfdfc55-f05c-4f3a-82c8-351e86f927a8
2022-08-24,2d0f5ad5-1bfb-4e26-8798-4ad04b068e66
2022-08-24,e76b1f04-9591-498e-91b8-6e6de84ccd26
2022-08-24,801476e4-fc7f-4f23-a786-86ab78edeba2
2022-08-24,4b579e84-10ac-4413-9e2f-19188c7a357a
2022-08-24,5b6a7237-f894-4b24-b75c-846c39625913
2022-08-24,61c0aee4-b0aa-4058-9201-e74b3af155c4
2022-08-24,2ff15dea-bec8-4961-8782-3ba29d18731b
2022-08-24,62997f2a-0e58-4790-a4b7-98f352bea2b5
2022-08-25,7eca421b-6e2b-465e-bda5-74dfe3dea3a6
2022-08-25,bff401b5-915a-49ba-87d5-88985055e169
2022-08-25,fe55f5e4-4027-4860-b3c7-1338b18846d0
2022-08-25,98e33e8f-dbdf-4f30-8e26-3c55463fba1e
2022-08-25,b04728a4-d29a-453c-805d-50626e14984e
2022-08-26,5a2e3c60-bdcc-4f22-976f-df39aeae52de
2022-08-26,aa31b07f-36a5-4524-b3a2-89ec938ba52a
2022-08-26,5c3808b5-4014-4ed6-838f-74db864abbc4
2022-08-26,8807a03a-8e42-44a0-8ddb-c23fd321a9c4
2022-08-26,ecc2408d-85c2-4295-b04e-caa58c31269c
2022-08-26,86a3bc04-f21b-4a23-8e1b-cf8ec63da65b
2022-08-26,44590eb9-05d6-4fdb-bc9b-1291a439eb45
2022-08-26,34c63ea4-28eb-43a6-8a9b-06717207618b
2022-08-26,bb80247a-25c4-4ae8-b760-625c1a0379be
2022-08-26,040646cb-73ec-424e-931c-873e509a2b97
2022-08-26,04bf1c47-5b45-4917-b9c2-3ec1630c6f11
2022-08-26,32c386ad-9029-48e8-a134-6810e6a5ea55
2022-08-26,9958497a-3964-43a4-a75a-d9c3d55575e3
2022-08-26,2497d541-84ca-4e9d-bdce-1cfdc576ea82
2022-08-26,25f1a280-3169-48eb-8d23-335810961264
2022-08-26,a8d3fa5f-7feb-4787-acc4-b45c3d4b4a97
2022-08-29,8921318e-606a-4634-a862-147e6c769296
2022-08-29,23b99f5a-15e1-4e48-bd92-469fb3b72a8c
2022-08-29,6413debe-e026-4245-aa8d-038a9550c554
2022-08-29,181e95d2-a0d1-4e76-92b6-028a35b16745
2022-08-29,5afaea7f-1e4b-45e6-8f5a-aa1aef206801
2022-08-29,27c224a4-f80e-43d9-b507-865a9dba7431
2022-08-29,a03fd84e-3ebb-4852-a51d-d8e700035b32
2022-08-29,403111cb-be82-4737-ae40-6a111875e8ac
2022-08-29,334fa8ad-1318-452c-9f12-73b2e473fa0f
2022-08-29,97e14257-e7e4-4ac9-b017-96eb8d47e35b
2022-08-29,5f7a9fd4-3563-4cc4-98c0-0f4d90769e51
2022-08-29,8a2b3f96-488e-4f07-9471-84a631200f7c
2022-08-29,6a7832d7-c136-4600-b405-e5bb450c5027
2022-08-29,4c1c3e6e-2c64-4d73-b992-26c29fef7bdb
2022-08-29,e7081cc2-6d10-4588-9ee6-2c3c7d2ae675
2022-08-29,a6c30430-72de-4ed1-aca8-fcb1d3f8bbfd
2022-08-29,4eec8463-d053-44a1-942d-f79e90d3a106
2022-08-30,60215d89-614b-4e20-8416-a401ca5e3b7b
2022-08-30,d4256092-140a-4c03-aa49-a2bf47fc3d65
2022-08-30,4767348c-3a12-43cc-9f50-e16891307f55
2022-08-30,76b215de-ff71-4867-b6e4-3f1527241c43
2022-08-30,a6385c96-8326-4727-a479-56bbbecd5cfd
2022-08-31,7a3aa89e-5aa1-4697-acd7-202a9f9cd213
2022-08-31,f40746e3-d652-4050-9caf-c3f4195f52a5
2022-08-31,1788310f-5e5b-41dd-b154-475363fde1bb
2022-08-31,9d7768a2-d00e-41b6-b441-fb00d16b82fc
2022-08-31,3579292f-3c66-46b6-9823-2b3705f6bb44
2022-08-31,a690da2c-0391-4ec7-a973-653d16c15bde
2022-08-31,795f773c-b69f-492b-806b-f6619971b13d
2022-08-31,cc38fd3a-e08d-4ccb-947f-ebb395822744
2022-08-31,e98f700c-44e0-476b-bde7-ca7933861a33
2022-08-31,c6165dcf-de1a-43ee-add3-9a411d3ff077
2022-08-31,2adfe390-701b-422d-9816-d6a0180f6bf8
2022-08-31,f6596b5b-1433-43c1-9ccd-e53a5b2e8486
2022-09-01,29c40114-2673-44e2-8ca8-3237c51bd828
2022-09-01,3267f27c-56d9-4877-bb50-6d78714c46b3
2022-09-01,2d697605-f003-4b50-8682-aa162545b5cf
2022-09-01,0ba44e9e-bbc0-407e-9543-75e7bb430d2b
2022-09-01,fe1c41b5-1a42-451d-bb78-777743377e51
2022-09-01,10d25a57-1c3b-4872-a411-0074b15d3447
2022-09-01,c33f5360-4f92-4a7b-9fa7-764f1d0e0116
2022-09-01,646a6a02-086a-4fe1-bcdb-db7ea4c46bf5
2022-09-01,93663836-8db3-42ba-bf82-9d30f1617453
2022-09-01,ef6f0ce1-b1bc-4242-ad06-2130a83494f2
2022-09-01,4cceb62e-1016-4e44-b419-160a3f00d2a1
2022-09-02,0a95a105-75d9-418a-a25d-5a2727cab241
2022-09-02,bf1e7396-67fb-4d3c-b36d-85d6110ef4f2
2022-09-02,e65a7292-b7e7-4d88-a6b0-6b7087df5a69
2022-09-02,17a71cfe-3520-4736-a65a-6fb7e39d76a0
2022-09-02,588874d0-17ca-468f-b5ab-f7a8f5ecc5d1
2022-09-02,9e0549d1-88ef-411b-ac9f-7e44768c4d3d
2022-09-02,97d980b8-9bfe-45f6-8c55-822700c71106
2022-09-02,81550c0f-9b9e-49dc-a584-5af67239786c
2022-09-02,8e5829f3-df38-4ac3-8611-ffe24a11cc7c
2022-09-02,0f79c1b6-5187-47fa-ad37-b6a6e0a93dfb
2022-09-02,9842fbf7-f0f1-40d7-a549-42c0560a081f
2022-09-02,bf13e6a5-4206-4965-bc42-8290948d2286
2022-09-05,85f355c4-c745-4d07-94e3-2b69c80ca7ab
2022-09-05,e6ed5fd5-b55e-4eb3-802e-35276dba360b
2022-09-05,fd15c46e-d9e9-44a7-81e7-9dfb74ebfee1
2022-09-05,a824128a-1ace-46d1-b38d-bc86c08c3061
2022-09-05,460eabd2-874a-49a2-af42-5c611a63dbc8
2022-09-05,9cfd0a09-ad9b-44bc-9b39-9ef58b7617a8
2022-09-05,58abfc41-bdb2-47bc-9288-49036f3b7962
2022-09-05,a853741a-1e7a-4dd5-81e0-532678da8c5b
2022-09-05,008211f6-7951-4ca5-837a-76e280aaf829
2022-09-05,f7b4a050-1789-4f76-a9f2-409bd4657319
2022-09-05,f17fbe30-69ac-402a-9a32-d3c2759dfb5f
2022-09-05,608599ea-c7cf-4a53-bd3a-e85909cb0e90
2022-09-05,c2ebc3bc-b83c-4704-bf47-134bdcfed630
2022-09-05,07281002-f6d6-4bb6-913e-77713032c205
2022-09-05,ef43a2ce-56e2-456c-b989-286ae579bc7e
2022-09-05,b89aec95-d3fa-4deb-af02-f043fcff9997
2022-09-05,9812449d-a0f1-408e-92ca-a057a005afd1
2022-09-05,3ff6aece-e3c2-425f-b6d2-9cf4e8728d21
2022-09-05,6a88014b-fbbd-4e73-8036-04435c062a97
2023-02-10,6a88014b-fbbd-4e73-8036-04435c062a97
2022-09-05,5050576e-82aa-4607-bbaf-2fdd9fa13bf4
2022-09-06,e9e9e44b-a750-4f8f-843e-8800bd34c080
2022-09-06,7d615b5a-f6d1-4b60-a0bd-f1cb34606ce2
2022-09-06,3f3fd668-a339-45d6-b39c-9ce81fc9e37d
2022-09-06,8d571052-9164-45bf-815e-fec4a67b4165
2022-09-06,9da21e0f-eb04-4fdb-af4e-0e076e6ffe32
2022-09-06,abaaaf00-661e-4aa2-bd66-7b0b8e3ad48e
2022-09-06,46618bf4-3658-4176-805f-a9e4ccc37a79
2022-09-06,ee19e504-ed45-47c1-9901-281194d77df2
2022-09-06,e3be5f76-cc83-4759-80db-43d93c9d9941
2022-09-06,54c96d33-5ded-4d42-9b77-4f3ecc64e956
2022-09-06,6d675931-1980-4b52-b146-a77b140c1e9b
2022-09-06,1393f94f-e6aa-439e-919c-d32d5faa2891
2022-09-06,c97d124a-e16d-48ec-902f-f42039f4d375
2022-09-06,41f2acd7-c888-4981-8276-179686782d2c
2022-09-06,f05851ee-7fbc-4da8-a7b8-22cce22a3c37
2022-09-06,cd7d656d-094c-4db2-9f92-9794f04635ec
2022-09-06,3f789835-091c-4ea4-880f-02f891eaafb5
2022-09-07,de63a936-7a2b-4624-8fff-46023a62dd7f
2022-09-07,7a686d8f-48d3-4534-8a0b-719dec9923ac
2022-09-07,533a0e34-ffe9-4ed0-998d-8298d4d09ce1
2022-09-07,31fed303-e624-47a7-9d9c-64d1d083f246
2022-09-07,c7678110-634c-454c-8a09-dd4faa2292c6
2022-09-07,30ffdb78-6274-4185-a9b6-2c83e0f3a07d
2022-09-07,9c3c415d-6b50-4137-816b-ec3f829f02b2
2022-09-07,6aea9744-da36-4cdb-8535-cabfa6de49bf
2022-09-08,3b0c48ca-8eab-4c8c-a852-68cd72629a36
2022-09-08,fc346528-0905-440e-8221-fa046bcfa664
2022-09-08,e847213a-ebe1-42b1-b28e-371b19867c89
2022-09-08,b2e7d3d6-da60-498d-bef3-35e00ce927e1
2022-09-08,f940bfce-b851-4888-8a67-39a9aee1657a
2022-09-08,88245da0-8a63-4d52-8a0b-df2892d92dd7
2022-09-08,74d361ec-71fa-40d3-8a8a-64a81e21c7e7
2022-09-08,2dd1d20d-588d-4f96-9505-38c51ae500fb
2022-09-08,265a4058-7994-4e50-9ea5-24ee0897e475
2022-09-08,98c46268-b767-41f7-8918-207fdf94ebf3
2022-09-08,ca1054a0-8ac7-4f06-9439-bb43c4b07439
2022-09-08,b52dc29e-6476-4f08-831b-e36772195aac
2022-09-08,181d463a-ed7d-406c-8b65-c6aaecb26cf3
2022-09-08,2e5465b3-d6c0-4b09-88cc-65c8207c0d28
2022-09-09,a8b1a07a-e4fa-4417-a321-88b2c4d72e89
2022-09-09,b330f095-1312-4aef-8df7-f7f4ffc27e7c
2022-09-09,e07c59a7-536c-4e4b-a931-616b0d4e7ac0
2022-09-09,ce1567d3-3f6a-472a-b9ed-46ccce0c92d1
2022-09-09,3cb7a5cd-69bd-44c7-ba53-df149f52d527
2022-09-09,0b0e23da-6865-45d2-ad68-08ce7bb9cc84
2022-09-09,4a9cfe82-d45f-47ae-9e37-476dff15e94f
2022-09-09,96109bc7-629a-4163-840d-29a506131542
2022-09-09,44f252eb-8aed-416c-bb48-2f21a5498166
2022-09-09,2204908e-4dde-48a5-80ec-fd06ac458f06
2022-09-12,17c7f715-1bbc-4efe-aade-ac68e4e72472
2022-09-12,ed8ce59f-4585-4c29-8a5b-495842c9bbcf
2022-09-12,0d42e62d-91fb-4aef-a6a4-a4891f5a8149
2022-09-12,f9d993e9-aa52-4b6d-a999-19cd5d7f734c
2022-09-12,12c5486d-e148-467b-8faa-8aba709b73a0
2022-09-12,b56284ca-34f8-4fd7-a6f3-fc143842698f
2022-09-12,5701a5d7-4e0b-496b-81ee-c2428223e0a6
2022-09-12,838265d3-6ad0-47f7-b9c4-6849ec7fc84f
2022-09-12,22c2fe04-b52c-42f0-8397-c3ec9c46ab0c
2022-09-12,a7b0de09-417d-4039-bf96-fda8f2ba276a
2022-09-12,a966cbfd-ed59-4b23-9682-43584a249a07
2022-09-12,db6bdbbe-cc89-47d1-9688-67fde62fa484
2022-09-12,e3eb9476-1908-42eb-be37-b4b3acdd6e0b
2022-09-12,bbfaeb55-b4bb-4f5d-a1cd-cfed4aa1605c
2022-09-12,ec99ad26-b957-4a17-b752-6e3a171a8b2e
2022-09-12,97a5fed2-125b-4279-9e40-38fdb6d9e918
2022-09-12,5affb1bc-c15d-483b-ad0e-df3c66865aca
2022-09-13,d0be9d86-5da2-4374-868e-268596c6a4d7
2022-09-13,ef7d4d28-b2d9-4858-b647-a5566220d7cd
2022-09-13,6ea1349b-6a07-492f-9700-a9878a338c2b
2022-09-13,e5d49fd4-9602-49ee-be67-ab695b81886b
2022-09-13,40bf960f-f004-438a-ad0a-14752593c897
2022-09-13,f85b876f-fb10-4b01-9c24-7ec90afbc002
2022-09-13,81568411-ef95-4187-88e4-aea291100559
2022-09-14,df819f51-a5be-4049-ab5b-55005472693c
2022-09-14,098da17c-7b8b-47d3-aa9f-a2c4b00294e0
2022-09-14,46aed220-4363-4d61-ba9e-ab9b14df6d5e
2022-09-14,5c35ec34-1bef-437c-9250-44b122a7b19d
2022-09-14,df85f0a2-b92f-4dc3-8e9e-0de3394f9da2
2022-09-14,e883a9a1-64cb-4731-a528-98a267b211c8
2022-09-14,d5276cc5-b224-4806-961e-282fb43036da
2022-09-14,a9dadef8-dd26-47b4-9f85-443dd40e2023
2022-09-14,4ed760dc-1ffd-40b1-be31-e49083013fff
2022-09-14,84ed0631-f951-40d0-ab32-bab5e368ca9b
2022-09-14,74e320e2-112f-4993-9344-548746008dcb
2022-09-14,dfa1c3d9-0627-4e2e-a839-08a0e3757904
2022-09-14,bf196487-df1d-4f2a-8b75-2fdd8e5b02fb
2022-09-14,2fafee09-09fa-451a-a1c4-4fa953fa4fda
2022-09-14,e85f6b79-c497-4e89-b984-fbc829ebdd9a
2022-09-15,78179913-96c6-46ab-a36f-8161e199b998
2022-09-15,1a7091e9-60ea-4374-886a-c3b029560e6b
2022-09-15,4c3381a8-2b47-4529-b2f9-81365a85336a
2022-09-15,e7369fb6-7a67-4512-ae28-8b0f289fb7dd
2022-09-15,9b2ddac7-da7f-427a-983c-e2a6fe6aa269
2022-09-16,f3e6047f-f103-4003-9cc4-2ef89010d9f5
2022-09-16,1b46edd5-b736-496a-bdfe-c6efc4274a95
2022-09-16,6a04a881-a98e-4833-b781-59f84e8e4427
2022-09-16,90e06903-d66d-480d-ab50-1634e876d68b
2022-09-16,84ea4323-68bc-42e8-8196-e5fdae46de29
2022-09-16,4babda79-5e28-4147-b2b2-d4f3e5b1a8d4
2022-09-16,72addd58-6841-4d93-8d13-10f242935618
2022-09-16,a6ba725e-0b9e-4e53-8ab8-85f5bc5fdb2a
2022-09-16,1c4aa6da-9ea1-404e-a0b0-bf892edd2962
2022-09-16,7ca0ed6f-9dc3-49a9-aff4-29c830a7eb57
2022-09-16,697ef42d-2114-4013-be68-25044e2a6a3f
2022-09-19,7e9d1177-cb62-439f-b2ca-7909a98ce4ff
2022-09-19,4e29cc3a-b414-47fa-a54e-fa3f0408e34c
2022-09-19,980097d2-6d2d-4b98-8229-29e5f3b87f64
2022-09-19,6fc20312-09c7-485f-81a2-c9e059af2525
2022-09-19,4300968c-b1a3-4a0f-9feb-a52a597ca418
2022-09-19,99ba208c-74dc-4757-be2f-74d724782667
2022-09-19,9e14f675-e81c-465c-a868-3ee2e8889457
2022-09-19,dd6f1216-41b5-4b14-beba-748f8c8e5e8f
2022-09-19,3a354e73-e524-4c6c-8623-11151363078a
2022-09-19,50313e5b-9578-4e9a-adfc-eb6301dd0ca3
2022-09-19,ef795fd6-857b-4f86-81b6-979eacb73594
2022-09-19,789183c7-33ff-478a-b329-9e23eadeddf7
2022-09-19,519a0e97-ea7d-48fa-9c61-9d864df26ef1
2022-09-20,3cb01694-1f43-4155-868d-33beeb1507a9
2022-09-20,4477dab9-fa44-481e-a94c-1fa2fc4756ca
2022-09-20,28e694e1-9d5b-419c-be76-92e04ae49102
2022-09-20,7fa1f3ad-c9ff-49ae-964d-09c06370fb0b
2022-09-20,17d1db4f-002f-4bbd-a280-06876a5355ab
2022-09-20,c67ee1f8-741e-487d-b62c-079e388a8090
2022-09-20,944ab490-175c-4b3e-a656-ed655bb83c9d
2022-09-20,e99a3a9c-96b0-441a-b461-d75289984c4a
2022-09-20,8f1a1307-d977-4c25-aeec-341eaf55f5f6
2022-09-20,9d9a3d5b-2e80-4455-8e4f-531b9ad3519c
2022-09-20,47ae11a8-e782-4c4d-a5aa-bcbec9e2b1a9
2022-09-20,0315f189-0d92-4db4-b35c-fd8dbf7175cd
2022-09-20,30778ce4-ce0a-4d07-8ccc-ecf42c62ff5b
2022-09-20,3b08708e-37dc-43cf-98c5-f028f6020dd8
2022-09-20,5789a3f2-acda-4da0-8b7b-638048acf835
2022-09-20,a3f130b6-25f3-404e-9da1-acc72e0ca238
2022-09-20,6b80abcd-ec17-4df7-9dc6-3b2abe738542
2022-09-20,c42cf1ac-6cf9-45c7-9ef0-1bdfc37577d4
2022-09-20,25946d0f-0b64-4817-8926-92985962312d
2022-09-21,dded1a3c-e143-474a-a51d-2e3080f9f2c4
2022-09-21,e1814990-2932-441c-a8a8-19927ac7193b
2022-09-21,64bfad07-8cae-4784-8c5e-fc9f6560ea52
2022-09-22,f67fc5e5-d01f-42e0-ae49-384fabfa5232
2022-09-22,4afc0b61-963d-4fa8-9790-dbeaba1f0105
2022-09-22,3cd0cf57-3da5-44fa-bd41-071a16040df1
2022-09-22,a159f65c-cbae-4ff9-9c24-0d12da124edf
2022-09-22,67f4e289-abf8-4f7f-be16-4024333f32b3
2022-09-22,b83f20f9-c2f8-4ca7-adcf-7cfa3bc94b7e
2022-09-22,430ee368-e341-451c-863b-dcc980c7afe2
2022-09-22,c7f3c5dc-f505-49f4-bc06-3d9d11aae8e1
2022-09-22,67148f3f-0b20-4dae-af53-0cfe68a09742
2022-09-22,79ce6754-27b3-4efb-87c8-2a8fb1973721
2022-09-22,024484c3-28da-4ae2-9cb2-2dd22d724750
2022-09-22,ca006f45-411b-4af0-b679-ab70021896eb
2022-09-22,5dfa194d-31d3-4ee8-ba28-e23ffb7ad97f
2022-09-23,1e1e968b-3ffb-42c6-98ae-fecb8beeaa78
2022-09-23,6206017c-d19b-4d02-b9d2-ac8a44c7b48e
2022-09-23,9f9b666b-dec1-4ba4-b6a2-c9ca237ae93f
2022-09-23,3232f825-e0c8-460f-9ab7-20336401c413
2022-09-23,466084c3-4dbb-4b7b-af70-d06ebe31bf97
2022-09-23,f46c473e-26f7-4ddb-b4ef-bd0dc8f15dd4
2022-09-23,a57c53d1-f2b5-4266-aa1f-cc1ef2611c18
2022-09-23,53addac4-0987-43fb-b847-72d06638298d
2022-09-23,14e700d2-9a2b-4b08-85fd-2bfe16e83a26
2022-09-23,1e5e7efd-2cf4-4b37-8980-469a044e4bb9
2022-09-26,9d50e2f9-6084-4b74-818d-4b18c857a95b
2022-09-26,0ffc33c4-56c2-4730-967e-5a644e030177
2022-09-26,3dd6cc1f-9524-4732-88be-6e499d944730
2022-09-26,c13a2510-5757-4519-8f3f-7e6f43ef993c
2022-09-26,3080cb22-95df-4b88-92da-5d37d5f5dbba
2022-09-26,9494285c-2e72-4737-a646-fa5f0eea4247
2022-09-26,c5cb8767-4213-4f7b-aeda-68d3707e9893
2022-09-26,e1e06ea0-240e-4053-8395-ccd8ce988604
2022-09-26,0f3c1cc1-3184-4f8f-b6a6-60628ca9e60d
2022-09-26,b516721c-feb9-4bf6-a53a-1193d5d809f9
2022-09-26,f31cf932-6408-471f-b9cc-47d3c6e06b3a
2022-09-26,be2296b9-ac57-435f-a901-074663e612d3
2022-09-26,d260f8eb-ba2e-458f-9305-9c391a699862
2022-09-26,3a1004fa-7acc-488b-a7c4-ffeaa2fd528b
2022-09-26,ae373024-c3e4-4e1d-ad9f-a215d0812fc9
2022-09-26,5f534d1e-b45f-4a24-a96d-9f22ae0c1b32
2022-09-26,ac58326e-d541-48de-9f08-02dc5eeaa2d5
2022-09-26,93ec3f4f-8758-413a-a983-1d4fba52fd62
2022-09-26,74e614e3-0223-4d6d-bb8d-94fbc20e4734
2022-09-26,948a7f96-a086-4b1b-8628-a639d12938f2
2022-09-26,fec7978b-11fc-4b32-9d9e-3fd2853eefbf
2022-09-26,05ba4035-9ef6-48a7-a4af-1d829b86ae37
2022-09-26,c4de14d3-cdb8-442f-afc7-3fc739bf5f3b
2022-09-26,4071ec21-9f90-4621-ab89-b1d77eeeae15
2022-09-27,c04fe45c-6467-4cd6-8b84-817a21135e5c
2022-09-27,6c9ea940-a1b5-477a-bfb6-94a84b8eba0b
2022-09-27,19ec9e71-ea1c-4f43-b701-b1ad02ecb391
2022-09-27,134eff67-9b8f-45bc-81d6-079d9bb76d49
2022-09-27,d4fb0eea-0189-4d7c-a2a1-bb3ac7310041
2022-09-27,0afde132-205b-41c1-9b08-4fa8eefe38e4
2022-09-27,6de6e400-fe20-4710-b70e-9f22db4ed32b
2022-09-27,50f9dd5e-bd91-46df-9074-4f3604492887
2022-09-28,b6c6f6c9-a37f-4c1c-a5bf-7bc8afb0cae1
2022-09-28,5455a3ba-31a7-4e5f-987a-698826247221
2022-09-28,9220213a-9685-4fd0-a4a0-e73e9070d745
2022-09-28,fc8ecef2-8892-448f-9401-3bd80d194fd5
2022-09-28,a46d0c33-5db1-49ae-8203-52de9b19546b
2022-09-28,45824bdb-bc59-4603-b584-f09ec35a7af6
2022-09-28,54a6c4fb-66cd-40f0-ba7e-593b609b052c
2022-09-28,406343e0-a0bb-4e94-9615-f723f29c0b75
2022-09-29,f346736f-0f1d-4da9-8c2a-497e20b9295c
2022-09-29,a99bafa0-1664-4930-9906-e85a6e850002
2022-09-29,abbeca00-40c0-40dc-b66e-442a392d8d3f
2022-09-29,211b2bf4-a71f-460e-9aaf-70850ccd02ea
2022-09-29,9cf8b7bf-a4f7-4799-8023-ac851579feb2
2022-09-29,7e343181-e768-478d-9732-9f831c6aa7a6
2022-09-29,34c60c92-e5db-451a-814f-21b10f3529f4
2022-09-29,f18a682d-87e3-494b-ba9e-2eab8ed5737a
2022-09-29,1587e29f-bb61-4fd6-8588-305f64607615
2022-09-30,c9fd5dea-52e6-4f60-81ce-449cf997f2ab
2022-09-30,d0ea7156-8bc6-436b-8297-8436f4ec8a33
2022-09-30,db1fbc04-2653-4af8-be36-8a84e36d45a7
2022-09-30,643b0afe-1e5a-4d21-903a-cf038a48ce97
2022-09-30,08ca4ade-f029-4591-b278-7864bb7549f5
2022-09-30,a463ff5b-ad5a-42f5-95a5-545e3bd29c51
2022-09-30,9c5c22c3-fc45-40fc-affb-467ef6b83d82
2022-09-30,94ba7a3c-b5a7-4c78-b906-26b2e61c86db
2022-09-30,26b54dc1-7692-4bee-bbee-3125ab1c7782
2022-09-30,20e716e8-9f1b-4ba9-a21d-a6c50cfb2fe2
2022-09-30,ab46402c-7dcb-4a44-bcaa-018cfc36ff0c
2022-09-30,63df5b61-12ea-438f-a2aa-9a68b919d1a9
2022-10-01,96ca06df-7de5-4035-af24-c784a41260e1
2022-10-03,217e094f-3573-470c-9878-e368cf56c41b
2022-10-03,782b4b6e-334e-4b54-b4ac-d41dffbe02dc
2022-10-03,1bca5d2c-7f7a-4f61-a225-d3dc3ac186b9
2022-10-03,e1d283f3-a58b-46bd-8674-1132719212cc
2022-10-03,7046cc75-e4a4-4a74-aecf-8cdd4ed8d0eb
2022-10-03,116f715e-a516-418f-b4c5-0770ecb5c6bd
2022-10-03,6ddb1561-5783-4937-ae71-678338efc289
2022-10-03,05fd32c0-7670-42f3-9fcf-4dcb8105f971
2022-10-03,dedd65b2-2fb3-4e8a-9f26-96a09db677a3
2022-10-03,d995c947-bff4-4f9e-8d13-5960ac60369f
2022-10-03,b739bb4b-bd38-48ec-b99b-06f9a3059a80
2022-10-03,6aef4cca-239c-4907-8bc3-35cfe3eb7466
2022-10-04,7f737d04-8c66-4f26-a7bd-dd6e67106a36
2022-10-04,a37300a9-a743-4010-908a-8bbcbadd42f9
2022-10-04,d96c85dc-44a8-43ab-b045-a90323d570e3
2022-10-04,bcde36f9-eb56-404f-b0c5-1b37fcf67cab
2022-10-05,4f4fff05-1550-4585-a613-521b184e89d5
2022-10-05,acb87979-5212-4ede-b598-270df5f65c78
2022-10-05,15cb35dc-d1c9-4b5f-b61a-0d4f1763d564
2022-10-05,ddcc3ce5-cee1-4c8e-afb3-0242b6da0bfc
2022-10-05,2d672521-1e78-429c-a5dc-b11850b4b7fe
2022-10-05,b660f635-9846-472a-be05-0ce9f3d5b780
2022-10-05,96873a08-299e-494c-8d77-6b692e9beeea
2022-10-05,d8c9ea83-1978-4769-9908-ed360ee2dfd0
2022-10-05,4451b8ea-dd3f-4785-8473-b5b6054fdc93
2022-10-05,b7d17e7f-a7ab-4122-bd64-b485ddf9d310
2022-10-05,99095a6c-3c00-43ac-a785-0eca740d4aee
2022-10-05,911382af-3c34-4fc5-bb61-82f2b40e0581
2022-10-05,5d3a02ee-c583-45c8-b91f-a5e1ca7950fc
2022-10-05,1d2881aa-f639-4a30-8768-9e303c96eed0
2022-10-06,6aaf11b4-f377-4c06-8965-f749fafa2f65
2022-10-06,4b7855e3-a1a9-4256-8569-67a4764518db
2022-10-06,09fe1210-6b0d-4099-afd4-3d65a60e8fc0
2022-10-06,7a61343d-ed00-41f9-b875-eff50fb67f59
2022-10-06,7f3471ac-2005-41b5-a91c-b98e1a360106
2022-10-06,a3b242a0-e599-4c27-aee8-fd890b41c45c
2022-10-06,d59b4b1f-238c-445d-a114-140267fa2130
2022-10-07,54b72df1-bef6-45c4-9b55-92c77b2c3da3
2022-10-07,b83d1d6a-1ffb-4d23-b9fc-176fc1771955
2022-10-07,3e811153-ca0d-42ad-a779-6a7cc9405df9
2022-10-07,1006e783-434a-4075-b9f5-0f5796b92975
2022-10-07,fa31d3a2-171b-436c-a07a-cb2e4b9a05ba
2022-10-07,c95cf85b-c935-4b7e-a32f-168a721a06e5
2022-10-07,c4531c83-3116-4b7b-826c-3c76c05bc653
2022-10-07,f4b4b1e3-f8c8-4adc-aef0-5ea89a58a5b1
2022-10-07,758c7d53-1ae5-4ee7-a861-e6a7427ce0eb
2022-10-07,d9681cef-b25d-4a72-b026-f2a923b4d84a
2022-10-07,61636c76-024b-47a1-a438-b89924360eeb
2022-10-07,9111b47a-c70c-4f60-9071-19b5da81b7fd
2022-10-07,728e08a8-2c3f-4ebc-a9c4-789d58d6bd28
2022-10-07,77b50a76-952a-4256-a3fc-2d79a62fceeb
2022-10-10,269bf986-cef4-422e-9bfc-6c3259b3c8f0
2022-10-10,82b486bd-4053-4706-80b6-f363496d7e2c
2022-10-10,1b19204a-2bc8-413a-86a2-62c65ff93e57
2022-10-10,0a4c8251-989d-4858-a3a8-1fc356f87f5c
2022-10-10,9460c859-d473-41d4-b175-416127d64054
2022-10-10,a50ef6e8-04a1-4ad0-8fcc-0cd7b3c7ee16
2022-10-10,e05ec0fd-525a-43ce-879f-2953dfb395f8
2022-10-10,879783fc-60ae-4ba1-9461-e8d8eb92f2b7
2022-10-10,41b36edc-a101-437a-8c5d-96991a10884d
2021-10-16,d5508d53-9580-4a9e-b960-4bb4c927e450
2021-10-16,88509c15-9629-47b8-9611-9d4f91327dd4
2021-10-18,b6e954cb-dade-42a8-8ba6-6d0b69a73bf0
2021-10-18,73f58ce6-1013-4aa9-a66a-64cfc67aeb1e
2021-10-19,4c9b5f0a-ba7f-4967-86c9-65d5d92b44b7
2021-10-21,e0bb1911-3670-47f0-afa6-71bb54792be0
2021-10-21,8f1a58d2-1e6f-4356-b082-3ee2c8d389e4
2021-10-21,78aea248-96f2-4494-b2c4-743f66b0a1c3
2021-10-22,f4f18e6a-e076-49e2-bac2-79f31fe3c45b
2021-10-22,85b910ff-750b-4470-95d8-5ee758905d32
2021-10-22,4073a28b-c9b2-4b8a-bb10-ca5bf3a2385a
2021-10-23,dd419495-fa4d-412f-b306-c832ef14e24a
2021-10-23,31e3012c-9923-406c-975a-764c608ccc94
2021-10-25,3e8bdc89-07c9-49b0-95a3-fa21b33c23db
2021-10-25,f14eae93-bafe-4a22-a686-1ce01b7941ba
2021-10-25,b1571af7-45bd-4bb4-a54b-e09e293bee08
2021-10-25,30ed0898-3ac2-4030-b298-f975f85efae6
2021-10-25,1ab03916-1f0c-4b07-844c-c4a1dac27677
2021-10-25,8c7ee9fe-814f-4a6c-9e5d-696f41757c68
2021-10-25,a3b10a6b-3d05-4c98-b176-4406811ecce2
2021-10-25,37a22aa5-a69c-4c7b-9157-e1a4c1c8b63b
2021-10-25,447d142b-2bcd-45a6-b1ee-8be485f731fc
2021-10-27,c38faaac-4319-4ddf-9085-49b861e2267a
2021-10-27,41750489-6a4b-47b6-8125-ed1d062e2fc4
2021-10-28,4c9fb2a1-c4a5-4470-816d-c905663f3ec2
2021-10-28,4ee07e41-861d-435a-a6f5-26b853058aba
2021-10-28,c650e8be-6ab0-498a-9df4-763520ee4862
2021-10-29,45ce4490-b280-47e6-87cb-97bb81681023
2021-10-29,034921e1-3317-424d-84d9-72b0f6ac2831
2021-11-01,9b2ef035-42c4-4110-abe6-a4eca64e349e
2021-11-01,45e5d555-f3d7-49ac-8bef-977f3543df6e
2021-11-01,e1084093-41ae-4f1d-8802-be36c90db16b
2021-11-01,6d1d1bca-996c-44e5-b99e-a360d299dc73
2021-11-01,e42f6136-ac02-43eb-a9c6-3a17641bdf78
2021-11-01,1712cde7-1b65-442f-82cc-3d4db1f037ed
2021-11-01,1825990b-0fd2-415d-af99-ba810d0f3b81
2021-11-03,c81041fd-be66-4d5f-8993-5275bdaaf548
2021-11-03,97b85cf3-7034-4773-bda5-fb80e5e264c5
2021-11-03,65907e23-ef62-4d9a-b8cc-94d38784ef53
2021-11-03,3367d1d3-f267-4bcf-8a7c-79a33bff19c2
2021-11-03,c99de025-b0f9-487f-a8e9-c598bacb8015
2021-11-03,3bbeb698-2ba8-400a-88d9-fa1433fb6333
2021-11-06,5947b12b-86bc-4d5d-a666-e3c82951df26
2021-11-06,0e5a509c-f758-4aa3-8dfc-025bf981a0a0
2021-11-06,b6052c83-b657-46eb-b9d4-b9efaa1535bb
2021-11-06,03a6974f-0106-4d1a-9c1f-1c002daee14a
2021-11-06,533d307e-ca75-4b5e-8aaf-6be608267612
2021-11-06,0846b128-b9af-4ce0-9d2b-2a18b46b48a2
2021-11-06,3b804d8c-ea67-4c33-93f0-7e661c5f45f1
2021-11-06,9b6cd6e7-22c0-48ea-8808-c2d02265c0cf
2021-11-06,291b55f7-f906-4565-a00a-911c5d354a55
2021-11-06,2e45a302-7ca6-453c-be1f-aa99d0388004
2021-11-06,2066576a-74a2-415a-a5ed-8193244bd22f
2021-11-08,d3774471-dfa3-4388-94bd-d181d86fb6fd
2021-11-08,9f66e229-7bd1-452d-a21f-1d29db379ce3
2021-11-08,cedccfc5-28f9-4571-8a01-1ac1070b3d7e
2021-11-08,2cb30d2e-8dd3-45b3-a84b-743dcdf06ffb
2021-11-08,88a0aa47-43bd-4a88-b0d2-ef6fbed6230f
2021-11-08,7d99f82a-805b-4c42-88fd-9d1fed29bf9b
2021-11-08,63ad463a-dbaa-4ef7-9f1c-3fa4453fbd83
2021-11-08,e8263136-2e89-44f6-ab33-7598e6de1db4
2021-11-08,a2d05cce-c630-4746-9184-960adb2b0868
2021-11-08,4d9c6808-568f-49a3-a01c-6cbf15f777f2
2021-11-10,979fc645-f0dc-4e48-ab50-1dd36533682c
2021-11-10,7aad3851-08d9-43ee-a30d-56059ede755a
2021-11-10,0b485ff3-6f6e-4f86-9ea6-17d28eac1a95
2021-11-10,c36eb663-84a3-469c-baaf-c5609da20e38
2021-11-10,55f65379-24c3-4e38-8550-67fe92ae400e
2021-11-10,075a5aa0-53ff-4b49-80f6-44975a3d6fe1
2021-11-10,bd745f91-195c-4ac5-9b5e-fb3a18c3387f
2021-11-12,bb775b6c-75a3-4d64-921d-a8602d492554
2021-11-12,0ee561b8-e53e-435e-a70a-2a8c9125c2db
2021-11-12,fb076f35-eab0-4e1d-b169-07dd51e50a56
2021-11-12,c2fc64b4-2d4f-49ea-a763-3197d55a4cda
2021-11-12,5777e28a-df01-4d43-b1ab-b33a1d44d1f0
2021-11-12,8e76ad18-0bdd-4c5e-b4ca-158c61d282ff
2021-11-12,6fd61cc8-e917-4119-a6eb-20b59459cb0f
2021-11-12,85b3e8a9-0ed9-4ef1-9f6e-d0d429c2cc83
2021-11-12,9318409d-1a35-478e-87ce-1382917d5c2b
2021-11-12,6f8a8807-d3c9-4287-b1c6-ea4b8cb9b67b
2021-11-12,c884cb21-708b-4a74-a5cd-b5a466578246
2021-11-12,6e019139-7cf9-4390-8f59-0e450417a888
2021-11-12,46ab8714-4ba5-405e-89d3-24b06c93b1e0
2021-11-12,3341f371-ab7b-44e7-8f0d-8a8bd9b6c04d
2021-11-12,5d7b0acd-c986-4f10-902a-fb87b76c0a17
2021-11-13,21ade810-abe4-46bc-9677-385202b61803
2021-11-13,b2cc7d2a-4211-4848-807c-803db3aecf50
2021-11-13,f093dcc0-5189-4bda-8348-e4a844eb4bc7
2021-11-13,b9603f3f-bdb4-4a1e-9884-335e0705088a
2021-11-13,9115d471-950d-4327-a022-224b262fe245
2021-11-13,0aa4c6d6-1b6d-4e71-bdde-af9730211047
2021-11-13,1c9320ca-230e-4e93-b0b2-0faeb27d6ff1
2021-11-15,258ef3dd-0a1c-4f80-92a9-7be29f18ae1f
2021-11-15,64879bf4-5560-4246-89c6-8c73780576c7
2021-11-15,e2e47adf-24be-44bc-aeb9-643e9e4c2e8a
2021-11-15,5d3aafc0-9926-4e9e-9acd-605d7617bc9b
2021-11-15,8e69ed38-bb7e-47b8-8222-e7e7679b7652
2021-11-15,42f41938-1af6-48d5-9d63-35c462a1229b
2021-11-15,75379840-6d05-4726-8bc0-313ca681fcb7
2021-11-15,7b99d143-0747-4719-b9bd-d04530df4887
2021-11-15,87e75c62-d916-419e-91df-faec93d9e0ef
2021-11-15,27a7e7d2-accd-49e5-b095-24618f77bc14
2021-11-15,9131a322-6945-40d9-8a1b-3c3f4dcaa05b
2021-11-15,d98f3ba6-fcc0-46b9-8da9-6e7559366333
2021-11-15,5e9fd290-d36f-4a7e-8387-e3fa5d9dc1f7
2021-11-15,936da508-eaa5-47e6-be8e-2f0b88041604
2021-11-15,93143593-d88d-41bd-8149-6bf23e8c12e6
2021-11-15,02062b53-d2bf-4bfe-81d6-3495ce4c35f2
2021-11-15,5cf9c6f5-b3ed-40b5-ab53-af0fd62f45c8
2021-11-15,ee33ee75-4767-4f11-8846-e79fb855d15b
2021-11-15,0fb0b17a-e87d-453c-b312-b272c1e283d6
2021-11-15,e90ffc03-a976-4bce-9f0b-a442761786b9
2021-11-15,a8ab137c-cf37-46a5-9eab-f6f892c1d33a
2021-11-15,a6fa4181-c9cc-4a4c-98c8-d9d7193d7b43
2021-11-15,af103564-285a-466b-b695-c700996ac722
2021-11-15,f4852740-b6e9-4dbe-b538-d545f6d37f65
2021-11-15,79e9b426-c252-45ca-a6e6-a0a9c25f125d
2021-11-15,48005863-a5d4-4cfb-b0d3-3f01befdd71a
2021-11-15,8cabfb7e-b94c-445e-ae27-32785c705b71
2021-11-15,856e697c-abab-4410-b2bd-5a5b6d672982
2021-11-16,cc2ded26-b30f-4804-b0ac-890447bb0e8f
2021-11-16,d964e58a-3f0e-4bf8-b118-552e2d25b3dd
2021-11-16,d4e1aab5-6b0c-4d9b-a503-cb9d1518f64d
2021-11-16,5490c3ae-c753-4afd-9078-a38d27b7af3b
2021-11-16,16b3888f-b245-486c-a52c-dc1c47ebbe25
2021-11-16,9060fc5a-6a9c-484a-8a55-8e85b56b7585
2022-07-27,822df26d-87a8-47ea-a203-a87cdff01a4d
2022-07-27,1ebd6b6c-4020-447a-945d-b01fd96f03e2
2022-07-27,4bf4946c-9e4b-4bfe-a8f9-4699c6b1c2cb
2022-07-27,38361c37-65cb-4885-8812-6fa9e683b61d
2022-07-27,77acfaf5-b1fe-4144-854f-0b994d70c1fc
2022-07-28,2c6763a1-13e8-4183-b79f-e31147bfb80a
2022-07-28,986d6812-8be2-4cba-8644-9b36ff668800
2022-07-28,d915269d-e748-466f-80c8-25cf154f1aee
2022-07-28,35505329-cd62-4ce5-8507-e279d76f3218
2022-07-28,35ed8828-b69e-4c63-9635-9662449966ef
2022-07-29,f000851d-ee22-4570-a0cf-30c48aa099e5
2022-07-29,9eed920f-07ed-4848-aca5-0f36653a93e8
2022-07-29,2346df82-c75a-47a0-adb4-3bbd062b1653
2022-07-31,3ba99e18-d9c5-4f70-b0dc-9ce1d8a8299a
2022-07-31,8ceca855-2cf3-4724-ac1c-4694ba2f81cf
2022-07-31,04ebbb31-967b-4d7e-b12a-3e8d40d56a9c
2022-07-31,739f3582-ef8c-49ca-97ff-deec02b86349
2022-07-31,324318b5-599d-4f69-80e4-44314375a619
2022-08-01,79b608c4-ee67-4724-a3d7-2f7325bf1b17
2022-08-01,0e87e158-c39b-4ad6-99eb-7631ef4d2b1e
2022-08-01,e265fe68-135c-4a28-8efa-80eeeabdac13
2022-08-01,173a4493-5658-4753-8efd-d8dfa5750ab2
2022-08-01,dbcdb9b8-3705-4c22-a78d-cd87c4383cd4
2022-08-01,7457ac80-3984-4388-9996-8b7a09550e08
2022-08-01,a8ac2e04-14aa-43a3-9401-e6f450288d46
2022-08-01,2199ca3f-c322-4ac3-b2de-76b3c602885e
2022-08-01,ebe39ae7-8209-478c-9c06-4f7b4816b95d
2022-08-01,e1874250-f65a-4beb-9a45-9c4ba2f9360d
2022-08-02,31edcd9c-89cd-435f-84e7-ff3de454f182
2022-08-02,20f77ac7-ba9a-4a06-9c81-4d6e7f3d2fba
2022-08-02,6f07e0c2-0f31-4bb2-aab0-ae3b617c2392
2022-08-02,7e47b6a9-17c6-4bca-9c5e-f6ada710ffb3
2022-08-02,73ec24fe-54b0-474b-98e5-0ffafffad34d
2022-08-02,926ae008-a8a7-411f-9330-d7437c4c0dfe
2022-08-02,56aec0aa-fcd8-4284-b621-9b441adb5826
2022-08-02,0e26e10e-5365-4006-8ab8-8a4aa774bfb4
2022-08-03,e976c5f1-b080-4aa0-9078-249fd52b826b
2022-08-03,9d965d1d-302e-45a7-af17-7277e10bc3f9
2022-08-03,5651f17c-063c-409f-98f2-89da0930f5dc
2022-08-03,005e7693-1400-4bb5-a500-eab4518fa843
2022-08-03,91282ef2-1d2d-49b1-80ef-fde023d0e5df
2022-08-03,a7c11bd4-bd99-44cf-9570-bd4a2f4f5164
2022-08-03,8715e1a2-f368-4de9-9445-5039db4ecbc0
2022-08-03,84a37765-fee0-4673-8e35-11cb259c859a
2022-08-03,1cfcb862-404a-4812-a54c-929caba92ffd
2022-08-03,6a424bac-2275-4f04-b519-4c85a75c99a5
2022-08-04,f4dafd98-7948-4291-962c-902acdd1176c
2022-08-04,2d2e1cc5-ebca-4654-bc16-41b3d0458f9e
2022-08-04,3ee47d07-4f68-42d5-8ffe-669325b78125
2022-08-04,049cea17-b1f9-4d5e-9f45-85a94a55e0ac
2022-08-04,832e65a4-e404-45a3-8962-c1cb04ce8dcd
2022-08-04,091e7de5-1f5b-41a5-a302-b0f29347d71c
2022-08-04,cee05e5d-5a45-4f6e-81e1-723060595f6b
2022-08-04,5c8c0b93-3df5-4465-adb4-2faeb9e87698
2022-08-04,411076ae-c91a-47da-9b26-ec8e74be4d32
2022-08-04,d7f8dbef-0f87-4b72-b722-45f0b2f12162
2022-08-04,5109d95e-7608-46a8-a858-930aa23bbdaa
2022-08-04,c2aa6025-6869-4978-a6d6-2f8ff2aa3342
2022-08-04,a1715001-82bd-419e-b2fb-4f0a991a46b0
2022-08-04,1caff3a2-21bf-4899-8469-e4002f7394c6
2022-08-05,88446af8-2eb9-44c6-bb08-9cdfae725a99
2022-08-05,ec962c17-9f6b-401a-92ee-edde84e1d559
2022-08-05,d2390381-070c-4d21-8ddb-03b49b4faaac
2022-08-05,c1f2194a-45a5-4421-b5f5-c806f6c4bfb6
2022-08-05,2f04065d-f982-42a3-8384-b7469a0bece8
2022-08-05,3217d86a-9964-4fbb-bba7-dd3dfe289aa2
2022-08-05,0a0c20c7-6f3e-4d19-b0f4-363675751b03
2022-08-05,8daa3c54-7fc5-44a9-98b0-e6a697ee53f4
2022-08-05,92b16fd1-c596-4814-9f9c-14711894f9f1
2022-08-05,e9bc6431-9f78-4740-8bd7-315157bf8b63
2022-08-05,872bfd25-eff3-4eec-95c2-6ad32695a760
2022-08-05,713ed520-0116-487b-8cc1-7ad76abe6ab7
2022-08-07,75f2297f-9013-4d98-bc0e-2fcfe47ae30d
2022-08-07,4bbb6b14-2071-4439-a82d-781c777e5794
2022-08-07,08842104-d538-446a-a5cf-83804655926b
2022-08-07,f779659a-c069-4e4a-9efe-2fbc7b47924e
2022-08-07,7bfa5b30-e40f-4afc-b7b2-c2ec032b8a22
2022-08-07,01a22725-dcd5-442d-9c6e-39735e9fd5eb
2022-08-07,0dfaa2ce-ac1e-44cf-9ec4-fa43b22f4183
2022-08-07,41fa509a-1eba-462c-91fc-5f986ca1cd48
2022-08-07,61923903-9113-4139-8b75-25a6ce338a5b
2022-08-07,e97ce24a-e115-49bd-9f8c-cd018207897c
2022-08-07,8d4e274d-3fff-48db-a721-2132e33ef2d0
2022-08-07,d026acfc-245f-4a95-a023-cc1270324656
2022-08-07,09cad80c-6bb2-436e-9c6e-d2f4757c4629
2022-08-07,ef577e27-65c4-4821-b3dc-3a235a0af3fe
2022-08-07,4fd547f5-9d4d-4e5e-91d6-d04dffe3cf56
2022-08-07,bfe4153b-9692-47bd-88e8-69f916e8a056
2022-08-07,f699b791-08be-4c86-80aa-ffbc9d6cc13e
2022-08-07,8e990b64-bbb4-4923-bb18-572c119168be
2022-08-07,6721a0a7-c926-4cd8-9327-ed093fa7a9aa
2022-08-07,f89c533a-3791-4cb8-8292-f24e07ac7f43
2022-08-07,6001d867-717e-43d7-803b-7f12194a6cd3
2022-08-07,5a8aca0e-665a-449f-9d8b-7da8740157eb
2022-08-07,877dd4ba-ae79-4451-836a-51b7b08177a3
2022-08-07,c09cd729-5cbb-4848-9a59-9707c50b7c3e
2022-08-07,7ba137cb-4cc3-4074-9fa6-5ccc4fc24abd
2022-08-07,ff55ea37-7c0d-44f6-9d6a-f2b3370889eb
2022-08-07,b4b87028-4ae2-4cc5-bcac-5ae251b98849
2022-08-07,a19e368a-c00e-4812-ae96-36c8b8c5a53c
2022-08-07,b7870f86-1ce8-431d-9b9e-35aa54e2f38c
2022-08-07,ecf768c7-0135-4706-b282-bdf4ceca7cc0
2022-08-07,33edd38c-0ce7-4dce-9bae-d9b92f7b8b87
2022-08-07,325a5593-9ba1-407d-b5df-c258b9d5194f
2022-08-07,b5fd5414-e8d0-469c-a09d-90a90b93f5bd
2022-08-07,ff6e0156-baf4-479e-9f91-093839d5f22a
2022-08-07,3d4f38b8-d4ad-48fd-a63f-a1c484050016
2022-08-07,66d3c9da-5670-4859-a5a4-b408ebef0e39
2022-08-07,0f9a8ec2-5217-4682-b516-d8386938b39d
2022-08-07,d09186ed-549a-4d0c-800d-be84c97bbff1
2022-08-07,f392ceb5-0bd4-4ff2-b47f-3669eaccea7f
2022-08-07,00fa47d2-c15e-4610-9f73-322e71da8a03
2022-08-07,cab11e0d-1682-4b4f-a6fd-3c5203cbedd3
2022-08-07,29a913c7-b4c5-45e2-8b1f-d35d41900c60
2022-08-07,3020a218-5dc0-476c-8a47-c75f376e3499
2022-08-07,c54cafc2-65d5-4e3e-b8fd-7531be956a50
2022-08-07,561fa654-5349-4260-b627-9fa351775b2c
2022-08-07,7b86e785-e393-4b66-8dcd-04600f600583
2022-08-07,b2f828aa-5454-409a-95f1-91989cfc89d4
2022-08-07,3d3b67e1-886a-4419-8194-d5f74e4efca4
2022-08-07,1ce92b24-2548-49c9-9a1a-6a000ecc9b5f
2022-08-07,3238aadb-6079-4195-95d5-7b661244af46
2022-08-07,a0ad5efc-1c4a-4b6e-a454-7546a1df6fc6
2022-08-07,c758d19f-5c50-467d-bc02-bf6be1ca4d43
2022-08-07,ed16b4bc-9af8-41c6-8318-72a01235e6c7
2022-08-07,86f30ae7-6082-45ea-833f-16e811bc8665
2022-10-04,1ee6d4fb-9699-4cc6-a523-ba1ad20d81af
2022-10-04,45eab3e5-99b0-4f24-854e-64b2d0c93ca3
2022-10-04,b87154d4-9bed-4a24-9832-2a21774b3b93
2022-10-04,50a83fcc-7565-4c5e-a280-f46e4b02f2eb
2022-10-04,d6747253-9f8c-4d93-aefc-ad0552cd24ee
2022-10-04,0ed8f0a9-0e88-4467-a0d8-06de986005ac
2022-10-04,3a96e54c-3474-4869-8f38-ff46bf7be425
2022-10-04,fddf55f7-3c2e-419f-a94b-325c9afccc7b
2022-10-04,db017634-822d-4d9b-b12d-8606bb0f3780
2022-10-04,e1055619-6984-4734-b166-70cc416f9cab
2022-10-04,a976617a-6b91-4b56-8cda-2340304343db
2022-10-04,1d60cf98-0e7c-4c5f-a3ac-78369a615f3c
2022-10-04,378c52d3-eedd-44c4-83fb-7d39bd95b0ab
2022-10-04,2a9cdba0-faf8-4a60-9c03-c862c3692c42
2022-10-04,1d7285b6-d307-4250-a2a7-949e73901513
2022-10-04,2c017d57-cb50-4caa-8ab0-184dcc5fa1ec
2022-10-04,85c4b1c0-6e1c-46e5-9096-545d32b59ed5
2022-10-04,1e0525d9-6c45-420f-8267-f4fa0ddd2b9b
2022-10-04,ec89a690-ca83-4307-8dac-cf2fec8addec
2022-10-04,46142bc3-2ee7-4a21-8630-b8873e977e37
2022-10-04,baa3eb55-b252-4bdf-998b-57799b0834fb
2022-10-04,6ee6d91c-c1d4-4309-b71d-cf1df0129b60
2022-10-04,d2b08bda-d558-401b-9a25-6a1a900cd136
2022-10-04,3b05b5d6-c623-4040-acdb-46cf240d346a
2022-10-04,bb198b4e-39f0-4db8-9edd-119f29994e16
2022-10-04,0b1914d4-c82f-438e-af05-54e006c9c9a6
2022-10-04,0c010d99-0f7b-402b-9c54-b577e24c3315
2022-10-04,560d629e-e544-45c0-844e-074f3b977586
2022-10-04,4b34e36e-321f-44ef-b712-51698ce665a7
2022-10-04,271b6f7f-0946-4979-b18a-a3ee008e6ec5
2022-10-04,0c97b42a-329d-4a65-a29f-39c1c368c406
2022-10-04,c2fff4f8-3656-4097-91dd-c74ebae03acc
2022-10-04,78e016a0-0e58-4dd8-ba95-35b288048947
2022-10-04,9ba3379e-edbe-49aa-8885-680c71e510ce
2022-10-04,53b3d2af-6a64-48d9-abd9-46149d1fbc59
2022-10-04,407f39b4-8871-4a23-8592-6de2e60a54f0
2022-10-04,d66f8201-864f-4abe-82a4-5d1afa81c514
2021-05-03,0bdfbe63-08cf-471c-addc-0a0152662f0b
2021-05-03,8efbbe63-fea7-43e3-8518-9625bb9b0dcc
2021-05-03,71a839f8-eb86-47b3-a6e0-7b1884bad278
2021-05-03,73e29f1d-c655-4a1f-8a07-ef7d48f0d91d
2021-05-03,f0b73e98-952a-418a-8375-aa5417047c11
2021-05-03,e4e4d40a-df79-4201-8e68-0ec06b154cfa
2021-05-03,3d34e1b1-adf4-4a4c-8eb2-957cf8e5960a
2021-05-03,7726c08b-f05c-497a-bc12-d508109d1a11
2021-05-03,5012836b-242f-437b-bc5b-f4755a42cea9
2021-05-04,a6ee1557-af0a-4f00-beec-c9b7e33a8937
2021-05-04,1748432e-aad6-4726-aeaa-ef46ddb78ac5
2021-05-06,d8099282-9db5-42b2-bac9-e5d6ae05b28f
2021-05-06,aa619e6f-15a8-4ccb-9998-3a2b8d598f7b
2021-05-06,2d82ca75-4f30-408d-be90-1421aeedaadf
2021-05-06,01d3e19a-6793-461c-a205-ae990e91d353
2021-05-06,71738877-3a14-456c-a4fc-2f8484b5b04c
2021-05-06,04f87d60-4586-45db-8505-83749218b6de
2021-05-06,b3d0522b-58d6-49ed-9064-4ca2e1ee748d
2021-05-06,e104c1a6-264b-4e19-bff0-75d2cfe7c1dd
2021-05-06,d439ff72-dd7e-466d-a2f9-44baf69da2b0
2021-05-06,911f986a-0bf6-4b5d-b424-b8aa2cee0710
2021-05-06,143aa086-6c32-44ea-93e9-6c20d5439af5
2021-05-06,1f88cdb3-f8e5-4e39-b580-f304f3f73c55
2021-05-08,b7edba46-f596-463f-98fc-7b96991f9830
2021-05-09,e64a0f47-81b5-4559-8077-e5b966b2b30b
2021-05-09,ee0fa891-4a2d-4d10-aab6-b1b4e7a78d71
2021-05-09,83f0f8d1-d675-40c6-b131-556faa03ea2c
2021-05-09,85fdc658-a993-46bb-916a-9b3d64b0c06d
2021-05-10,3f28cbf3-f207-4d24-9086-5127733c2233
2021-05-10,bf4743fd-bf25-440f-a711-8ca692ff7be7
2021-05-10,787bcf05-9095-47ee-ae45-343b52e4d444
2021-05-10,d7c49e5f-0593-4d42-8395-281ba3d18103
2021-05-10,cb511d52-212a-410c-83f9-1d7a5ed05f4d
2021-05-11,428a5260-edda-4040-bf16-24ed16c8c473
2021-05-11,316b9a9d-6963-4bce-8e7f-d760a41fa14e
2021-05-11,4e348061-3a7a-414c-8038-e677e9cc3ec7
2021-05-11,1e034f13-cfa3-4130-8cee-541f9c35b8f7
2021-05-11,6ee907a3-6534-4399-a6b8-83874a60c9e1
2022-01-18,50e22ff2-5f96-4492-801e-bb4c03fecd7e
2022-01-18,598c13d7-05c5-4047-9c4f-494fdbe0e5d6
2022-01-18,b2458f61-8485-4127-8c46-5ef85d89acf8
2022-01-20,51b2dacc-96df-44ce-b852-382711714784
2022-01-20,b268d9da-08f0-4dab-bc09-1932793b3c63
2022-01-21,b55f2fba-040f-4a98-b8d6-ccb6dbbc252e
2022-01-23,62153e84-95b2-4523-b210-7a3b96072422
2022-01-23,070120c4-1dd6-47a5-9b54-a7f582cd5aa5
2022-01-25,0b2b08a9-9153-472e-83be-f1295ba50789
2022-01-25,4fb7aca0-ad32-4553-a7cb-272e60e66f82
2022-01-25,9a846936-5dcf-481a-8e11-644de9abdb9c
2022-01-26,be9d426e-1c28-4030-a6f8-1fd11493c954
2022-01-26,fd9a18a8-3261-4923-8ae5-59404d27a8d4
2022-01-26,98b91f1b-10c1-4b80-94d3-b31d244d95f6
2022-01-26,6d4d118a-6ebe-467f-920a-74926386b065
2022-01-26,d84e94d5-61ee-4f77-876e-64d66c8485bd
2022-01-26,843e5c88-053a-42ab-8344-c372bc58b906
2022-01-26,c549a512-acd6-4034-b39f-c53d5ed4a9b2
2022-01-26,eb7b789b-a27f-4174-b1ed-b9c1cb41e059
2022-01-26,4d3f844b-1177-4090-9c91-720b4fa90b9e
2022-01-26,782087d6-98dc-4d3e-a16b-48b7cf860d1d
2022-01-26,a0a22a31-53e9-4d18-9eaa-1e4a64e0d119
2022-01-26,aa0f6e9b-fefd-4dc3-b7e6-16b1a0f1ebd9
2022-01-26,fe3577e5-3160-4a95-9f82-b29eb09bee8e
2022-01-26,6298a441-6200-4c4d-8469-50bd3590c553
2022-01-26,54291124-32e1-47b3-a912-278580294085
2022-01-26,abfb3e6f-a332-4db2-9f00-5a80a344d04a
2022-01-26,78f58e3b-c04c-45ef-a7f4-ec7037048073
2022-01-26,5354b24c-85b3-443c-9ca2-babf086c7b51
2022-01-26,b3e69afc-ae29-4bb9-835d-5a17ab1fa4e3
2022-01-26,76556253-3f62-4daa-a863-d1876a7bd966
2022-01-27,40b6f997-dd4e-409a-be3e-37989ebb5d8b
2022-01-27,d897a101-fbfe-48f6-bc49-a7af8205c5d9
2022-01-27,ac4d94f5-569a-42a1-acc4-e3507581b388
2022-01-27,c4c24c52-fd8f-4438-a441-9828be7d0df1
2022-01-27,7a49ae38-3bbb-4f08-a01d-e6ab51e55d52
2022-01-27,a3e0fdc7-82ce-4e11-b5d0-d71eca37e9a2
2022-01-27,5086d0e5-0b8b-491a-99fb-09673f9fca8c
2022-01-28,b58180d9-071c-4d8a-ac96-8d8b39db1dd3
2022-01-28,98cd6dd1-8434-4c91-85a3-7b9eda221dd8
2022-01-28,69df76cc-b44c-4925-b77d-cc290b4811cc
2022-01-28,d4a18ed9-4ac5-4bd0-a6cf-2d753aa4975a
2022-01-28,14872783-3af7-492a-b51c-12f3003b76f1
2023-02-10,14872783-3af7-492a-b51c-12f3003b76f1
2022-01-28,d2416838-ddb5-4757-91ba-63ad5ba41a78
2022-01-28,f9f83d39-a84c-448e-b42b-23bd89247224
2022-01-29,42108a88-b866-4565-ab23-f53379a1ed05
2022-01-29,5e0323da-fada-4ed7-b276-602c5c602593
2022-01-29,035aa43e-5ed1-4adc-b063-c7432261d857
2022-01-29,fcf3391d-d335-4c31-b68a-853dc1b39a34
2022-01-29,31c745f9-cc9d-47d5-8a64-abce8ab78581
2022-01-29,cc52129e-0188-48fb-9257-36a30cd64f6a
2022-01-29,0f995560-8fae-40e0-a06c-20dd8e7fa7ad
2022-01-29,69157e0a-11a3-4f58-ac74-bbc4119bff4d
2022-01-29,54f7fa65-9eb7-4019-a5fb-8a94121e8af1
2022-01-30,7141facd-736d-4b25-bc10-b8704c010727
2022-01-30,8350573d-fb5e-4289-a89d-e62023b6b1f5
2022-01-30,1d7728da-bb36-4c16-9932-ae11cd582a67
2022-01-30,8c90a02c-e6f3-41d8-86a9-ed9880ab568f
2022-01-30,3ce91862-c719-4fd6-9cc2-9586be1dc5b4
2022-01-30,f6a047b6-965d-472f-add0-d341a6f1956f
2022-01-30,57edf3a9-3ebd-4418-bbc8-3017c9fd9e0d
2022-01-30,4da44179-cd7a-40cb-9f4e-2eade1a21796
2022-01-30,7fd80972-23a4-45d5-8ac1-7e62177dbb47
2022-01-30,27b15089-e7a1-4d87-9f12-e7b2908648de
2022-01-30,1d4032d0-5be2-4d30-96de-3b429645478b
2022-01-30,968f9196-bf7b-4790-85eb-6f013b0f2bed
2022-01-30,5cf38bc6-12ba-47f0-bfbd-f833d3d9d9ba
2022-01-30,357ef85b-4c0f-46b4-8055-67e9fe32ae93
2022-01-30,a66c056a-a818-432a-b958-caeec476fe57
2022-01-30,3eb40453-b886-43cb-aeb2-260f6309de68
2022-01-30,5e29e1f9-af73-492d-8db4-b75de4316359
2022-01-30,a6f9004e-cba9-48c1-8faa-8a976b51362e
2022-01-30,247900f3-f157-4b48-9067-53ec8ecdb727
2022-01-30,af35adc9-5845-4974-905b-de746326febf
2022-01-30,93582081-4a98-4e6d-ad9a-585f4e678852
2022-01-30,6abfc6fd-d760-4c6b-aae3-418c8d8ff55e
2022-01-30,0be81f7e-5639-43e7-a091-ca0462be0f3c
2022-01-30,145e7ea1-53c6-4516-9610-12c47884414c
2022-01-30,7bec4b8f-d1c6-4dd7-a3a1-b374d69b667c
2022-01-30,617c6332-2772-4d60-981f-b59dd3319ee9
2022-01-30,49aab7cf-ce45-44f9-859a-a450e9173638
2022-01-30,1fd02c66-1ff0-493d-97e2-dbc1f52b7205
2022-01-30,4ef6e584-37e3-4a03-a181-49098c5bcd3d
2022-01-30,658e8d41-abdb-44e7-bb88-7a893366c3c2
2022-01-30,20c2ec4b-3cb3-41bc-ad27-f8cc42c2917b
2022-01-30,4716c55c-0b6f-403a-a0cd-e6b4e83c2bb3
2022-01-30,6ef5f173-f085-4652-abfd-c859292fd1f1
2022-01-30,234c7a3d-1dde-41de-b6db-09e2252c4198
2022-01-30,23d5d40d-871b-490a-b10f-12219d22f464
2022-01-30,4faa37ff-d2c4-46f4-adc3-b16fecf72444
2022-01-30,1a107665-57cc-429e-9839-e6d35cfa7f0a
2022-01-30,f094d309-dc2e-41f9-aaf5-623887d1180d
2022-01-30,c80f0da3-cb69-404a-be50-9fe5db4ec98b
2022-01-30,34a9d524-34cf-496b-82bc-b3d0a923474f
2022-01-30,fdb8fbf8-e279-4b8c-8518-23804feba232
2022-01-30,0a04efb5-6162-4bd1-a769-27d1a03cbd73
2022-01-30,177d6733-1500-4166-a0ad-a859ce976aa8
2022-01-30,8f5f5de0-2820-466f-abf7-c287bc9457ce
2022-01-30,d55656dd-bbde-49ad-af31-16d94331ae10
2022-01-30,e1362542-35c3-472c-a7c8-9f4599820892
2022-01-30,f99215ca-9a18-4ce7-a6cf-8f55f42582be
2022-01-30,95c8bdb6-f8e9-4c38-abe4-1caa213436e3
2022-01-30,76db11e2-b9fb-40f1-a05f-9cc84169f0d0
2022-01-30,b9badde0-beae-4b7e-a7ca-849bebf84f7e
2022-01-30,bd79cab1-663f-41ea-aeaf-90d549551619
2022-01-30,6b347f9d-4ae5-4ca6-8024-128e80ecab6f
2022-01-30,569d2360-5dc1-441c-8019-30f23ca243b6
2022-01-30,4fbdb99d-5c66-454b-8821-40a3fc91d461
2022-01-30,b28f1eda-6c42-4900-b7a9-0a5124c7e63d
2022-01-30,410701cf-c48e-4315-9f59-d98a8fe62279
2022-01-30,f8f24887-77de-4178-a66e-1022753c18b5
2022-01-30,be3e570f-f1ee-42f2-942b-6bb8882b4bbf
2022-01-31,60a04001-82c0-4204-a9d4-a60ba22684ca
2022-01-31,156e064c-f770-4378-99d9-87c7ca615f26
2022-01-31,edd89b98-b8a3-41cd-a2f5-bad34bc03316
2022-01-31,d874f04c-f56e-4973-810a-2ea231cd8ce1
2022-03-28,ec17ea59-b3e5-49cb-aaea-29e4c8b00559
2022-03-29,2f0b966f-8f7c-4608-9218-81ca6f56c22f
2022-03-29,bfad2da9-258c-4662-a59a-352f6bf2c9a5
2022-03-29,1de2dfde-c7aa-47fb-ac18-0a8ccee771c0
2022-03-29,56e2c8c1-417e-45ed-a46a-5bb9f69db756
2022-03-30,7b0552ed-b689-4b77-a3fa-2b2c09ce5e6c
2022-03-30,c03c2e55-ef2e-4af0-a738-60f190a04ac1
2022-03-30,9089cc6e-d268-46c1-b21b-15dfc130bf2d
2022-03-31,b078d725-dcd1-4b4b-9f1e-9398ea1a9678
2022-04-01,e4eb563b-7e16-4a6b-92f1-9f75eb0c70f0
2022-04-01,71c192d2-f80f-4951-b6f8-691fa4d51bfd
2022-04-01,cf476d70-d66c-4de4-9662-bbbd5ce6e9c2
2022-04-01,f698faf9-0c42-45a4-83bd-2bd51d2a095d
2022-04-01,ec74e757-9078-48bc-a010-ae1053535c98
2022-04-02,960b6196-bb9a-4792-90c5-d5778903cd44
2022-04-02,d17b2f7a-0901-446e-9822-30b88ee17829
2022-04-02,bdd85e27-76ff-4a50-9cc2-ab7488426b87
2022-04-02,3acb0e7a-d829-4e3d-81a5-c29569326d62
2022-04-03,1f98f773-4dc7-48c1-974e-55d4bccf8d61
2022-04-03,2563887e-89a2-48e0-8a88-2b8fed124348
2022-04-04,2c38bf78-f7ee-4a2d-9ab5-679e15113cc0
2022-04-04,6b5103e3-5409-4dc5-9e55-145cd08cd2b1
2022-04-05,cdb8993b-dae6-48e8-9dec-b17186687410
2022-04-05,a96152dc-de1c-457f-8275-37bb44f44164
2022-04-05,8e20b85f-c801-43a8-8c27-9625683cb57c
2022-04-05,d5349022-ea10-43c2-964f-18077cf80604
2022-04-05,464b93da-8886-4750-ad9d-2921073cbcc4
2022-04-05,17555abc-bdbb-4d1a-8c1a-8081ce3a73b8
2022-04-05,b4e2d32c-0578-494e-89ac-c681879660bc
2022-04-06,3d2cab11-04fc-4b26-8bf6-1d3799aa9f2f
2022-04-06,e90eefa8-1ec8-4dc9-8f26-7223b7ce55ff
2022-04-06,6123ff72-729f-4ec5-8092-495c21ddfe94
2022-04-06,8b92ce02-460b-419f-888a-765a6168b5bc
2022-04-07,ffc38f13-28dd-4414-9374-70d4ff398060
2022-04-07,ef631faa-29e8-47d1-9ee3-964ccbe861a1
2022-04-07,6bf50628-a5b8-40ab-bd47-8d947e84b206
2022-04-07,c3f886b2-1c32-4987-8eca-ae3c404d445c
2022-04-07,a9d33f14-9eff-487a-af5c-a346a21acee8
2022-04-07,2411ac4f-e4b4-4dc1-bc89-8532fa220fb9
2022-04-07,c9502904-5bf0-4a72-9b65-79c02f9e89ae
2022-04-07,acdc6e96-2878-4ced-aa95-276e23e2d4b7
2022-04-08,7b1e1e9d-f29f-44f2-8d11-fcc89c8c17a1
2022-04-08,590cb0d0-4f37-4fc4-9d60-490df5a10cc8
2022-04-08,bef02087-cdc6-4c03-bec5-749b8f42ae20
2022-04-08,b01bfbf5-10b9-444c-9821-185380c267c3
2022-04-08,3f9bf763-779f-481f-ba2a-747312497e06
2022-04-08,719d54f2-d929-4f1b-ac72-eb9bddb95b57
2022-04-08,3781bd9b-ffaa-4962-9d6b-6f3c26ef9197
2022-04-08,93358244-88e1-45aa-b956-24854cd465ad
2022-04-08,ec91ecce-6c94-4f00-9677-ecafc94796ca
2022-04-08,ca7581f2-54d7-4a18-a3fc-da44dcd642d6
2022-04-08,5102a085-7bad-4f09-943d-dc9382e0c2ec
2022-04-08,69b3f9b6-11fd-427e-9f24-4baa87476ad2
2022-04-09,e0ef7e2e-4a36-43b7-ae5e-74d04c56f29b
2022-04-09,eae3874b-78d1-4804-b271-b062a44baaf8
2022-04-09,1640a058-cab2-411c-9f19-8941e0c84ec9
2022-04-09,3ae109fb-3dfb-4f8c-bece-9167daae24fd
2022-04-09,0ab527a7-59cc-4c7a-9653-148c21d9a241
2021-08-19,4ef9c7d0-4b44-40f8-883c-061702b113d3
2021-08-19,66f8f296-321e-45ba-8c89-aa5d82b6af09
2021-08-19,eff087b2-0803-46b4-a311-4878e3f1e020
2021-08-20,01c94997-45e7-4c09-90ab-ccea7c74d29a
2021-08-20,9ea0dde3-d699-48e6-90ad-d9e5cc498a28
2021-08-20,e583b2a9-4164-4784-a864-26d8110bc323
2021-08-20,2adaf5ee-20c8-4b35-a18f-fd0e8dd6739a
2021-08-20,708d31b2-e414-4672-a4ba-c60b4ca5f26c
2021-08-20,8941df1a-07a1-449c-83ba-9bddfa28c029
2021-08-20,0c441d14-433a-46e0-a26c-d226de56f99d
2021-08-20,c16f9ef1-7e3d-4d04-931b-73c2e6d435b1
2021-08-20,e63210e6-5508-4ca5-959b-617e750bbfbb
2021-08-20,cb1e771c-87c5-4d02-9036-bcf4fc0c7bb8
2021-08-20,fa6ca025-6b4c-4695-908e-50e1260138d6
2021-08-22,d54b0f51-f33b-4455-bbb0-560bee36a686
2021-08-22,6bf40132-a56e-4d98-9868-8e22fb73dd2e
2021-08-22,9c315b8d-0b67-4985-9186-0dbb98545f2b
2021-08-22,b5c65e5b-fe62-4754-9625-bb26023de7f2
2021-08-22,d1284a97-deb8-43f9-9e42-12e7e48f8ffa
2021-08-22,77c385c5-1c20-42bd-b248-013589127e68
2021-08-22,dfe3dac9-6615-4cc8-bdb9-ba7a75af196f
2021-08-22,49b46067-8fbc-4a53-9b03-32e3f3a882df
2021-08-22,8500965d-260b-4629-9c04-1bad06b9655b
2021-08-22,ddd900d1-a2f1-41bb-a965-66ef3e2a88c8
2021-08-22,5ad6111b-1e25-4c54-a1f1-ddb23d28e6e8
2021-08-22,d208f98f-9503-4329-bdb2-a2f025eba88f
2021-08-22,5b303017-6b9c-46d9-952f-8eea9ddcfbfb
2021-08-22,80de1455-8cde-425c-a93a-5a6307f8adb8
2021-08-22,686faccb-6c49-411b-9e15-1da97b6ca5f8
2021-08-22,866b95ad-bd6a-4767-8da1-aa1d979f7847
2021-08-24,b58cae7b-e627-4934-ac4d-41c4ab1b77d0
2021-08-24,394e3b47-2575-4912-82a6-e7172a1fac79
2021-08-24,c885b48e-da71-4ae1-a780-0d944259aa85
2021-08-24,a3130f31-45e8-4689-b614-469a0488eb7d
2021-08-24,6a5f1c12-f3da-4e10-a0ab-8727f5605c5e
2021-08-24,f4aa4a5f-221b-4824-812b-e7acaedc15ff
2021-08-25,e1bfa65c-0eff-4704-96dd-fa4299f1cf61
2021-08-25,cf5ec2fb-eb87-4b46-a874-31ee5420aaf8
2021-08-25,4c3ab03a-895f-4203-a63e-aaa4e19098a1
2021-08-25,dfa7b223-1a85-42a2-ab5c-f462ca9aea1d
2021-08-25,f163b140-447b-4a0b-93a0-206ca22c67da
2021-08-26,06e482b9-df4b-4aff-8086-7ff476a203f7
2021-08-26,d4c7fdab-6b81-4018-a218-e69604e47278
2021-08-26,07cc7a29-e9b3-426b-9dba-469b72759d92
2021-08-26,9fea7dcc-d291-46ac-8ddc-95f2566cab08
2021-08-26,69035926-9e97-4981-813d-88508a0b8148
2021-08-26,90f50d33-b67d-4e67-8ccf-aee49550a274
2021-08-26,4dc2c504-d6d0-41c0-8568-a85c6a681ddf
2021-08-27,495a68b3-27a0-4ff7-a743-fe05c9a04e60
2021-08-27,da60166c-7adc-4afe-9624-2000a0ecfeb2
2021-08-27,b3fd40e6-2a60-4331-b4e7-b29987d03c22
2021-08-28,2debe9e6-1773-47e1-bbf6-16b00973e1c5
2021-08-28,3e972887-bdd5-41b4-b899-e4c0f83e8311
2021-08-28,06d6bacf-74dd-4846-9dc4-83442a394896
2021-08-28,3ebace0a-7b06-4b53-8ed5-5a33318a632a
2021-08-28,6003e158-3c98-46c5-9fa4-fb83c4077098
2021-08-28,870f47ff-c131-462d-b6f6-9545530b53e1
2021-08-29,d9f54b52-cde1-4a10-8835-e669b24ce199
2021-08-29,81e0c964-0a88-4375-b75d-e6e227cd20de
2021-08-29,6bbfeaf5-c4b4-4283-92b4-c25a23bbd0f0
2021-08-29,ebb82b9b-605e-4486-937b-3e12b043c138
2021-08-30,dead42f9-e290-4967-a7a3-b0b988c14ef3
2021-08-30,6d207776-6183-44c6-a04d-d9897a8247e8
2021-08-30,681900a3-bc69-4c3b-914c-720c4455177b
2021-08-31,0ba89f35-7b35-47e7-907f-6b19aba02231
2021-08-31,31a41247-21e0-427d-a9cb-5190b78e20ea
2021-08-31,f4becab3-baae-4b6b-a8c9-d4fa1f772ea7
2021-08-31,8409fcb1-ec8a-40c9-bd42-1bc1e1060712
2021-08-31,96f541c3-f54e-4853-bc72-65d571edc406
2021-09-01,02dca822-97cb-4f61-a0bc-37632b5a99e9
2021-09-01,82d52349-89df-4e9e-bc41-edfff4377eb2
2021-09-01,ac5843d8-c726-4878-b6f1-14b5d0face7c
2021-09-01,0767853e-6fb5-4098-baeb-a73453124daa
2021-09-01,b7b4d7a3-385d-4182-8df9-c5a0d7f886fa
2021-09-01,12e129c0-44d1-4b01-848c-1e5dd572916d
2021-09-01,95d41a82-cede-4d47-b485-b65facee92f9
2021-09-01,1c1e3f89-4c7c-4299-b307-552caf7823a5
2021-09-01,52c0763e-689a-4414-a306-0461ac950079
2021-09-01,6b47e321-5e99-4cb1-90d2-e81e743756c8
2021-09-01,9af0d87d-542d-4bb1-ac20-2e3f405980b8
2021-09-02,f733f0ff-e6cf-491a-aeb8-99e0e69e30d5
2021-09-02,03873ed6-082f-4f98-b10e-01e5333e3dce
2021-09-02,13ec525f-a5c7-4e45-9912-e20a5b99ee1c
2021-09-02,5d5ff698-271f-4a63-b413-99ea54f82235
2021-09-02,58e401fb-09be-44e1-95ea-2196c00b370d
2021-09-02,1f78af18-ae79-44e0-8c9f-6c172c25e3cb
2021-09-02,022ff001-2cb3-4efc-bd5c-05ea311655d4
2021-09-02,b01eddc0-5e25-419a-b1bb-72ebd12b6203
2021-09-02,123eff78-ce5d-4dcf-abbf-35a52f9b8848
2021-09-02,68e5dd83-72a3-4c15-a02f-209438985585
2021-09-02,a6d481ad-afdd-4bd8-b585-adcae843626f
2021-09-02,767bb4a5-b05a-447b-a9ec-bbbaadf12661
2021-09-02,b1257340-53c9-4466-a87e-0adb4d58d22f
2021-09-02,94d05c60-e071-4305-9a12-b713e7a3a12d
2021-09-02,8a0cf457-cb17-4b3f-b808-7d47155292a8
2021-09-02,341312be-aca9-4f55-8b63-38384e24a650
2021-09-02,46557cca-0435-4a36-aaf4-5407ccd538e9
2021-09-02,3ca3d631-eb38-4544-861a-60cf22e02a17
2021-09-03,1d44e0bb-5eef-4b6c-95e4-1318cdaa214e
2021-09-03,49b8b033-acd8-4099-bb45-9ceb5b33981d
2021-09-03,9b4a96df-a0da-4947-9854-aa393bae48b6
2021-09-03,e66890b3-4d7f-4920-814a-fd6436cc046c
2021-09-03,400c3dd0-09bd-48e0-82b2-3bb878860cb5
2021-09-03,48ddfb64-f02c-41a7-a956-d399b2a092c1
2021-09-03,4da69b7b-7678-4f43-99e6-3679eef349a4
2021-09-03,fede51b3-1cc7-413e-85a8-b63fc622f7ff
2021-09-03,f6fd2579-61d2-4d17-8765-b32c8d575670
2021-09-03,1607b484-eb16-44e9-84dc-936b27f6037c
2021-09-03,23931ce4-d767-400c-8f7f-2a0bd6af365b
2021-09-03,e11fd908-5155-45d5-93a6-6ddc3e86e37d
2021-09-03,398cd04a-cc41-4541-b716-6ec8d3560446
2021-09-03,de338eed-456a-4a2a-aeb3-bb526e7853d6
2021-09-15,73ace9ed-c115-4e97-b833-5fb9a26b4de0
2021-09-15,1ebd270f-1d11-4f3c-93e0-c452977ae268
2021-09-15,9d181142-30a5-4b59-b762-19e6652e81d9
2021-09-15,d5b97ce5-09b5-4abe-9eb8-53a3ccab3366
2021-09-16,41f4a913-5561-463c-8fe8-e9be76faa188
2021-09-16,b224c851-c768-4dd5-a957-05a4b23f774f
2021-09-16,95a814cf-0990-4501-8058-d47d0bfc86b4
2021-09-16,938fee25-b9d0-4375-b0b9-a280fd344e56
2021-09-16,4fbda42f-829d-436f-97df-f80f75d2dcfd
2021-09-16,f064fbc2-2596-4c81-9853-91b7f6cd69eb
2021-09-16,991ae868-5b42-4096-b2a7-0a46c5835410
2021-09-17,2858ca2f-6cd4-49e2-8a11-06cfd6d061d9
2021-09-17,1c2ad974-2d77-4d2f-8a49-8bb524002222
2021-09-17,3f3576b8-e74d-421f-a019-88c59e8f8b23
2021-09-17,de35d235-0b69-4d23-b0de-46518d67a00a
2021-09-17,da3fb0e3-7f2f-44ca-b862-6b52901e2412
2021-09-18,a27e975e-777c-4223-b016-892c6fa9fe97
2021-09-18,db137876-8464-4ca2-8dff-f076b0512d70
2021-09-18,5f98e615-168d-4844-8dde-e6f0c8543e62
2021-09-18,01a53b46-6a19-4248-978f-e6100431ab17
2021-09-18,42d96bd7-302d-43f1-89e0-ed61f09865bf
2021-09-18,7b48a035-40aa-4bea-90ce-e2aff9819262
2021-09-18,d638cc9f-6af9-4ab3-a848-269288d8174e
2021-09-18,9789a6c6-d55a-44ee-af2b-4b81681bb325
2021-09-18,21dacfca-2531-48e1-b111-dd73dbe84dd2
2021-09-18,731c2f93-eeb9-4862-a101-e13f6fa77216
2021-09-18,3e7747e8-9704-47e6-a880-139ef2860ff9
2021-09-18,17bc9545-c276-4040-b4d1-1109fe77ca52
2021-09-18,6bacfc6b-349e-474d-96d3-be372ecca54e
2021-09-18,f56c5320-6d37-49f6-be2a-34ac38192f8e
2021-09-19,41b23942-8a76-418c-88d8-e5d1d1e6760e
2021-09-19,8ea9d037-3a41-4e54-b8ff-82ba3ef021ae
2021-09-19,a0832e16-86a5-40f3-88ef-52760702d04f
2021-09-19,98aa8797-5d1b-4114-aa54-886ce2e04867
2021-09-19,9980d479-8615-4fc5-9b75-6bb9e1152161
2021-09-19,7950b601-e20a-4c19-983a-9a8272a8aa12
2021-09-19,51ab1ce1-20ac-4a11-866b-d38a43122a8d
2021-09-19,bb3e3712-7490-4a7c-8ac3-c3d9e4a3e488
2021-09-19,7e7508bc-d901-4100-906f-e2edcb07a061
2021-09-19,8bd4639a-fe43-4395-b5a0-2173b4b4cc25
2021-09-19,a97abdd6-b36e-48ee-8c8c-6e6c6219ecb4
2021-09-19,51ad04d6-8a2f-4076-a139-7b33ca79f822
2021-09-19,8e00edeb-f854-4cab-b66b-4409f6522b89
2021-09-19,99cf95ea-cf15-4b2c-a30a-cc56f08fa5f6
2021-09-19,46f5a6ef-a110-46ce-a590-b1f2381fbced
2021-09-19,cf722543-efa7-43b4-8991-da54fea18f9f
2021-09-19,85f5a7d0-25b2-44b0-b723-0799e69e2500
2021-09-19,a199b33c-0137-4e39-af9e-130362f25224
2021-09-19,a5cec8c5-550e-4a3e-9873-13e6f9430d5a
2021-09-19,376ce02a-bc90-439d-8b6e-6b03219365da
2021-09-19,6cac8089-fabb-4a95-9ced-4d62867e18d8
2021-09-19,65c2383c-7e5e-47e8-95d7-3a63a1bd0f4f
2021-09-19,8e496f7f-3c47-4a38-a834-301956e11743
2021-09-19,b250a4aa-b778-48b5-88f9-ca0c14dcd421
2021-09-19,0bd48546-0a03-41c4-bea3-2749dfd91bd4
2021-09-19,9fc73e98-1285-41f5-9219-4c5655cf6027
2021-09-19,c9de4c08-9255-4089-ac58-1b6d3c81590f
2021-09-19,d6ee2986-e058-47f2-a56a-b0f25ecee28e
2021-09-19,cbca7393-1bbe-4efd-83a3-51bbd606cd21
2021-09-19,e943b258-c5c1-49f3-b63a-92ce69e15779
2021-09-19,4b9cc2bc-761f-46f9-8925-5b4bde0adbac
2021-09-19,0b2180c2-d468-4d46-8019-186c1c88f6d5
2021-09-19,68a0a26f-dd7d-4428-b8bb-a9e1883005b5
2021-09-19,8a838b38-4e40-4c2a-bb49-e6bc363bf298
2021-09-20,23e893fb-76be-45f4-8524-ad4d2494ba1a
2021-09-20,5d592c3d-5579-434b-979e-6a532dc3edcc
2021-09-20,7dd1903f-9c83-4221-a8ba-810d1a8e1170
2021-09-20,334ef4cf-eccd-4cd8-a23a-903f7323952e
2021-09-20,426e3910-35e8-4123-ac84-a8c26e90e564
2021-09-20,4587b01a-4fac-440e-881b-18af30b3106f
2021-09-20,b010d70e-b1d8-4a8e-9a9f-5c53ff2ace75
2021-09-20,89269230-e793-431c-9d24-347fe2e539fb
2021-09-20,6eca71ac-5024-47be-8eca-823a2c8499c1
2021-09-20,83ae939c-2ce5-49de-b71b-27232e4298fb
2021-09-20,90fb6e1f-8131-40c8-8c69-ff57307c6ddf
2021-09-20,f0c13aec-67c1-4b35-aef5-5b877774138e
2021-09-20,76f0c7f6-0a51-4a60-b666-29cdc27e29b7
2021-09-20,ff28adf7-8e1e-47e2-b1d7-f17dad65cf75
2021-09-20,39767a13-b294-4eea-9572-4d129209a19c
2021-09-20,af4ac2ec-1231-4915-9f14-dbef6fccffd2
2022-10-13,7557a356-e431-4993-9d6b-c3ca98d00027
2022-10-13,543eda91-daf8-4a66-bf5a-0c3521fe328a
2022-10-13,c76a8e6c-d93c-4d02-9fea-3837ec6c5dd6
2022-10-13,27ec8ade-cee3-41a0-9054-5aad928fb49c
2022-10-13,96b37409-2dbd-4dc5-a6de-a57997dd3a8f
2022-10-13,a013fa3d-ae76-4751-948e-b427b8743cd7
2022-10-14,f5a3b46e-a321-45e6-8a60-b31be9fe5881
2022-10-14,ff1465e3-30e8-4392-850a-ca0deebf7d86
2022-10-15,5d6f1977-f4b6-4c9e-94b1-c566186fdfd3
2022-10-15,1e96005d-1d42-481e-8f93-208ba4e7572b
2022-10-15,d175ca39-764a-4375-82ce-82430e686938
2022-10-17,520d51c5-d2a0-40fa-b8e6-dc457e307ffa
2022-10-17,c449d1f3-0e39-46fb-b3f1-3cdf40ea75fd
2022-10-17,7e561c2f-79c2-41fd-8aed-fa5398764c33
2022-10-17,f94c2b16-7789-4368-8926-18b026752ee4
2022-10-17,bb6c2636-c2cb-4778-aab3-e1165c1e3740
2022-10-17,aeb2c886-b3aa-4981-9d91-b6ff4c56ac82
2022-10-17,e7e8ee1c-34f5-4f1c-926b-46f82e7474ef
2022-10-17,9ce6e68b-84c1-405c-933b-adff04927687
2022-10-17,5bf22161-4761-4fc8-aac8-023112b1d1a9
2022-10-17,c90e58a4-f13a-4c3d-a14d-832930fd1b4c
2022-10-17,393aa3db-0755-4651-bb9f-7b6dea1fdbd2
2022-10-17,3b2578fe-c3f9-4788-aa02-ccbc00b8e76f
2022-10-17,f671be35-b5c8-4ccd-a369-22bb7fa24ff9
2022-10-17,8000b657-2253-40fc-9ff2-c48c3dfe7a72
2022-10-17,99deb39f-3d45-4ff8-8da7-7173a972f3c0
2022-10-17,b8680fe8-8ad4-4434-98e6-9fbd7a2659f8
2022-10-18,6bb10033-b864-402b-876f-5e4905b6bd12
2022-10-18,2c627c75-73cb-466e-8412-fc7307eaa254
2022-10-18,44e79c18-f904-47d9-8e60-3bcf3796845c
2022-10-18,786a429b-1730-4a71-b5f0-9fad9b801e2b
2022-10-18,31f8dff6-85e0-4e88-939b-fc39a731eaeb
2022-10-18,44714ee9-7486-40c8-905e-e3b38c3a9f72
2022-10-19,8450704f-c494-4a27-b412-948dc2492c92
2022-10-19,4e585aad-ba2e-4045-b371-1f4acfca9fa6
2022-10-19,1147a9fa-e172-4d26-9184-6373e006a858
2022-10-19,d7e0a360-90a7-4ed3-a378-93e8e147edc3
2022-10-19,7be75b5f-14fc-406e-b671-0c1cfbbb7469
2022-10-19,4aaced7d-5417-4f25-82f7-d67089b8ffd8
2022-10-19,dc5359c6-5646-4827-9d57-8ee226548752
2022-10-19,77167abc-3a48-430c-b210-b100f9d35177
2022-10-19,6f3eb04d-8b00-46a9-8604-75564bdab80e
2022-10-19,c1db4cf8-aaee-42b5-ba7a-12c502143044
2022-10-19,70aa3ce4-1684-4820-aa53-3e802c902ed9
2022-10-19,dcfd4772-144f-49f7-bf3f-8d85bc008126
2022-10-19,ffc40f65-7634-4272-b73b-55d40be035ff
2022-10-19,375884e1-8f9f-455a-b583-6cc3d1a79e81
2022-10-19,cabc8bc2-d6bb-430c-965f-d7b250cb1659
2022-10-19,aaa205ca-f018-4398-9e11-58c026d9ce25
2022-10-20,140fe27c-5edb-42ec-b74b-ab1fb5867092
2022-10-20,b5338612-85b0-4c75-b224-3fa7dc7d31df
2022-10-20,99e8a333-a17c-4e10-9152-abb00c494171
2022-10-20,72681bb0-dff5-48d4-9f4a-c098c1c0373e
2022-10-21,0ef1acb4-4197-44e2-9c24-9ee3e58f157d
2022-10-21,1f6d76ef-fcc8-4a87-b8c6-aadfa2879834
2022-10-21,f3bf9704-09bf-4d49-8ecf-93d1625b542a
2022-10-21,4aa66c5c-1c8c-4e5e-9ff6-139048b3c069
2022-10-21,7a99a8df-db4c-4d22-923c-f18e7181b3de
2022-10-21,53c53976-d2b1-4478-970a-72d3f206a3f2
2022-10-21,4b80c135-5137-4c0e-97a0-f89c1948e326
2022-10-21,de7b7480-566f-43f2-8c87-c179b7691abc
2022-10-24,6bdfeb28-f8d9-4b97-a297-54becea014e7
2022-10-24,f647337f-5311-4075-9aad-2edebc61d68d
2022-10-24,19d60089-0225-4d5a-960b-675f77b3a4f2
2022-10-24,4f204650-ddd9-4661-a85b-c211c5f3171b
2022-10-24,864e5c91-05f7-4ad2-bc70-05e8f870951b
2022-10-24,ab3226d3-c584-4c2d-b9a6-9329166a9ad3
2022-10-24,88edee7e-f6c0-43cf-9d2d-e0cb58dd0a9f
2022-10-24,85d774e6-2ba8-4fdf-aae3-473373134e33
2022-10-24,447d05c7-f088-4312-835d-f0f6a10e78a6
2022-10-24,c0888ab5-df37-4937-8946-18f806e2c249
2022-10-24,dedca24a-dc9d-4229-b449-82699f1a5ca5
2022-10-24,c7a04ea5-1958-4b73-aa53-566498d1728e
2022-10-24,43efac51-0c63-446b-ab33-0b1e04596daa
2022-10-24,6af1f961-61d8-42ff-8637-fc8f1144c2bd
2022-10-24,b8a997d6-4237-4223-b7d3-d231e595d08c
2022-10-24,d39ac96f-7956-42ce-98d6-72bb141714b8
2022-10-24,babf60f9-f495-4e2f-b2c4-1e3efc776299
2022-10-24,4bef4229-e20f-47ab-bc00-a82a23c2fb1f
2022-10-24,701c4682-2eea-4231-bf28-d8866a936985
2022-10-25,8c778f55-e2a9-45bf-a0ed-649bc22a939e
2022-10-25,7d3928f8-aed5-4fcd-8d51-49b13694fc66
2022-10-25,48ae157e-dc07-41b6-af93-893ae0383498
2022-10-25,b5f4e463-e5f4-4f8b-be59-0f17184bcecc
2022-10-25,55ac2403-6680-4de9-86c7-534c3f7b1fa0
2022-10-25,961ad685-7311-43d2-96bf-e44848a7980c
2022-10-26,f0aa75c7-a7ea-4e95-9d81-077141bdb808
2022-10-26,af5519e6-f773-4f76-8d10-8713496e0388
2022-10-26,096d970a-d36b-4882-889b-9dbeead5e24c
2022-10-26,5224be0f-31c8-4c40-afb5-62d37348763d
2022-10-26,2dae86ee-8d53-4370-a9c8-8dc392208a0c
2022-10-26,9a90eb6e-4586-426e-83e3-a203dd3f6865
2022-10-26,7013c2c8-15c4-4203-9a13-1411d45f0767
2022-10-26,539c08fb-0724-4868-abd0-f124664f775c
2022-10-26,1b3a4d7b-c26d-4564-ad88-b1218940259c
2022-10-26,35e16423-b4a1-4d66-8b2e-e9f519251286
2022-10-26,57563041-76d6-43ed-826b-759e28be2013
2022-10-26,13ccfd3b-862f-4a5f-ac46-cea46680a4f6
2022-10-26,64c52b7a-b830-4e65-a697-c874128165ca
2022-10-26,e9b3dcb9-0524-453d-bd83-14305ebfd1c4
2022-10-26,98972ea7-c203-4758-81a9-0af83df1f16b
2022-10-26,657860b4-b3a0-4340-86b9-d982f3583c6c
2022-10-27,4bce0e88-6e54-49c2-9dc1-f796e300b8c4
2022-10-27,30e082b8-4955-4f9e-90b3-c75cbd05a14a
2022-10-27,e5697742-1308-4d19-ab5a-92c1d61d609e
2022-10-27,ec8f03af-a61d-4399-93e6-87c3f436e3c8
2022-10-27,a445ef24-12c8-43dd-b395-7bfef0ab4a83
2022-10-27,d8973bfb-4ac0-4f4a-954a-1454a02b4f67
2022-10-27,465d47ef-8933-497a-9096-66a3baf02484
2022-10-28,d5ff6702-37b5-4ef3-9b8f-e4f68e013e39
2022-10-28,de5cda8f-44ea-40ca-a812-6e866a8a53fe
2022-10-28,34ead03b-6069-44ca-ae1a-692f2880f43b
2022-10-28,8b227ec5-d48c-459d-bbe9-6e911a4faa01
2022-10-28,7beb5df6-6a2e-4bbb-b638-1d97e372d863
2022-10-28,f403edba-bc21-4710-ba91-a32cb7e91763
2022-10-28,8be02767-1215-49de-af02-33f7e7a4f6c2
2022-10-29,23fce42b-53b3-4eec-b7bf-86619f2ff793
2022-10-31,e134c0b2-ebbf-4a95-8331-697d088aaa7f
2022-10-31,ff723d95-6676-481e-8455-6a67061b430b
2022-10-31,46782643-c874-4824-915a-f09bb17b9b0f
2022-10-31,3a3ea784-d5c2-4ec2-9bbd-76b584c9e2da
2022-10-31,83743962-578b-428b-a7fa-a14cd0f68957
2022-10-31,a8867435-83d6-463e-89db-fd70a072805a
2022-10-31,d9272900-e922-454f-ab9f-840df8c7fece
2022-10-31,fd16dd3d-7f41-400d-b7a9-780b9a5b8a59
2022-10-31,2e03d603-7c7c-4c91-991d-0f34f7b55b53
2022-10-31,5173e897-6e68-4fee-a198-44665a3226ad
2022-10-31,c291d4ab-992d-4355-b85e-1b150a9fac87
2022-10-31,007ffab4-0b86-4683-a6c1-cff33a587503
2022-10-31,ddaefa63-e4d9-4913-bb80-0c58ff3b1d9f
2022-10-31,b8884d26-27cf-4553-a577-d80d95971648
2022-10-31,fd37c223-1543-46cf-8f76-b918cc1a8be0
2022-10-31,e82f5fc7-fd1b-4ef2-bcc9-924f7d9137f0
2022-10-31,4b0a49de-e418-45b0-9de7-683575363ed0
2022-10-31,58c895e6-131e-416b-9a26-52276bcf6f2b
2022-10-31,dd789cbd-b2a3-4e94-910a-69b8e1b182cb
2022-10-31,b5198aca-8316-47d8-8495-0dc695740259
2022-10-31,d1bc8935-99fe-453e-b5f1-fc660539570e
2022-10-31,8b1a6ff7-dea4-4401-8112-e086caf68c57
2022-10-31,be152cfb-2c02-4467-9f4a-d1fe5199e9f1
2022-10-31,f653cda9-de70-428b-83b7-1b350032f64c
2022-10-31,c78b698f-a3c6-40b4-af0f-3ce01fa28091
2022-11-01,003e68d8-5f45-4549-b00d-3da0a10833ae
2022-11-01,b4461dae-f11b-4ed4-b63e-edc52bbb1f60
2022-11-01,4bc17673-794d-461b-a1a3-5a7027289816
2022-11-01,31f1b78d-5468-422a-8d1e-855437870e0b
2022-11-01,672ec185-4801-45f3-a7be-b15e3285d874
2022-11-01,188e42df-b358-4668-bcde-e228594dbe8c
2022-11-01,d28fc949-a76c-4dbf-b5ca-8e3d592a3cd2
2022-11-01,09250eef-a682-4365-9e89-0276002ed43e
2022-11-01,601bdbf9-d4f5-4650-9098-0139c6196c95
2022-11-01,98ca78da-21d2-42ad-9bbd-f2394ea6bf62
2022-11-01,0961299c-305e-4d9f-bdd9-6b32560fe9d0
2022-11-01,22e04770-e56c-4b77-bb07-27737ab09652
2022-11-01,21018ba6-cc6c-4b79-931f-84fac1f1fbb7
2022-11-01,62bd38c7-975a-4e3c-b268-8d5a8cedf04c
2022-11-01,2b7e6d80-a1c3-4ad9-869c-9bed81c95726
2022-11-02,20ee5379-c821-4c19-a510-7b03643aa2f7
2022-11-02,21ee94bc-61e2-4847-ae4e-a81015e65fe9
2022-11-02,3a97da95-9bf3-4e58-a8a0-bbdc7d0505f1
2022-11-02,c735c9f9-05ca-44fd-a782-73b62f42fe83
2022-11-02,6f97017e-3dbb-4d72-948d-44b4a276a958
2022-11-02,31cb287f-e54f-42a4-aa86-d9587b00f80c
2022-11-02,9cab8ae0-4690-47c0-acea-ebb01fa017cf
2022-11-02,6626e8aa-b97e-4753-b29a-8cd30c9c627b
2022-11-02,a8d17e68-81c9-4096-93c0-e646be8869bf
2022-11-02,c9af56e5-e4c9-4074-ae9a-cd968631c8aa
2022-11-02,e3f72c2b-c2e0-4b7e-9a10-1a3a58c23d89
2022-11-02,148c0685-9b09-4bb5-966a-618ecb7f617d
2022-11-03,1d838852-90e0-49b3-a0af-d6fda3a5b3d3
2022-11-03,ace8e20a-d453-4f03-b7e7-ba20893727da
2022-11-03,4e3bf68d-9ca7-459d-9e3e-f08d7799f67b
2022-11-03,36429798-a914-44d1-95b8-96810f32cfa7
2022-11-03,d5fe9a76-b031-4a9f-b901-07b718012a27
2022-11-03,dec33be5-a4fa-4942-9b8a-7d802d414b2d
2022-11-03,3c479ef2-d5c0-4d9a-b37e-769a6cef93cf
2022-11-03,eaeea2a6-e4fb-42c6-b9ee-78fe88e569a8
2022-11-05,98f6bf2a-f62d-45f6-99c5-cf00dace7ee2
2022-11-05,8630f331-ac4d-4ff1-8e5c-d52c08d88986
2022-11-05,443cd9de-5d04-4e1b-b880-851e3b9bc853
2022-11-05,97a2e302-ac0e-403b-9584-bb8ff6436f64
2022-11-05,d5833569-8513-4dbd-9b62-2ee5c7215826
2022-11-05,30e3b4f0-4c77-4c99-8015-58109d882b38
2022-11-05,f225ca21-cffc-4d60-b552-189af3bc124b
2022-11-05,f59503e9-4787-4f69-9df3-f80ca2430b6a
2022-11-07,bf202f0e-0370-44bc-9bed-d9529871933d
2022-11-07,44cc979b-754d-4347-8159-2176b10bcd74
2022-11-07,01f34380-e3f2-4f43-9e1c-32a28cfef3b1
2022-11-07,ed4cfedc-3ba7-4f8a-b14c-4bdf687a519b
2022-11-07,3a7a5775-4ab8-4b9f-9261-67d4eac566f2
2022-11-07,f50da557-b4c0-4de1-adaf-2ff5365ad716
2022-11-07,73c4cd02-1c9c-48a3-b4cc-acef640fd721
2022-11-07,b9d172b4-8f7f-475d-8f40-bbf04af100db
2022-11-08,b4d2c60b-31ed-4ba2-8042-b549487794de
2022-11-08,e9b7af74-e9e4-47bb-b9bb-184bb5326629
2022-11-08,590d2c76-0cdd-4204-a18f-590032527b1a
2022-11-08,87d35691-0412-4239-9916-68308c2bd43e
2022-11-08,45d937eb-b96c-4aa6-9f04-433bda42980c
2022-11-08,6b4ab078-789e-4a62-85cf-0336fe3e03c8
2022-11-09,bf06552c-650f-48d3-8f47-8807f32c9305
2022-11-09,8d9af803-1770-462b-ae60-40189936a4c7
2022-11-09,3f7210b3-c7cf-46dd-a1dd-1df276654cb4
2022-11-09,f0e4b325-44f1-4212-85c7-b89cbf03cb84
2022-11-10,0125ad79-46e9-44ab-97db-e1d1841a4fa7
2022-11-10,2917c9ba-3642-4c9f-aa93-43e678e76252
2022-11-10,dde82998-7d7f-4919-8700-bbe4d09371e5
2022-11-10,3d360be3-50bc-4360-aac0-c3f09f0c8fa8
2022-11-10,7c278f98-6c34-4d44-a2ab-7d0b3aa605d5
2022-11-10,f338a909-0853-4714-b7b7-df08313b1f93
2022-11-10,1a57b04a-2916-4cd7-9257-293ace5dd271
2022-11-10,a3f6c6b9-242c-4925-a51a-8a5aa3e68afe
2022-11-10,0815f0ea-1b64-41c8-99fd-3730c5d8e464
2022-11-10,3637f36b-9d82-42ff-b21d-bfc8d8f19df5
2022-11-10,b7911d2d-37ac-4cd7-acb7-7e0efa676857
2022-11-10,8e71352d-5825-4866-bad9-2ddc463d335e
2022-11-11,d8a1aa93-35a4-4695-91f7-6b4c736c0e88
2022-11-11,5362444c-e276-489d-9c86-720a412e06fd
2022-11-11,585e5455-a704-4cd1-93ac-0c88e8ed8bb6
2022-11-11,bd556597-0c4c-4703-a55a-48b997a2d47b
2022-11-11,27904298-0d14-432b-8cd6-82ba0410f347
2022-11-11,c431f5bd-f3f4-42c4-9f40-760fa671af5f
2022-11-11,6eccf972-5289-4631-a513-085ec2ad25dd
2022-11-11,b111e3d3-70b4-47fd-9c73-a0c79db2450b
2022-11-11,81af7519-6f19-407b-a4eb-0fbeea88a338
2022-11-11,8b957c4d-80ab-4ec9-a8b9-3c4143588195
2022-11-11,f6470e72-4a35-4a2c-ad50-1060a15cbbe0
2022-11-11,76f59212-1d1c-4b61-89b0-85d94aaf3a2c
2022-11-11,fc4dee43-02eb-4683-b81d-c34a8423e1f2
2022-11-11,4ca26da7-4769-42c1-95d9-8edadc364763
2022-11-12,3fbacbbc-2442-46cd-b0d5-edebbaa249ce
2022-11-14,9107138a-91e2-4d8c-a4e1-087b152cfda1
2022-11-14,9e59f900-0a09-4009-a2f5-769978644668
2022-11-14,c092b95f-11c0-4b78-bce2-64da247322e9
2022-11-14,cf02c68f-8643-4f93-bc60-d706c181e5e7
2022-11-14,261a0485-57a7-4c8b-a323-1c0a56655915
2022-11-14,0d9a3ee3-b59a-473d-a489-4331b0687c3c
2022-11-14,f895ac2b-519b-480c-8f23-f021635155c1
2022-11-14,13b8cb96-babd-4ebe-9a25-64006b371ada
2022-11-14,e913557a-9e2f-40a8-a5ba-2f381a9b2d07
2022-11-14,0822ddaf-38f2-4914-9fbd-a6f280dbf22d
2022-11-14,02831207-8096-4451-89a5-fcac9fa073ec
2022-11-14,600bd5fc-65f8-4fab-9616-04f12bf5b3a3
2022-11-14,921f0e93-4df5-4f85-be15-155a82ad4e20
2022-11-14,87dc0db5-cb87-4376-97b7-a8c0ef684ea6
2022-11-14,056307f8-7d72-4544-8e05-4345e4e71d43
2022-11-14,ab3eefd6-bc1d-4b6e-9344-28b0eaadc54f
2022-11-14,b27c9d85-9d7f-47bd-af56-314e6b821e1e
2022-11-14,a4ba0e6c-8a9d-43d6-8318-500942f70519
2022-11-14,5f747ad2-a4b5-4039-855e-e5e0e425b7ff
2022-11-14,3685f77a-5267-4f77-9241-b59f95712a76
2022-11-14,e96ced8b-90a4-4dba-a3a2-951947c9811c
2022-11-15,3b685194-51fb-40ba-82e0-494e86ea6991
2022-11-15,4c90c881-f6c7-4174-9a73-80a3be006bfa
2022-11-15,7af8d588-ec08-4abf-a4f9-0702c36357dd
2022-11-16,d32d57c0-1117-469c-b463-7ccd7b4206cc
2022-11-16,0dd12e3a-5a2a-40de-b1b3-16b25bd617ba
2022-11-16,24ccea81-aafd-49eb-b970-81ce6ad0ca42
2022-11-16,b2c32fde-dd98-46b6-a033-cc42b78666d8
2022-11-16,f5568ecf-0713-4cc4-84b6-22954ebdd032
2022-11-16,27184a14-69f2-4e9f-821a-040c005c70dc
2022-11-16,9292a02c-0869-478d-b5d6-6a09a1457a77
2022-11-16,0c94bf36-8626-430c-8bdf-3771d66c2b02
2022-11-16,884594d9-0ee1-48eb-a512-3e683539e265
2022-11-17,ad9d0d83-d1f5-4b0b-b8a7-35e1bec63af6
2022-11-17,fe787f37-fd8f-42ef-b017-63ef58db95eb
2022-11-17,98cf6231-a45f-4f01-9fcd-87e6642e1421
2022-11-17,7d115839-4f58-4ab4-b9be-12eb5c6f14ac
2022-11-17,bc65a348-83f3-4d7f-9e03-f0177757d934
2022-11-17,50de9283-0e28-40a3-93be-d4b54c3ffb76
2022-11-17,33d998c8-2bab-4618-b017-5f8fbe4d3874
2022-11-17,7f1d07ea-845e-48bf-a37a-88c23ae4b6bf
2022-11-17,0bf311c0-f37c-41e6-acc8-ee3f1c141bf5
2022-11-17,e843d38f-1143-43cc-91c7-967b5be402b6
2022-11-17,311c941d-be64-4d08-93d2-f8fcb12230ff
2022-11-17,2e80912d-f54e-4214-9037-917851378dcc
2022-11-17,fff65ad8-70cf-434e-8d72-e7d9cc61afd4
2022-11-17,58a465fc-fe11-49e2-8e0a-c22494b1cc84
2022-11-18,8d524721-e360-4fda-816a-53468c0c37ef
2022-11-18,a24adc45-9aaa-4e36-b92c-f4e7980b966c
2022-11-19,405ea002-809c-4534-a93d-e64ec7de097f
2022-11-19,d4a7ceff-e85f-4888-a9fc-ae0f5a73a947
2022-11-21,57a4cd31-bc3e-4109-bbf7-affe08d34e37
2022-11-21,00795b35-7dbc-492b-8858-99329bd7508b
2022-11-21,1a480642-220d-4174-b629-10f5ebe89fc7
2022-11-21,6b33a87b-3cf0-487d-bf79-3657ecad97aa
2022-11-21,f8144490-6263-4ec8-8526-31857be49ade
2022-11-21,4003dec5-8d08-4e61-972f-b72c946ec02c
2022-11-21,0d235e40-8b7e-4bfc-89f8-a9709be252b2
2022-11-21,6628d7cf-d0b1-45a6-b018-9fbdeb1c6cc8
2022-11-21,0104ad6c-fad3-4e7b-863e-64301b38e703
2022-11-21,cd9e9607-b9d9-4b26-84a8-ff4fe28cc1dc
2022-11-22,4d7ce8fa-dd1c-4c80-9491-00683757f083
2022-11-22,131aad45-7825-47ad-b2ca-a1570c3bfcb0
2022-11-22,b67a8a32-23d5-4aa0-b98c-b3d32aa6a60b
2022-11-22,6a7047ba-d35f-4199-82b9-4eea7ac00f6e
2022-11-22,4c0b912c-c39f-4ee8-a09a-a6bb0b69a596
2022-11-22,0851d430-7ce5-4088-9efb-86aa8dc0f60a
2022-11-22,9792e490-974e-4851-ab3f-a79682a860a7
2022-11-23,d4d340d8-6a1e-424e-95b2-a44c631887fc
2022-11-23,9e8ca921-5d38-4f2e-801d-92b0ea6aa01a
2022-11-23,f6aafa32-1047-4c0d-92ce-1bb24976ff38
2022-11-23,a7c89561-e13d-4259-83e2-ddb4da7f55c5
2022-11-23,b8e878fb-e107-4842-8809-1c2e59e4cf32
2022-11-24,8e19d795-db99-4465-b082-c2128c8d0893
2022-11-24,547c95a5-23a6-4d4b-aba3-16b7a3c0d41d
2022-11-24,301e1ff4-82ed-4ffb-874d-a4f717138172
2022-11-24,d98874db-99c8-44bd-812f-cfd495638d43
2022-11-25,638a66fa-5842-4754-b2ea-d4ca3b597999
2022-11-25,f2608480-eb55-4378-a1cd-6b24c70babc1
2022-11-25,676279ae-7139-4198-b74d-c35960758c7a
2022-11-25,2ff7fbca-9357-4bd2-92e5-274336c048cc
2022-11-25,d57d8b23-d224-4dfa-9852-0619db810db3
2022-11-26,679b9c05-099d-40cf-8d69-bc2a8d0864f4
2022-11-25,2fa849e0-2680-4c68-9f62-929a0985240c
2022-11-25,98d4beb8-4b76-40be-ac7a-51969f2a381f
2022-11-26,3228ccd4-ed0d-4d50-bfcd-03a8428151cd
2022-11-26,de7af51a-6c3e-4a31-88dd-cf209c9e55b8
2022-11-28,cdd9407a-6bd3-4123-a18f-01e9a02ca1f0
2022-11-28,c7499b98-1654-4ce2-aac0-95bd0fe29f67
2022-11-28,e77f8879-3566-4783-9c36-6f925762017e
2022-11-28,8fb485ad-5e0d-4c1a-b795-7d0a7b6982e6
2022-11-28,f32bbe7e-8751-41d1-89aa-6170d3a627e4
2022-11-28,bb3042e3-bfb4-47e2-8709-8685321551c0
2022-11-28,6247cf90-2b3a-4e7a-bb4a-de9c8d78bc9a
2022-11-28,ee8c9121-1d06-414f-9744-4a124f414ec8
2022-11-28,7a113fb4-3ad4-4380-9fcc-49d14b7d5392
2022-11-28,c05fb3fb-8ed7-4751-b8a8-055f5e305d6b
2022-11-29,17c85628-21a4-4f72-be39-602d37a23f3f
2022-11-29,9fbdda85-4f2d-4d5f-8d59-4ef4fbe7d001
2022-11-29,e26404d0-cf05-439f-9826-fad8e7079524
2022-11-30,b1e72e41-ee82-442b-8565-1e9ee10645ad
2022-11-30,cd341c83-1042-412d-92cf-0e84a14061ba
2022-11-30,5699cda6-fae3-4072-a0d2-c2abd2f09953
2022-11-30,e5dfbbc6-71b2-41f7-8aac-b27d95422fd9
2022-11-30,f3b1ff45-8545-4b88-8d46-2b95ac609347
2022-11-30,0e3112a6-dfb3-4bf5-bcad-0e4538cd99a4
2022-11-30,f779bad5-d71b-4ef1-8997-7ed218cc821d
2022-11-30,f81d4909-6274-4338-a6b7-b71e4fb21333
2022-11-30,b34ec959-5968-4787-9c97-20e1ec45df8a
2022-11-30,4ba8f39d-3966-408d-806b-cd3807d6af51
2022-11-30,9d94cc6c-652d-4fb7-9e0d-113647265796
2022-11-30,e5e98fa4-f381-4f2a-82f5-6ae2eabe21ad
2022-11-30,e210768c-7f3e-4e33-bc26-5d233e32966a
2022-11-30,76ac846f-064f-4823-a3a3-2564a8c5de6d
2022-11-30,e8d34496-c73b-4544-8ee8-53e10fd8dafa
2022-12-01,26d34eb9-f68a-43bd-a943-5be024380ea8
2022-12-01,b02dfd46-105d-43ad-aba0-d40f5a1034de
2022-12-01,a225b572-7077-4d80-95bd-b9c6cc574fd7
2022-12-01,4411d37d-921a-49f2-87f1-c61b2ce6f40e
2022-12-01,15153a7c-4970-48f5-9dc8-1cde314675b7
2022-12-02,e309c661-20f0-437e-a9c4-05a8e5e76fbf
2022-12-02,22271bba-a0ec-4c6b-b02c-bc5109564465
2022-12-02,9d1018d9-11b6-4b48-ae0c-2b870860368c
2022-12-02,09a62842-6dac-4e59-b2d1-4745cf2a8ea2
2022-12-02,b94215a6-9370-4b64-8ef6-8f2c27c7b949
2022-12-02,a51284b9-339d-43ce-8224-209e9e22d65a
2022-12-02,3041b209-36e8-4f80-a8fc-c4d0e4cc2da7
2022-12-02,cf230d88-2335-45a9-a32b-eea417feca9b
2022-12-05,50fc581d-bdc2-4bf2-9748-5a8d83693c50
2022-12-05,a912353d-c838-44dc-8f5d-315db41da6e5
2022-12-05,ee2bd92e-0607-4111-9915-dfdcf040dc5c
2022-12-05,3a17acc8-eed2-40dd-b40a-f35371857998
2022-12-05,dfe7990b-0ebc-4a5a-984a-58546906d239
2022-12-05,9b192c07-70b1-441d-9119-144f10b31a47
2022-12-05,958fc51e-0156-4f27-a266-2c648e6025c9
2022-12-05,f334c113-f8c7-4f24-a0b4-5567ffda36cc
2022-12-05,f66c01aa-95dd-4bb3-b0e1-853e48292f8a
2022-12-05,41baeda6-2fd4-4b23-9dec-77bc06be95ae
2022-12-05,f13f2d28-d280-4fe9-8ed0-dd4f5d1ca33a
2022-12-05,9ca29016-101c-4e50-948b-d22ff314011a
2022-12-05,042a3bf5-62c1-4500-87b4-59e44c98a81d
2022-12-05,b5ca3df4-708b-467f-815a-129a307a3f31
2022-12-05,09cf51b1-c12a-4a0c-a40e-da6b204d7e2e
2022-12-05,78f30305-4196-4609-8f98-17e364a57c0f
2022-12-05,acc2ef0e-bbb5-4f82-b2c7-1fc0e9d20548
2022-12-06,6210b023-22d7-4b61-b8d1-a00cb1a51c57
2022-12-06,030bdbe0-4ea5-4108-a111-12184f4de02a
2022-12-06,a78f1c30-f580-4542-89d2-5243bb16141c
2022-12-06,3a17c7ba-78ca-46cc-b542-0fd394ea7a02
2022-12-06,fa55ec7a-641b-4d2a-9d41-4e0b0c51c3ec
2022-12-07,66da8a6b-3a0a-4075-8821-3a5ed42f5dc1
2022-12-07,f12ba745-aa56-45fb-adde-473f0d3fbce3
2022-12-07,61eec2cd-ad5e-4ac0-9fd5-3965390e3811
2022-12-07,6e93efe4-ed4d-46ac-97da-6e8ca0d36c70
2022-12-07,098b999b-e7c3-468c-80f2-7536b3a9a637
2022-12-08,6e307baf-fe11-4a3d-8c55-61c0377bde13
2022-12-08,80d56c42-168a-43eb-98c9-bb40cfcbddb6
2022-12-08,8df32267-e6d7-4713-a933-43aa5b0ce7ea
2022-12-08,0f752efa-86c2-4e37-8fbb-e9f91b395d76
2022-12-08,86f63811-4342-46b0-80e5-ce870d8d86cd
2022-12-08,d061bed6-8e4b-4733-8aab-1499f4364a04
2022-12-08,ffe3911c-ddaf-430e-a940-21a67faa42cb
2022-12-08,a920af41-3be0-4f08-a3a8-b7369cfa9a1a
2022-12-08,772995a6-bc62-47c7-9e56-02d666bbb07a
2022-12-08,b4ef9342-d8d5-4d9c-b145-39851cffa69c
2022-12-08,7f2cc6c9-4208-4974-a106-fbea88fddc20
2022-12-08,3dd33499-90d8-469a-b9eb-96f4ae6bd75a
2022-12-08,4c3d0146-7a19-4e16-920a-e2a352f02a3b
2022-12-08,2d1dbebb-d1ac-40de-99c2-f92554c16c06
2022-12-08,517b3a0c-cced-4b65-8031-5053d9b009f1
2022-12-08,848029f0-1370-45a9-a3d5-52d50fa88913
2022-12-08,14b5f71c-6213-4b6c-b143-0fd379a21320
2022-12-08,96013afc-27e6-42bc-8df0-22d36827ddef
2022-12-08,0e83d319-a358-4721-9fe5-fc48db6a3a38
2022-12-08,c437ca3d-7224-4871-bcaa-a8d4effe12ee
2022-12-08,a144e3fd-660f-4273-81d2-0cbf43e322d0
2022-12-08,79d4b62d-5bb9-4443-9b5e-ddf1e3a8da99
2022-12-08,4e4295c1-e0cc-4dda-b4db-350830ea888a
2022-12-08,1f25e194-400b-476f-8f43-cbb1b7bcee87
2022-12-08,2aec314b-c9e9-4c24-9b76-3311ae7408d1
2022-12-08,6d272b5c-a0e7-4729-9b54-a051186c33fe
2022-12-08,e9607af6-e602-4910-a57a-e2592a88b27e
2022-12-08,a8968892-e9a9-4178-b931-8cff26ae3c35
2022-12-08,88fbe0a2-eb0e-4698-b72b-f9f6723ce1a2
2022-12-08,0033f84b-2c5b-4a42-a115-80cbbf4fdf80
2022-12-08,5cff1038-fa10-4874-ba45-ae01c09591dd
2022-12-08,23168baa-db67-4ee2-a8c4-934fee17e40f
2022-12-08,790b99f8-2e44-4769-82d9-d62d149aa065
2022-12-08,3c717d67-77df-4165-9ff8-f5166e2cc0cd
2022-12-08,ee5a93ac-2d4d-4de7-bf99-92fa2a82a5b7
2022-12-08,6a2655d6-7972-4558-9062-3d8b5dcb0ec1
2022-12-08,aff00c14-436f-4cc9-b156-8178e019dbb6
2022-12-08,d158f3b7-b8c0-4a26-be84-09b4abeb36c1
2022-12-08,ee486651-5bb4-4b4d-ae43-9b070bc2a8e2
2022-12-08,9e826eed-98a2-4a6c-a8bf-bf8b7d8a575d
2022-12-08,b5c6f5cc-e401-48bd-aae3-6feccaf01474
2022-12-08,acb708bc-cc7d-4ef7-9a3b-d844c39cb125
2022-12-08,5f0f652c-d867-42d1-b34f-78f48e061e8c
2022-12-08,45b54de2-8417-412c-8306-e4bac653c0f8
2022-12-08,c3c43b97-7537-4ecb-b825-ce25c5b7a5b2
2022-12-08,35c6921d-77aa-4e3e-9159-9ee8c3f6691d
2022-12-08,cab9b85a-536f-4b12-ade3-0a8345d94188
2022-12-08,e6b533fb-aef9-4a61-9fee-b79bad22047f
2022-12-08,96dd9832-81a2-4a1e-8962-d6ac231f6e84
2022-12-08,b683518f-e7f8-44b5-b60b-9435871fe36f
2022-12-08,9e7df01a-81de-4961-839b-0c44b0e281d7
2022-12-08,9f855fd1-6a11-4d47-bd52-bff42f2a88e1
2022-12-08,edcc43cb-3792-49f9-9f11-47289f91e93e
2022-12-08,f9846326-9467-432b-a539-4d7f310f406c
2022-12-08,aff1cfd2-1667-4fad-9621-e67511216424
2022-12-08,9c6d97fa-03a7-4011-a27c-9f89e64c12c3
2022-12-08,ff438674-584a-4b71-a175-65efb0ef9fca
2022-12-08,f9f67cf5-6b96-4477-a640-946707ab6f39
2022-12-08,a5cb1c39-3388-4b86-bead-8fea55208e2a
2022-12-08,04215587-6d05-4aff-8121-918c47591364
2022-12-08,35d76533-c85a-410c-8543-e993fb7c5516
2022-12-08,6152101e-7096-408c-acb9-e1c48776ada5
2022-12-08,126713a2-a44c-4d64-b9a8-c3c33252533a
2022-12-08,bd469ea3-a47b-47c5-9e16-061ccd4903cd
2022-12-08,b6b76179-a6df-4b9c-afdb-9ee2ffe91a3c
2022-12-08,7aa5992b-c51f-4867-b202-8819c764dc46
2022-12-08,377ed979-a1e3-44e6-aa5f-55c4c9901cd3
2022-12-08,d752b6bb-04eb-4f3d-9c31-72a7f17c9983
2022-12-08,e7d3c4c9-745d-4b04-9f2f-c5130c3be758
2022-12-08,daefdd61-d525-404b-9f8c-28940ab7f6a2
2022-12-08,67ddcb96-72f8-4a25-86f5-f9aefae0b977
2022-12-08,da8c1e50-7606-42be-b3b6-ca9c52aeda7a
2022-12-08,0f3b3a32-061d-4066-885a-0789d661d1e3
2022-12-08,f8fb6185-ae23-485d-b60b-0ce356deecbf
2022-12-08,0c0e458f-55e4-4a4b-a5da-d50a4a03d69f
2022-12-08,d99d0dd7-3d37-4540-b62a-bf6a7ae5457a
2022-12-08,07b7deac-a203-4316-bf61-84092863a321
2022-12-08,615981cc-f649-4f24-9909-85f7c9353cf4
2022-12-08,6ad31dbb-65a9-42fd-8507-90db7eddf4f4
2022-12-08,d4f99d62-4ac8-446c-86f6-bd1893c362da
2022-12-08,8e9a54f5-96ec-4a55-b38f-249e34076d2f
2022-12-08,5313faa2-7307-43c9-82a9-205042436802
2022-12-08,64a21b7c-dc97-4226-a21b-223f02f290a9
2022-12-08,08b0d3f4-b7f9-4b5f-b6aa-f990a26fd76d
2022-12-08,3b75603d-38e6-4d5e-bab7-8b04eba29f3c
2022-12-08,71c2edd9-f15e-41f0-9ecd-2cd30a75a1a2
2022-12-08,ba422962-311c-455c-825d-fdb040c8e2a4
2022-12-08,07159303-b3b4-4edf-82d9-68e6c1fc7f1e
2022-12-08,7abc66bf-d2bb-4444-b590-4bf2f71aa598
2022-12-08,11fb8a7a-d367-48f8-b3d8-15e5ec82bc17
2022-12-08,faf936e0-d197-4d46-8c92-f2071fd9ec37
2022-12-08,19d947de-8b99-4783-a053-fa02c491e1f5
2022-12-08,9f39ad61-3ea1-4598-965b-c25c1c6b156f
2022-12-08,22cecd5c-3ec4-4f43-9bae-4afb5b1ec451
2022-12-08,2410f2bb-4dfe-4ca5-824f-10e9e274e035
2022-12-08,837e31f0-1e3e-44ed-8457-6119d3484aba
2022-12-08,74a2ce9a-a041-4ba6-a465-5fe583935408
2022-12-08,11f15c9d-c66d-4570-be38-a149e07f7c5d
2022-12-08,519010af-4ef3-404b-91b5-a36283d011f0
2022-12-08,0e57731c-8a56-4907-b5eb-9acaadc3072d
2022-12-08,3b9823a8-b8fb-4459-bc34-3128f2c8dab6
2022-12-08,f1c830a7-7ba8-4e54-81d9-14cecd0ecff6
2022-12-08,18ca222f-aae3-49be-8ac8-fc8aaea5e003
2022-12-08,f985913e-e67d-420e-b05b-dddc11f5cf3b
2022-12-08,d129f539-785b-4d43-8618-c3aabdfeefe4
2022-12-08,f86f20a3-025f-49fc-87c4-86a9e15970af
2022-12-08,af59c256-bf24-40e0-a295-691b9b2d47f7
2022-12-08,8b6b1405-d45a-4996-b19a-36b75c94f859
2022-12-08,ac9462eb-9e08-4f9c-bf45-1ed5d3e20e28
2022-12-08,35516a64-e234-4b4c-859e-053a5732f6fe
2022-12-08,4fa17afa-e20c-496a-9344-cf1929290277
2022-12-08,5c4eac72-f42b-499e-b310-232a65bfb5eb
2022-12-08,40a77475-221e-484e-bbc4-d723729c6e4b
2022-12-08,33cb6a24-1d05-49f7-a7c6-1e32f5fb57c0
2022-12-08,0d85cd8a-abc4-4ad5-96fa-b3279f8b9deb
2022-12-08,2948d557-fd1c-4316-954c-56e62decf5ed
2022-12-08,7a4555e7-7bb0-4095-a303-16ebdbffd9ad
2022-12-08,046c7343-9dcc-4182-a33c-744fca035a8d
2022-12-08,90973832-4895-4d0a-9d89-8c07e97706be
2022-12-08,082c9b0c-824d-4e86-a736-be36d437c934
2022-12-08,daa66213-879c-432d-b097-9852a961f015
2022-12-08,42649ece-0533-422f-bc01-7eb408dbb59a
2022-12-08,81637b43-b4de-4c7b-b156-2f3954069b17
2022-12-08,c441fe8b-c8c5-4a6f-b80d-69dc1cf0caac
2022-12-08,7237da8c-f995-4566-9ce2-0417f508066f
2022-12-08,ccea1153-af4e-4bf5-83bf-dad896a2cf59
2022-12-08,be859a3f-8986-44c3-86ed-fa49a65f30ac
2022-12-08,f48faa22-c6f1-480d-945a-464f009dcf62
2022-12-08,aa97d8e7-bfce-4ad5-8946-4bee818b7270
2022-12-08,760d74f6-7c41-4eb5-87be-a5988f17435c
2022-12-08,80776781-f719-4d63-b043-738ea9bbced6
2022-12-08,e191ee56-9486-4013-91ad-ec30b62a3a49
2022-12-08,5d0ad0aa-f27e-4c32-9a50-73c3cf6b3d46
2022-12-08,f8d4a0a1-358b-4f06-9d5a-c2a5de43f0a8
2022-12-08,d1cdedbf-9ef9-44c0-85f1-d5816afbb672
2022-12-08,8fa41995-e06f-41d0-b32e-6c419f7d56d3
2022-12-08,47f0a730-c70d-4120-bd85-e6c16fc634cb
2022-12-08,26c29dbf-8fe6-45ec-9a7d-611d2a353266
2022-12-08,203a525a-8fa7-42ec-a38e-322f296863e4
2022-12-08,c7f9b7fe-98ca-43fc-98a2-9a4017363ae0
2022-12-08,e2aa2ca7-9742-4f9e-a50a-4e42da5f5318
2022-12-08,0364a937-0f63-4f61-9e20-3676100ca108
2022-12-08,bd92fcb8-dee1-45e7-9e03-5820133961d2
2022-12-08,027cac9f-87f1-4a67-bf73-eff72a2ec810
2022-12-09,bd0e3230-bb79-4861-a95e-dc09a371a8b8
2022-12-09,d896bd15-1315-4eb5-be52-c19690d834e9
2022-12-09,f48a7347-da90-4a99-950e-a7aa50eaab5c
2022-12-09,211660ba-ebcf-4113-a795-6a6b864449c4
2022-12-09,671e95f3-7eba-4e6e-ac17-4dc911d29f14
2022-12-09,7fb9fde8-ae56-4624-bfdf-22aa710fea61
2022-12-09,e0aef359-5e8e-4fe9-a791-95e746c602f8
2022-12-09,051c2bb0-dcdf-494d-b10c-d72f2c23fccb
2022-12-09,f53cdc98-f507-4e7b-abaf-cf55156ead32
2022-12-09,c631ad46-c274-441e-aee5-fcedafd64a81
2022-12-09,1b7288c1-fb56-43ee-b072-76bfc74f04e5
2022-12-09,a384c05c-5882-41ce-8ff3-f4b6e88be887
2022-12-09,13ae9eaa-ae75-4360-bd88-391e23e28b5c
2022-12-09,d4b1a7d8-b13f-49a0-9ae8-71d085723050
2022-12-09,6de54ea2-5853-4e25-ab49-e4c28c81e20a
2022-12-09,6bc99cf5-25b5-4b75-8735-61c5cde05c7e
2022-12-09,9df883da-a9a1-4242-8278-c877c79cd143
2022-12-09,2927c508-ab67-44f1-8e08-2cb0f28194d9
2022-12-09,2d7768d6-38e9-49c2-9ef2-2edf762de41a
2022-12-09,22022428-73d2-42d6-96a9-a00c1a465004
2022-12-09,3101d345-f660-4d73-ad63-582fab058e2e
2022-12-09,c008b077-d2bc-45d5-a889-ede3de85305e
2022-12-10,b45e8130-6c19-4e01-b251-977c45f9d101
2022-12-10,9b87004a-69a3-495e-a097-4483258dedad
2022-12-12,d0ff1e1c-f06d-4ec9-ad27-89282b9e5029
2022-12-12,20f95b51-e1a0-4815-a1a3-a7fea6c008fa
2022-12-12,4c77fefe-3df4-4a04-acaa-f66c0d9cf6e7
2022-12-12,dca55b93-02b2-4992-a03a-444acc5e796e
2022-12-12,460cd6cf-8074-4596-8197-42078487b400
2022-12-12,9550eb18-0c42-4561-b58d-a6b905c848bc
2022-12-12,7c85944c-1d05-4ad8-8b53-0374f44c4ca0
2022-12-12,7f36597b-1972-435a-a360-6474a6a782db
2022-12-12,9f01d4d0-79b0-444a-ae20-60779280e3eb
2022-12-12,d9e770d9-f953-4586-a414-c18eabe851f2
2022-12-12,b93849c1-b955-435a-89dd-9d145d3604e6
2022-12-12,dc680774-36be-4711-a33e-081bddc37735
2022-12-12,8da6d086-0398-46bc-b12a-78f2e1943373
2022-12-12,698c4780-48d1-48be-8c56-f2cc5132062a
2022-12-12,0ac97d44-4b92-4009-aefb-1cc808eda874
2022-12-12,85409209-5deb-4c96-a2f7-bb9a50442f84
2022-12-12,bff9b635-1a1f-448f-85c8-389749850a6a
2022-12-12,2a5be705-61a8-4e50-b202-dc5b1bc8bebf
2022-12-12,371a72f4-5d09-49e2-a568-6a2d736f6e2f
2022-12-12,ce9e3d8b-633a-48c4-815a-22fd77ecffaa
2022-12-12,4dbaedde-d2be-4b01-a430-9bea5d940d3d
2022-12-12,1a256d59-ba9c-45b5-bd74-e7a46deee59d
2022-12-12,2f1a8286-16df-4b12-896b-8f59ed0e49f8
2022-12-12,d1ab2535-79d0-4a24-9215-4dfb5582bf76
2022-12-12,eaab0fee-78b4-473b-be44-d186c044d544
2022-12-12,4eff1949-0a8f-4b69-b6c5-b8d2796c5de2
2022-12-12,c36e12fc-e5ab-4c3b-9bcf-877cd6407925
2022-12-12,3d06c342-7730-4605-97c8-813f3111fb49
2022-12-12,c514d743-727e-4966-a300-ba29b98fde89
2022-12-12,066ae72b-6aa3-4c07-ad91-cfefb0577b89
2022-12-12,ca36fa22-29f8-48bc-b8a2-45d8fab7ba3d
2022-12-12,8cbd664a-7b11-41d4-9416-e47b26f26ed4
2022-12-12,43cbeb74-6729-48bd-af31-a4aba2cfc1f8
2022-12-12,39278de8-0f6e-4af1-bf1e-71f1f18beeeb
2022-12-12,40617e96-b993-4d8e-a884-3e55108641f8
2022-12-12,75b71e25-4a68-4d53-a7f2-75115c4f06d8
2022-12-12,1f7b861d-91e2-4432-b502-25ce98ae5cd0
2022-12-12,799b4d88-b515-4cf8-8c79-7bc3e0e47b40
2022-12-12,293f1f60-3ed4-4f8b-a82c-72b2856f46b1
2022-12-13,ca1dc668-53fc-4f3c-8450-74e5d4ebfb3e
2022-12-13,e3714c5a-3156-4917-81d3-2989e4c6b4f3
2022-12-13,a3775eeb-ff06-4db0-9371-4e000189e6cf
2022-12-13,8f52d273-23eb-491d-a465-2564fb756813
2022-12-13,99f41a6b-8b7b-402f-a311-18bccaf3732b
2022-12-13,a9b532dc-71f5-4231-af0f-4cad71aa26b2
2022-12-13,9943268e-dcf0-41d5-936d-c1280d6b048f
2022-12-13,2ef78fbc-af69-41cb-8015-dade65ddcc7c
2022-12-14,c2961e92-c4ca-42e9-a0ec-a1f56dd964e1
2022-12-14,96ef285b-26ff-4c07-8a00-e83398d3feea
2022-12-14,0722c80c-75bc-4e00-b3dc-7a3388b87410
2022-12-14,851f83c4-cc5e-4737-8962-1fdff02afe94
2022-12-14,6256f16d-63e7-4fa8-b850-fc01cf380e94
2022-12-14,7c596b83-2607-47d3-92fc-79206591bb5e
2022-12-14,37a61945-7d6d-4b11-8bfd-115d806978bf
2022-12-14,a87163a8-1b50-4442-91fa-653dcaded1ce
2022-12-14,7d1d965b-2f1e-48cd-b447-3703cfa59a70
2022-12-14,596e7b1c-20e1-4aa7-bc07-0ae37644c7ca
2022-12-14,3c8303b2-d369-49c3-bba1-47ae8061a1aa
2022-12-14,596789cc-8801-4ec2-8d01-e8ac531803b0
2022-12-14,54fd12f6-6200-45a0-b2de-abeb1bcb4aba
2022-12-14,469c8dc8-b54a-49af-846b-ca2bafa65b4c
2022-12-14,6df1001b-1df4-492e-89b5-50683469c131
2022-12-15,ad50bdcc-03ef-4d0f-893a-8f3803583cfc
2022-12-15,3c7eac40-ae4f-4837-852c-976680c4ac1e
2022-12-16,1efec812-afa8-40a8-88fd-7941ffbf5c09
2022-12-16,75d8edbf-bb8b-4dc4-82f1-2aebead08a2f
2022-12-16,697b7753-1b2f-4e77-9d26-4d697d474f42
2022-12-16,cbd2494e-f832-4993-afbe-b93259147a01
2022-12-16,9ed34a5a-8bd6-451d-bdc0-e13cf526509d
2022-12-16,4192aa71-d506-441e-9e03-1034fb62ac16
2022-12-16,c453befe-1acf-49d6-a90a-843405dd3537
2022-12-16,edb8885a-d35f-4445-8b33-85f16964c8b0
2022-12-16,3b49ec4c-4b18-44c6-a351-91bd768e50c4
2022-12-18,94ec80c2-b0c4-4c61-a68c-2b8ceeb9a14e
2022-12-19,d1103ecb-8c51-4fdd-a861-13eeb09a7e85
2022-12-19,f54baf30-7fde-4e9a-a420-1f575f7195aa
2022-12-19,554ee902-5812-4303-82e7-8fbafb6e7c0c
2022-12-19,91199cad-d967-42cd-99c5-4dfbdc01fcd6
2022-12-19,5ce0a9e7-a213-47e3-a516-fcfa49a242db
2022-12-19,472c0af8-fd5d-4692-92cf-bf6fbb6c77e0
2022-12-19,de96f475-2852-432f-a429-2297874595a7
2022-12-19,948d0867-6d94-4676-b868-a80d9bb4aeb4
2022-12-19,6f001cbc-a639-4107-9e21-2fbe7b2b7456
2022-12-19,ce7ceeea-99eb-444e-8a1a-6bd7bc540797
2022-12-19,5ceca3c5-6fcc-4ea8-be8a-7fda88b46dc4
2022-12-19,f4516635-3547-41cb-8a41-70d47cdb1e57
2022-12-19,2be30823-ac60-42e1-9fff-87a69a4166ec
2022-12-19,01f5241c-d745-4060-9cc9-6242945a97af
2022-12-19,9d4105dd-afb3-42e8-a5e9-bfd64fd26628
2022-12-19,469dca80-8221-4b02-a72c-1e29d00251cd
2022-12-19,13fbe77d-8c51-4cd3-ba23-613e512d580f
2022-12-19,39834785-db42-4c14-b522-abf845e060e4
2022-12-19,d2c5f67d-5562-4047-9ecb-56fca9289b3d
2022-12-19,04ef1612-5524-4580-8c91-06f405338751
2022-12-20,a92cbee9-9ace-4292-bf2b-a1d43503e77b
2022-12-20,135ae082-e003-44a6-924d-97464fe723ce
2022-12-20,74f5faf3-cf17-4238-83d0-7d700e4dbdd9
2022-12-20,221ffc6e-3859-44da-b3e0-dfa736d08740
2022-12-20,99ae280d-f7e8-432c-b680-bc30cc7f24d8
2022-12-20,4054741e-c100-4d49-ba11-6100a6ab91a1
2022-12-20,87bcaf61-9aa0-4725-902b-8b0b87c453b1
2022-12-20,c69f5616-652b-410d-a1c7-a3ebe246acd1
2022-12-20,6adc2734-cf4f-49ff-a9b9-3faa3b88d9cd
2022-12-20,1924cf03-d75f-4dcb-ae7a-44bec5a9f606
2022-12-20,ea6e9ffe-2ba0-4a5e-b99e-40b83ab69dcb
2022-12-20,cfdf0be5-7066-4af4-bbec-05589e218b20
2022-12-20,1a4c0a58-56a9-407e-8c42-9f7ddf9424fa
2022-12-21,5f9b57a5-421e-4c28-9ec6-6fc7b72d1819
2022-12-21,fe80298a-c265-4b98-8017-dbcd8061da05
2022-12-21,b93a9cfa-3c92-46f2-8dae-e3bc6e8aed1f
2022-12-21,957d07e0-de5d-4ee6-b5c4-52cb5e33af54
2022-12-21,33441bd9-603c-48e5-896a-6d653d8b741f
2022-12-21,18c94349-452c-4ff5-89a8-592f13793912
2022-12-21,a153ef95-b2b0-41fa-b077-d25ed7a2a715
2022-12-21,7c868da7-9ad8-4c59-8451-efaddf3904f8
2022-12-22,1ea01eb3-fd5a-4cc5-971e-e4434605b356
2022-12-22,55ef19d2-4b70-454d-973f-8b2b3e969c80
2022-12-22,00b7f603-bab9-4dd3-a2e1-904ed23dce80
2022-12-22,fae55862-2cce-4720-a8cc-bc898f618ffb
2022-12-22,be1c5929-faca-4041-8a1c-f0be783d5b0e
2022-12-22,5288381d-8ade-4295-9761-16ed9d556493
2022-12-22,f60bf76f-1f22-417c-8500-ff664f432eb5
2022-12-23,b8850eef-bc86-43e1-871e-88dbc5936d63
2022-12-23,da92348d-5c3d-46b4-8bf2-e3e4481b7db0
2022-12-23,8ef5e6b0-5a5f-4158-9e47-a3e46a29b3fd
2022-12-23,44cdf336-0299-448b-a2dc-afe0448f4f71
2022-12-23,b091e45d-fc04-42a3-9963-2fc1e64138d3
2022-12-23,26d2e0dd-01f3-4daa-a102-92b31e9a685d
2022-12-23,376b66d9-fa5b-48a8-b0d7-e5520c197910
2022-12-23,f2b079f4-377b-49f6-a370-1623b10b640f
2022-12-26,0d70f5c7-5ec9-4930-8ad0-437b96e1508c
2022-12-26,ac60c3e6-1fa1-4488-bcf5-bdf22d375bd0
2022-12-26,23c4f375-046e-4e93-8760-62ca8b7d48d0
2022-12-26,63f93b20-332e-4a1a-9d35-2ed97c7d0a34
2022-12-26,70eaff9a-3ec0-4e2c-97c3-1631e318c405
2022-12-26,a8e1daaa-914f-4ef7-aeaf-ded764d6a1ba
2022-12-26,6acb90e2-efde-478b-a0bc-685c7d2cccef
2022-12-26,6d4e59c5-ac88-4fd0-95c3-e452d191ad49
2022-12-26,a6e42862-d0a5-4bd0-b415-5b18617da1db
2022-12-26,2d1b9608-4cc9-4cfc-ae56-1990d4394d3a
2022-12-26,ba202916-fc19-4bc7-99e1-be895dc1de55
2022-12-26,cf8eef6d-0c13-40b5-8f1e-25cf76445df8
2022-12-26,92c08485-bdce-44e4-bf11-d985dda7b7e4
2022-12-26,1fe24b08-3a0c-4333-bc73-5aa108a9d1d4
2022-12-26,a6f3db45-004d-49e9-8f49-3679ad4f28f9
2022-12-26,23ab18e0-a26a-43b2-84d8-c832d38d4060
2022-12-26,1a6422ef-7c5b-4ac8-b6b1-5102b5d16bb6
2022-12-26,0a712716-2110-4620-a991-191a1c375162
2022-12-26,1b62e7fe-06be-4b3d-a3e9-f5ed53cb97d1
2022-12-26,b98f35d1-b9b0-4501-9d17-86661f3325b8
2022-12-26,12ccaa3f-e185-4214-8036-8e5637e13711
2022-12-26,72d7834c-c968-4952-9901-d6da97aa0056
2022-12-26,9613a015-482c-4757-8ce1-ba8573aca946
2022-12-26,0a47c947-a9f9-47ce-8989-418c854ed4ff
2022-12-26,351979ce-62c9-4170-ae4f-3fe60a2492ed
2022-12-26,bb9caf82-39b2-4e89-8cb8-1074c7ba24fe
2022-12-26,b3c4a865-a75a-4613-a33b-8509a1122f66
2022-12-26,3a7ceee6-0d2e-4b0c-adf3-5c7b79f9c042
2022-12-26,e00a7e48-c491-490c-adb5-a88d5ab01f82
2022-12-26,1b0f95b3-4290-44a8-a981-43a5aa5d7efb
2022-12-27,ef33537c-67c2-407f-8ddd-fd545ae255c0
2022-12-27,5a97558c-9be0-4542-a166-ee26df54e3fa
2022-12-27,7c29fc4f-9d67-4847-bcb3-c968c512aa33
2022-12-27,e0c0a590-550e-402e-ad0a-e8b48a55e9ed
2022-12-27,3d02194b-a102-4dbe-b33e-48ab2797551e
2022-12-27,dcb99b18-f8d3-468d-8a37-6a321271988b
2022-12-27,7b58ee35-051e-423d-bfa3-a76136d29f68
2022-12-27,3d160cae-30bb-441a-87ed-45b6c37b3a0d
2022-12-27,d720db74-ac6f-4fff-a105-155069d89c66
2022-12-27,e250e258-aa9a-4bd6-b07d-cf398f402f53
2022-12-27,9253e81b-95ab-4f6c-a441-e7bd15c7ff4e
2022-12-28,6f9eba41-69ae-405e-af0f-db929f2783b4
2022-12-28,f2448885-d9ab-4a7f-beac-2ba74d91e0f6
2022-12-28,30a72919-9ffb-440c-bdb3-dc0d5ce806fb
2022-12-28,f3b9171f-5218-48bd-b8f6-87e3422dda40
2022-12-28,d8c6f33c-7a43-4f8b-a16b-9a4c364b352f
2022-12-28,f9d4d781-cc9f-4088-8c0f-9ce13829b5c1
2022-12-28,795d11fb-38c3-4395-ad21-0f7bfbdf6b62
2022-12-28,abed72ee-20b4-474a-8051-60eaddbe4a55
2022-12-29,e3e97fd7-5aa8-4194-b352-689c76f7c07e
2022-12-29,ac2ca441-c61f-4ec3-9ff4-90524a8442dc
2022-12-29,e3941cf8-0053-4e04-9ed5-4e6048852053
2022-12-29,8a01d50f-0bc9-4b89-97cf-287f3ea7c213
2022-12-29,8ff36c36-8874-4be9-a6d4-ad59890c5028
2022-12-29,08bbd28c-fb64-496a-a8e3-eb4e1c08ad0f
2022-12-29,624ef011-77f4-46d5-bf3f-5a60d13c9016
2022-12-29,56d99328-0cae-49f3-a756-6ac68e191524
2022-12-29,1fcf9365-d6d3-4d80-8dca-76578a1aaf8d
2022-12-29,b790c66f-70a5-44cf-bd68-4b9b25a90307
2022-12-29,6bd73a74-29af-4c06-8ab9-b486a5019dbb
2022-12-29,9ba9a0fa-0433-468b-807b-9adb2c028086
2022-12-29,c6343588-e538-4a9c-9c63-7c6d77b5d361
2022-12-29,00a103a4-f03f-444f-a6fd-244809c31d18
2022-12-29,e1ce0790-c9b4-4634-a0fa-967f020df9f3
2022-12-29,94a69aff-d546-4e41-acb9-6061cc077583
2022-12-29,06927619-6661-48dd-b92c-d7633800f0c6
2022-12-30,fc11b51b-d14b-407a-9912-ec99c4f8ad5b
2022-12-30,6c896229-4892-4576-85fe-aefe8e81e78b
2022-12-30,4ba2d750-eaa6-4455-a709-ee4fa3cf536c
2022-12-30,6d96c10d-6465-48cd-9570-d22645693ad8
2022-12-30,05f5d15f-4db9-47b3-99c8-ba4bf21fe90b
2022-12-30,246d5227-de4f-40b1-82fc-9a1aab611b06
2022-12-30,c107ad11-1239-4983-8540-e2668c024af1
2022-12-30,d8375ffb-cf21-45b7-babe-112a5570bd18
2022-12-30,a4dc3b08-91cc-4ce2-a4df-644eed865a83
2023-01-02,16fd073b-fc0b-452b-a521-ce24f438ec36
2023-01-02,e6e70d19-9864-403f-8f6c-ce53ac5fb0d1
2023-01-02,705f3a09-995e-40bc-a683-86fcf6b43f7c
2023-01-02,8fbc821f-fd28-405a-a4b6-5ded23297e59
2023-01-02,3ca98493-828b-4743-b94c-32438be5f69b
2023-01-02,e561d6f9-a52c-44b2-bc88-86f595eaf677
2023-01-02,2b460e59-dc7f-4fce-bea3-3b808d1c5fe3
2023-01-02,a50cbff3-abcf-461a-b2f8-3825371e4cc9
2023-01-02,1d8e87f2-4f16-4557-99f9-b145bdc1a2c6
2023-01-02,249654fe-649e-4a14-8c55-82c359c9a5ea
2023-01-02,c07f8649-c548-4a24-b001-f1cc0d668b0d
2023-01-02,4d66fc02-c783-4418-abfe-e90fcb21aca4
2023-01-02,b8a9d3c3-9b39-49d1-84b0-46da526fefa5
2023-01-02,b780379c-4038-424c-b4fd-296505fee773
2023-01-02,94c2314f-2857-4381-aa35-4565bde36708
2023-01-02,e0ff982a-f5a5-4d2c-b955-c0b51b84cdd1
2023-01-02,9e5574f7-44df-47fc-b1e9-ec849b6ecf44
2023-01-02,945cff3f-f1a9-495a-9fd4-690c7baeada9
2023-01-03,1a15b449-0a65-459d-8f54-74b9944d8d56
2023-01-03,4b3b90d0-91c9-4d28-a16f-264b393ed6e0
2023-01-03,10fe90da-6d15-4077-8a5f-486ebda37e53
2023-01-03,db9e1722-159c-45f9-8bc1-451ef353eeaf
2023-01-03,0b334e63-081a-4657-8d45-bb91d026af84
2023-01-03,c511c877-d890-444a-b3b3-b4421f916b9f
2023-01-03,9a3f37fc-20b8-444c-81f1-8a08abfd57a1
2023-01-03,d837a679-e77c-4f52-949a-147e8de1d7e7
2023-01-03,1a6da0ac-adb7-49ed-99b9-c7e9c0a47215
2023-01-03,e3e489aa-6699-4820-a47b-82e8ace354ae
2023-01-03,deb2e680-e3e9-4ff1-b031-9bf91d5987f0
2023-01-03,5d298b6a-9dd0-407e-85c3-629b3220995e
2023-01-04,3ffa845b-b471-4d2a-86c9-d7a68ed5fa7c
2023-01-04,2e0a5c4d-62f8-45bb-b237-d2e59c3bff45
2023-01-04,a32de425-138a-403d-a062-97a4fa9e2dc8
2023-01-04,ba9b7343-1711-4e69-b220-105b3e442720
2023-01-04,37c20d48-6c96-4646-84e1-282ee1020e44
2023-01-04,0e87996e-a45f-466a-b036-a90e31bdd10a
2023-01-04,48c96ac1-219f-4282-9ff1-8525f92e27c5
2023-01-04,b3571919-62b7-4694-bccc-f3e9614f1197
2023-01-04,20bf03c1-662d-412e-a8b1-beda695279eb
2023-01-04,b8ea2ccf-40be-4d51-93e2-09c678d20219
2023-01-04,f65777a7-ee2f-4566-90c1-deb1342ff0ea
2023-01-05,f9f844d5-cc8d-450e-93a8-8e1a9c857475
2023-01-05,b88dbcbd-27c6-42e5-8b83-dce605f1bb11
2023-01-05,3bc444fa-12e5-4530-b150-2b5325f6f88b
2023-01-05,79b906b7-0352-425d-bcac-5a2d0769d7d4
2023-01-05,ac8d6aa0-1e43-4d68-b666-98408811ae28
2023-01-05,0e9f0ec5-0718-4cdc-ae5a-b2c41327e080
2023-01-05,b360ee27-776c-4af6-a773-e8d1cbdcefbc
2023-01-05,e484f1f7-cb40-4941-8513-11a652cd709d
2023-01-05,948a361b-4229-4b02-b8a4-b8124a74a9c5
2023-01-05,485ca6de-e724-479b-820c-8b9e1ab87e74
2023-01-05,1773b504-d24e-4638-b683-8de8dafe644f
2023-01-05,3e4d6263-b1cc-4fd1-b6ae-5e25bf34fdd0
2023-01-06,c77bc315-e9ba-4f47-a1d8-724fc5be69eb
2023-01-06,002606d9-38ca-48f3-910c-cbfada9a9109
2023-01-06,79f5eb24-92f5-4b38-9fac-e23c4708f377
2023-01-06,8fbc8eb9-0933-45c9-8c23-9be81f7832ee
2023-01-06,d79a7e48-c80a-4019-8825-3ad80970a15e
2023-01-06,3b6dcbff-0379-4f6e-a796-db96796ce4fc
2023-01-06,1266d28d-4361-4675-8f01-496bbc12f9d6
2023-01-06,b608626d-60c2-4a28-8d6e-1e7ca44d7d43
2023-01-06,aad4f5da-6b40-4fcf-8857-c808b89fc668
2023-01-06,6cab1d77-f569-40b9-bef4-189fa6867c54
2023-01-06,9427f01b-1051-4c1f-b17f-420a5927e454
2023-01-06,e3e37146-bf7f-4c31-8b0a-57d15758289a
2023-01-06,8107fc1f-3368-4a90-b6ce-aedb412d9936
2023-01-06,814011b7-a3dd-4aec-955c-678e6d04b441
2023-01-06,1575d09e-c799-4529-9115-e2ae9ae46b0d
2023-01-09,3c16f55f-e8be-4990-88bd-b18754652b77
2023-01-09,c5b2a280-ccb1-4fd6-90c0-574892978569
2023-01-09,9c7b7ce3-4d06-42e0-851e-b327a69c8ba6
2023-01-09,3fb1f48f-2d27-42b3-bf7f-8068064120d5
2023-01-09,c3e85315-c12d-4401-82a2-6767d0b65713
2023-01-09,bad26d9c-15ca-4176-8c0e-efaff0ac0bfb
2023-01-09,3cb55ed8-36f6-4af6-99a9-a3be619560f1
2023-01-09,767f83ff-0ee4-4d73-8562-eedb629e0be4
2023-01-09,a62be895-0cec-48d3-b48b-ae3c583433fb
2023-01-09,08159317-8a5c-4774-a8d8-97dac9146f86
2023-01-09,b5399464-f473-47d6-9953-23219626d96f
2023-01-09,319322e8-f9d1-4565-b5aa-8dd1af98ef45
2023-01-09,635ee167-04a4-41c8-b91d-9eea1b7c4764
2023-01-09,b314a7b0-9941-4188-9c57-bd152cd8b8db
2023-01-09,b3e63584-a461-419d-ac89-2bee9dcc1594
2023-01-09,383fec26-8741-471d-a67d-2796770f50cc
2023-01-09,12ad42aa-9542-4b4d-9be6-79c4b5765810
2023-01-09,6b91f208-428d-4913-8342-ef1ba3334b4a
2023-01-09,8e8798e5-5c67-4b3a-a822-5331e78edfc4
2023-01-09,63d0d7a1-eddf-4c43-bfda-7d7ec04c7f8d
2023-01-09,5c856285-4d69-4960-883e-6dce15d9e199
2023-01-09,82c0ed6d-16ea-4792-8f1b-615a57b68dbd
2023-01-09,9bbbbd6c-8038-4cae-8b74-a19595791ae5
2023-01-09,92d44620-1c1b-4ce3-811f-6fd9fad1328b
2023-01-09,21582350-96af-45ea-a868-5848571c4903
2023-01-09,8f194d5c-9d55-47d4-8706-ed92ab5bba28
2023-01-09,b282ddd5-bec0-483d-8aad-fd0e7902c963
2023-01-09,a81659ec-5bc5-49fd-9d00-4b43891e86b5
2023-01-09,d4a2c427-fafa-4095-9fc3-d1e3271def24
2023-01-09,c78dee2f-6d8a-4ca9-8822-a0a52fdc144f
2023-01-09,845ad52c-81f3-4259-8007-2a1e8c60b909
2023-01-09,fdea403e-14b2-44d8-bf2c-c07707a80898
2023-01-10,0563c265-e2e2-4bc9-ba7d-70dfeee006ee
2023-01-10,b3134293-a0f7-476a-9a6d-51d90d518f68
2023-01-10,2fb3419a-17c4-4ec1-bc99-a19fe41706ec
2023-01-10,bb828cb9-a4d0-4769-8bfa-4f1ab9161c15
2023-01-10,650159ad-7e44-4af9-981d-815e67e37ac1
2023-01-10,3ab2fe9c-b1d0-4c40-b23c-6b0e23377852
2023-01-10,cf32fb16-2ca0-465f-a8d8-54e6343705a2
2023-01-10,7f466d8f-4adf-48aa-b272-c6778d795ad7
2023-01-10,ad94ba74-dd68-4cc1-843f-1971874c9c5f
2023-01-11,98b93a55-c88b-42f2-bb6e-370e37e56118
2023-01-11,dedc6346-d776-4299-9151-b8692372350e
2023-01-11,9d0efd17-9fb2-4103-a8ee-1a4f1b0d21fa
2023-01-11,89a3fa25-6cd8-4e6d-9b62-342cbb0790d4
2023-01-11,2c9dcf8e-6815-4fb5-b2c9-bbbfd29430af
2023-01-11,28b9e2ec-325b-432e-b605-3ec941d5e9f8
2023-01-11,2cec7c67-7582-41b5-8ba8-2bf5d14d67ca
2023-01-11,059532b2-a7cc-4f65-8ee9-c2f894183d84
2023-01-11,eea161e4-0feb-4103-8073-d2f48ad3332d
2023-01-11,f6625776-4f04-4b90-af3d-c39e409d117b
2023-01-11,6f759793-040f-44fd-b428-27f421162b6b
2023-01-11,f1011baa-8973-4ace-8692-cd1ddad5e7eb
2023-01-11,11b39d3d-af58-47b8-b5ce-d5e446ea5df5
2023-01-11,203c6579-35c4-4f06-94fe-ec7afe3b010e
2023-01-11,fe3177d9-6662-43b6-829f-669bebc8bbb0
2023-01-12,83043375-01fa-4a88-8d51-df9f31436f49
2023-01-12,ef7263b3-018e-4968-a63f-f055965cf5bf
2023-01-12,aa05e03a-fbb8-422d-8858-59b1cc1bb581
2023-01-12,3d973e63-94ae-4707-a0bd-e32d1e4b9b39
2023-01-12,b112f006-5574-4604-b131-d37306ca2e4f
2023-01-12,c4686b59-81ed-48e3-91f0-7c8c5c11236c
2023-01-12,970f45e2-637a-4460-9c72-bbaab8d3be0d
2023-01-12,aa83b0bf-238d-4a9e-964f-874f8e80fa1f
2023-01-13,8319e554-12b2-449d-86c5-8097cd91880d
2023-01-13,4596bc88-ed20-452b-a402-effaff0eec22
2023-01-13,e44c1be9-9c31-4490-adec-0052e5665f07
2023-01-13,a55737d7-6973-48a9-a13c-500c58848efb
2023-01-13,d044c154-e978-420e-a1b2-258438343331
2023-01-13,fa0bfed5-8558-444f-b53b-77899bf38ccf
2023-01-13,a498aabc-9859-4078-87a4-9fca5676335b
2023-01-16,ef61ff75-dc7f-45ca-b664-a4bd459e744f
2023-01-16,5c6e16cd-95b1-447c-9533-5db0221070d3
2023-01-16,3dbaf8ea-4bdf-48b2-9c12-8434144e5e16
2023-01-16,4b8e3e2c-785b-47f7-a6cc-8bb439b17d27
2023-01-16,840f7b5e-7a8b-4d74-a011-765ffd2172b6
2023-01-16,13319ff0-8ccb-437a-bb60-72db0f3073d9
2023-01-16,8c757b25-0be4-415e-92fa-8d6de0346b66
2023-01-16,6112720f-8967-462d-bc12-a8f59afe30a4
2023-01-16,98a05ce6-d34b-491b-bd38-22f796517f73
2023-01-16,ef5e9b87-8f0b-43bf-88bd-60e3079ec72b
2023-01-16,a66a6f94-c885-43a0-8a2b-17170ceb7cf1
2023-01-16,e29e97ee-62a8-4390-998f-1c97829738ba
2023-01-16,78f6173c-73d5-4c36-8b42-ab6e64c8e576
2023-01-16,e2fd6d84-9c3d-447e-b1d9-056569164474
2023-01-16,ea9a3324-e8d3-4642-8c0a-486204956117
2023-01-16,e7d7e461-5b80-406e-ad7b-0632d4d5eb8c
2023-01-16,dd931fcc-f83e-44e5-a0d6-85791d0a893e
2023-01-16,6b8c43ba-da33-4c0c-9b9f-b30accf07962
2023-01-16,b32389a7-4e86-451a-a660-2d8702a0e6ec
2023-01-16,28a53381-79d4-45f3-8173-5d67c01bb79a
2023-01-16,7d061add-c5df-4f0b-ae0e-85df503ebc11
2023-01-16,7e087f5d-da3a-4595-9829-13e27b27086e
2023-01-16,10658065-b920-4185-b350-a54c1b5c27eb
2023-01-16,7fc361b4-e359-42bb-ab4a-aa372975e0fa
2023-01-16,b058185f-9319-43e5-bc37-7d804f539f8b
2023-01-16,72e20097-4a67-4a37-9cec-898f8af0a2da
2023-01-16,4d89e066-2979-49fd-89a9-672881f52995
2023-01-16,53e2bbc2-5e49-4dc6-abcf-f2a1d6d56ac3
2023-01-16,8be10668-d806-406b-83a5-ff32d2f92ef9
2023-01-16,18ecd116-f086-4e99-9579-03937b128a5d
2023-01-17,f5a6b9c6-735e-4357-8029-0bf32633d75d
2023-01-17,d95efba4-96da-4db9-9391-336ef60dcfa0
2023-01-17,e79ac1a5-c0b6-4bd0-816b-454723c758fe
2023-01-17,d2ba2f0c-d821-40e7-bf64-4e38ad36910b
2023-01-17,e8eff5c0-24a8-4e7b-ab7a-f1bad1b796c9
2023-01-17,681fccd0-d12f-43a7-920e-447ee4b4236d
2023-01-17,1534bb74-6195-4947-be07-dfb4eba0bda0
2023-01-17,9c031eea-3207-4771-8274-6b22e24a5c55
2023-01-18,2b54a30c-0083-4f40-bd4f-97f54616c3df
2023-01-18,90177c6b-b09b-401c-a61b-370279df53ff
2023-01-18,4ffc0e11-87c0-4ccd-be49-1bd27d8d9b4b
2023-01-18,2566bb03-d86a-479b-8719-2d25fcca1723
2023-01-18,9361558d-afac-49cb-8a5f-718fc4fdb706
2023-01-18,39322eb7-1632-4223-b925-ad844f0516a0
2023-01-18,b6e74e0d-0f5c-4719-b247-94b045e8ebee
2023-01-18,81c470dd-c024-4c65-85ec-e9442ced55fd
2023-01-18,a50adaf0-319c-4534-a0de-3f85468136ca
2023-01-18,f22ee9db-e310-4d73-915a-288c2f5c5722
2023-01-18,4a525281-1827-4881-9d26-d2864ee46483
2023-01-18,94abf3be-308c-4a77-a55e-4b9512dbd279
2023-01-18,247012ab-9abc-4b9e-8607-b193adeac04b
2023-01-18,de2713be-19ff-41f3-9dab-89e6a0aac650
2023-01-19,533e00f2-e2c4-4adb-961b-2836184320f3
2023-01-19,533e00f2-e2c4-4adb-961b-2836184320f3
2023-01-19,eff4950f-de9f-449b-8a18-eb1d1019acf5
2023-01-19,eff4950f-de9f-449b-8a18-eb1d1019acf5
2023-01-19,969e4e79-950b-4608-90da-ac26aed52d55
2023-01-19,969e4e79-950b-4608-90da-ac26aed52d55
2023-01-19,dceba5c8-20c2-497a-829a-74099f7ee5a8
2023-01-19,dceba5c8-20c2-497a-829a-74099f7ee5a8
2023-01-19,7c5f0d06-2b1a-4a47-8961-3f93813b4eb7
2023-01-19,7c5f0d06-2b1a-4a47-8961-3f93813b4eb7
2023-01-20,2d170092-c322-4a3d-80be-116075360470
2023-01-20,2b53d2d1-579f-4546-8935-363955bee8ab
2023-01-20,cdc4b222-4b2e-4269-9c38-c5800dfdcf30
2023-01-20,653a7cbe-b5ee-43dc-b031-aba4e10143e5
2023-01-20,4af7e0dc-b55e-40ea-b957-472029e24ba5
2023-01-20,956e12ae-8362-4201-9108-b694f5eed5e0
2023-01-20,938b7a2e-4894-473d-87c4-9d0a5fbce57e
2023-01-20,eb6a26fc-fe4e-4288-b1dc-26d98bde632d
2023-01-20,f17cfc39-d3e5-4e1b-add1-236d7a9f7f35
2023-01-20,6ac46eb1-97e6-4568-b9dc-5ef00f799b21
2023-01-22,84d43bbb-28a9-40d2-a70e-f1671c9bd817
2023-01-23,7c9e702c-1eae-490f-a8d3-69cf542cb52b
2023-01-23,ef401093-cc16-410d-aa08-13a6343588bf
2023-01-23,af7d7119-aed0-4f49-88dd-3ff56a99f3b3
2023-01-25,0a825e61-dee7-46e0-9bbb-26fac1c23e05
2023-01-25,44d76902-c778-4cd1-87a0-dc9d56272970
2023-01-25,7c4f54a3-0c93-4938-a2ad-d18b6c5f0c3b
2023-01-25,c7afaf91-7e60-465a-9918-c5420dced28b
2023-01-25,b4a61343-fd20-4619-8404-e3e418eaab79
2023-01-25,88e462c4-5233-41b1-bc2f-b3d85202e2c1
2023-01-25,8864ae22-d31e-41a4-bcf1-20e2aa060f8f
2023-01-25,09b3f489-eb13-4a20-9efb-ac6a6bd1dbd1
2023-01-25,3567a613-1303-4ca9-b9c2-05fb48b43e3f
2023-01-25,51c3ca05-38a3-430d-93d2-9d8d7ab3f4ec
2023-01-25,50520639-c8d6-4c97-bb60-4156cc6971c7
2023-01-25,bcf4c366-61c6-42cc-b824-8821806b02cd
2023-01-25,4b585466-beb4-481f-807e-ce35a0d522e2
2023-01-25,a52a8aff-ebeb-4778-b1b3-3a339068d130
2023-01-25,178d3920-2fd6-477b-8bf8-f9522a6c6a21
2023-01-25,2216d560-bb9b-4424-9fd0-067966445f20
2023-01-25,543d2496-2c53-458f-9061-03739afa28d9
2023-01-25,dc2d5c08-1f07-4a6c-a311-c0b7f39eec3f
2023-01-25,ff8a1149-3a19-468e-aa95-2fce11ca4570
2023-01-25,85d91f09-5552-426f-971e-d989920597fc
2023-01-25,77baa199-e904-42f9-a95d-2710302999c3
2023-01-25,218fa6bc-c9e6-4aa0-ac63-e4c454ef91f5
2023-01-25,cc39811b-6244-4700-a860-a511650d4510
2023-01-25,56210ab2-a3b9-4c4a-be17-5bac8fc0c8ae
2023-01-25,de54816a-b29a-4c37-b3d1-04ddce6f4d3d
2023-01-25,79082714-c165-40cd-9415-a5aee9ce415c
2023-01-25,5c2b0d09-8e8f-4afc-82ad-c0a314f61af5
2023-01-25,5c8fc1a0-301e-401e-913b-423dc810048f
2023-01-25,d77f9b6d-8085-411d-8da6-8df4398e3bd0
2023-01-25,7e88bddf-aed5-4e8a-96ec-5d234402b06c
2023-01-25,2e8a9dba-497e-4056-8400-6beab828fd5e
2023-01-25,a15be6b8-ebc5-42c4-8d5a-14a1a48ed3f6
2023-01-25,3c82953e-c92e-4ff5-8d84-f11e228a5d50
2023-01-25,501f9e4f-378a-4134-a3a5-a12621be42c1
2023-01-25,edd6ba15-5edd-46f7-89d3-bd144e85fcc7
2023-01-25,5017cada-163c-422c-82c1-862716d26de4
2023-01-25,e528eea0-0b91-4c5d-ae56-cefd2e1a2243
2023-01-25,340053f5-093a-42c6-aa17-1258fda18c80
2023-01-26,da922d7a-d6d4-4a42-abcf-c9c565eece87
2023-01-26,758d0bbc-db75-4ffb-93f7-dd5675cbfe11
2023-01-26,5ec9bb18-1033-4400-9788-eb22d84ed631
2023-01-26,194c65d9-c6b7-4d71-b05a-3b6502adf2b6
2023-01-26,0ecb3389-9df0-4ef9-bc24-cec5a40455d4
2023-01-26,348b7421-bbb2-4c6c-b439-4535cd46208d
2023-01-26,504543b1-2f21-4f30-9076-f8e387aa49b0
2023-01-27,bfda8f51-b252-4fbc-9895-2fde854d99d5
2023-01-27,e356331f-096a-4d0f-90f9-631f4cb15ec4
2023-01-27,d2cfaf04-46ec-4942-a0e4-6b043cae2335
2023-01-27,96ff58e7-7b6c-4293-8d96-8870abfce323
2023-01-27,f28d8412-f0f8-43ce-be12-fd3e67f645a9
2023-01-27,97539bfd-71ec-4a5c-bcd8-51f512ab0985
2023-01-27,070d264b-fe98-458c-a2e0-a2dcb2831d6f
2023-01-28,3624d133-98ea-4e77-b643-28dff0627007
2023-01-30,24db3c73-74a6-4dd3-9a10-24c2896d569c
2023-01-30,7c2236ad-2017-4ca0-b197-03461f8aed83
2023-01-30,130c4d1d-c150-4fc4-8acf-01786212d466
2023-01-30,c327d496-a257-43c6-b62a-de97c2a6d9ad
2023-01-30,1755af68-5b61-4b63-98cc-dbaef695192d
2023-01-30,43f35c5b-387b-46c3-81fd-de82f4a62cc7
2023-01-30,8ee08e3c-ef6e-4ac1-91fd-b5f9e52f6d70
2023-01-30,e2122b55-766e-429d-8f1a-09353010bcd8
2023-01-30,5e4a7011-bc85-468d-9b97-c8467f979618
2023-01-30,e02b4f16-05cb-40b9-9d0a-1a7469b07bda
2023-01-30,3c313092-4853-4690-869d-549ade1ae370
2023-01-30,d45ab41e-de98-47fc-9693-0e55ece42be7
2023-01-30,898ad97e-26f9-4a3d-8348-f9e79fb7f3db
2023-01-30,87090853-0428-42c4-8182-92ec57e4a7f3
2023-01-30,8ec8c19a-d93b-4fa1-bbdd-a1a5f8b27a49
2023-01-30,84126f57-a490-4f87-b23d-f6e73cabe884
2023-01-30,588cf79b-c93b-4fc5-96b1-e6ee5edeebb3
2023-01-30,7df5a725-076d-4a97-b7d1-b2a5776439b2
2023-01-30,ad8a05b5-58f8-4739-96ea-5afc548fbcd8
2023-01-30,86935f3a-2eea-4545-98cc-ff7bb57aecd0
2023-01-30,67dfcce5-4bfe-4ef2-b0fb-9e77725e978a
2023-01-30,8e82cd42-a8c2-45ec-8209-051a6b88e4ad
2023-01-30,dbb17d3d-ea56-4a46-86a2-165db8feaca3
2023-01-30,009d918a-eacc-4615-aae2-b033ad383641
2023-01-30,60115706-3f06-4d8f-b158-396e9a066773
2023-01-30,666509a3-c417-425e-ab35-a83a37ab10b9
2023-01-31,4adf2790-bf31-4354-9063-a5cb0c4a30d1
2023-01-31,408c22ab-1696-4418-b9f1-68146929c057
2023-01-31,6de76b3c-28a0-4cff-99aa-c7697a412606
2023-01-31,c7100840-76f1-4e39-a832-7ef2d0a65260
2023-01-31,5dd48193-a6bc-47cb-a67e-02f08b04a715
2023-01-31,52eb44fb-fce3-43e8-a8d9-ee2aae9cf06c
2023-01-31,61d3ebfc-abf9-45a9-8d24-28272bda7f78
2023-01-31,7cc1591f-23cc-4d21-9e9e-86bef3cd23a4
2023-01-31,e2d6466c-8944-464f-8c27-e20a1a412d2d
2023-01-31,630ac4e9-ca60-4c8c-a183-1485b8dd0257
2023-01-31,7b907668-0be5-445d-87a1-6f3cc476b099
2023-02-01,be0e19e6-5dfd-4ce4-a469-f3f6601eb22b
2023-02-01,c9d4b966-4a95-4e4f-a613-0049e258f121
2023-02-01,4aaaa873-f1f6-48f5-ade8-ed2c02d99768
2023-02-01,44f57724-ed64-48a6-a844-52b6b7c2c584
2023-02-01,d29b6249-1d79-4bda-8dfe-ea2905014b72
2023-02-01,f7bafac4-5a41-4fa8-a171-fc693fb4599b
2023-02-01,2fc0cd71-f031-4491-9103-217e8ce2d0ba
2023-02-01,c9ee2757-55ab-43ba-8de9-f8d060c5b009
2023-02-01,0abb36e5-cca3-4c8e-83de-90691838e5fd
2023-02-01,6e62b7b5-9de2-4913-9736-3cbb843bd127
2023-02-02,71b15dca-41f1-4a73-8b0a-f807e06157c7
2023-02-02,23bd8f33-d40e-41df-8ccd-52a1270add60
2023-02-02,511f69dd-3dcd-4e6c-8dbd-7e66a4c14f45
2023-02-02,37cc1356-abdd-4c3c-807d-b59e84e48b48
2023-02-02,e983c0e0-3f41-4481-ac48-cf5c9bd70b53
2023-02-02,6e36dd34-8ef9-4bc7-9288-ca9a63f83a4a
2023-02-02,b2586661-cdd1-4e46-86a9-d516ddfbb4c4
2023-02-02,3c7c5c32-98fa-4b7f-ac6a-a68aebb2bda8
2023-02-02,1c0c373f-f1a7-4eda-aa11-b8dad6448b85
2023-02-02,2760ce8a-4844-40ca-a5b1-cd80e4b67a47
2023-02-02,f60f83ec-b023-4888-8d13-1e0ee45f8017
2023-02-02,9d785724-6a5a-4133-8eb5-3eefcdf15f09
2023-02-02,d4f4e655-c8da-4917-a621-ec0cc6c4b876
2023-02-03,f6d37576-2960-40a3-a541-abb1a183fd19
2023-02-03,fe6b69eb-47d0-4c2c-af59-100d287cc0b3
2023-02-03,db5d239e-ea3f-43c8-a62d-ca220a62561e
2023-02-03,b9e61817-8b62-4837-8057-3148a47385e8
2023-02-03,e97b3d40-a304-4e24-b73a-a294986dcb38
2023-02-03,fc88c0a0-76ab-45c0-be2f-f026f19b2393
2023-02-03,02f122d1-f818-4684-a674-c0cd62374ea2
2023-02-03,ea2257a7-1e82-46ad-872b-8a0bbb9bf75b
2023-02-03,044a5bdc-83a4-40af-9b0c-3b45859d533d
2023-02-03,038f7659-7004-4817-bcf4-617d19cbec4b
2023-02-03,6857c780-3461-4ddd-b453-03060e9f4ff4
2023-02-03,576473bb-0647-483e-b06a-a5ff6491b08b
2023-02-03,50621e98-dc84-4bb4-bc10-c6cfbb8ba1df
2023-02-03,e7304d3f-dff6-4bfe-a10f-af76224531ab
2023-02-03,3670b1bf-90c9-427c-b61e-ca9428d718ea
2023-02-03,7efd400b-b05c-4db4-a55d-cdc0180875a6
2023-02-06,832101e8-c746-427c-9541-06f00e5a9ec0
2023-02-06,346adbf3-0f68-43ee-9f15-32b9b07370c4
2023-02-06,639570d9-f01f-46da-ae49-666d7cccd730
2023-02-06,5b47578f-165b-4c46-829c-b799c12b12d5
2023-02-06,8c6dc1e1-5922-4bf6-97c8-1e6fc750d263
2023-02-06,88b9e1df-dd85-4101-b9f5-22db69d3a224
2023-02-06,64259411-1612-4fb2-8b5a-61ed5ba9581c
2023-02-06,29b36811-2284-4944-a8f4-d2a5ab088f57
2023-02-06,460727ab-0d45-4257-9fee-dc7f140a3959
2023-02-06,7d1af633-8450-46c2-b743-40f8c187439c
2023-02-06,69251372-4416-473a-8c80-98260133cf7c
2023-02-06,ba02434d-c104-44a8-bf72-79e2894952e6
2023-02-06,5aab271d-5de1-446c-b984-43160d29d869
2023-02-06,28297d39-a930-4c0d-ac3e-e84f18fb8d55
2023-02-06,dfe2c903-f235-412d-ac7f-2c41da63f345
2023-02-06,4b532fed-6ab2-4b22-b77a-45500d0489a8
2023-02-06,faf94434-7b1a-4deb-9108-398bd465ba5d
2023-02-06,0136b1d6-dbb0-4f67-994c-1ace830b8ae1
2023-02-06,626fadb1-50d4-49cf-839c-9e683324043b
2023-02-06,f9c4368b-3b2d-47dd-8230-fa5189fc3b36
2023-02-06,3e91b1ab-fea3-4a39-8746-5d0a751bc38c
2023-02-06,352e541f-7e2d-479b-8b4e-28b3a9e9a792
2023-02-06,dd7ed288-eda9-43e0-bf7a-97814508cd2c
2023-02-06,44c69aec-5f1d-4e2b-95fe-8d6098bf567a
2023-02-07,9a60495d-e09c-48ea-8831-5c3a9ad12546
2023-02-08,179278b2-c5d5-4ade-9a6e-aad5e0556ca5
2023-02-08,953b0899-c660-4711-8677-9fe88d220e4f
2023-02-08,47e8c3d3-6b7d-455f-9158-37c1dbe69d1d
2023-02-08,267eb779-6378-4288-84a6-8b9ebcb75f49
2023-02-08,742aeffa-aff0-4d21-9f6a-6660e2bbdac6
2023-02-08,a89f3518-db5a-4abf-a396-b4956a1b0fca
2023-02-08,1400180b-79b6-4f0b-b633-08823b4946d7
2023-02-08,f2f2af5a-2d07-4b23-8b79-f0c80e00a1b4
2023-02-08,fbdfe7a8-27ef-46ca-a19a-d970dfa6b9b7
2023-02-08,99fdd632-a450-4b0d-9f72-fe1e5cca974a
2023-02-08,556337b4-cbac-462d-a93c-d664b1c34ad3
2023-02-08,0bb66fc6-b027-4c1c-9821-b2c34017cc1c
2023-02-08,1647793e-94cb-4c95-93a1-51ed86b3d6d8
2023-02-08,d269ab81-f4ff-432a-ab26-7eef01a48cd6
2023-02-08,313601cc-f4d6-4331-bd40-7cacf4a85cdc
2023-02-08,554919a5-fafc-47fb-ab4c-4cf8bfb2a829
2023-02-08,48ad3007-669c-493b-855a-bfb708f89a52
2023-02-08,989380fe-ed95-47eb-a824-203f24279a28
2023-02-09,1bc9e529-bb39-4286-bbab-cbf00f7435ee
2023-02-09,f5f2bef6-dbc1-475a-9730-1ac0522c5a97
2023-02-09,bd17ea13-5a64-4971-9d50-54871d9ab70c
2023-02-09,8194b3be-f046-496e-99a7-54937ee6a53e
2023-02-09,a772266c-2f4e-49f0-b3e7-cdf4c301d113
2023-02-09,4041129b-44bd-4050-9541-e115201d3bf5
2023-02-09,20fe9082-e951-407a-b784-b51581fee1f3
2023-02-10,d1281179-1eb8-4d70-b08e-f197268cc508
2023-02-10,eac5eea0-3044-4b90-a442-d200327e3cac
2023-02-10,2e6761c9-6c57-42b3-b88b-ed5c6af899cc
2023-02-10,53c0a5d6-8622-4ec9-8800-f731df46ecec
2023-02-10,fa1beecd-1d8d-4925-8192-c03db38a039d
2023-02-10,7437de25-d62a-4c62-9aa5-28622d3295c1
2023-02-10,4b92ebb1-05e4-4021-a219-bc17454ba0f5
2023-02-10,658d070e-102f-4453-b678-ca85329cb078
2023-02-10,12ab615b-450d-402b-b3b6-d84503ddc246
2023-02-10,c917f266-354a-4fd7-b207-04771e904f83
2023-02-10,0e1047cd-4ee2-4d54-85d5-2f79b7babea7
2023-02-10,f92a9e27-8f44-4bac-a79b-38fb54283a15
2023-02-11,f970ce0b-0606-4d4c-993f-093930c711a9
2023-02-12,b35cc456-b732-49fc-a093-128d46806092
2023-02-12,f027850e-5624-4f0a-b43c-176060d28ff3
2023-02-13,e263ba61-ba93-4ce1-8549-968a406d86b4
2023-02-13,92dfcb58-aa88-4875-b3e9-b3a653771140
2023-02-13,54c7dfa3-3dfe-4f19-8467-9ac80d618f8d
2023-02-13,ac01ea23-9d55-48a6-9f7e-e91443265a0d
2023-02-13,f3bc5db1-f02d-43f8-a2be-998954c15ae7
2023-02-13,c62b65a4-e518-456e-b0a2-2e8595cfd6b2
2023-02-13,c054cb24-ac93-4ef2-b570-c57979d3f5fb
2023-02-13,1e2c167a-d2bd-49b7-b0c2-14f7ed88f7de
2023-02-13,39ae9602-59dd-4e55-bca9-7c98fa4397da
2023-02-13,a1bbea88-9d62-4d08-9457-454667695e2a
2023-02-13,8799a450-28cc-4a9d-a4bb-5ec71b2827f3
2023-02-13,a5835b45-5950-4101-901f-ce6e28caeaf9
2023-02-13,ce52cb2b-5b8c-4fdf-a2e0-b477115ac28d
2023-02-13,e0dd8700-ebac-4f2d-8d80-6589fa60272f
2023-02-13,e206b7a2-8cdb-4f8d-b91a-ce444d4e9ced
2023-02-14,043a744d-8eb6-4bf0-b345-69fbdcadc7be
2023-02-14,198fe31c-31a1-4866-b7d6-a6c99c196dd3
2023-02-14,c0a65868-c6f6-4cdf-b8a4-80516ff4e1e6
2023-02-14,d383830c-d061-47b9-8020-889a6379ab84
2023-02-14,e6a89c8e-1048-4193-98f5-8945f7e38339
2023-02-14,da1441e2-c169-4b72-bd1f-a3a40da6831a
2023-02-14,9ac10be5-a8cf-4031-9304-00f218d4e663
2023-02-14,4c9bc6d7-048c-443f-a7f6-6e7465eaf550
2023-02-14,e84d76e7-0bdc-4813-9cb5-b859ba01ebc7
2023-02-14,2dc36110-2869-4429-8699-4e57bbf2cc04
2023-02-14,add3496e-c291-44cf-aa3c-4e155c42666e
2023-02-14,86173e10-7d5f-4c7f-af84-98698f09cda1
2023-02-15,a10e33fe-c2e7-44dc-9dc7-f1a557ea0ce9
2023-02-15,be6cc701-60dc-4e8d-a5e4-fc4b1c370a48
2023-02-15,986e4260-2770-44d9-bf7e-4f51232cdb4a
2023-02-15,10b4ce8a-8bfc-42b5-b8a2-2cb4fbd4659b
2023-02-15,566950db-9329-4b24-bbde-0253462f4221
2023-02-15,c8131e57-f358-428b-bdcf-c5c2a7d1e4b6
2023-02-15,85dedd63-a7e8-4aea-a341-4972246021fb
2023-02-15,ad8fb7d7-676e-4d24-b9c8-0801e177b928
2023-02-15,fe9a51b6-6649-4a6b-9003-aed08df21135
2023-02-15,975e85ca-5d84-4b75-aea0-e0e841856e4e
2023-02-15,b91c72db-f959-4e14-bc6c-b39f9361b8e7
2023-02-15,d2dadcf8-028b-4de3-8722-ffe4d9057829
2023-02-15,bf2838f5-c8cd-412f-b608-28187950f7d1
2023-02-15,07f165ef-6ac4-4e5b-9741-2ab9f8f63692
2023-02-15,c634dc0c-8283-4e71-8122-992798fc8cee
2023-02-16,cb2adc90-ac0a-43b2-a463-83f679d974bf
2023-02-16,bc9d9dc0-85d0-456d-a2a7-cce5e7bd7369
2023-02-16,25f3a9e1-f2aa-4e2f-bebc-eb247bdf50fa
2023-02-16,a00ae4c5-68b5-4e83-83a0-d41805e04e43
2023-02-16,13922a70-2abf-406b-ace9-256ddcf834ea
2023-02-16,82c5986b-594a-4a7f-97c0-19b831c8c97e
2023-02-16,6048e71b-97f0-4066-a891-89b5df10d7be
2023-02-16,ef5b7905-bc3d-488c-8570-29d345e58027
2023-02-17,fedb3006-ca06-4677-b5db-86f5baa81684
2023-02-17,111450de-b4b2-44c1-a8e5-84e85068590a
2023-02-17,f675b454-f276-491a-bf1f-bb5583d5e277
2023-02-17,0e692746-af91-460b-b35d-3303da28b614
2023-02-17,541d91ab-1cbc-4444-b9b7-c2b920bbdaa5
2023-02-17,0dc46abf-9b0f-409f-804c-840eb18714b7
2023-02-17,543139cb-38a9-4442-8bcb-0c24d4c87621
2023-02-17,44f48341-4440-4be7-b0dc-2714ca22c72c
2023-02-17,d1d31384-bd2c-4ac9-bf44-fad88ded370f
2023-02-20,8c33d09d-8235-4c62-bf7a-fec3cb34e57c
2023-02-20,d84f0b75-f5f6-4738-ad7c-b3c17e25a833
2023-02-20,3cd6c6c7-ec65-400e-8c85-d9d44643fadb
2023-02-20,b7cb394b-909e-4ca3-89b1-7b1d43a01248
2023-02-20,b2d4c028-2c0d-401b-8ca4-75e702f7844f
2023-02-20,a7795fec-125b-4c22-a649-97c90ef7cc26
2023-02-20,171e2bf6-67f8-4b62-9ae4-52e129278df2
2023-02-20,391970ba-cb22-4826-b9ba-164a718fd989
2023-02-20,6003d720-3c5c-4301-931d-8fa3878ca18f
2023-02-20,63c2073b-8000-43a0-a379-185b35335b8e
2023-02-20,89a9a193-3550-42c8-89df-214503000659
2023-02-20,d939bd67-f26a-4b56-8ac1-c7c2d43528fe
2023-02-20,209a0b2b-6cec-4158-b5bd-e3c39e3713d5
2023-02-20,f4c8a945-6d35-47c8-888d-4497fe7ef79d
2023-02-20,4dbda271-c673-475c-a61a-da1ecad85b52
2023-02-20,f131b595-216a-4b0d-b1c1-f576d050e93f
2023-02-20,a6307419-ea28-4707-9508-14afb2ddc3a9
2023-02-20,3bc38ea1-3849-41f8-b7d4-57e11df11265
2023-02-20,921d32cb-7c11-41a6-b7f8-8e1e6116a987
2023-02-20,d68ff178-8c28-4bf6-b9b4-fa54a30510d6
2023-02-20,59d85793-a86e-4294-a39c-fc08314be121
2023-02-20,5737c6e8-ac62-4f2a-9c5c-e1a15e421b6f
2023-02-20,4ebdca5c-c8db-4c4b-9a43-b456c4a6e946
2023-02-20,fefc4415-64ce-42cb-9c22-bee6d1b5b26a
2023-02-20,f13cf5cd-0e2d-4814-995f-7b5d00f9044a
2023-02-20,e20c986a-167a-46cb-87e3-7421a14c0acc
2023-02-20,cc97d1b9-3e0d-43d9-921d-f92355b0260b
2023-02-21,fb176fbd-c711-471b-b721-a3e5de32d7c3
2023-02-21,60025fea-dab7-41b8-9282-0547acd8fba0
2023-02-21,c0aa710d-8116-4718-9268-014fbcdd0152
2023-02-21,4942790f-e51b-4df3-99b4-8578c932aa66
2023-02-21,2bf94ea9-0a7e-43d6-a106-a706ac8458fc
2023-02-21,d2d10532-9036-40f9-943d-7d7baea671d5
2023-02-21,53dcaabb-6019-4c31-8f9b-2619c6dab9d3
2023-02-21,b96e7bc3-80b9-4927-a285-3e38f5165213
2023-02-21,f392d816-b739-4bef-8842-42a01ca6cfe0
2023-02-21,041895c4-d756-40a5-8d65-792d097041fd
2023-02-21,0249d208-2024-41cb-ac0f-4c090d3da1e7
2023-02-21,98f37084-1b23-4e36-90de-9ff04177bcdc
2023-02-21,a5957630-f0ce-4d5c-8dbc-a68695cb9ff7
2023-02-21,b64e6252-0e1b-467a-a874-c2a4adbf0c02
2023-02-21,c0c506f7-eefe-4c72-b817-81cd2706c2ed
2023-02-21,8f7cdc04-4389-47d8-9edd-bad5bf1f5f3e
2023-02-22,7c45f71a-18a6-47da-b073-ae1c97276963
2023-02-22,3ebb3d06-4120-40a9-af5e-6e30bee7c28b
2023-02-22,948ff142-dc51-4339-a202-05cbf7aef23b
2023-02-22,ec22f3be-1896-4919-9583-f9f3832f7f3f
2023-02-22,0aa19434-b2fa-4b24-a96f-8151349be67a
2023-02-22,89d1696a-30b5-4c28-b1c0-93f672273845
2023-02-23,0d00b88f-feea-4963-ae32-4205b5392d5d
2023-02-23,b48c77d2-415f-4715-b01b-34fead86f515
2023-02-23,fa5a1281-9760-4690-8010-23dae6b6206d
2023-02-23,9ba1eb81-d7ff-46e1-b02d-ccf67020b24c
2023-02-23,4021445d-2e47-4851-8d34-fc7c4d5e09ac
2023-02-23,3df27f8a-9605-4637-a35a-6b5693d41cd7
2023-02-23,e8e2ea44-1991-40c6-b266-8aff005e7d69
2023-02-23,e8f839d1-cfd5-4a8d-ac3d-61eaa9524187
2023-02-23,65e19892-1445-4b71-98b0-83867187d698
2023-02-23,8acf6d18-5f9f-4303-b814-c6b8ad7e9ec4
2023-02-24,9332f9a2-85e4-42e1-9ab2-7f0a18e3b549
2023-02-24,9fc4d2a8-2253-4644-a8b9-10a3c8607037
2023-02-24,03fa1e41-b292-42a7-84dd-08c1db3bdcc8
2023-02-24,3bc28d71-1838-4ec6-baf4-faaed0790799
2023-02-24,7643b0b5-be65-4bd7-8c13-9cffd8370741
2023-02-24,4cbc4109-e779-4c08-9135-4d5027dff302
2023-02-24,f8ae9963-6765-4512-831f-e5bc0e41a5cc
2023-02-24,52f70458-fd3b-40a9-bccf-ab23a034c902
2023-02-24,cad2587d-faf4-459c-8e4d-bbfb12a21393
2023-02-24,b1bc4924-c062-4436-bc66-cb1a7fce5499
2023-02-24,fa46eb17-52f2-4756-9b48-91976e212e58
2023-02-24,9034bb54-2794-42f0-970e-b1c1b299c7b9
2023-02-27,d55387ce-fabd-4131-a309-91b8f6409a8d
2023-02-27,86438f24-e265-4d7b-b817-5ed18b140f20
2023-02-27,e051a504-2cb7-4b67-826f-24e08060ec11
2023-02-27,da94b91b-4633-4905-86c9-cbb0af4f59d4
2023-02-27,063979d7-262c-4359-9f4f-cd54af8c2d4d
2023-02-27,9a3f5ad2-2380-4ee9-ab69-c5a27238f97e
2023-02-27,a6687013-f3e2-472a-8785-34ca02de7d2f
2023-02-27,73a79f2a-593e-4d03-a690-6492039040a1
2023-02-27,695ec44b-4a47-4662-8de4-8738659e6230
2023-02-27,0100f736-2460-461f-b587-b191342c9364
2023-02-27,8617ccf5-50c8-4b5e-aee3-22a686dcaa93
2023-02-27,50ff9a0b-336c-47e6-ae75-48a962604f7c
2023-02-27,11288b9a-bf23-43be-9091-8403c41c118a
2023-02-27,3314bd40-f29b-4989-84a2-480092cb6d68
2023-02-27,ca458682-4ea2-4c1f-8ed7-29b14ee1676b
2023-02-27,fc724a7f-3774-480f-90de-8044bc2b2a9d
2023-02-27,424c57ef-76e3-4210-90d6-9c2b8c8644e6
2023-02-27,a1d97ccf-3cb5-45b1-b9ca-2267afa614f6
2023-02-27,7cd175f0-ae63-430d-9f9a-3db935bfe32d
2023-02-27,3edf6cc1-2ead-4027-a7da-d7b214dbb72e
2023-02-27,820d832d-5da8-4f5b-b227-2526f4204732
2023-02-28,dc84b0b9-d6a7-468e-86d9-9234510aa201
2023-02-28,ee898357-c4bc-40a1-b260-ac0f2278da8f
2023-02-28,7d0001c1-a2e9-48e4-aa34-5aa53142c1e0
2023-02-28,4c80118c-009f-413a-a268-d75c23e418ba
2023-02-28,4f531185-3ba9-4dfa-9be6-3b6cce43faa5
2023-02-28,ea365040-cfa5-4252-ba9f-fb5940d3488a
2023-02-28,8f0449b8-cc86-4643-ac75-952998b759c0
2023-02-28,2c37ebe4-c5a7-433e-959a-7d87a79e02c7
2023-02-28,d2b93a20-bf52-4cb1-8e06-d8e8eb47386f
2023-02-28,3d1f8304-d246-4ffb-869f-fc1d501568f4
2023-02-28,57e0e444-ad05-4d0b-b044-19ce05cf462c
2023-02-28,4d1f97c9-a53e-48f9-b142-bb5b4bbad28e
2023-03-01,eb9558aa-e4b2-43ec-ad29-bcdacce8f719
2023-03-02,00a71c30-0313-4a04-b120-5824cfd1ffbe
2023-03-02,4a5d2818-98f3-44b7-bb08-efa7a98e5e14
2023-03-02,c4f23e8d-73dd-4e6d-986d-9fb62130f023
2023-03-02,5fff6155-24fb-4457-8450-61f1f3111427
2023-03-02,d978341d-511c-442a-82e3-a988cb3621cc
2023-03-02,d9e43df7-6489-43bf-9014-8139e9897cdb
2023-03-02,118cb814-f36b-433e-b906-2fb7c9301547
2023-03-02,1a34f7ef-eeb0-4c35-98db-5b8dd2c1b88f
2023-03-02,9eae7d66-c2a0-441d-957d-a4ab59f71532
2023-03-02,fde120f6-9a91-4ab2-abc1-ccdf15afda07
2023-03-02,efa0b2f0-d09b-4f92-9cd5-e43af95e5696
2023-03-02,88f64adc-fbcc-4978-acbe-c42d2ab83128
2023-03-02,bb233289-0277-4947-b41e-9cb15016df90
2023-03-02,c029bd84-9d22-4a7c-b697-b3485dd327d9
2023-03-02,6a14af91-7a3a-4e10-bff6-cd5b35d0ae8d
2023-03-02,42789ee5-0cce-4668-a223-59115bab1911
2023-03-02,befd17a8-ada0-4c70-942d-f99d870f597d
2023-03-02,796f6120-b33b-4a8f-9c5e-292b2e6549e4
2023-03-02,070ff794-9409-447c-9889-f463e1acb1a3
2023-03-02,4906cee4-d3be-4d62-a424-c56218690dbe
2023-03-02,52a506af-f3ce-4cda-a773-bf83125bf2fb
2023-03-02,13eafa9d-2a98-412a-b3f0-3f806d3c0711
2023-03-02,7abd98f8-cca1-48cb-be64-0c89c7471685
2023-03-02,8910c50a-82e8-4dff-bfba-493b799f7ee7
2023-03-02,41eec001-b7f8-40d3-aaeb-8f097de43278
2023-03-02,4fcd8351-c84e-4e59-b002-e3f54d6215fb
2023-03-02,3ba36bdb-62a6-4526-9f02-e54bf1550c0a
2023-03-03,811316f4-d277-4118-851f-8869e92a6ecc
2023-03-03,800388c1-474c-4ca6-bca5-893d03db43bb
2023-03-03,30f56b6c-3d35-4d56-84a8-24dacc10e3cd
2023-03-03,a2d6415f-5c7b-49d0-92df-2e9bcca12e2d
2023-03-03,f678ea14-8f69-45e0-baca-5d7659895b5a
2023-03-03,9313300c-fe3c-4266-99f5-cbc7dbad7734
2023-03-03,c9ccd216-cc29-434a-8eba-609c5492313d
2023-03-03,bd2eda71-8524-4cb3-9199-7bccdc72bdcf
2023-03-03,f4f3a724-8ff9-4825-b0a5-c7c64a7b9228
2023-03-03,14da6894-7c45-4972-950f-0ea6e724fb8c
2023-03-03,10631df0-b3c3-46b0-835c-90237d3a2920
2023-03-03,7a6cb69c-3fb0-45d1-8e23-d0cdad8ce731
2023-03-03,3b9d8d25-789c-44b9-b19a-ebf628c07473
2023-03-04,353b6567-f21c-497b-b40a-6c9cefbf6b74
2023-03-04,b77613cc-62f8-4889-a933-e50fdba9b85a
2023-03-06,9be855ca-14b5-425e-a4d2-a98907a25a4e
2023-03-06,cf660fee-d70d-483a-9fc1-535cdce93118
2023-03-06,5727abc1-19b8-4c45-a1d2-2a4a98b99070
2023-03-06,3e0ee111-c30c-4889-8c95-dfac2dbf0077
2023-03-06,aeee6920-9163-4457-9814-f04e8f09081a
2023-03-06,5df277de-1ca9-4f79-a284-e76ba888c6ba
2023-03-06,bc1d93d8-5e8d-42b7-bff9-0d184b28005b
2023-03-06,4dd66db0-0a9b-4855-a678-05bb2e1bdae0
2023-03-06,7c910857-0cf6-4858-a97e-0a3bcc6a2dbc
2023-03-06,929bea65-222a-4e3a-96e8-c27246f4efcd
2023-03-06,fe639874-2f62-47bc-ad38-ab4eba848645
2023-03-06,d8ba4c1b-e997-40cd-97db-a0a37fcba0f9
2023-03-06,d251469a-57dd-4e63-b3ea-9e5c0d8f980d
2023-03-06,32f16ac3-f508-4a2a-9fb8-3ea142fae30e
2023-03-06,cf6eba5a-f68a-48f8-a5f7-c8a69b8c7c7f
2023-03-06,8d55c5d1-ebf0-4401-ade8-7b0005388cf5
2023-03-06,4e92d4cc-bfc9-4584-8656-3942ae40b42d
2023-03-06,9f17ba30-486f-4032-890e-8aee38631fef
2023-03-06,8a7b9849-c5cc-45d7-91fb-1105db12a8de
2023-03-06,a2ed6f12-4aa4-4189-b96a-b5c14200614d
2023-03-06,9303f19c-1d5d-4476-86b6-67e197bcd81a
2023-03-06,a9865442-e674-44e7-8938-491f50134ee0
2023-03-06,2cdaff62-08b2-444b-a01b-922e14f29563
2023-03-06,337973e1-17d9-4ae2-a1f7-94d1424f6b0d
2023-03-06,55629a4d-8055-4199-a9bd-0b0f3e4fe18a
2023-03-06,3f3ed922-9a7f-4556-9947-e2d9dc4b6e95
2023-03-06,2ea6baa8-f6e9-4e4d-8c45-2cf6235e9bf2
2023-03-06,c517c5d1-08ec-4797-9208-b384a68d8988
2023-03-06,10d4d92d-3f1c-43ba-95ea-686d29e3a27b
2023-03-07,a8f226d5-45db-496f-aa55-b51f12b9fe53
2023-03-07,e3419ae4-c6e2-4b05-ab83-3959f7197cc4
2023-03-07,a9ccae39-27d3-499e-957f-a802a9d07a79
2023-03-07,851595e0-8be6-4ad3-9bfb-dc5e3722ae45
2023-03-07,3edf6738-5411-422a-a589-378fd862bae6
2023-03-07,ba956d0d-b4d0-4a79-bfad-160c849bdbb4
2023-03-07,54c6b1e4-65a0-42ff-87cc-b81a82981c90
2023-03-08,afc63433-fa8e-4709-a04b-c63c8b911cdf
2023-03-08,137c3861-59a4-4ed4-aa06-e00118950edc
2023-03-08,017ba0bd-0619-422a-83b2-f4d70cba62e2
2023-03-08,05eff4fb-0d3b-4995-aef1-f2db8429909d
2023-03-08,14f7529d-b93d-424d-ba27-891e78ef60af
2023-03-08,2c0da9a1-e1b3-4d37-b8cf-69d9c351a384
2023-03-08,3e0e0ce7-f1fa-4f82-8f44-82f043fb923c
2023-03-08,dba31a05-4000-4a24-a8d8-9f37a506dd79
2023-03-08,bca6fe1e-eaf2-4855-8103-4b679412e673
2023-03-08,e34ddcbe-c1f7-4c77-bb3f-a277d81b640b
2023-03-08,2583912d-a945-4c97-9b3d-731a47b92d6c
2023-03-08,d1604b42-47aa-465f-9f6a-8c6e2ef3330f
2023-03-08,92616b77-fe41-4477-a32f-51eb1e07d38f
2023-03-08,cd062025-15f4-475a-89d6-4dcc7027b342
2023-03-08,796f93ec-9015-4858-8a0a-4293579db736
2023-03-08,c7f4e403-163e-4f14-a00c-b0e645f53e5b
2023-03-09,5af11a8f-c961-4870-8092-e04b41524eb7
2023-03-09,7b641ffe-cdad-4c82-92c7-37df4ac6336e
2023-03-09,da477717-ab9c-4eca-9930-910d581670c9
2023-03-09,32505328-199c-4589-863b-8cdc58b7b523
2023-03-09,d463a9b6-339f-4df7-906e-d4a049380010
2023-03-09,e8800d4a-cebb-4492-b093-b0bb366567a1
2023-03-09,3fab6349-5e8a-47eb-9949-4b597f984fff
2023-03-09,9db01854-061d-4584-b19f-e2ca1f36526a
2023-03-09,92977a1b-cdbd-4215-ac33-71d4e939df77
2023-03-10,e4899771-e3d2-4ea6-a1e6-d565d10c8a07
2023-03-10,e14bb4dd-f4bd-414c-ba3b-770ab5a202ef
2023-03-10,f563bcd3-1e22-4897-b2a4-7c6e55c8f218
2023-03-10,8e3b6aec-7e83-409f-ae9b-358f19eb13bd
2023-03-10,f68ff6be-848f-4d43-9222-4876ad7647d2
2023-03-10,07f6547f-c5c9-4c3d-b40d-831497cc6567
2023-03-10,d4b2b5b0-8d3c-489e-b691-404c20b975a0
2023-03-10,ee540637-bc0a-44af-836c-087245538a1d
2023-03-13,3e8e0cb2-5716-4632-bba8-61cfbe8a3846
2023-03-13,f88bf0c8-7a7c-402a-82d9-d1a81444ef65
2023-03-13,4d65d199-b93f-48da-8e5c-a4a00319fa2c
2023-03-13,fc2a9776-bfcf-43db-afce-f0b47f1ff27b
2023-03-13,03e51c59-8138-4189-a247-d582b0245951
2023-03-13,12b64b01-8de0-4fcc-8262-b3d4898eb79b
2023-03-13,7612d116-f08d-4337-aa88-e777bd362a86
2023-03-13,ed4a327f-72dc-4437-a7b1-a7867d09d67f
2023-03-13,2f62a29c-24e6-4820-ae6c-5b5431433164
2023-03-13,7517f73f-555e-424d-8ee7-f5a39174062b
2023-03-13,c841a965-389a-4a85-87c0-2046c615e589
2023-03-13,e7d365ab-c7ef-4b5c-8d03-663cf4c5d1f1
2023-03-13,4cfb8dd5-ffc8-4dbb-b498-f79bc4bd5f69
2023-03-13,3f130475-3cf0-492f-904a-14306b0e6c20
2023-03-13,50215fe7-4aba-497d-b729-8ba344f6246f
2023-03-13,0ce00a84-82df-4599-8a1b-ad90fb241b55
2023-03-13,531fdb3f-834c-4c10-b39f-b09b8eab335b
2023-03-13,aeb718ee-19d7-46ed-84e3-96bd3e3a2a06
2023-03-13,5a59af23-ddb1-4277-b51b-de061ac1e2fd
2023-03-13,cfb53e8b-24e5-4d10-817b-26d47e50ea94
2023-03-14,36a41de4-ea3b-4313-9069-5f51f55d76d0
2023-03-14,680c6712-e414-47c4-b2a4-bc8f4e058198
2023-03-14,785e26bd-b127-4ac1-9b3d-3f206a4f115f
2023-03-14,7644e385-a0aa-4141-b888-2df9cae0fab3
2023-03-14,6a681d29-b40c-490f-a375-37f792887948
2023-03-14,0503e3ee-a438-4282-a7b3-7d9e702a1c0a
2023-03-14,5d05bea7-3067-474d-b1ba-737128d81d62
2023-03-14,6baaf963-2147-43ae-96dd-e02023efeb82
2023-03-14,c7cabcc9-343d-4da1-a6b1-5d33ef5f0b8a
2023-03-14,3ee5b628-c02b-4363-8fb6-5a0d96de2b54
2023-03-15,8717c4c3-9776-4c47-ad2e-33829eaf6283
2023-03-15,f0428889-a8e4-4695-bb68-ea786ee95863
2023-03-15,e573d3df-8a79-484c-af39-06de833b931a
2023-03-15,c9569246-2148-49e2-99d6-b75796c5bd80
2023-03-15,6febd13e-b683-44ab-b754-4d58bcfc168f
2023-03-15,c3dc26a4-c3fa-4525-806c-9f4851da9e8a
2023-03-15,1dc98730-f841-447f-bc63-e21423f4c0df
2023-03-15,1704ba56-d1fc-4df7-9e4e-55f6f7352a6e
2023-03-15,02a14d64-52a7-4619-b8cb-7a3b4201f63f
2023-03-15,213369b5-3e27-4954-8dda-256e668c2f21
2023-03-15,872ef591-18ac-475c-a276-7eb2a026caba
2023-03-15,02ec3988-0170-4d3f-89dd-1c4f1b8ace57
2023-03-15,c344a56f-7e85-4c05-8490-e6264b1f5cac
2023-03-15,fbba132d-b986-4ed0-81e2-465d5ffd1826
2023-03-15,91ac52a4-2c32-4ef6-810d-2d99071f05ac
2023-03-16,a2d03ac0-3f14-44b2-bc15-4a3959be3a47
2023-03-16,4f83b73d-b274-46cb-993d-e4638ccd966f
2023-03-16,8d7e7f0d-54b7-45c1-b4ef-02f308a57390
2023-03-16,a08ffa27-b2bc-4f58-8dd3-d3866d50a661
2023-03-16,203444b7-63b3-47fc-883b-ee2d1571b4d6
2023-03-16,9becca78-a420-43b9-8c3a-afb97c15694b
2023-03-16,adcf6542-671d-4747-b7ea-817dce8388c0
2023-03-16,0371bd52-a5b3-480a-b3a1-cd2586ef9e07
2023-03-16,11506737-1aeb-411d-afdf-ebc958c3a39e
2023-03-16,84a5d41b-7906-4c16-8bc8-e47a6c23eac1
2023-03-16,55dcba7e-b4cc-42cc-b0d7-7ec29eb15477
2023-03-16,876aa492-3942-4303-b4bc-9623c09eb5ce
2023-03-17,f275b302-4a20-482d-aaa9-6dd388d4aeee
2023-03-17,6a9b7edc-da98-44a6-ab6a-3ccca2d2baba
2023-03-17,f855deb8-c350-4492-a524-81f715e766d1
2023-03-17,e99fedbe-9dac-4038-991c-45e0281eb7e5
2023-03-17,06c38d4e-716e-4faa-b6ab-cf94da3e37b1
2023-03-17,13628c3b-f2d3-4614-8f57-35aabe9c3814
2023-03-17,a2840e11-63f1-46b0-a7d7-41ad51538628
2023-03-17,20abad0d-149f-4d69-9c92-4bd0a07039f0
2023-03-17,f7cded88-a72b-45c0-8f9c-6ae31095b07a
2023-03-19,5efabb34-9f0b-48f0-aa0c-7f22ee84fc7c
2023-03-19,4f1bf710-722e-4e72-b9eb-47c47e0d6e3d
2023-03-20,63ce35d4-5475-4c02-b5bc-69517ddd3588
2023-03-20,4787835c-379d-43c1-8a60-9305544fa0aa
2023-03-20,e8e787c1-6e2c-41af-95fe-dda26ba8c049
2023-03-20,ee162253-c886-4a4b-9f49-394007a7e864
2023-03-20,88033b69-1c27-4da8-b0bb-2e9c79e90673
2023-03-20,170562d7-5cc4-4d1a-9099-62466847b4ed
2023-03-20,fd38d2be-d3c9-4a55-95c7-be327b83916b
2023-03-20,0856f0a0-38f6-4122-bc83-8d52ac86beb5
2023-03-20,e29ef930-35ec-44dd-a609-4f7f21437c7a
2023-03-20,14b5bb1c-f7b4-4472-9c6d-5c3658790f56
2023-03-20,bd5b97ae-a901-4bae-8da2-f295f68a2c54
2023-03-20,da581a7a-8cbb-4cf8-abe9-eb49e9bf302e
2023-03-20,678fa156-2cd6-4030-a46b-4c8340a0a844
2023-03-20,79790bad-575d-49c6-8d03-792a7205cead
2023-03-20,7f8bb403-9586-4484-bc20-f2fe69b9c07a
2023-03-20,036229f3-3bdb-441c-ae9f-a9f21971679f
2023-03-20,b6271e4a-a780-48a3-b33f-a10e97d58f9f
2023-03-20,67093f47-c5d0-45ab-abe4-4830492b44c4
2023-03-20,f82ecddc-b918-42e8-9da1-48cc67a913ca
2023-03-20,9e6d3959-69f3-4226-9e72-e0579d45910d
2023-03-21,54d65a0c-d0c9-4b6f-84aa-128633b99253
2023-03-21,1eabb312-dca1-4031-a09d-89aa34093d36
2023-03-21,3f5b1c08-a8a8-405e-9fb9-fa7a479c1fe4
2023-03-21,0f3776fd-e6e2-4be3-be7b-11a1295382aa
2023-03-21,917a46cd-1f72-439f-bf2e-92dc6bb818f2
2023-03-21,3d81103b-c32b-4b18-9845-635c61203154
2023-03-21,df7f8877-a7ca-4889-8cd4-9c6b1fc269f9
2023-03-21,0da5fb37-d56b-48c7-9c51-6808619f76ea
2023-03-22,c5529a5b-0ea4-4775-9a8e-607da0088fc1
2023-03-22,a0507f91-1794-43e6-a712-1d1708849607
2023-03-22,f5461739-a8a8-429d-bbb9-51b506ec32bf
2023-03-22,eed94bb8-a240-4dc4-8192-c1c7100afd77
2023-03-22,d18cbb92-bd32-49c5-bc00-783d5e172952
2023-03-22,5b71e20c-acb8-44fc-b14f-50bec0050ca5
2023-03-22,1a8ad756-e450-4da3-aa44-d83e8bc55da1
2023-03-22,c92b9b08-4624-453a-a449-90183138aa56
2023-03-22,f1feeb14-58d2-4b9e-92c9-176d1bb23d5b
2023-03-22,e70182c2-0fa6-48c1-a929-4a704f3c9ad2
2023-03-22,408c50ac-157b-4ec4-8e75-f3beea4599c3
2023-03-23,9705885d-5e1f-4d0c-adb0-4f011bd3cfde
2023-03-23,36181854-29bf-4e9f-8d68-36d610012db9
2023-03-23,6bc61bee-7c77-44e8-9167-e0c4bde6c637
2023-03-23,47dec863-f5ca-4a2d-b77c-2f537d87d0d3
2023-03-23,d6fc4609-6a5a-4bba-9c5a-f83dca0f96c9
2023-03-24,9c732b60-ee5d-42d1-a013-65a45a62c088
2023-03-24,70c1932e-e11b-41ad-aac9-fb0f398466e7
2023-03-24,9e3b1b55-65cc-413b-ba26-1c07bfd83fb9
2023-03-24,70b9f22e-0111-4b1f-bb69-42144f69f277
2023-03-24,87c09fad-891b-44d1-bfd5-8b1e7392a0f8
2023-03-24,a83d1e39-28b5-4fe1-bb39-e407c464a081
2023-03-24,91dfdc91-530b-4c70-bb92-114de885c0cf
2023-03-24,d5de269b-b76e-433e-b25c-583b057cedc5
2023-03-24,b2e007a5-8fb7-4668-8ee1-970bf736b386
2023-03-27,28357ac9-a79b-40cc-a3c1-68f6c56b9dc3
2023-03-27,30335166-a891-41a1-815a-7df1a8fc1b64
2023-03-27,2c7171ca-c888-4326-a1a2-6f281021590b
2023-03-27,c07624ad-447e-4e51-b10f-5d987e762d23
2023-03-27,a90c83bc-a8e6-46f2-b04b-0bde8dbcd53a
2023-03-27,e3bd7d1b-5b84-4b68-a121-08eee3936387
2023-03-27,8d807009-a100-49ca-b50d-7b6624fc0571
2023-03-27,7207e0ba-46b4-4011-88bf-f30b5373e300
2023-03-27,24ece089-1f18-4265-b326-f7032e8a3cf3
2023-03-27,ba3a558e-13ce-4e5b-85d6-9b129466650f
2023-03-27,1759559b-e202-4850-94ed-7d5847627a89
2023-03-27,b619c9e1-d44c-4f2c-9542-b3fb449ccd9a
2023-03-27,41073d18-ab94-41a2-91c7-cb6cb3251ef9
2023-03-27,66f27536-f5f2-40ef-8f37-6cb921d5b883
2023-03-27,4041a592-60e7-4b26-b5e5-f1f3ce7354c6
2023-03-27,8288552c-e2c9-4069-99c3-0f33db5f2705
2023-03-27,d936b403-884c-4ff2-8454-4614ce2eed69
2023-03-27,c39cfe79-03ec-4fd8-9a19-f23c14c03731
2023-03-28,514bb658-f84d-48c2-99f9-a6f29ec36298
2023-03-28,2b80cf55-3e54-45ad-8b94-95df0f831ad5
2023-03-28,74480182-b2e2-4d08-acc7-333fc737683b
2023-03-28,e70ad5de-4172-40f9-809c-bf93564ad6dc
2023-03-28,f2ab0c84-4dfc-4d22-a180-75926e280578
2023-03-28,d520c816-20dc-4496-884b-b67fe77658d7
2023-03-28,252893a3-0829-4e0c-8ca0-343062e98d83
2023-03-29,c021d941-3606-4172-85c4-67a92739ae73
2023-03-29,e79e0984-2c2a-4632-ad83-378f326b5f7d
2023-03-29,8177b2ef-ba75-4223-a31c-a37c791fb53f
2023-03-29,39fe2698-adb5-427a-b9db-eee8a6f2f854
2023-03-29,ab9ed680-4843-472f-84fb-07c83c09635c
2023-03-29,677c090a-ceb1-43bc-98d2-8fdfb4a22a70
2023-03-29,14f5d630-cdfd-4ac1-b3f0-90c86aa9ae72
2023-03-29,b10ed8e2-3359-4164-a84a-3e052f7077f8
2023-03-29,048b9443-acdf-47dd-93e5-1611e07c0648
2023-03-29,329fd57c-a838-4429-9f90-4b4aae1f6bac
2023-03-29,1529d0ee-fe75-46f2-be80-647d39d684d8
2023-03-29,dd4ead22-0d5f-4340-a5dc-df6a414baff0
2023-03-30,a3a4a6c6-8d72-457c-ad86-7eb51e856780
2023-03-30,f7538165-e1ca-4bdd-bc59-f806d990c511
2023-03-30,05ddc4b7-8fe4-417a-bcdb-5624f676de2a
2023-03-31,9989a69c-f40d-4b4c-8963-970a93e5c913
2023-04-01,65506270-423a-45fd-a874-bae189c368d9
2023-04-01,7acf42d0-929e-42dc-b486-3dbb2429c6ee
2023-04-02,8508871c-612a-4ead-847c-4a458564f691
2023-04-03,ac65753b-65dd-433c-a880-321db3726be2
2023-04-03,976ea1a9-28a2-4f24-b321-89ebb6888b13
2023-04-03,1eb8de58-7044-4ad7-9b83-a6cc67d0ba6d
2023-04-03,9d8dc316-86c7-4887-b86e-a2b87f0f17b7
2023-04-03,3c793cb0-a6d1-42a2-89fb-2553a19f5ae8
2023-04-03,0f979b5a-2db7-43af-a497-e8795cee6aa8
2023-04-03,8f8ccd4f-6cc3-4831-bb86-bf1c5e3bee58
2023-04-03,0013f481-efed-4508-8836-70cbd64c477e
2023-04-03,c514b382-b28f-470f-a92a-69b4570814f3
2023-04-03,8f02bd28-29b5-4fe9-a3c2-b479aab73636
2023-04-03,e06bef43-d7ee-4b8a-8aa8-929037efc20b
2023-04-03,11477455-b559-466d-81b7-ef38ca52bcbc
2023-04-03,746ae34d-398c-4a89-bbae-223649998dce
2023-04-03,026f81dc-2ede-485d-b0b6-d70c3c46118b
2023-04-03,0f0d8125-5fe7-4e8c-b0c6-f5e0f200da9c
2023-04-04,6602be90-ba30-496b-8d1a-8e08fa8dd2a9
2023-04-04,ee78401b-7ab0-4576-b07c-8fc258173203
2023-04-04,6d24f3ce-af14-47a8-97ab-f683dc632920
2023-04-04,cb046e7c-c497-42f3-a58d-68433a99025c
2023-04-04,74a970af-9f58-49ed-9e62-e06d7ca4b74a
2023-04-05,4efcb5f0-ce0d-4516-8328-e6443904fbd5
2023-04-05,5cd969f3-355d-48bd-b37f-1e6854902072
2023-04-05,ba055118-0193-494c-9269-07477bd5f5f3
2023-04-05,b561a90d-cad2-4e26-a972-86f959b563ad
2023-04-05,9644a574-e63d-417d-9b6f-34dee9cab1bf
2023-04-05,ca9fd0c4-87e2-4e0e-bd6f-d5a522546e7f
2023-04-05,e4960835-6e59-4f31-be49-10de9379e243
2023-04-06,febb0528-2805-4b37-9fa5-d573612793cf
2023-04-06,a093e804-fc16-41f8-8d6a-9917b553dd14
2023-04-06,437924b6-3949-46d0-a1ff-adb202cd0ee0
2023-04-06,b3cf0217-e313-4a00-9820-7338f70002af
2023-04-06,0c338c8f-aa05-48ea-8b38-d84e41751da5
2023-04-06,ffd287bc-2797-4788-82fa-6268c82e7fa9
2023-04-06,a2d8831f-ca93-4ae9-8c16-afe30f7b33bb
2023-04-06,b1cf0266-0089-40fa-9c5d-f40e01e1866c
2023-04-06,b0373237-d3f8-41f5-9c8b-96a3ff81889d
2023-04-06,25624af2-4d82-4ce8-9140-840bbad16174
2023-04-07,9b88bb08-03b7-4dcb-8798-729c019deee1
2023-04-07,5fe7a96a-2902-4f02-9324-16cb491a7b33
2023-04-07,b9fe468d-9a20-44eb-b405-468dd871b53d
2023-04-07,b7ef639b-2e79-457e-ab8f-a917c8864b19
2023-04-07,228b9c54-a4e8-4970-b6de-53f332d9e2b0
2023-04-07,1f8db583-5747-4b0d-8a64-b09079467621
2023-04-07,cd1317a9-4b47-47b8-9935-2b93608fb757
2023-04-07,d5c97aa8-d76a-417f-bc33-8ba96b436b3d
2023-04-07,12b7b057-2883-4025-900b-9fa86a63e225
2023-04-07,d0a128fa-d0e0-4274-b115-adb0b82a9a43
2023-04-07,2a9697a0-c122-4ee4-a99a-dfcf90b10484
2023-04-07,68e7f55b-cf89-437f-ab4b-23d969172899
2023-04-07,df1093d8-9cbe-4086-b010-93106f87005b
2023-04-07,a06c092b-8747-4601-bf2c-21c04e1457ae
2023-04-07,134ca3b7-9f10-402a-b532-5c3fbb1f9dc8
2023-04-07,078343fb-d6ce-400b-b92b-78fdc2483c50
2023-04-10,212655f9-604f-4813-822f-b3e53c1a81a0
2023-04-10,31918c05-f33e-44d8-a95e-bbee66c8b022
2023-04-10,02a80afe-cf89-4a40-ac81-9d194391fd30
2023-04-10,cacd3908-8449-432d-b59a-1330f33d3177
2023-04-10,5d4e9db8-7c50-432f-8593-58f450eecdb5
2023-04-10,1b2277db-f09d-4af9-83df-36f4b4b2346d
2023-04-10,07e03883-8460-448e-991e-1695b7b82f29
2023-04-10,c7621ccc-8f29-49be-9e16-b211c33b3ab6
2023-04-10,accdc3bb-fe08-4ca2-8951-71b6dc6dd43a
2023-04-10,d6844a1f-9872-4148-90c3-3d131ceef53c
2023-04-10,0a64c811-e79a-442f-a5cf-3edaade6cef5
2023-04-10,ec731844-8a2e-450c-921f-8979e8efc082
2023-04-10,1bed59a4-ca68-4244-9ed9-b071af8f24c4
2023-04-10,b05a5d21-eafd-4f74-ac0f-1e42d47bea8c
2023-04-10,9d22e805-0d0c-4a98-9c89-48be7b267be9
2023-04-10,3da52001-e0b6-42a6-9d79-a9ead82b093f
2023-04-10,a5547d57-c1fb-4198-bfa7-994f3b2bda48
2023-04-10,f7834ea1-dcd9-4fe1-a188-d71414c39592
2023-04-10,6a882e93-65de-4476-b84f-886cb77d86f0
2023-04-10,9e12affd-14a7-4ede-8689-7b93284998cd
2023-04-10,fc259d0a-87fe-4041-b853-a3c11259a0a2
2023-04-10,1249d5c3-9db5-4cd8-b092-f811d96c0314
2023-04-10,ad49acee-5d55-49b7-919f-a14acd258621
2023-04-11,c30b0d7c-18c7-403d-a212-caf20172ecb9
2023-04-11,80fd2650-278c-4578-b3a1-bac2a44f42a2
2023-04-11,7bd471d0-5d96-4c9a-a317-c33afddd2976
2023-04-11,e94fbc51-3308-4068-bbe5-215f91a2ed56
2023-04-11,e8720a05-a273-4b17-ac26-3ea8c52783fa
2023-04-11,9839891e-3d7e-455a-a33f-9c9b88b66479
2023-04-11,ee5abd10-985e-415a-a32f-16ee51a9dba3
2023-04-11,1a907b46-5255-42df-809e-c747ea426da0
2023-04-11,3eb25545-91e1-47e0-9602-6ce479466c87
2023-04-12,11bd1cb1-73f2-43bd-979e-15848539622e
2023-04-12,2e4174da-ecac-473a-b9a0-ac4436a594a5
2023-04-12,bf7dbde6-df1b-4a3b-a474-8502e523d215
2023-04-12,a63625b8-d0cb-4b47-b0a3-322316f80f09
2023-04-12,d43fd6c5-9c4e-4629-b0b7-70e948884523
2023-04-12,ec905f37-49ad-4037-8964-4f134fdc8249
2023-04-12,b0bda7d4-3622-48c6-abbb-6f1417348c66
2023-04-12,d2e2e9b7-1b49-4fe8-9945-fa5b8128c62b
2023-04-12,444cc3cf-601f-41cd-b7d7-fbd48cc5a75a
2023-04-12,d8d2f782-9992-4f2b-bffe-9428cfc86753
2023-04-13,947be57f-6505-4819-9598-eabf9bcc9a4a
2023-04-13,daa430bf-e900-488f-951d-62d47f16e99d
2023-04-13,4ea869ad-96f2-465e-9255-60a29255a379
2023-04-13,fddf0304-120b-48dd-afa9-1b5d99e2af0b
2023-04-13,2e9c154e-8d43-4b7c-b3f5-1d24e421393c
2023-04-13,12e2b253-5ca5-472c-9b97-e2527ec8dfc7
2023-04-13,a4f9ecb2-3445-4597-96df-c505f98f3ef8
2023-04-13,7af7fe5c-cb4e-4ef9-b3f8-2ddb1ba4a70e
2023-04-13,e5b5089b-cc9f-40ea-b86f-fd5307594856
2023-04-13,df2d3724-9c8a-4888-b1fe-6ded6a44d042
2023-04-13,12af8055-0f59-40d7-aacc-3c01d3d16431
2023-04-14,a3e95092-9f80-4882-92f2-67d95433d4fa
2023-04-14,aacc6d71-3171-45be-93fa-c6b5f502edd4
2023-04-14,ca96f141-04be-496b-9b18-4f4a18ed1771
2023-04-14,3d4fa9c4-10c8-427c-aa6b-f66e8459bfdd
2023-04-14,7deefd9d-c4f9-490f-bdb3-12cddbe6ad92
2023-04-14,2c0946c9-28aa-4ef9-8ee6-e5e248739b93
2023-04-14,831db8ee-a432-4d34-868f-5c7f456808f8
2023-04-14,99732b0b-c1e2-4e14-908c-9fd0201deec7
2023-04-14,49422ea0-d398-4c8e-b5ff-b1dba07151f3
2023-04-14,ce9036a3-9856-4675-bcc6-e266c1204036
2023-04-16,ae709c4a-9003-44b7-8b98-26094685ecfb
2023-04-17,bd2d5f7e-2074-4408-820e-0b10b8317606
2023-04-17,43f30aa2-239d-49d3-94d2-ba146094a11d
2023-04-17,4ba87b9e-49f2-4b7e-ab17-9aa8c3b70ff9
2023-04-17,0dd1d43b-95e6-4de8-bcd1-25d6ea911c24
2023-04-17,a0650479-ecfe-4876-b78e-6b4b146e8a22
2023-04-17,7a10cdbe-2ac2-4afa-9f0b-4cfd486a7ed2
2023-04-17,48028990-78ae-4a7a-af5e-a09e8a5f400d
2023-04-17,97cc434d-d05f-417d-a431-9c9219ebb135
2023-04-17,3c68627d-bc35-4d55-b81c-964060d5d254
2023-04-17,ea22de4c-fe0b-47c7-a69e-b9bb06f7d768
2023-04-17,e04b5a78-6893-4bd1-b636-06077c1a973b
2023-04-17,aa8365fc-3d3c-42df-9407-13e10cedbde7
2023-04-17,bfc4ea22-bf51-4a3b-9333-14a0028f1ef3
2023-04-17,e2463ba5-5549-43d8-b24e-fb49d2e464b2
2023-04-17,89c755e2-2ab5-4b20-8f0c-a5bd83005044
2023-04-17,f76e2c65-d3ef-4f04-9580-23a5ae3a0782
2023-04-17,c71c20e4-b24d-44aa-b94d-4dbbdd9235a7
2023-04-17,73322f61-96c7-4323-ba16-de5801848099
2023-04-17,ccacff0b-54d1-4cd7-9942-92465142b67e
2023-04-17,59f53bda-29a6-4725-a6ba-b1a2bb4c5622
2023-04-17,a552e57a-a6d8-4c1f-b388-ec615aa3d9b3
2023-04-17,f4d682dc-b610-4459-a3cf-56bce840126b
2023-04-17,ff1ca32f-476c-4ff8-8e1b-15feac39386f
2023-04-18,787da623-5a40-420d-adf1-b9f3dadf3c48
2023-04-18,5598eaa7-9462-4044-8657-1eedc8487eb9
2023-04-18,57ba5a4e-0704-4bda-8191-edd36c76cdf9
2023-04-18,2db79c29-7251-485f-a45a-775ae734dc1a
2023-04-18,4664175e-8197-43d4-825e-741bce43eb03
2023-04-18,4cc6044b-92ef-4190-ac10-2cdf1f16778e
2023-04-18,5b57da61-2533-44ea-b1a8-b0dc7d8a6109
2023-04-18,974fe5e0-2a6d-45c1-8f68-fe4e56e8c33a
2023-04-18,51098b51-7246-422a-bd55-d18e551b7420
2023-04-18,d4c8afcb-08fd-4cb5-9aa8-a19d0dd0774f
2023-04-19,53ca9306-ccc7-46ad-bb97-bcb26de41d13
2023-04-19,5c3a92f9-3999-49dc-9be8-3c9fc600219a
2023-04-19,35ecb235-717b-421b-a9ba-d827628a0d85
2023-04-19,25fd5eaf-e640-497b-9354-0af90b6fc5b0
2023-04-19,8cdb557f-2ef4-4aff-8daa-f3024f02becb
2023-04-19,064b6da0-9627-4d7c-8a0a-51a3a98f3655
2023-04-19,f9c3a4c9-09fa-4578-8dbb-35b565b4ce13
2023-04-19,8d3f45d4-0f84-4160-8bcb-bb4b38a5ca20
2023-04-19,791f8ffd-28c0-40bd-802f-7ffabedd8b44
2023-04-19,dd9f000d-115b-4235-b348-65e0ae0cb64c
2023-04-19,5b7b91b9-3a6b-4794-99b6-7fdd82b25686
2023-04-19,02e8b6be-d79d-47d3-826b-f52377a9b219
2023-04-19,aaf60dfd-1bc3-497f-880a-3f9a6f1f453f
2023-04-19,ff4baa3c-f299-4b6c-83e8-183f6060c8fb
2023-04-19,22371571-e5f1-4cd1-8272-36ac8651529c
2023-04-20,0b119bad-d517-4349-a231-b379a39cda94
2023-04-21,2bcd3253-91f9-42a3-bf05-8f6bd043ebbd
2023-04-21,a0619fa8-aab7-4838-b746-05f3a0c7d78e
2023-04-21,3e565808-9b19-48b4-a138-fd47937dbcb9
2023-04-21,0ed8949e-f781-4f90-bec9-80c00f77f361
2023-04-21,85b82c81-edaf-4078-9827-6f5a545680d5
2023-04-21,2d3f3383-f77e-4be2-a198-620286406562
2023-04-21,5032bba3-1f87-4692-a6c6-629f3f83a748
2023-04-21,8738a7dc-7d3b-4680-a5a5-62068f4e72b5
2023-04-21,a0886be7-33ad-4cb0-86b6-3035cdb8588e
2023-04-21,03e3e9d4-5c95-4507-94b9-6a5943baa886
2023-04-21,f8559703-6d4e-4ce6-bfe1-9230f0041cb4
2023-04-21,7abfee1a-2892-4f72-8bae-2b2b737bc124
2023-04-21,061de1b9-4783-4694-9ae1-965a1a36e04f
2023-04-21,7703c928-369a-4316-bae6-2d932287c9f6
2023-04-21,4726c8bf-bec3-41a9-9a61-9a3c5ea2e175
2023-04-21,38349c22-081c-481a-a511-65999163dd30
2023-04-21,fd8119da-86b2-40de-b845-8eb5f3e285aa
2023-04-21,f3e55aef-ae07-49e4-8df7-0f998569a832
2023-04-24,87396fb3-7ae9-4038-8f54-047db923dbcc
2023-04-24,278d3aa3-084d-4e4e-abdf-9458fda24d01
2023-04-24,0dd7e2d0-b341-43fd-9f2d-f56115a51e13
2023-04-24,550115bd-eee9-4d2a-b55a-0b5bd1d0b2c7
2023-04-24,4590b773-ec63-46b5-8119-9083c7407603
2023-04-24,14a74cff-e3f4-4381-977a-ab08845e8b5b
2023-04-24,3357aaf1-33cf-4de3-a308-6221934055eb
2023-04-24,169675cd-f556-42b2-9018-aaa2ef97c3cd
2023-04-24,67fdd1fa-aeb0-44cb-834c-0ea133989bb1
2023-04-24,7add367a-47fd-4cd4-904e-b34b2543fd66
2023-04-24,1005de3c-fad9-4c9b-9965-1b7ec136cbb1
2023-04-24,92c640a2-6e32-4e67-826e-67ebbc7bb869
2023-04-24,12593002-7422-4141-ae19-a7cae6f36f2d
2023-04-24,112374a9-ae24-42f7-a3ea-6c731672164b
2023-04-24,86e2fe96-a7a0-491f-bd56-f9d87c85e798
2023-04-24,150a0944-4e33-4990-85c4-ff47b2178cdf
2023-04-24,0038199b-5063-4500-9f5a-f9ad5aed0847
2023-04-24,1e1add66-ac5c-4d70-a2a5-61cf2bce6798
2023-04-24,b725b710-ea81-47be-b8a6-6f38400a2512
2023-04-24,5c445aa6-e91d-48e4-ab0a-33743237d1a5
2023-04-25,bedcce64-c348-4aeb-8ed6-87189901bbd9
2023-04-25,365c5d7d-f505-4e69-a8f1-c56cf9d129f4
2023-04-25,304707b9-4be7-4be8-9e6a-b37ba102e867
2023-04-25,3d2f8801-0fc8-4e80-8ed3-e4004c1bcddf
2023-04-25,d1cacc95-ef8e-4b6e-8614-f6a1ab155c52
2023-04-25,dc4cc14e-b55d-4bac-af6f-622142077dc9
2023-04-25,347afd7a-30e4-4eae-92c4-8e4da847ed05
2023-04-25,05bb2a76-2d47-49fa-847e-40e0573aece4
2023-04-25,68f7b808-bb9a-4180-bbf6-fecfcabf948f
2023-04-25,424f7cac-e01e-4486-acf4-79123c7dffe7
2023-04-25,8b271f57-2ce2-4b32-80b8-0fabb98390a7
2023-04-25,797078a7-a9e4-4d68-a522-eea50ee42388
2023-04-25,2570b7cd-60c8-4223-99e4-edebc9092726
2023-04-25,3da72c5c-fafd-4310-9729-b88a980e218f
2023-04-25,6986a5ec-b02b-43e9-a722-be8cebc85c1a
2023-04-25,237f7cd0-97c9-4156-bfb5-faef58110ef0
2023-04-26,912703e7-40c3-4f10-897a-1125c61d571c
2023-04-26,75d7cc8c-f714-4071-8040-0b8364b37a4f
2023-04-26,09e68db4-8819-45c8-86f9-0ac971a4e426
2023-04-26,529618e5-d036-4516-a4a0-cd850d0637a2
2023-04-26,8e7242f2-742a-4a17-9156-6b8639f300eb
2023-04-26,04007220-ea3e-4fb5-9210-8cc4ebb95426
2023-04-26,3c5b944b-3a41-418a-b612-f98b170270db
2023-04-26,54c84eae-0454-408e-96bb-5226a99a5fcc
2023-04-26,dc6d0159-c573-4ff6-9734-26ff5a10dfc3
2023-04-26,8c14863e-5ffa-4ffb-85fa-efe546a399ea
2023-04-27,983d7d1f-7fea-428b-8b31-9d78600b24f8
2023-04-27,74e41347-18f4-4b68-938d-d0120464977a
2023-04-27,d3ea6a28-9e93-4c68-a5ea-126dcd1d6389
2023-04-27,20d2c946-29ec-43d0-8ceb-623f9e1696dc
2023-04-27,5ebcd6ee-7fa3-46dd-af4b-708910cf68b5
2023-04-27,c8d0b213-e71d-4ac3-bc88-2fa56e559e91
2023-04-27,22f62ff5-4de3-41fd-b467-6ebe948208bd
2023-04-27,de64e5ae-7ab8-4364-badd-9a622458e516
2023-04-27,6b4c699e-36cd-4605-a0e4-a2c38324addd
2023-04-27,79258af3-bab3-45da-9ca7-07e1c4e162aa
2023-04-28,65114937-092b-490e-a6e1-6d591ebe60b5
2023-04-28,39085a2f-7311-4cde-9156-ef2341dc2c03
2023-04-28,15364777-2810-415c-ba1f-9737fa9bd59f
2023-04-28,a32c2dfb-9e08-4706-b588-1e930ec55421
2023-04-28,563e677d-e325-4459-8f40-e746cd8ace28
2023-04-28,a4669e5d-d580-47c7-aaa9-fa69d8e3135c
2023-04-28,daaf94db-fdf3-416e-84fe-61caa79fca4a
2023-04-28,9088e94f-7a41-4add-b4c5-487606c68e6a
2023-04-28,0f6745b3-eff3-4eeb-9f41-b81dfe550320
2023-04-28,d18cc511-e9c6-4e09-bfe8-c233a2886185
2023-04-29,ca84da12-6eea-45ca-88e9-5f228f7a508d
2023-04-29,82c7cd59-e012-487f-aba7-2b6138797cfc
2023-04-29,38b4fba4-440c-4d84-a0ef-d89593d67747
2023-04-29,758c2775-50d4-43ca-9587-ee967089d89b
2023-04-29,901a6d9d-63c3-493e-994c-2d76afeda9fa
2023-04-29,1e0d1cec-a4d1-469e-bc28-38790ffd639a
2023-04-29,d3ba7a82-275c-4609-94c5-84ce8b95802e
2023-04-29,06cf3714-cd1d-482d-b9f2-eb7acb9ce8f3
2023-04-29,4e36c2ca-13aa-49cf-a213-2326c4bb9506
2023-04-29,5e054b9f-7a94-4c2c-a772-184298aa8aa6
2023-04-29,cfaa236b-b8e8-4bd4-b262-b306abad6593
2023-04-29,4c727726-1fc5-463a-8eca-9053457d486b
2023-05-02,0de1e6e1-b65c-420f-9cd5-30a1b90432db
2023-05-02,b7212c0b-4f1e-4f1e-98b7-98eadc2e2e4a
2023-05-02,01de5ff6-7d14-4ba2-bf39-ec1f5e28f71a
2023-05-02,b8b8b8e2-abf2-4ebb-a101-34dd067c23fb
2023-05-02,3ee04e5d-5851-4e3f-aa51-c103215bea63
2023-05-02,2d15660d-a2e2-49c9-ba8f-d9d8b4444bfa
2023-05-02,58569b45-bd50-40ba-b1bf-485c3779ecb0
2023-05-02,fba7192e-8141-4aa9-bb54-355792ac318d
2023-05-02,678804f9-a573-4db2-9a9f-1528415b4beb
2023-05-02,a9c7d67a-01b7-419c-a7fa-795dda52878a
2023-05-02,d83f1e40-e0a0-4467-ab85-79dffd8de4b4
2023-05-02,08035305-9229-4573-9f3b-ae4d014644e6
2023-05-02,3c55846c-3ffb-4c2b-ad00-f67fab11fabf
2023-05-02,2cb81b84-8366-49a6-aa70-693c2ef9bc9f
2023-05-02,29369b24-2e5d-40d9-af98-db2cc3a10e46
2023-05-02,aa1129aa-0e9c-49c3-b44a-ecf8b099d80d
2023-05-02,949f5267-82bb-4387-b3a7-ab35bc5c5f65
2023-05-02,5c229996-f6ec-4c39-bbab-40fe664d569b
2023-05-02,fbe20442-74e6-4a06-9b1c-1d4f1bff84b8
2023-05-02,b1edd087-aaf2-4370-8a77-b1e0f14c0fed
2023-05-02,a6b78ad5-7a0d-4a92-946e-3ffd5ece461f
2023-05-02,b3ce00e4-b34b-4649-94d9-5a361e0e2f22
2023-05-02,56954347-5f2b-4ed9-b1e5-0a0fbcb0d2f3
2023-05-02,06c0d79c-eb34-48cd-9d16-21835bcea829
2023-05-02,71c1b7eb-34dd-4526-81ff-16b57f98184f
2023-05-02,5dfb288f-2fb7-492c-8797-e9b0aface8ed
2023-05-02,d3802826-cefc-4df7-82d9-286e357e78ea
2023-05-02,eb0b1014-ff32-40e5-bf47-515346bab1b3
2023-05-02,67f01e08-7cff-4696-8c8d-572e20a8dcba
2023-05-02,e5342efd-4d7d-4521-a274-0bacdaed7932
2023-05-02,486fd468-4bfb-4287-a4b5-2133a7cd2b37
2023-05-03,31cb2f62-b026-4408-b14a-fe032c49a014
2023-05-03,ba999546-c1e7-4c82-a3ab-ff4a56ddd801
2023-05-03,41672b7a-cb9a-4ac7-ba99-6fd3e1a17ab9
2023-05-03,aa6e7939-87f2-4f06-aea4-0fb5f8737c5c
2023-05-03,86b8fe1e-38aa-4668-baea-f817893f74b4
2023-05-03,429de528-1633-47f5-b5c6-df78f4dbe68b
2023-05-03,3af7585e-72e0-437a-8ae4-a86422e7255b
2023-05-03,ae569804-0b41-4b8a-92d0-08f4bf5fdea4
2023-05-03,49186de5-0182-4fde-b159-729e3d63650a
2023-05-03,22e31bd6-83bd-461a-b727-13927f16e3c7
2023-05-04,d5f533e4-a454-45b9-be42-be0d4069fc68
2023-05-04,3a2f1fdc-03dd-4c56-9862-b93806739512
2023-05-04,409865a8-2ed5-4ecb-934d-f283e68d2d95
2023-05-04,93592423-8492-4065-afb9-9be88e9355d6
2023-05-04,e746f906-bdb1-4ab7-baa3-19ae4cd5bce4
2023-05-04,33131176-745f-4fa1-8920-44b763e02cd8
2023-05-04,2e44728c-2c36-46bf-8419-a7843d372d40
2023-05-04,4881fc45-9403-4ea6-92a0-37e9b1bf6921
2023-05-04,b2469e82-ac2d-4b8d-a2bc-ba06b09c8572
2023-05-04,e166cb7b-fb0d-484b-bc53-fd76b8c7876d
2023-05-04,48cbbcc9-fb41-4c9e-8b88-c2e6c98186bf
2023-05-04,7f4f5832-759d-4b7a-abf3-d0a0bf4b0b63
2023-05-04,e2f19619-f802-457a-8731-b51021d4586e
2023-05-05,5a8c9b6b-c2e4-4a25-a929-31e8ed7cace6
2023-05-05,236749c2-525f-4f5f-ba3f-514c0dabc9d6
2023-05-05,09b0df53-5ec3-486d-9274-46306e8f01d6
2023-05-05,59d9227b-8c2a-4887-81c4-18aa8607bb75
2023-05-05,4ed6e06f-e628-4c5a-9213-f513c4a8df38
2023-05-05,37c54ad4-d7cf-4750-85ea-d4d432e80baa
2023-05-05,d44babe3-81aa-4459-b088-f2565c8aae2e
2023-05-06,a27d7010-7f71-4e41-9fd0-4aa270fafc9a
2023-05-06,5399b29c-3ee7-4eef-876e-91b71381a5b4
2023-05-06,9c6ac789-a8b5-4aad-ade0-c96d2b787d91
2023-05-08,cb057486-3a1d-4e9c-99fc-9897723c8725
2023-05-08,82e2fac6-af2f-4925-839c-97a50f82e737
2023-05-08,0983f7d8-4897-4cc3-b77d-9a007b089e56
2023-05-08,bb8af4ee-0b8e-48a4-b84d-4efb8260887d
2023-05-08,73e1c6f5-6034-4da9-9575-7e43635add35
2023-05-08,7f586b81-107c-45fe-b274-b5992461f4c8
2023-05-08,097f2865-79d5-46ba-aad7-0b2a60bcadd0
2023-05-08,130e4060-0faa-4641-8559-9fb78526f9d4
2023-05-08,21393d44-846d-4ccd-b1c4-a0f026a2dfd0
2023-05-08,4fba54c8-4b93-495a-a766-b8551df3d00e
2023-05-08,a27b7f24-6721-4e0c-a3f8-6f001530be46
2023-05-08,6757eed7-434f-4df7-baad-852c2b4e5dc3
2023-05-08,1caa19dc-ccc2-409b-a05e-d6c27ab56382
2023-05-08,00df832e-4a10-4306-8eae-d3c90796a943
2023-05-09,48948402-21ba-46a8-8875-665f3243fb87
2023-05-09,9f85fb45-a035-4661-9c19-60e2d82c5fb5
2023-05-09,fa37333d-ef0e-4e8e-9344-9f947727e6aa
2023-05-09,828b3325-2326-453f-a8c3-c6fbbc8f8055
2023-05-09,534123ae-c10e-42a7-bf0e-e64ed72e70d0
2023-05-09,651c01c1-1967-4ec7-80cf-82363b2921c5
2023-05-09,4d1192f6-c206-4663-944b-04cc0f05f9fa
2023-05-09,eb117127-31c1-4dae-9d79-9166a9bc282c
2023-05-09,8cf1fdb1-0ad4-4940-bd26-86444124cd15
2023-05-09,7aed94af-3648-451a-9807-b0b9d7f86e9b
2023-05-09,cbc86038-f119-4016-9912-e040d1dca394
2023-05-09,53f2bc35-1cb3-4ac3-bf03-a0442d51dd2c
2023-05-09,639fc749-5bd5-431d-8dc7-a4bd17492671
2023-05-09,dda05e75-50fb-48f7-895f-3301643d7077
2023-05-10,b1706cd7-49d7-4e82-9c46-d043ee929990
2023-05-10,6afc9223-0dfe-415e-a786-e83eee6dfa32
2023-05-10,2b0886d3-7f22-4bfd-a810-89d9bc6c2a9c
2023-05-10,d628e168-18c0-4420-b129-6297279d5154
2023-05-10,96bf904d-4ca5-4eb6-b5cf-f3656181fea1
2023-05-10,4c2b5c80-e615-46a5-9cb9-729cee92c05c
2023-05-10,8ab51a6b-e21d-4f9f-a50b-e7f0b6e324eb
2023-05-10,ad168fc2-fe78-4d39-a53f-82a72f8f9172
2023-05-10,29787639-0033-4372-acb8-5400e40f9ddd
2023-05-10,f3d930a0-e8f7-4bbf-bdaa-02dc9c1e4ac8
2023-05-11,03c1b85b-f7b2-4fd1-828a-309f3e576303
2023-05-11,aeff8711-4d55-4375-bea5-c4ecec3159d0
2023-05-11,99b04750-9efb-4fe1-971b-68c26dde9cc8
2023-05-11,1f77a7e3-d2d6-4207-bbf9-c2de312308a3
2023-05-11,145b04a3-75e5-4731-aa4f-eaa08497b4dd
2023-05-11,227c0043-7439-4123-9c3e-dad9e6c9c86f
2023-05-11,024628b1-d724-4c8f-a3d6-b8d613801208
2023-05-11,593c2edd-9f65-4659-be3d-600265a0c25a
2023-05-12,4d60f22d-cb28-49b1-a78f-7d22bee4b0ef
2023-05-12,f17384c2-66e4-4df1-adfc-e14e3f9f7445
2023-05-12,3a6d0270-0245-4e62-aeeb-639e36d0dc55
2023-05-12,ee1786bb-e6ce-49e5-98cb-16e67dff9bc1
2023-05-12,797a5c9a-8093-4500-bf58-59f37c63aa3d
2023-05-12,1ab10842-40c8-45f3-a20f-df5aef512770
2023-05-12,3c4d4cee-b360-4089-bbef-1901a19687e1
2023-05-12,80ad3308-c597-4e72-a99f-223b3ce9822e
2023-05-12,1bf82448-cd05-4a5d-8278-5848070d6c9a
2023-05-12,1b48ada5-d46f-4e96-a245-f8522a85a039
2023-05-12,52ec881e-54f9-44c4-8268-8535ec53c896
2023-05-14,c0212b5c-d8c1-4742-ac29-ffcbe221caac
2023-05-14,30b18cb3-0f05-4e43-b0fb-de5310fdd3e2
2023-05-14,21ead1a0-2cf3-4e55-9e1f-f5bd4f723b76
2023-05-14,123d2e4a-4af9-4e4c-ad24-55072609f70f
2023-05-15,25480e34-d0b8-4308-8263-d9dbf2754cf3
2023-05-15,46c78d10-b63a-4486-b0c6-6ef27174883d
2023-05-15,58b8b848-37fd-4390-ba71-dd60a8ff6dd1
2023-05-15,8add1252-4429-472f-900b-d35f52c20f72
2023-05-15,14f483b2-287a-43a0-87e7-092eb433fd98
2023-05-15,b2f82eda-f671-48f0-a53a-504fbdadcf7b
2023-05-15,dd0a6d0f-1a17-4bd6-a7b0-c4e34b8675d1
2023-05-15,b1a8fd70-ccee-42e4-9f6e-28d058f37254
2023-05-15,c0e1c31b-7116-44f7-9c35-8e2a961a868f
2023-05-15,a7c1b276-1cca-4175-bac7-1922ff1bd25f
2023-05-15,a697e692-e9cf-49c1-b7e5-8a7dde6571a9
2023-05-15,cb608cd0-787c-486b-bc52-fb6e7f35501b
2023-05-16,dbb0a155-b462-428d-b466-fc5509d534ba
2023-05-16,9698e763-880f-4d7b-bb84-7d77a0820788
2023-05-16,3849ca52-4b2a-44b0-9f9f-43118eef7dca
2023-05-16,36957bdf-518c-4d65-8a09-50dc7921ca5f
2023-05-16,1ba0b133-7b39-46fc-a452-da54aceabff9
2023-05-16,99f226b3-f8e5-4123-91e3-0529b7a657ce
2023-05-17,7ee5d25e-9bed-449f-8c92-eb25a8c2f9ba
2023-05-17,5e674ecf-7ec6-4f5d-8da8-5d465dbeaf1e
2023-05-17,fce11605-ac01-464e-87a1-b71abe364be9
2023-05-17,48409f36-564a-4f36-84cc-3533fc74ab59
2023-05-18,fad09c56-40fc-4feb-874b-e79f7b4772c9
2023-05-18,a468f7b5-0e63-4ccd-91a6-b008b7d1fe0c
2023-05-18,203a83ec-569a-4f55-aaf0-504c3e992bd8
2023-05-18,c044aac1-060c-4751-a12c-8b914cc60650
2023-05-18,69d4f4bc-ed12-4e24-acac-fa94965db9b2
2023-05-18,dbac52dd-90fc-4091-91ca-9ca7fd6df5ca
2023-05-19,7a23997b-3db4-4ce7-bba1-ec1ffb914b05
2023-05-19,0390591d-05de-48bf-8af8-4e0e3843fe9d
2023-05-19,beed108c-1c1e-4c1b-98e5-b0de7f0d4dc0
2023-05-19,1855cfc2-2f9e-4520-bd4b-18d110c76ec2
2023-05-20,c43d7673-3164-4684-b9fb-80deee4220eb
2023-05-20,5e88d589-506d-42a5-947c-2c5117f8f0f8
2023-05-22,fa711461-904c-483f-848b-12ce2466b779
2023-05-22,29e3ec65-e54d-4fb7-9267-1fa81c15f1a1
2023-05-22,aa04fcfb-548c-4d05-b4a0-e59560a512e8
2023-05-22,0befb2dc-5b7d-47d9-856a-6b8f94a5ecc9
2023-05-22,2efab0fc-7560-432e-ab4d-2fa6974f247e
2023-05-22,8819c993-66f9-4454-9830-86db27abd66b
2023-05-22,9f419733-b4d0-4f83-aa96-b90a3bf6b597
2023-05-22,91d6838b-7c36-47e8-a9a2-532746ad0007
2023-05-22,d6642152-0df3-4418-a764-e3de532a8282
2023-05-22,f4e5542e-a848-479d-8176-0b4518b51dfa
2023-05-22,dd71c908-cf2a-4703-8224-6b759e41188f
2023-05-22,0c0973ed-4682-4725-a1c8-9ba1fd744311
2023-05-22,a90506c6-d173-4edd-add2-a0e4a4aa10b2
2023-05-23,5b12e1c8-47cb-4fcd-8ebf-13051c03e919
2023-05-23,3ef9f035-8245-4f22-852f-0449efb2fe29
2023-05-23,ac48269e-e7e8-4993-aa07-51c0c0891219
2023-05-23,d3e43572-5b5c-4c21-bce7-3c511e27f765
2023-05-23,1edf3d76-16f3-48be-bb0a-b68d57913dfb
2023-05-23,b247dfde-2648-4adf-aaee-aac6ff5be0c7
2023-05-23,c2ccae7f-2956-4576-b7f2-ec0723d45f68
2023-05-24,36c50678-4af3-4588-86e3-751605b20ec0
2023-05-24,1336e099-5459-4cee-beed-7dfdcb1f8b07
2023-05-24,103ae2d4-faa4-4487-aef2-37fe3661f363
2023-05-24,70632e62-0c45-499a-b900-51160b57097e
2023-05-24,84ebdf7b-96bb-46f4-a9aa-1c884404aac8
2023-05-25,e42e12c8-3ea1-4b5a-9362-5836e34a0555
2023-05-25,b88820fd-59ce-46d3-857e-fbf543c9110d
2023-05-25,ea1d7321-ab00-4c36-8906-0349c3d28e49
2023-05-25,b000836e-4097-4bc5-ba0e-bc5bc7255a56
2023-05-25,dc54d141-2c4b-4623-bab1-69a9588b839c
2023-05-25,cc7f5017-18fb-47fc-86cb-548442ef470f
2023-05-25,b5e7c191-bd99-4ea0-8145-a37cc7759923
2023-05-25,76db08f2-f147-453a-951e-a9539e51a645
2023-05-26,5c40f59f-56d5-4602-8124-af5a90809a07
2023-05-26,8942a078-1237-4802-810b-5bfa313b55fc
2023-05-26,1e0b2ded-9265-4984-b115-f749ca2afa23
2023-05-26,83c113bc-3973-4e4c-a246-ef08ba54036a
2023-05-26,58d0ce6e-47a6-4936-b4c9-b87978a32509
2023-05-26,f5d98538-8558-4b81-b7d9-53368122b9f0
2023-05-29,2bf1fcbf-24d6-40fb-a6c2-b2a52fd36a0e
2023-05-29,d3cf5c0e-fd7c-4bd1-bcbc-e675524c0022
2023-05-29,f78c8a71-c360-4d3a-a2bd-76c8d17739ae
2023-05-29,ee97d2b8-0596-467a-b699-62b61a70e9a2
2023-05-29,1a8b1725-19a5-47ad-8c36-6eb985574e2e
2023-05-29,1758dfa7-1fde-45bf-83f4-cb80c66eebde
2023-05-29,dbf286b5-6bd9-4343-9181-9949aab7118d
2023-05-29,740c50bd-d302-4d84-8ee6-4f747d22f019
2023-05-29,9b55339f-84d4-4273-b319-b7915fdfca84
2023-05-29,46a9fb70-3677-458d-a683-39ef26f98307
2023-05-29,f86552ac-c204-417b-b050-0b05c95adee2
2023-05-29,67c430a3-5cc2-4b6f-81bc-0a3aae2de16a
2023-05-29,ade87d9e-4235-4ba9-9d8f-9c74f9adc58a
2023-05-29,c8e86b62-f069-4e14-ae65-dcfd549eaa57
2023-05-29,bd8fbfbd-6c9f-42bf-bfa9-3ac0dcc31880
2023-05-29,df98b211-30dd-4a84-8aef-94bb3a271a2a
2023-05-30,145b920f-b5c9-4138-860a-54c8dbd33b99
2023-05-30,d3c2751f-4b6f-40ce-8b1b-bf5f447d6d9b
2023-05-30,2f6d7e00-f2ff-4569-978c-5b43663d1eac
2023-05-30,7ddea60d-b143-446f-bb8e-eedb772e0842
2023-05-30,b6a84235-1656-4745-bd03-0d2d47dfec3b
2023-05-30,72803d9f-1791-4851-b134-070a55595380
2023-05-30,6fe99371-1e23-4afa-aa54-bd503230405c
2023-05-30,36a56307-8126-41fb-b984-7ef720e04c0c
2023-05-30,6308ad3e-d935-4a9e-9379-5cddb9def873
2023-05-30,a57b6d49-fbcf-4228-9d3d-b11923a71bbe
2023-05-31,7b271083-8bc9-4a19-9d10-2f34001a0e5b
2023-05-31,ee6dbad3-bb77-4bfd-8ef6-01b02332f094
2023-05-31,cb5ed3f0-e7fe-48ec-b543-152ded4d124c
2023-05-31,1a855cae-014f-4f56-923e-ca04836c1272
2023-05-31,1e3a8aaf-c62f-4805-af4e-f44e4703cab6
2023-05-31,b4ef0197-d649-429a-95a5-b42d5f47e023
2023-06-01,bf8af2c5-65cd-4f7b-871c-94ddb10ffce3
2023-06-01,0dd027be-fdf6-42ad-913a-ad1231e6ba74
2023-06-01,93e5e56d-4d38-494e-b15a-5ec25920794d
2023-06-01,7bcfaddc-8c87-4a7e-8fff-a6d7db4dd982
2023-06-01,ec28eb06-fe51-48df-934d-78ece324fbba
2023-06-01,620e9a2f-4c18-417b-9b44-8ce895745244
2023-06-01,84a448e5-ce0d-444a-94d0-0677bb49023f
2023-06-01,08fb813e-ec5c-4f3b-baec-2b6df3d68a82
2023-06-01,f45b82bd-feb7-4c6b-ba35-f0c807c0aa9c
2023-06-01,9e9df553-d4bf-474f-8ec5-197aa3128c48
2023-06-01,0b9745f0-e54a-4cb3-951e-0b39d44fb5d3
2023-06-01,fe244674-b33b-4dd3-b3e4-311655059688
2023-06-01,252e2d8e-3047-477b-bed1-97f00a9bd05e
2023-06-01,b237e4aa-d43b-4e2b-9582-fee045fa7cf7
2023-06-01,03f95534-babd-463b-a36d-1ffd5248b8bb
2023-06-01,63f7f946-65ca-4c30-b203-dd7d480736c3
2023-06-01,61b271fc-cd12-4c20-a5ac-727b25b62504
2023-06-01,a5a86fd2-2e5c-4b26-bf24-db2f24ddbf35
2023-06-02,c9fc7f57-237a-4af6-8c58-8532c3f03982
2023-06-02,d1c7a1ab-0792-4a40-9935-da69f07424c2
2023-06-02,be0a36a3-a424-41f8-86e2-f32ed66ac144
2023-06-02,614d7f8d-77b5-43ac-85a6-215269ef7388
2023-06-02,ee6d9dda-535a-4a1a-a402-ff0cef9a9bc0
2023-06-05,8484d02e-b1ab-440e-8560-9a3330251ac0
2023-06-05,376861f4-64dd-4789-8739-dd28ae6faaa7
2023-06-05,592c2953-8e44-46ed-8bec-b28a70bdfab5
2023-06-05,358e312f-6b82-421e-af36-73c6448bc895
2023-06-05,327f2aba-77fe-4864-a946-8ecc41a7f9fc
2023-06-05,ddbf751b-1a58-4401-98e3-8b47bf57874f
2023-06-05,61d66e8e-bae9-411a-84f0-5613af05625b
2023-06-05,103fd3cf-955b-4a66-a601-032d39b54bf2
2023-06-05,94971a31-6eb9-4f12-a7f1-21a573d7a473
2023-06-05,46c197fd-1bc3-4600-ab41-bb1ddf49d013
2023-06-05,c5399145-7931-437f-b33f-3d5c9815539d
2023-06-05,d7264fd5-8db6-43d8-859e-dc000635a7d6
2023-06-05,616f050b-1545-455a-ae4f-c9133158aba6
2023-06-05,22465e75-11ae-4f4a-9b72-cfb7dbbf2b28
2023-06-05,b35a981a-a8f4-4b86-a1a7-5cf01baa78a3
2023-06-05,c2c9df70-653b-48ab-8984-dec00e0076bd
2023-06-05,4735dbf4-4b07-4879-b894-1b80a8b14871
2023-06-05,485a725e-ad59-43af-900e-c30ad84e3a5a
2023-06-05,7197558f-1642-48b5-8643-88ae89e4b3ce
2023-06-05,1ac5a147-5429-43db-86db-5a591f811b0b
2023-06-05,f8dcc969-f58a-4008-8480-81dd10277e10
2023-06-05,350dc5da-026d-4b48-9055-58efe0a1dea7
2023-06-05,a043adc3-e0d8-451d-bcfa-d3c9e11a0a0c
2023-06-05,c9091bed-0725-4066-ad47-7cc38ab918f5
2023-06-05,4a9ef72c-9c69-4f91-acfa-f186fef6169c
2023-06-05,8de6b62b-ca5e-408b-ad0a-ba569f642c3d
2023-06-05,17de1b27-af69-4527-89c7-25eaf56b3fab
2023-06-05,ad0cbce5-3f8e-4184-aee2-3b8d4ba5bbda
2023-06-05,a4872c18-7ee2-496e-b05b-db60cc97da16
2023-06-05,7e3c5a32-a1d1-459b-8694-ed87e5f6b2ca
2023-06-05,328da17d-0a82-4b9d-95ca-696a5b48e21e
2023-06-05,a2357227-9b69-4fb1-a7b6-e0674724de60
2023-06-07,433ee8ac-2b49-4f99-8ff3-7987ffae098b
2023-06-07,d605764f-f2b6-4915-a8c7-bdcae19f78d2
2023-06-07,73603849-dbc7-4156-8eed-ee3587cb2610
2023-06-07,a0e19452-ea9d-4dc0-b8fc-0f72a91f49b3
2023-06-07,bf8c6f4d-132c-4a26-b321-ccdcdf625810
2023-06-07,3d91ad6b-4e28-4618-a4a2-3c3155990490
2023-06-07,79eb5582-5a57-4dc6-afac-ac98992335eb
2023-06-07,5b0b657b-bbf7-47f3-9f38-496aaadbebc2
2023-06-07,0a9ca49c-7fd5-442c-a781-6df0f6cbea9b
2023-06-07,3bfb2b59-a9b9-43a1-9ac5-7f1e9601dbbf
2023-06-07,023f41b6-c669-498c-94be-aab9ca886c78
2023-06-07,0ce558ad-e6cc-4e78-a9b4-29c0b826efa4
2023-06-07,a6a17d7a-3a4d-484b-8b18-2f23d619fb9c
2023-06-07,53e57819-0c99-486f-a14f-e65d0dc1bebd
2023-06-07,da57e71d-a892-4022-8c91-f6527ba4db66
2023-06-07,af51210d-50a8-46ac-9f97-1a8cfdb92903
2023-06-08,f51430f5-d011-4a63-9682-762ad55593f5
2023-06-08,c5206c34-6375-4529-804b-e12f4ee2a156
2023-06-08,bcb782b9-2c8b-453b-968a-dd1a1f885ca5
2023-06-08,163dea7f-7804-4d26-99fc-225db5f6dc24
2023-06-08,7d37da2a-3e17-428d-91c0-536e7e3b8dd6
2023-06-08,60cf4eb3-2d9f-4841-8365-de83b04381ce
2023-06-08,b7e6cff8-ccca-4ddc-b8ee-f086e5ecf9a8
2023-06-08,c36ada69-8b04-46e3-aef3-2fc2ddcc5814
2023-06-08,20d70117-c7d6-4a13-bf3f-1769157c9a7c
2023-06-08,05c361ab-53d0-41d0-93e8-84bbbc80c25f
2023-06-08,27c74e1d-4e98-40a2-bd5d-a6ba7858adc3
2023-06-08,5e7c6479-5706-44ac-ab50-a8dc7fb9a738
2023-06-08,e9e9391d-3424-4ff8-8de6-36dbedfe17db
2023-06-08,c759aad8-6c96-4354-8421-e15589e9abab
2023-06-09,102fb04d-2f62-47bb-8065-b6f56537f6db
2023-06-09,06353bea-e2ee-4d8e-8ce4-38d38b5749aa
2023-06-09,6dac46f1-37f2-4eb8-8189-e87a24ef6bbd
2023-06-09,d21938fe-c797-41cf-8d33-ff33accf5ed8
2023-06-09,9f0abe95-71c7-4884-a19f-8b8db4dad09f
2023-06-09,530f30ae-20f4-4bc0-90f7-2cec8d558923
2023-06-09,31577a1b-5ff7-40e6-939a-543dd354facb
2023-06-09,645dacef-0bd2-42c2-8922-edd41e22502f
2023-06-10,3cb4bc09-75d0-47bc-9ea1-d64053133c43
2023-06-10,4ad68db0-ebe9-4f5a-ab14-396ce3970570
2023-06-10,f31438d1-6ebd-4b21-aaeb-31d53b2d1d7d
2023-06-10,76449c96-d9de-48c4-847a-8df70abf3a08
2023-06-10,5eb45848-2a05-4f86-a72d-5a7c5a7514bc
2023-06-10,b7c9480e-51a1-4725-90cd-316d4d5edc34
2023-06-10,f681caa7-426b-4c40-afde-f68a5d1815c8
2023-06-10,0d076cc7-c4ef-409d-9db4-25a1d7db1270
2023-06-11,5901a0ce-482f-4fa6-9d5c-144518d21a13
2023-06-11,7faa562f-b924-436f-b602-a950f56a8f5e
2023-06-11,d6dd89ba-dce4-4cf7-b35f-40f9359bfaf6
2023-06-11,0719346f-51b9-4721-9c16-2d91df6dfe86
2023-06-12,78bfdafe-183f-4e81-bf32-5e100cc4732b
2023-06-12,deb82b95-5e59-4992-b35e-144f86c93abe
2023-06-12,3e5c255b-bb55-4d3a-875d-5338661c545b
2023-06-12,7a4434cf-7a16-47ae-ba31-803937c5fde2
2023-06-12,0511bc58-d8b8-40ab-879e-3fe294a017b2
2023-06-12,3f3c41b3-2699-458c-b836-7ab624f90759
2023-06-12,62e82a08-08f1-4c44-a47a-c1e78b809870
2023-06-12,44958fce-4e00-4c37-906f-44f6084af23c
2023-06-13,6d9725f8-84ee-485a-93f1-b80e477d53b3
2023-06-13,d072a53a-6e20-48f2-b988-68a167d3e7ef
2023-06-13,8c1e1cb3-9812-4882-8b83-c7ef062f3235
2023-06-13,07659a6a-d34a-4700-a195-e58ef559371f
2023-06-13,ce127f05-0635-425a-b995-7b853f03a0d2
2023-06-13,eb57b732-1f6f-4e3b-bb51-0622ebd2ebe0
2023-06-13,f5bec5cf-8974-4fa6-804a-4c62990d00fe
2023-06-13,3b68d10d-22d5-4032-8d5a-1ee0a6ed015e
2023-06-13,b66783be-ef40-42b6-a641-57b286ba35d4
2023-06-13,164b1262-a60d-460a-a43d-ed95b793ff27
2023-06-13,b05262f1-9d12-4dad-8759-fefc4dc84f01
2023-06-13,c5afa559-16a9-45c9-b829-3e9ed88ce0e2
2023-06-13,eab27975-08ff-41df-b6ed-2caddcb5c4ae
2023-06-14,3c09f4ec-6434-4cc5-abe6-c05ca6a2a077
2023-06-14,1ea5f9b4-302e-4f5f-b2b4-aeba4b9b3f08
2023-06-14,a5dce0d5-4bd2-4e5d-9c1b-1a65633eefcd
2023-06-14,d1332ae6-00ba-4d58-b8b3-ae43f9f095b4
2023-06-14,9f2f35e5-5c90-4c02-87f7-1918dd038492
2023-06-14,f5730b87-2157-4e60-a0e6-fb0f0a113840
2023-06-14,c9ca0635-4434-4358-8dc8-75b46b47f641
2023-06-14,076eee7c-3272-42c9-a3f7-dbc1d7e360ca
2023-06-14,f94361aa-359a-417c-906c-25ec2c6b6ef5
2023-06-14,a2d06e64-61a3-4e3e-8a72-811118968c44
2023-06-15,9250b052-3d0f-4628-a1af-56914a4a7211
2023-06-15,eb2e1015-28bd-421d-9960-9b182c1ecde7
2023-06-15,9cb508e4-8ae8-4f4c-a6ca-71a9c034a044
2023-06-15,9ba856aa-a201-41ea-a16c-b1e35b07d1a4
2023-06-15,b5c2b339-46be-4b3d-9168-3f3a5af2255d
2023-06-15,d000b2cd-2b04-4cf1-89f3-edbf6bf6f76e
2023-06-15,101fc1d8-30db-4119-a70b-e8d0aeb3ae33
2023-06-15,4a88f615-89a5-436a-bacc-731e2aface2b
2023-06-15,dd74775a-49ff-48b2-915a-5261cc421632
2023-06-15,8225f263-4536-4ca5-a4df-3d3cc1b22b65
2023-06-15,d1aa5cf3-b202-404e-80ed-f125a28be7b1
2023-06-16,9ad01c7e-c0bf-46c0-bf64-5eec72b52e49
2023-06-16,0fa30f1c-18d3-4af2-8493-e5af01dcd709
2023-06-16,a88cb1ca-9ad0-4989-925a-67ca746dc19f
2023-06-16,e0101e53-92d9-4180-b4c3-90a5891fc5ea
2023-06-16,83b72ded-14eb-440b-b199-4497076e3725
2023-06-16,476ecf41-4230-4c23-afe1-5bb010fe29d4
2023-06-16,351291b4-21c2-46fd-8cd7-b9593060890c
2023-06-16,5a9cbfc2-4cff-4526-8ca0-2ba51b4b0e8a
2023-06-16,d3dbf9ce-c777-4227-816d-31bb9a5444e7
2023-06-16,bdd04061-c665-433b-9937-983e84b91cbf
2023-06-16,02a9d88d-ec8c-45f0-850a-d08a9f3d0286
2023-06-16,b1528407-f990-4cdc-a3a2-d946f729fb8e
2023-06-17,39381102-4db2-4d0b-a592-f5aa14a2441c
2023-06-17,a276277d-9838-4ed3-8d25-2fa99c7e2328
2023-06-17,4dfd9945-6380-4926-b906-0e2426512318
2023-06-17,fb009975-ab31-402a-a461-5b9ed019e12c
2023-06-17,34104c75-b2d4-4836-9a1a-18ce574627fe
2023-06-19,0abbc4c6-9141-47e1-a244-b53b83911d1c
2023-06-19,6dd70506-b078-4c46-85fb-e80c78649c22
2023-06-19,83b42e97-44c9-4615-9866-c4cf291e33d5
2023-06-19,eb088a28-6b3e-4f1c-94d6-275ea4145f03
2023-06-19,58fb08df-2803-437b-b2c7-29b1e03a119b
2023-06-19,1a057341-bf8c-4a17-b835-93cfa487bcd5
2023-06-19,e887898e-d09d-4a66-b231-c31cef0d0860
2023-06-19,dd633a9b-3063-4e9d-92c7-c633b590da19
2023-06-19,edb48c40-d4ef-4399-88ea-48768c15848a
2023-06-19,3d8af543-dfe0-421b-aae5-c17cf0c7fb7a
2023-06-19,4830f08b-f6ae-4e9c-9fbd-5d028eb6e31a
2023-06-19,2e655846-a500-4dd2-9f29-3ada23974b26
2023-06-19,5b61f1c7-7fec-4144-ac4c-0f3038548151
2023-06-19,1d6c7716-d687-4ce9-a7f8-7f0143560f29
2023-06-19,61b698d0-2ea0-4b01-804d-d6ccce5a5ece
2023-06-19,ec216932-8161-455c-b2fa-3176b2e04b9f
2023-06-19,64c52823-ee4a-4fdc-ae19-0be2251cd6ca
2023-06-19,3197288a-c660-4711-b97c-dd36d19b31f2
2023-06-19,e289a884-6da0-4490-b37b-ef864422459e
2023-06-19,7123f6de-7636-485b-9cc5-31f4d81135f6
2023-06-19,2fe76127-8b83-4c88-9ff9-79f27134fa5e
2023-06-19,6adcfc78-aecd-414a-bc6e-c0b0a916ccee
2023-06-19,c1de7a63-1e6c-46e0-aa51-15ad74df6174
2023-06-19,2d00ec64-7b33-46ad-8b3c-f8a76ba8337b
2023-06-20,60fbd5f4-c698-4688-b1cf-c8929dc01dfb
2023-06-20,aad2cc1c-149b-4e07-939b-bd25b8e79053
2023-06-20,00d7f603-a470-45b6-947f-198f5679fc42
2023-06-20,403de05b-960d-4ceb-a72e-767c7cf740ec
2023-06-20,5f7d5737-9c83-478e-a607-84a8b9a03988
2023-06-20,b6479762-0b30-44ff-9c8b-dd27cf65ca39
2023-06-20,3ef3e4f6-b64c-4dad-aa50-6b5161359232
2023-06-20,ea2457c7-58f6-4f25-b192-bf98afc14e79
2023-06-20,d1e650d5-1f5a-4a4a-9928-c802b77d3e41
2023-06-21,5355e417-4917-4b25-94d2-4867d87d754c
2023-06-21,4af8e4db-ff35-449f-9503-16cffb12f8c0
2023-06-21,346da299-8628-45b5-8c5d-9a77a91a57bf
2023-06-21,958f0383-00fb-42a6-9d9a-869b41e77d17
2023-06-21,504a6328-e0c5-4815-b394-4aad168c4f92
2023-06-21,7c2fd987-b6c3-45d1-8238-570c56c04dac
2023-06-21,6bee491f-ce0e-4eea-b1f5-e83718c0eeab
2023-06-22,5e5da461-2680-482b-9959-16830415c1a4
2023-06-22,43760c07-5331-475a-a57e-3ab299e37fb9
2023-06-22,95d9d557-91e9-440d-954b-fc322eb7700a
2023-06-22,06399b76-cfbc-48b2-9770-67a1dc8ab32b
2023-06-22,a449af3e-8cac-4bfc-a3f1-833a45f51979
2023-06-22,0f29e400-9dcc-415f-a759-59f838a4ce69
2023-06-22,6ab37138-2188-4b01-98d0-7c14a10ea4e0
2023-06-22,730ec2f3-ba1d-400f-a72e-b3665f601bf2
2023-06-22,df5dc5f0-6099-4d36-a9f0-2350566f0568
2023-06-22,6c7ee0eb-f0df-48a8-a754-4287572804d8
2023-06-23,2307963e-a0b8-4992-be51-f40f66d56459
2023-06-23,eb8c31fd-dcd3-4c2e-9d50-655304869059
2023-06-23,1ea77475-db16-4dec-ac4b-cc6f1aa8cce2
2023-06-23,3bc7e2dd-9511-4d18-86c7-5a96cbad7ba5
2023-06-23,97807e53-3700-452c-a168-b3c1d1a07cc3
2023-06-23,ecb41e46-f149-489c-ab0c-d70f31f92b72
2023-06-23,f9b86c56-53c1-417b-b34d-d555f3d29ed2
2023-06-23,36ee1cd5-1997-44d3-9f95-08b14549d586
2023-06-23,322c8b02-8b8a-4d09-b8c6-da047a5dcd1f
2023-06-23,31431843-ddac-4102-8140-1207fd87064d
2023-06-23,a7628b9e-37b5-446e-9526-3b0c84819714
2023-06-24,53722bd3-592c-4814-96c6-443bc150b76f
2023-06-24,cafcd64d-f141-4290-a5ce-4b08ec86191b
2023-06-24,15287599-b182-4308-8be7-5f87c0ee498d
2023-06-24,0fd76963-48a7-4dcd-be84-5f3a23f4ecfe
2023-06-24,0a05f47f-7ca9-4032-83fc-bfd15cb33864
2023-06-24,a4477c18-0ba6-4676-8bd8-c7d9b5c45f8e
2023-06-26,3543e52c-b2f5-44c5-8bff-1bb3c074baa4
2023-06-26,c70ef5aa-3931-4bae-bb79-8feeed98c653
2023-06-26,5c9b54f1-57f8-4a91-b6b5-8029807a5f7d
2023-06-26,87d13625-d6b2-4cc8-ab2e-78b5e68f0f7a
2023-06-26,1a5fca72-f007-433d-962b-574f5ad0fecf
2023-06-26,25b32434-a783-454a-bd76-4be9ac5cab62
2023-06-26,e42ee2b6-804c-4d95-8def-7b0065ee7ac7
2023-06-26,475e9626-dacc-4395-97a7-25adea7c9e68
2023-06-26,38a7af90-06a8-4781-b07f-dfffb47c73f1
2023-06-26,0fa039eb-00a2-45ac-b94a-9cf9c1b312f3
2023-06-26,abf4458f-7667-4fc7-95bd-6874d4471b24
2023-06-26,f8221377-3ca4-489b-93ff-eaf38cbb76e3
2023-06-27,210da55c-4f66-4dfe-91b2-7c9b6d4e4cb2
2023-06-27,d91a76e2-6be2-4c83-a0c0-a80b78587adb
2023-06-27,c2536e45-a1a2-4efe-887e-64c29bfef56c
2023-06-27,6dfefdb1-2346-4a3a-853f-1b379795443e
2023-06-27,33859d63-493e-40c1-a113-9e3f7f242feb
2023-06-28,ffc6eb12-47ba-4619-85dc-850d2e8e1d22
2023-06-28,b6d8924d-8eb8-44c7-924b-a79cc3a899a3
2023-06-28,cab891b7-d79c-4bd0-9335-30ee09e8cec0
2023-06-28,17ad5d9a-9922-4ee7-b02d-dc645f39e0dd
2023-06-28,f07f8749-25c1-49e4-a4cc-2273eadb99b4
2023-06-28,fe64a837-8e13-40d1-ad9a-3fee41b59d10
2023-06-28,95ef9806-07be-476b-86e1-1519d8fb2b21
2023-06-28,9faf9c3f-0cf4-4577-8ac8-abb05149b8ba
2023-06-28,7a346967-490b-4eac-a7d5-f9bf32633f1c
2023-06-28,05b0647a-c375-4528-b059-c338181bdd3f
2023-06-29,c0048e4b-778f-481c-a800-6f08614bbe1a
2023-06-29,229cec89-937a-42d1-ac30-7456478f0b0d
2023-06-29,e649cda4-b35f-479d-a339-b59249e06e79
2023-06-29,dfb53c4b-ef17-4d42-aa70-5a528809a8a8
2023-06-29,5e68610e-c10a-4ae4-b77a-3e94dc573920
2023-06-29,3cf9b94f-b217-44f7-9481-cf001faab16c
2023-06-29,8ce7e3f1-bd80-44df-9358-3ac56c619d4a
2023-06-29,df4ca32e-1733-4a1e-9f74-410c58ce82c0
2023-06-29,02e0171e-a8f0-4db8-9f43-fc408fdf0de5
2023-06-29,24057de2-62b3-4a90-81c7-3dc8c0d2ffec
2023-06-30,9dc24baa-38df-40f6-b269-68ba93718fe0
2023-06-30,87f56346-abe0-473a-8df9-3afa0199d9c4
2023-06-30,8dc3054b-f703-42ca-968e-0ba36bc720c0
2023-06-30,979965f4-5638-40cd-be82-76911dfca8c1
2023-06-30,83169129-b808-444e-9a22-422d2cf45418
2023-06-30,cf5bf916-4777-4698-abd4-00e2e4fb0d03
2023-06-30,47573546-9ce3-428a-a86a-03479b9b5274
2023-06-30,83e8e1c6-63df-469d-a70f-fb029ed6f2bb
2023-06-30,5f21c50d-f838-4129-94f8-eb1dfb63b3ab
2023-07-01,40f8af92-ecf5-40d3-b56e-6efba0cf4012
2023-07-01,a07cb9cd-0218-49ca-ba9f-339f9ac8afd2
2023-07-01,7df8140b-c43c-4675-a3ad-b530644f0c12
2023-07-01,5e1faf80-8767-41e5-91b3-14654c5aca7c
2023-07-03,6bc90ac1-4058-49cc-bcb9-1e43b97a87d7
2023-07-03,69d28be7-2a1b-49c3-ba21-0c741ebb8152
2023-07-03,3b20a0b9-cd20-415e-b37c-a792d13761be
2023-07-03,554ad9ed-1e46-4db1-a2a5-ad2e6023d1d0
2023-07-03,552cdbf5-c80f-44f3-bf1c-70f08eb11c89
2023-07-03,d06cde68-1236-4817-97ea-c6b9a4b32883
2023-07-03,edb38132-0fae-4aca-bcc8-9b57e89edc11
2023-07-03,e4094f1d-05ef-4380-93ad-6f5a925559e9
2023-07-03,b785b37a-f8c1-43fd-8fec-0af062336c78
2023-07-03,cc8a820b-92de-4c5e-baeb-a327b54cb984
2023-07-04,3a9ff033-88e7-49c2-bedf-6faffa6416f1
2023-07-04,5db3a5b8-7a0d-4311-93df-ce7b94823702
2023-07-04,0a75266e-32bd-4447-9337-083fdcde0935
2023-07-04,1224258c-20af-448c-a83b-407185fd8576
2023-07-04,2ca1bbb6-1f11-45e7-9e09-157e85f018c7
2023-07-04,114b9de8-5def-4be2-9bc1-cca1e6feff0c
2023-07-04,1dce7a5b-c80a-49db-bdd2-5a6e518b1469
2023-07-04,90342dc6-85f6-4f9c-81bf-b13ed801ca76
2023-07-04,a0770db5-2ae0-476b-b779-940405b82f26
2023-07-05,bcb3ab83-c674-4ee4-b94e-8e3200ddde4c
2023-07-05,91af6031-40a3-4489-8141-b369ba8ae916
2023-07-05,e39de917-2ca6-43b2-8954-9e8c8e1a1f4d
2023-07-05,e4136268-5d72-44b4-833d-79c3a23fdab6
2023-07-05,e1da19f9-07cc-4303-9280-df6516425334
2023-07-05,58fd3278-c79c-4c82-b15c-fb56026113d5
2023-07-05,cacd0adb-2c87-450f-8a00-2b2ea6b8fa89
2023-07-06,b487602b-18b6-4789-91da-1edec1aa2a40
2023-07-06,2f999885-16f1-4cc3-ad88-794d21adc3e1
2023-07-07,459e47fd-f04f-4b7b-8fde-b02b0934c5e0
2023-07-07,77dcfd9d-cfea-4172-906f-1b6b8434ece3
2023-07-07,29211d8e-16c6-4e49-b4bc-a25fb31f3aed
2023-07-07,e4c1dbe4-da50-4371-ba64-246a4694a6ab
2023-07-07,760339ec-15a2-4f48-b225-b9b15fd59b7b
2023-07-07,a24119d2-9ce8-48ef-af86-f25d3b4bc584
2023-07-07,03614370-ec8c-4e26-8d72-e66e5abbcd97
2023-07-07,7fc9811a-2221-4eea-89c8-f4d12b246b92
2023-07-07,159667fa-2c9f-4190-a19a-b1ed9268b08c
2023-07-07,eafe40da-6b4f-4a70-9cf3-e4b95506b14e
2023-07-09,a9e055ce-bb52-432c-9e91-6e61bb6da9d6
2023-07-09,1215ca40-d24a-4b98-8ad4-feeab6612416
2023-07-09,012d76d4-ed0e-4504-b282-faffd897f4f9
2023-07-09,5492e310-4153-40cc-9ee1-be2c1d4a9e1b
2023-07-09,ac391cd2-ee20-42ff-b455-69bcbdbb86b7
2023-07-09,43226f10-5121-439c-87b3-d27ba6302a4b
2023-07-10,247e5c4c-d910-4955-a298-af1d8fa9400d
2023-07-10,9db6a198-68da-4289-97a6-8f895e313c57
2023-07-10,fc1aa88d-9315-40ac-9f31-a0a3d2eb41d0
2023-07-10,ac7009cf-b75b-4447-8bce-c994d977c11a
2023-07-10,e01966d1-7c1f-42cf-a9e6-272adafa5523
2023-07-10,7f26a545-a269-45b4-9d87-e2b1ddf99b5e
2023-07-10,ad7d202d-27c9-4006-bd6d-2aec94df698c
2023-07-11,ca0c92cc-8fab-421e-9297-4f3c4d07729c
2023-07-12,0e7c8b4c-5635-471f-ae56-b8dfb18552fb
2023-07-12,21a5f08e-45ea-4d6e-a624-a7107f1a6323
2023-07-12,1daeec62-6991-456f-85f5-b3273e947c43
2023-07-12,fa688e13-e1f6-4b8b-8979-7086d5346884
2023-07-12,f7b2466b-51f3-40e1-aa21-f58917252ff5
2023-07-12,5e6c319b-33c7-4b2e-bcec-31f61e6fd0a6
2023-07-12,7ce00b9b-8517-49bd-a079-ec6436e4d398
2023-07-12,e09517ef-e313-4ef2-99ce-02d0c398f360
2023-07-12,ba5cb96b-7d64-4022-9ddf-fea8a0e2f776
2023-07-12,28cbb6ba-bd65-416a-8610-89180a8ddbed
2023-07-12,d7a9a8f4-b5b6-40b0-b80f-de5370427471
2023-07-12,e6e85c16-8445-42a8-9937-0795d4e9aa9c
2023-07-12,110a9785-19d0-4005-8b25-3b2b9c96c0ea
2023-07-12,bbfc21fe-178a-4f0e-8409-42d0f267917b
2023-07-13,f0a736cb-0d62-49be-8d39-23865400c441
2023-07-13,be3427d4-e64f-4a4e-b572-8b77bcbb198b
2023-07-13,df9d1ea3-0a2c-4675-bf9c-624655578d57
2023-07-13,0b2329a5-d733-40fa-ab31-cdbe5f15af16
2023-07-13,6fb60be5-a383-4e31-97ff-e06b7182352f
2023-07-13,60a53b25-5aea-421b-937a-4e7b1368244f
2023-07-14,7f91f1e3-03f7-402e-a0f1-e563d29f186f
2023-07-14,dba3634a-6af5-47f2-8e6e-632a5281043a
2023-07-14,c1444f6a-a32f-41ec-9c46-5986b185bae3
2023-07-14,4fe21486-f069-45a4-9551-836dcbc53cbb
2023-07-14,29238990-90ac-4cf6-a965-250c0dc6a8ab
2023-07-14,32283492-560c-4ab4-919d-43087d4d9e73
2023-07-14,a05656c1-65b6-486b-a3a7-5f3345e659c1
2023-07-14,73cd33b6-4249-4d83-a1b6-8d5cb4520653
2023-07-14,fd68c1fb-4c48-4de5-91f7-d33cc386977d
2023-07-14,3c084153-1f61-4d28-8c86-b6c99e2120a4
2023-07-14,5a146b54-39d2-4663-af31-f4ce22f2a0a7
2023-07-14,33a67c93-48ff-4702-81b9-49ba4aef0efa
2023-07-14,db639644-99d1-4d43-b36d-2c7ada0e45d1
2023-07-14,53266b13-7b30-464f-9931-c62cf39f2cff
2023-07-14,f0b8d204-4575-4bce-ad4e-65e2d7bca95b
2023-07-17,b672248e-e759-419c-a5e4-bb521c7ddc7b
2023-07-17,7e3330de-f141-4f7f-b084-adec451b620a
2023-07-17,14ea23b4-a934-445a-922c-f5b854f31bae
2023-07-17,b9f26926-e219-4202-82b4-64bae159cd52
2023-07-17,72a28242-72df-4099-8199-63868a4141f9
2023-07-17,4f1f3785-1492-480a-87a8-eb57562285f7
2023-07-17,f1669347-38f0-403a-99af-f38b23be9ede
2023-07-17,4ddae970-37e6-4d3c-8497-a7985b41cf7a
2023-07-17,4b215100-4832-4eeb-b01c-a86983d09c9e
2023-07-17,a4314fd4-edb2-4b6d-9b55-17c81d7518dc
2023-07-17,1ffd0a8e-5c90-4e36-b1f2-05f883de4a2d
2023-07-17,c41b7609-5b3b-4f0e-bdb7-210a677b38e8
2023-07-17,49742acf-e086-4772-8cfc-1c05382a09f1
2023-07-17,1bc27da2-ee77-4c1a-be50-cc5d439a4367
2023-07-17,e91cd55b-7314-45e7-9efa-f36449ae0819
2023-07-17,a46b0962-e2ac-495a-90e1-663140f2fda3
2023-07-17,9b10e447-7871-48af-acab-64ecb02cb458
2023-07-17,d2a34acf-4829-48a6-8ae3-80516e73c26e
2023-07-17,ca7bb82e-f233-4358-8883-1fd20145cb5e
2023-07-17,c91a573c-3235-483f-953d-872260848b67
2023-07-17,a7567174-4079-49d5-ba03-2f7e3fca20e8
2023-07-17,de9a3170-dce8-45f9-99c2-194bbd2be12f
2023-07-18,077cdb4d-f580-4b9e-b7aa-7eaa996a683e
2023-07-18,90469969-3d03-439c-bf5c-1f1b55382d9d
2023-07-18,e34b75c2-55e2-4965-93c5-de901b0a9f8b
2023-07-18,f32f5312-9572-4917-a8f7-5d6444c9ab1e
2023-07-18,d5edc0de-1dc4-492c-b31b-b15d7d816de2
2023-07-18,68b934da-0c48-4e3b-84b9-a5ab092c9f12
2023-07-18,9097a9dd-7d90-4349-a47f-972f6e494b47
2023-07-18,8309f70f-d432-4d0d-bc75-406ba19c71e6
2023-07-18,8cc52904-d0de-4a52-af3c-98ecc6853af4
2023-07-18,d19bb106-90d0-495f-8f53-6a7c9afd785b
2023-07-19,0686327f-6485-4e25-9402-34bac5ce50d9
2023-07-19,a8cf57d4-897d-4ac0-96bd-8140236b889d
2023-07-19,58ea31e3-2807-44f8-9423-3c22d7df353b
2023-07-19,7e3dc09b-47cd-4571-a8b2-51067e0a8123
2023-07-19,bc46e600-ee35-401d-ac90-af5e462f9518
2023-07-19,f5600b6b-0322-4048-bc93-02ec0ffa386e
2023-07-19,619b4264-e974-4e52-97d7-af6b0712c118
2023-07-19,42f2aa3f-0da6-4bc5-9f9e-94d88769c6e6
2023-07-20,33a81ba7-b36c-4a5d-979c-06d6e1b51155
2023-07-20,a11726d5-902a-479a-830c-fe0f754f24dd
2023-07-20,5b597edc-a3da-49b6-8934-4cb7b745d4e3
2023-07-20,de673fef-4142-4e84-a7d5-bb2f88a361ff
2023-07-20,4b90419c-ab2f-4a3b-b926-8fdfef7a01b4
2023-07-20,115dac6c-98ff-468d-bb70-3fe8425f0f92
2023-07-20,a46433d3-3abf-4e81-a59d-7e3a684fd772
2023-07-20,b85cbe22-50a4-4ace-86ad-8c2e1aa0d954
2023-07-20,d192c8c4-8c9a-4a37-a1d7-de632a8f830c
2023-07-20,0ffbc310-2b60-4510-ac2f-f8fc84a0ed02
2023-07-20,d0682108-2669-4ac7-912f-1e4de4022395
2023-07-20,96fb6bbb-7604-4286-9f1f-9673a1677b31
2023-07-20,b7fd3dd6-3d84-4a59-81c8-9cce324cd468
2023-07-20,d9496ec8-8593-4908-89d5-ed56b9dce03a
2023-07-21,29db1f00-f5ba-4d36-b0c9-34fdafe8a59c
2023-07-21,b7b21fe6-e840-45be-997b-1f9cc8d0a08a
2023-07-21,ab00e9f5-7ce2-40f5-933d-749e649556e7
2023-07-21,f2458003-21d7-4dd7-9907-8e645bf84cc2
2023-07-21,21807951-8a4c-4496-b185-3155e2473b15
2023-07-21,4ebcd21f-e8f8-4030-853b-ac3b20714c64
2023-07-24,d1d33b47-7380-4631-8bc4-b55c0c59aaf8
2023-07-24,4e32154d-d366-4844-8145-16321087d71e
2023-07-24,2da3742f-0a30-4a9c-a394-b3c474ca2cdd
2023-07-24,859014fb-e892-4a48-b567-0a82c577c9c5
2023-07-24,2340dcb6-1365-4e61-9497-075273bf122f
2023-07-24,31349ec9-0959-4757-a546-2a74bfc9b85d
2023-07-24,fea5ff57-9427-4f4b-861b-5a13e27c2a5b
2023-07-24,2425631b-628b-4af5-b4c8-4464bdce680c
2023-07-24,48443510-792b-4990-904d-fe3d3dcaf435
2023-07-24,9671fb2a-3d4e-4344-a60a-ee3e10cb5cd8
2023-07-24,f653f0b4-7e03-4b02-a3f7-e20eaa3ae1fc
2023-07-24,d825cac4-4bda-4058-886e-a68408ef0e64
2023-07-24,96f797a4-a4d4-4815-999b-37a46415419d
2023-07-24,8bb14736-02d9-4cd4-a797-b25886c1e566
2023-07-24,3ed748e1-346b-4842-9b84-b51c56e18e13
2023-07-24,853ab547-c0bf-45a4-8e17-6b11e50ca857
2023-07-25,ebdc1198-7b4c-4274-977f-caa136bc1195
2023-07-25,e68c8c74-b825-4d85-9f86-20ffb017add0
2023-07-25,c2655e10-8366-4620-9ebf-c386327db3b5
2023-07-25,55fd7f56-5f70-425c-8514-8e715b1c200b
2023-07-25,fbb37aa3-be6c-4bd2-afa8-63993a402611
2023-07-25,037fb7e6-7eb1-4e54-80f7-c9e19e44b584
2023-07-25,b7f698e9-002c-405c-9b92-607108c02569
2023-07-25,015e30c9-1e85-4f8f-97ee-222705fbb24a
2023-07-26,7ad083ec-bce0-4f6b-9a65-c3ef2faec713
2023-07-26,079489f7-9308-4bb7-9ee5-fc6ec4126ff3
2023-07-26,52ee26f7-4f95-49a2-947e-8adbf76a3978
2023-07-26,1a997b81-3a3d-4fca-9ecd-19bb40420c2a
2023-07-26,31b46821-ffa3-4256-9a07-2ecac3b75ad5
2023-07-26,2bc061a0-81c6-49f8-9b45-8cf4ef0f50c7
2023-07-26,efc163b7-9caf-4a93-958d-d23e326ef338
2023-07-26,bb665b9b-cb4c-4ed3-9c48-fa542fbd20e6
2023-07-27,163394be-592d-4908-9366-a47d21763dd3
2023-07-27,e834be0e-9059-4ed9-9be1-67141e687401
2023-07-27,64f73ddb-ecef-4e4a-b1db-3627331bfcf6
2023-07-27,12fffcc1-08c6-45d7-b811-a86cb616440d
2023-07-27,ff370fe4-f486-4edc-815c-f3c029b91d6f
2023-07-27,13139c1e-6916-443d-abdd-a40941592dee
2023-07-27,0e64c374-4217-4185-ab6d-c2f4b83042ea
2023-07-27,f15b46f6-23e9-43a2-b8da-cdb85a74584d
2023-07-27,e3f8188c-6f2e-4562-921a-a8df64802576
2023-07-28,b158e182-a7c2-4b5a-933b-5b831158a222
2023-07-28,68bea8f6-d2d2-4afb-84fe-be082e91ab7d
2023-07-28,0599c7f7-1214-4499-b9c5-7510970ec0dc
2023-07-28,34bff213-617c-4a72-9fe1-870fcb55cae1
2023-07-28,9e78b654-df01-42fd-9e0d-38ae2801870c
2023-07-28,a4c68961-c262-478c-8ed6-5431d020f99b
2023-07-28,4b6130c2-6820-475b-b10b-a2f35cf2ea0d
2023-07-28,845facd1-e8e9-425c-906d-0ddbb6009350
2023-07-28,332828be-7a20-4944-bb06-87468ea4a783
2023-07-30,04e152b1-3f6f-41d2-9fb8-7ac41238f3bb
2023-07-31,d3c3cb53-4571-4831-b831-42e2be018436
2023-07-31,a73a0c35-3c75-4bcb-a59f-7526d9b7e3d1
2023-07-31,634b0358-339c-471f-a85d-8a5c500188b4
2023-07-31,b72b0eba-8f13-4711-9ec9-5968a5be5857
2023-07-31,b27ffd48-200c-4191-a907-60f81f157383
2023-07-31,4e853e63-c60f-4e31-800f-3680eb4ab599
2023-07-31,e81dfb14-63ff-44ff-9ad3-d06937edea7f
2023-07-31,ab78a7c1-559b-48ef-914e-f6eb75742b43
2023-07-31,ae602da2-2c0f-4411-be11-e8a14d7af193
2023-07-31,372c618c-37c4-4240-8b5f-fe4c2c73e7fe
2023-07-31,cb20b44b-a14e-4fa7-9448-85f318ee92de
2023-07-31,7b9161b9-e351-499d-b7dc-9d1c7f189fa9
2023-07-31,b61c05ec-f984-4c1f-9b7c-2e1d103bf395
2023-07-31,c0dbdb5c-03da-499b-a843-e0c0b732179c
2023-07-31,09dcfef6-a701-480e-81f2-cf86914d8217
2023-07-31,836b7a3f-9ef9-4b19-a3a8-700f49a1aa09
2023-07-31,aa929bd4-f823-4ebd-93b5-e2a237bbb8f0
2023-07-31,49b87dc7-0b7d-4943-a0b1-beb6d10d047b
2023-07-31,54b3ae7c-5af2-4a93-8a7a-668863853efb
2023-07-31,2379430d-5ec8-418b-91c9-37731bef6eee
2023-07-31,cb1da9c6-8e6a-4706-bddf-0ce4106d18e7
2023-07-31,5d6f40b0-61aa-42c1-98e5-8d1b4f2657cb
2023-08-01,70492187-9cd2-4270-a4a8-9e823ce734ef
2023-08-01,34189838-e71d-4362-b578-3facfb1ff283
2023-08-01,1259242b-a939-467d-bbc8-c0311cfbc7e8
2023-08-01,41cfe1a4-e957-4a16-9c11-00f06439691e
2023-08-01,4e032651-bb7b-45e2-bbab-a9fabb80bb90
2023-08-01,cdddc156-c8c3-42fa-80bb-a9fe8d054b9a
2023-08-01,757c3090-db8f-4855-8c37-e337e8c4cfd0
2023-08-01,42a12814-3122-4fb2-b019-830aa2e6b00c
2023-08-01,83032a3d-1798-4cdf-a5a3-faaad7839be3
2023-08-02,4402c10f-e29a-4b8d-a065-a06dde583eca
2023-08-02,896c80db-2b36-4b88-9240-80db44e078ef
2023-08-02,440728a4-6685-4262-ba9d-aa0c8605a782
2023-08-02,f7917a32-2634-448a-bc88-8da597678568
2023-08-02,de37a62f-dcbe-442f-aae1-baca61a89eff
2023-08-02,bf7768ef-f6c1-4575-9cc8-56ab9ad856b3
2023-08-02,60084b21-b419-4216-a9c8-339e4ee16077
2023-08-02,e9ccef3d-6ba9-47b5-8094-3207522bfe0a
2023-08-02,e7667f76-7a2c-4422-80cb-d6022cd93f78
2023-08-02,e0cf1b0b-6700-4348-8ca6-eae052e6b8a9
2023-08-02,a26eb900-d86d-44ac-be5b-c765ac9e2ee1
2023-08-03,ca7bcc35-f65e-4c46-9e21-79825ba45df9
2023-08-03,5f4a60e6-86fa-4c13-96a2-bfb040d0050e
2023-08-03,28e3b127-3a67-4012-8222-a1a970d6fee6
2023-08-03,c5af6ecc-7c8b-49bf-946f-85494d45b60e
2023-08-03,3e34093b-4a4f-4fd2-b309-c24b4e0fac39
2023-08-03,583859eb-2976-4f32-b243-5b6860d85d2c
2023-08-03,56a7b276-fa01-4893-84fa-1bf698b6dc16
2023-08-03,eec7210f-22e0-4416-9261-8ee378501da7
2023-08-04,65ccd658-95ca-41de-88be-2d1b7c9dc641
2023-08-04,6e8fcc1c-0962-4c28-9cc8-43c02dee8843
2023-08-04,69d22d55-f2e3-4841-84b9-f87558942506
2023-08-04,4019ea78-74ec-4708-93e0-eaf9ee841d1b
2023-08-04,d2edadf8-dadb-4a1b-b334-6a7086f0ec54
2023-08-04,3437c8be-af9e-48fc-882f-8be5e1e77f26
2023-08-04,1f787a95-55b2-42b7-8440-d2896b55d053
2023-08-04,badf5a20-7304-4d6a-b999-3e949133a746
2023-08-04,86ae1183-c089-4018-977e-e580c56b58bf
2023-08-05,11a276c7-9cf9-4513-9442-2579f587df00
2023-08-05,1d28d1dd-fa28-4d5e-8af1-87422fd85aa1
2023-08-05,a7bc4b69-3804-41e3-817b-c5a12f4bf03c
2023-08-05,3019bdfc-e91a-4fb2-96d2-0698e66fe63f
2023-08-05,5ec04b67-9dd0-4c9f-982f-10a02954b650
2023-08-05,f9f39e4b-b0e3-4b85-874c-171e1a48d989
2023-08-05,eb950213-5017-4cd1-bea8-ec8b2fd6f45c
2023-08-05,500b521a-86d0-44af-8b85-2b65104ac2fc
2023-08-06,1ec9a6b4-b4af-43b4-8422-e4313ef006fc
2023-08-06,72f55c1d-cdf0-4ae4-9755-0223ca184ae2
2023-08-07,4f5f0427-39f0-4c08-bb11-97c98f504ac9
2023-08-07,e27176e3-1eea-4073-b86c-0ec73419e13c
2023-08-07,c6371da8-df8b-4334-8d4b-36acd0f17880
2023-08-07,82c43e7d-c4d9-415f-8332-5dffdeb9fdf3
2023-08-07,4704bcc2-2158-49fd-b99f-bd298d09276d
2023-08-07,f0303587-4556-4069-b448-b302e177b2b8
2023-08-07,aacf223c-79a2-4ff8-ad0a-8cfee568eb95
2023-08-07,a39631ef-a0f5-4c7c-9d49-217aedae478f
2023-08-07,189a817d-e076-41d4-9f81-6bf46fd50773
2023-08-07,4712e71d-76ce-4024-a519-d456dad8bb2b
2023-08-07,05fb42e0-f05b-4391-b4e3-3e6fe7d0fa34
2023-08-07,e5f94ba9-62a1-414b-a78a-98ac3d4bbf07
2023-08-07,a7162ec9-ba6a-42fe-831f-f4820e613a5b
2023-08-07,a7554593-4088-4857-95f4-9ee903f994c9
2023-08-07,195748b0-0208-4e1d-b90d-fa531377e58b
2023-08-07,60cac51d-c0f0-4377-be36-952c7bf491d3
2023-08-07,0770000f-62f7-459b-a4db-ae2b0e0b6fe0
2023-08-07,4102670b-384d-454f-ba2e-6b984200699b
2023-08-07,68f14ec5-4514-4b71-916e-25685e1c8710
2023-08-07,af847cbb-792e-4f22-9ecd-d26038fea75f
2023-08-07,f61a63aa-8fa1-4e9c-9905-a474993bb23d
2023-08-07,8f5043df-55bf-41ba-8582-61450f48f5b9
2023-08-08,75f2fdb8-e0f1-43df-852c-a865ff4c1f1a
2023-08-08,2bb12064-fc96-4d3c-b26c-f012e773996e
2023-08-08,5331ea08-a9aa-4eca-9e6e-42e57f0118b7
2023-08-08,71563cc5-9d9a-4374-83b3-b8d91060167f
2023-08-08,b2eac899-5c65-48c9-94ba-19c14cc4a537
2023-08-08,9fb7a391-efb7-454a-9d55-b4e98002e47a
2023-08-08,8fd274d3-bd17-4be2-af38-1ef3e7ed8cf8
2023-08-08,ad8ae521-30cc-4497-8269-6de30d65d15b
2023-08-08,431f3732-9016-4c0e-85ca-d5a0b07a75e4
2023-08-08,468d4ea1-8010-45ba-8f9b-436f8ff73018
2023-08-08,e52c5a73-1889-4cd6-b551-802310667826
2023-08-08,dc16d91f-18b1-409d-9b6c-13c28492c0df
2023-08-09,b2d0d54b-7f27-430e-9076-c03a979d2e46
2023-08-09,ae8125e7-809e-4b17-8b9a-09ea898a6de3
2023-08-09,3896f2de-fafd-4a05-9416-0547738afd40
2023-08-09,95be2494-cd21-4cbb-9ab4-a5fc25fd1361
2023-08-09,f054c750-d10d-46a2-8b5d-9b7835097c1a
2023-08-09,305e045f-f26d-44b2-9916-32eaa3a5efcc
2023-08-09,050d4e07-0f69-46c5-afb1-ccf36e5c408c
2023-08-09,533942f1-46bb-4815-a437-7483ca2f93b6
2023-08-09,4a4f9b83-0772-4b20-b330-154295f83c2a
2023-08-09,61c27c03-81f6-476e-b413-c5459d9f34ab
2023-08-09,8185c758-7833-4f58-873f-63aabfbb6070
2023-08-09,6e80aa90-1bb0-4f01-bd54-293de9486061
2023-08-09,c677f5dd-0540-4390-a290-520a02e9eb49
2023-08-10,1509029b-1be0-4603-8832-555b7c5ff4e0
2023-08-10,40d27fdf-42b2-4714-be27-45589b8dbb08
2023-08-11,9e52a379-d2e5-438c-b8ec-9c98a201c835
2023-08-11,b4499213-09ca-4e48-8af2-c81da0ab7a58
2023-08-11,2551500e-22b4-4179-bf91-5b99e2bb32fa
2023-08-11,a46c40ef-fca9-41d6-9c0c-3be3bfa05b19
2023-08-11,4d75bbe5-aea7-4aa9-bd14-3c28c9b93974
2023-08-11,e78f5e71-bd53-4296-9464-f81b2a50dd76
2023-08-11,09178c7f-46af-4778-91b8-d031998b7aab
2023-08-11,a19e3277-e6a8-47a8-8a9b-be0e615f159c
2023-08-11,97088034-42cb-4526-b000-b60e8e167913
2023-08-11,58578879-2f37-4619-999d-d93e8c80065f
2023-08-12,cffe2940-a569-4f5b-a348-6a80599ebb79
2023-08-12,d2d43db2-dabc-4ecf-8a24-77f8de155dd1
2023-08-12,cc531b94-7f60-4473-92c2-0ab90c89d929
2023-08-12,4c4d8903-42d3-46f5-b0ed-7e0f28868bce
2023-08-12,b7e9eaaf-3f2e-4d73-9573-85da50f1e960
2023-08-12,2d59e2a8-9fcd-4627-8e0a-638b925f4810
2023-08-12,6c168d45-8b28-49bd-92aa-cc8a91b4a556
2023-08-12,c3885927-3f93-4449-962c-9a7425e82f23
2023-08-12,6f448c6c-4d3d-4f63-82ab-6a6195244d1e
2023-08-12,73156d41-cf30-413d-b6f6-36da53f70082
2023-08-12,c7096860-ca7d-4a14-8733-c641ce948192
2023-08-12,6d79d686-eeeb-46b4-ba22-01a5c1e50e45
2023-08-13,5f69d451-36f1-4264-b9f5-a33bb7e2bc43
2023-08-13,6052aca1-9350-42a9-95b1-a65babda95e6
2023-08-13,bc756d6b-f7ac-498b-9e2c-91dde375ef9f
2023-08-13,5b6d07b4-121f-4923-b183-e75385a937c2
2023-08-13,22b745ea-d213-42c9-a7fc-d5280d37ce93
2023-08-13,65632254-191b-407b-826a-05b9f13d9733
2023-08-13,8fb933ff-6222-49fe-9bb3-fca6da9224b5
2023-08-13,8879d7e1-6ee7-42a2-9993-d617f671b361
2023-08-13,46b162c5-ad64-414f-96e7-27046562ebdc
2023-08-14,2f79d1c6-3841-4045-8f0b-05e28500bdb9
2023-08-14,68595ebb-fb87-41b0-a073-b039fa7620df
2023-08-14,08518bc8-abed-4761-b98f-ef26b06b4587
2023-08-14,3673b80a-a93e-4361-a125-281dc794864d
2023-08-14,afa220ea-e871-4f52-9a2e-bc4d6da98bd4
2023-08-14,8a783256-1b10-403f-aebf-568c06fb15f8
2023-08-14,95bfb11f-8f5a-4d3a-a0e1-c8e7c681e593
2023-08-14,abfe2a11-4077-4225-b15f-fa0e6c0c0cb5
2023-08-14,4b2f9eb9-264e-4dab-8295-2b915fe199ef
2023-08-14,13636be3-7689-49b8-9356-af2175f92a27
2023-08-14,f3a09708-2231-4754-8324-2197facfaa04
2023-08-14,449cfba7-9a57-43b7-8250-729cb7f6b96b
2023-08-15,b590a13b-ddbf-4725-8de0-6751e4f67128
2023-08-15,fc54cef8-291b-42b2-931b-74d71c443315
2023-08-15,aa4551ba-ed84-4ecf-b883-36a1d47a43d6
2023-08-15,fda98a14-bcaf-4645-91ce-29bece6a9c0c
2023-08-15,fbbfd04f-8db9-4f0a-bdc3-20a5dc8a6eba
2023-08-15,0ab5d66b-dd2b-4d76-bd53-290d28dc8126
2023-08-15,632bf980-d8b4-4916-b7b9-a51aea2e24f9
2023-08-15,2c4955be-1573-47c5-8978-f57e0c50bc6a
2023-08-15,049ca369-e2bc-45ee-acd3-5b186ec13e90
2023-08-15,ff701169-e82a-41d6-9c9e-98eaaaa26ced
2023-08-15,0bc11430-ebcc-456a-a092-aa9e10c5fc30
2023-08-15,de2394da-acf1-4850-a980-a1cc0bac52b4
2023-08-15,45d7f19c-c60d-4c34-9969-94d8ffc9616e
2023-08-15,d99b4de3-72c5-4331-b65d-8637c87cbdf8
2023-08-16,09661d33-6027-4667-a08b-ae0a00fd779f
2023-08-16,69aaa3a1-845d-447b-9bac-babdc71f1b30
2023-08-16,e3d72458-36ae-4cf4-a6eb-4d9ea92affbb
2023-08-16,2487a30d-dd46-4f1b-ab94-6be3d24f8b67
2023-08-16,b2b9c966-2d1f-45c0-9db9-0231e5109bca
2023-08-16,41936716-14b3-4856-8af2-d57c4b34891f
2023-08-16,787c733d-d715-4b51-b304-d33d7000d986
2023-08-16,ba55368e-15e6-46ff-bd30-cd0babfe07be
2023-08-16,ecffecf4-db34-4af6-b5bc-2f68236c21c5
2023-08-16,9e71ba22-8395-4730-a0f3-b051391614d9
2023-08-16,6361a398-79e4-45a4-9a72-a187d986e9eb
2023-08-16,b86deff9-fafb-4ba5-8191-9d67a3a57585
2023-08-16,3720e4f8-033b-4ca7-9b90-e87730257eff
2023-08-16,0bd1658f-32bc-42aa-bc43-cc7d4f56dc81
2023-08-16,22ee4098-fdba-4f43-9bf8-050882ec89cd
2023-08-16,7ab6cd66-d5d9-49d0-aae8-d880bc1ca56f
2023-08-17,1aec97a3-8340-43e7-84e1-ea7b312a8174
2023-08-17,7a49b614-baef-44cb-b59d-c2af259f2c4c
2023-08-17,d44ee981-1558-41e2-9e35-7c69a9dd10e0
2023-08-17,c684233c-094f-4ccc-805d-f045ec362505
2023-08-17,7c868de0-58fb-490b-9f93-f129ab464c76
2023-08-17,a7276834-ae61-40ef-b637-9aac7766ad12
2023-08-17,e9a2b3ac-89c7-4f84-a57f-3196e29605e0
2023-08-18,21e4a3b9-8518-46c7-a22b-c38b3033433a
2023-08-18,eca13136-6229-4a31-8773-1457e230d401
2023-08-18,4a10533b-14d6-47cf-918a-112a19cceecc
2023-08-18,e3570290-447b-4aaf-8a6a-f090361b49cd
2023-08-18,22f90e67-e49b-442f-ae1e-0bfc1018642a
2023-08-18,c224b128-27cf-42ab-b743-45a9f2bdb7de
2023-08-18,35a18de5-8a4f-45a2-8b75-561a17f46211
2023-08-18,2ae6bc14-c3ed-4f5a-a209-e0b9616f5d44
2023-08-18,cdaf6526-4c5e-4c5d-84fc-c589d813d6a2
2023-08-18,932c733f-3f03-4912-b156-3ae7005d6ce6
2023-08-18,064cc6d3-e741-4175-be23-bf6a694862a7
2023-08-18,83b0d4cf-576c-426c-9482-861c9e5f4989
2023-08-18,dc485bf7-fc02-4c26-8c02-7106bfec229f
2023-08-18,e3bdee1c-787d-419d-92c9-265c3f6e99f3
2023-08-18,82a9d8ed-bbf6-4405-8cf0-afc9477fd234
2023-08-18,87314151-345d-4b45-8f9c-58cca393fd85
2023-08-18,d4bcd974-afbc-4b28-9e78-6d87e1c4b1b6
2023-08-18,ea9eab29-ea37-449d-9643-1c94e570d2ef
2023-08-18,9d8ac39d-fcc9-4f11-b696-817122e411c8
2023-08-18,b3d3f57f-ef36-4501-ad05-bb4423fbf2f3
2023-08-18,c8b2ee45-d3cb-4cc1-8e33-3fadb7287238
2023-08-19,7f610c2f-d11e-4bea-b953-c9834795ed9c
2023-08-19,5b26923f-3fa1-468f-982f-89cc8d9e0d07
2023-08-19,9371bfea-2eec-4a69-a368-6c1a87ae4eba
2023-08-19,a8a1cd15-5aab-46a2-b481-31ffb327c9d6
2023-08-19,9cd40e98-03d0-4e5a-a7d1-7a6eb0932660
2023-08-19,3890ef0a-3433-451b-9b90-b6a01949041b
2023-08-20,b7076a0d-83df-460d-8074-d3871c55bc83
2023-08-20,5629bb3d-015f-4865-be2f-3c837ac299c2
2023-08-20,eb5b3b6e-c56f-4408-9eea-b4c60d136534
2023-08-20,18b32668-1ff6-40d8-a12e-08bb06a84c86
2023-08-20,468f28fb-b4da-4565-89b9-7012bd7b16a5
2023-08-20,f14f2a21-a055-4b51-b5ad-f44a78d89db5
2023-08-20,b25779bd-de62-48e8-af0e-2d3b2949b6a5
2023-08-20,eeb96fdc-001f-4215-8510-b67b8c01a782
2023-08-20,498817d8-449d-4283-9381-dfa1a800fef7
2023-08-21,b8196566-c562-4100-b5cd-29e61f9289b2
2023-08-21,2576f8d7-3995-4c82-95ae-47e9972e56c8
2023-08-21,679ecc3c-5867-49f2-934e-810cf3ae9609
2023-08-21,03c7c9e0-ad13-47db-91d0-ce76cfc946c4
2023-08-21,1d44326d-5045-4102-92b1-2b195b22faf8
2023-08-21,55ebecc1-1936-4a03-971f-9dae015dcbb5
2023-08-21,240071b0-597b-44bf-b3dc-1656c1ba2e64
2023-08-21,a85cf3a6-6987-4d25-b252-711672bdffee
2023-08-21,a5fe1c04-ab76-487e-87ef-b618fc32172d
2023-08-21,de159fe5-71a9-4131-8be8-83d64e3c72e5
2023-08-21,d0f6f954-8f14-4eaf-9cab-351809670dc1
2023-08-21,816e0a8e-4638-4ee6-84be-537a5e42a642
2023-08-21,cb0002f0-2078-425b-9d6a-e4d441ec9927
2023-08-21,53fc8545-9861-4887-a5d2-4d82675cf920
2023-08-21,e24dc907-f2aa-4909-af9a-a993bca4c937
2023-08-21,5a53ad2f-03a5-46cd-a660-ad61aaa9b6e9
2023-08-21,cfcc2e31-5b8a-4a63-b3ac-d65730356d2b
2023-08-21,e1daa1b6-e133-4561-92da-1f62470a8e9a
2023-08-22,92bec7b6-8a89-48cf-b362-3de5f73c5189
2023-08-22,ee195d05-c14d-4457-a854-4a394d702de2
2023-08-22,6eda9e95-9f09-459a-97ec-eb42621d49d3
2023-08-22,74b1223c-506b-4587-8950-c5dfbdd682ec
2023-08-22,77a5a041-a8c2-4bc4-ba63-de3883610766
2023-08-22,f11e6c7f-5748-4669-9299-ab1be7908888
2023-08-22,bc578a93-e522-443c-bf6c-a1eb2289a97c
2023-08-23,dee1a992-06b5-4920-8fbc-4c0cfe4a2952
2023-08-23,de5adb62-9ab5-4ebf-99e1-b7d557c8609f
2023-08-23,f14da926-2616-47c1-8e6d-73087ccdf2d8
2023-08-23,09ce6420-e1af-41e3-9bf4-f45a1db286c2
2023-08-23,919646fc-f849-47bd-b87d-91e581254747
2023-08-23,45833d7b-0157-47b5-887b-392026c60b82
2023-08-23,9d5dcc35-9afc-4867-ac45-2dc5a8d85648
2023-08-23,50c973b4-6103-4096-abe0-0b86b396d2a4
2023-08-24,76b46d2d-0a65-42f9-bb9a-53a6b827be54
2023-08-24,ab63e297-62ff-4751-88ce-344ad9e7081c
2023-08-24,e1379006-85f4-4420-a702-4f51b98da061
2023-08-24,c973bd16-0041-4136-8da4-25f8aaa328a9
2023-08-24,a7097560-28c6-4184-87a2-7718503afb97
2023-08-24,7c68b377-0cde-4870-9464-37cade1907dc
2023-08-24,b572247a-107f-41b5-8159-7ab2fa49000e
2023-08-24,62b6401d-7db3-4eee-8fee-b037a56d91c8
2023-08-24,9297752c-d133-4483-944c-5b8ccc783714
2023-08-24,50e1cfe9-42fb-44a4-9744-19063d0e0224
2023-08-24,0b10bda8-ce8e-489d-86dc-bdcf8a983b74
2023-08-25,7f00c45e-7dff-4bf3-9a08-6bd4a1eb3fa0
2023-08-25,9e2ceb3e-47c2-4e79-8595-7263f866a777
2023-08-25,61b55f72-d00a-497d-bfd4-416ee9f2f5e3
2023-08-25,8bf85ffd-0475-4520-a2d1-58c7d43e36ec
2023-08-25,8928531d-2201-4368-ad34-28a3182d5889
2023-08-25,e578a3a3-695f-4d55-8138-8ea1d5453d7d
2023-08-25,b21a4c32-b1fa-489e-81cc-5a42d675539e
2023-08-27,f39c7ee9-20d5-46f6-b364-c8cd016d71d5
2023-08-28,23b0f94b-a6a6-42c8-96a4-cad1d87f5794
2023-08-28,ce7b8363-b75e-481f-a503-1006acf6b21b
2023-08-28,b48dad4b-226b-4350-9305-5e4229ded94c
2023-08-28,f5511e75-9ae8-419c-9abe-b887327aa3cc
2023-08-28,e3e83c2d-5ae6-436a-afb9-cdf8505e7152
2023-08-28,fd2c1591-b26b-48c8-9fb6-6df7002dcaf4
2023-08-28,3653085e-d586-431e-aa7a-cff7c53a16ba
2023-08-28,2f43e68e-cb23-48e4-9dc3-d67d44fd87da
2023-08-28,468abc84-7772-4ff8-854f-80fbc05f721b
2023-08-28,833f942b-7a36-4b52-bce4-c2b7228bb8d8
2023-08-28,cf68622b-9041-4655-b2f5-207b7ccf972b
2023-08-28,b48dbaa0-4ec9-461c-9009-fd395ebddb4f
2023-08-28,e9b112e7-3d79-4f6b-a019-74e34c12c038
2023-08-28,1e0c3fa0-a5e3-48d6-bc62-d1e27752a35d
2023-08-28,ebc99217-c29f-4b20-865d-102c69154aa0
2023-08-28,6e956880-0f6e-41d8-9506-81435cf068e8
2023-08-28,e149e8a4-5606-45b3-ac47-a2131cb2a998
2023-08-28,042801fe-fca5-4808-ad3c-ac141bde6c0e
2023-08-28,69375298-0dab-4525-8f3d-2091bceba955
2023-08-28,0130aa1d-e2af-442a-b50a-4a31f95b577f
2023-08-28,ba2512f6-f0d7-46fa-bf09-8faa92049b3e
2023-08-28,607f981e-10ec-4c75-9cf3-be7672ad319f
2023-08-28,46678493-fafc-4ef1-bc6e-9062b30199d1
2023-08-29,269b8d67-9a3e-437b-830a-a2aab279e4a4
2023-08-29,acee7f0f-0aca-471e-90d3-c13e0dc1b921
2023-08-29,b9e06caf-f9d5-4fbe-8782-22c8c77cfe38
2023-08-29,de9c1dac-cdc1-433e-836f-6c0bd1850ce6
2023-08-29,46c890ce-a214-42bb-8cde-d6db1cbd68ee
2023-08-29,7e33fa2e-5dbc-4688-94a2-ec5a69a3aa94
2023-08-29,7d2b3250-6cd1-477a-97f4-b2111c510776
2023-08-29,0152c8d8-de3e-4561-8941-65f3c1b00b2e
2023-08-29,2e164cb1-78a8-47a6-a339-6d5a8aed83e6
2023-08-29,d401a4d8-8dd2-47a4-8b7e-ecda26fc54c2
2023-08-30,b70a9646-7670-43d7-bae7-15c3b8db918a
2023-08-30,a516c59a-2bfe-40fa-8212-a872245671fa
2023-08-30,62524480-8215-415e-9fe9-d08e95498be2
2023-08-30,02831de3-ad84-4059-994b-6eacd049ad01
2023-08-30,adb4cd21-af62-45db-a3de-26afa9633db0
2023-08-30,d409b618-2ea3-4d36-9a84-3b0b05726fa8
2023-08-30,c421247e-8075-46b5-937d-71f0f6df1bc2
2023-08-30,5cec373f-8c29-43c4-8963-a3cf71826c0a
2023-08-30,fa7fefa4-a360-458d-b121-fe63187b124a
2023-08-30,bc19e312-4361-4ec8-a394-32b3b1733652
2023-08-30,64e7db29-001e-4050-a0e6-151d7e31c2a4
2023-08-30,0935af7e-e41f-4104-bb2f-83761e64a4bc
2023-08-31,9894fcb3-676d-4f12-a4e1-c3907b191748
2023-08-31,dcb60932-0d0d-4b4e-9028-600e6dbeb753
2023-08-31,93e72ef4-1235-44d7-9b92-8908c5c84168
2023-08-31,9cba3028-aa6e-4111-9f56-0c3930271e31
2023-08-31,6b35ef85-f26b-4315-864e-cf2331161b6b
2023-08-31,446c68ba-998a-4a89-9f8e-bf84829aa229
2023-08-31,05869186-f6df-40f0-8c43-9a118d8853f4
2023-08-31,047d543c-f01e-4716-8511-7697f01059e6
2023-08-31,606f1cdf-5c35-45df-9102-dc090b6d3ea7
2023-08-31,cf07d370-a86a-44b6-b969-7066a01b615a
2023-08-31,c5c541d0-96c5-4782-adad-1fbd95494562
2023-08-31,927d45b5-6043-42d6-b010-18d8e93823b5
2023-08-31,ad18af48-687c-426b-a336-5c8a7e120f9b
2023-08-31,824bb348-87b5-42fe-8c44-46e809526ab0
2023-08-31,8cfbac10-8d9d-4eb6-ac4d-5d13643fa383
2023-08-31,f8002fa3-d2be-4564-a244-e5cd018abc47
2023-08-31,8ceb0510-6136-4d80-b5d8-e9fb99b65c3a
2023-09-01,419d69eb-ca47-4e2f-82db-0abc93f270ec
2023-09-01,38fd1c2b-0589-40c2-8031-7f6d048d0c79
2023-09-01,abf03750-c11f-4d2a-96ef-087bc709081a
2023-09-01,3c42a5a9-9cec-4c1a-b251-7e4dbfa0a222
2023-09-01,b41b91bd-ef81-4bbd-bde2-eab9e3ecfa63
2023-09-01,ebf82182-8026-48e5-8324-0f5446a166ca
2023-09-01,c2e0325c-9211-4398-9de2-1d19a774f199
2023-09-01,b4c49088-cc67-4106-b251-02f63a872d5a
2023-09-01,4ebe06ad-0c03-4136-a5a6-b42cd8aea7cf
2023-09-01,a0d3a1f8-58d8-4926-a213-6a0e2d101cc8
2023-09-01,37a9afa6-aefb-4e11-ae26-16d679484d25
2023-09-01,cbac56d3-9f47-4649-8dd5-4b30bb22a103
2023-09-01,0e44a9ce-4701-46af-af91-5c0752260ad5
2023-09-01,1df9367a-3540-414e-9403-7619049f5094
2023-09-01,bb92aa11-7530-469f-988d-c7d84bc0ee73
2023-09-01,918edcf9-4a05-4545-a2c4-9256daffde3c
2023-09-01,4a7dc14a-e814-4936-b4c4-43aa8ce1d4ac
2023-09-01,69469923-3646-4cff-baee-b18d28984fe3
2023-09-01,691a422c-56be-4d8a-949c-77c468e27ad7
2023-09-04,0188f135-3c43-4c9d-bb82-074d68f3daec
2023-09-04,741e9eb7-42ee-4c15-9307-8638c8e59be7
2023-09-04,559799f4-84ea-451e-86ae-170675d9f1eb
2023-09-04,70058c3b-c95c-4700-87a4-dd9538f10c6f
2023-09-04,2c477e8f-8562-4ecf-b114-4f0ce920bbff
2023-09-04,9efeafcc-b2f8-4f13-91ba-64f6d475a613
2023-09-04,f5e82ef2-f879-4c6b-a349-0c888e2fbfcf
2023-09-04,5b69a3c9-8e6d-4058-babc-3d553fcb8256
2023-09-04,056809b4-e37f-4ccf-ada0-540bca176442
2023-09-04,0ba881a1-4290-463b-aa96-55cb98ed27a3
2023-09-04,c9ba0e12-682c-40a7-8a52-8524b0da6965
2023-09-04,f36f6abd-0d52-482d-a8ac-5e4b9e635d3b
2023-09-04,cca899bd-80f4-4ac6-88b6-8a77b7904b62
2023-09-04,076f2fc7-535a-48c7-bbe4-75577aa2a61f
2023-09-04,dd64c3c3-36c3-46d1-a911-c55cff5160e6
2023-09-04,7a8306e5-03bf-4039-8a0e-85e19a2b7123
2023-09-04,e740180a-d4a1-4c5b-bc93-613cc10e6fd8
2023-09-04,e6dcb5d2-700d-4d62-95c2-21501f25ba82
2023-09-04,a5df6692-9ee0-43f1-9cf4-c4411937cc0a
2023-09-04,d2b993c6-f49a-416b-bc10-ae864d36f9fb
2023-09-04,6aaa5e11-2232-441e-8c2f-9dc14eb7e66f
2023-09-04,2e50d6cf-0fda-49a9-b9af-56e7bdd0e7a6
2023-09-04,4fd2d71f-f238-4b55-b45a-4ea68ddc6e9d
2023-09-04,341d22e7-d9cf-4cf3-8713-56f3b164a8dd
2023-09-04,38dff635-4cb1-496a-a485-312032aa5387
2023-09-04,168cda31-b596-4f65-9d79-4c0bfae49121
2023-09-04,d838c9d5-dba0-4b40-9daf-be8186abac97
2023-09-04,e754ed29-4a0f-4ade-9b2c-065bc9c2e030
2023-09-04,264fb0b9-9cfd-4427-b88b-d03727d3cd81
2023-09-04,58a78292-1968-4166-9840-3fdd5fc67ef6
2023-09-04,000590dc-046f-462b-8225-4c81a97b7166
2023-09-04,81f1a612-32a7-4fbb-bfae-8bd5776abd96
2023-09-05,8ce11a3b-78b6-480e-a211-868e99f9731a
2023-09-05,acafc779-ef3d-405e-acf5-0c00dfb2b828
2023-09-05,b0083d94-d8ae-4b4b-91a8-c5927ce20a52
2023-09-05,b549343b-6445-4115-85e9-955698143253
2023-09-05,f3dcbb96-00f7-4d86-8c43-61caf6768da1
2023-09-05,546fe78f-97ee-41fb-aa5f-ae23b809a13d
2023-09-05,e7375c8d-f40e-4d37-9982-aac41393645a
2023-09-05,7168d479-6e11-445e-8365-7355ef37566d
2023-09-05,9ab837e4-5aad-45db-8926-e0f92fb30e87
2023-09-05,e8dbcce8-5835-4645-9736-7c1e2ca996c2
2023-09-05,7a18f059-f8ae-4ab1-b4be-ebe6f11cc4c4
2023-09-05,ffb82bb5-0183-48f0-984e-0b69b2f12c6f
2023-09-05,15d28f77-6e84-41e5-98d1-26b208ef6dcf
2023-09-06,e2d73292-3edc-4c91-afcd-7bce42a24eab
2023-09-06,d9ae0517-8974-4a96-8d09-f2f5a6c39a1f
2023-09-06,435c2b2a-a68b-4fb8-86f2-fca89ed7637f
2023-09-06,fdc76755-0447-4f0d-8343-a0b590a9c2ac
2023-09-06,f26db484-0298-4dc8-b6f9-1180c2e5c957
2023-09-06,90766716-cae6-4260-a6cb-9901dc5b21cd
2023-09-06,1e6cb7ec-af2c-459f-9be3-09486c8ff7e5
2023-09-06,e28640ad-b856-4031-9421-9f878034b46b
2023-09-06,b82b29d5-e5a8-420c-8026-064a77efb190
2023-09-06,1e399a40-a329-43f4-8f98-1fa38ea02bff
2023-09-06,a849e597-6b61-47c4-b972-f5b74eac131b
2023-09-06,06ed9e12-7ed9-462b-9c1b-3c3fc4e229f9
2023-09-06,6c8b982a-b7e3-4d6b-ac8a-638fdc32d08b
2023-09-07,9580c21d-542e-422a-b557-eb569b28197e
2023-09-07,52b26a01-b934-4b4a-abb6-eeea3ee2ab9c
2023-09-07,6ce98f05-863a-4b0f-a9ba-dcd4d9ab79bc
2023-09-07,1e9f0b17-edc9-49c3-907f-fe93d9de4c52
2023-09-07,2f32241d-2810-40b0-a735-8d46f8a14c94
2023-09-07,1404a236-44f5-4aa7-9f17-0139d204d5fd
2023-09-07,3b31ae9c-defb-4954-a3dc-eb210326422a
2023-09-07,03d5801c-826a-4f0c-ba56-6815aad2137a
2023-09-07,03946b80-9402-4a50-bf8f-bc11b4f4f817
2023-09-07,a2e54900-df9f-4d6c-9a71-eaaf483444f3
2023-09-07,3f5eebd5-096e-47d5-9d48-b8e5926a15b0
2023-09-07,bc19027f-3df3-4c76-8e8a-f692c6523671
2023-09-07,1d6c67b7-2acc-4275-aa90-ddaf8af080c2
2023-09-07,cf9043c3-c250-420d-8252-85abf5e7c45a
2023-09-07,d37e265e-5d2f-4658-bed5-377b9f54761c
2023-09-07,f5792200-85d3-49c0-bbd8-dc7674900091
2023-09-07,7dc521c0-fbbe-43c6-92d2-5ecb164a6cea
2023-09-07,29e66d4b-2a88-42b5-b52e-7e5acbb4ff9b
2023-09-07,e6d06137-1df1-4969-b52b-878da7922ca4
2023-09-07,2a1901ae-107c-4352-9cf8-1ebc7a232558
2023-09-07,2146261e-d462-4f83-be81-e5b75932a6da
2023-09-07,67bd8a29-ca7d-4320-86cd-0099619b2c31
2023-09-08,575eec60-b86e-404b-a01f-f91ff46b94b4
2023-09-08,fb320a1b-ed02-4697-85a8-3490c47ac366
2023-09-08,d0ec9f63-1861-4775-bb49-069d232780ed
2023-09-08,515de347-c70e-4034-87f7-3326f6677eba
2023-09-08,85ff5fc6-89e0-410f-86ff-f68179962185
2023-09-08,3cb59755-e4b8-40da-84e2-82fab6119980
2023-09-09,ec7d7562-3c59-4faf-aaea-71a4dc436d33
2023-09-09,ad3a2e8f-7fc4-487a-88ac-0f4f9351c3f5
2023-09-09,b33be6d9-3757-407b-83bf-9880cd24fe38
2023-09-09,34abb096-4c62-465e-9d46-70f15e393015
2023-09-09,e28b7803-aa38-442d-be90-7b9772469990
2023-09-11,952439a2-1a4c-436b-89a9-eac93ecd52d9
2023-09-11,f2986722-8e9a-4745-b3fb-554032c63f29
2023-09-11,69efd971-b9bc-4b97-b45a-7a52651e4447
2023-09-11,8ab044af-7a92-4b31-b886-bc1c5cd58987
2023-09-11,d3bbe51e-1aad-4a16-a322-c28fc83a3021
2023-09-11,f5e3e70d-0c07-4abc-a8b1-ddb90cc9e442
2023-09-11,7d3ed766-f485-4763-9e83-b19b9583f4ce
2023-09-11,59457913-4a7e-4155-8d88-982d96deeba3
2023-09-11,90e084b1-d093-4da4-baa5-61552d3077e8
2023-09-11,7413b244-395b-41d1-b444-b886068f1dee
2023-09-11,072b4f64-cb41-491e-8be2-169cd7eb4db9
2023-09-11,06f8c035-44e0-4720-981c-967f51b7321b
2023-09-11,1ed6aa8a-05ed-48fc-8169-0179e6b1148b
2023-09-11,b8fdc5f3-77d2-420b-b4b3-bf80b1a554f1
2023-09-11,f3c6f943-17db-4d1b-9364-09f306402022
2023-09-11,83bea592-79a9-434e-b656-7b7cde66ee1c
2023-09-11,a94ca11e-164f-490f-9770-0a69784c6e74
2023-09-11,7756b89e-6c80-4b0c-b8d1-fec808dc74a6
2023-09-11,e5919357-a788-488c-b5b3-9606a4be5dca
2023-09-11,9d8c1577-aa39-4f39-8abc-def1864f40d6
2023-09-11,0f6d575f-28b1-40a4-877f-1bc49800d626
2023-09-11,7471b722-aaab-4d64-ba5d-6dfa94ce3a96
2023-09-11,19e4f3e9-58c7-4886-b8f3-fa70d8fa4933
2023-09-11,b705026f-db77-445a-804a-82abe7298e65
2023-09-11,06dfc8d6-5f7d-4eed-8d0a-1267c610bf2b
2023-09-11,ad51a9c6-a11a-490c-8c5b-74e5e4d8c4c4
2023-09-11,0a45a8f8-62fb-4721-8905-8de29ae2c9a7
2023-09-11,272b4fc4-2f54-45c9-aee2-f96b31268841
2023-09-11,febd507b-d9cf-4648-8ef7-77714a0a3ea4
2023-09-11,0fb06d81-294b-4f36-ae11-a574bcf39fa3
2023-09-11,f3bea68f-bd42-4542-a259-db369b08ef6d
2023-09-11,fbb8eb7d-8c6a-4600-879b-b5d79d67b739
2023-09-11,75da12fb-f26d-4014-97ea-d78da0f71999
2023-09-12,c092b186-c633-4335-9949-8329cbdff24d
2023-09-12,141e9e8e-026f-4392-8b98-01ef319b5c33
2023-09-12,1aeebcbe-1dc6-4911-975d-5a368e8b62c3
2023-09-12,e80ce8a3-6b40-4616-b43a-f50a771fc44f
2023-09-12,b7bbb678-000c-4e17-a94f-28977d9137e9
2023-09-12,38c19c1a-793b-4a2a-97e6-c1c7359a5699
2023-09-12,7d3706d1-5c97-46ad-9754-68271e2db9c5
2023-09-12,12d86793-fe1b-45bd-b67c-0d15be02e25c
2023-09-12,1910d233-d9e4-4117-aaf4-9df529877a58
2023-09-12,dcfcd256-aab6-41d0-a1b2-c89658889a4b
2023-09-12,a6db6c52-7f6e-41dd-be73-c2c932059043
2023-09-12,3c0eef40-2824-478b-a6ca-116b6fb23b46
2023-09-12,6dbb9bf9-cdca-471f-9937-ab2edcd827b1
2023-09-13,abcc739c-ca7b-4ada-8de9-553a963278da
2023-09-13,a37a66b0-337a-410a-90b4-59f7501d8e4f
2023-09-13,079e2bed-82ec-4118-bc07-ad4b5cc78bec
2023-09-13,8c7a61e0-f5c6-4da1-8610-985611954be5
2023-09-13,e836e776-34c8-4fc0-b427-3f8d04e88cee
2023-09-13,3c7abb62-b7c4-468a-bb0d-e84151779af1
2023-09-13,f1c9df1d-a583-4100-9fcd-41da3aca077a
2023-09-14,0a38905c-5fb7-432f-9481-17109b3f6558
2023-09-14,7647e454-ab93-4aba-a9ff-678934eb1333
2023-09-14,c2340dc1-ed82-415d-9a63-598c691c974d
2023-09-14,792181e6-85eb-446d-8328-37cbab08e27b
2023-09-14,378b9ccd-5386-4db1-8eae-7d081951c108
2023-09-14,55d3808c-25ba-448a-af80-5980dab68069
2023-09-14,2f8579eb-0d61-46f1-87f2-c2f33b680941
2023-09-14,55430689-020d-48d8-a314-53e6437d641f
2023-09-14,44548385-62b9-4d61-8788-feed51112251
2023-09-14,81149bc9-372a-445d-8f1b-a8c0eab46b1d
2023-09-14,4bb1da11-2c3b-41d7-848f-eca9e5d2f4c9
2023-09-14,3fe772ca-bab3-47fd-a38e-80f6bded0a49
2023-09-14,2a7656a9-00ac-4e5e-bd60-866cd95d242b
2023-09-14,a9370741-bc35-45e6-bb0b-a2ed345648a6
2023-09-14,ef119997-2710-4013-941f-78e361918128
2023-09-14,cdc8fce3-34ae-471e-bc25-4eaf320ae329
2023-09-14,ad315247-e74b-4f06-bba8-c182050d557a
2023-09-14,ed324c1e-3dc3-4d65-acff-a5adb463cb84
2023-09-14,44903081-3d6f-41e6-ad0a-1ee466216778
2023-09-15,57cfad07-1e6c-494c-8c29-c968c49e0c00
2023-09-15,96b6909c-fa38-4bfc-b656-9e4616630fc4
2023-09-15,23232f58-b985-4956-9607-7ee8458aa8f0
2023-09-15,cc939493-f364-4862-b0c6-1ba1946089bf
2023-09-15,7498bcf6-c078-4051-8fa9-89132cfc692d
2023-09-15,5cb59b1a-f01f-4f75-917e-e8dabb67ca1b
2023-09-15,b6b5d7a8-f5a7-4595-8abe-ba62092644d1
2023-09-18,38e0f354-2200-4b0d-9294-5d61125edd7f
2023-09-18,53b629e6-d675-426c-a9ae-3aac57307ffd
2023-09-18,1f1aa8d5-dd87-42a4-acf1-625e319d9cb3
2023-09-18,54e90997-8c2a-4ca3-85ef-9ba92a47080d
2023-09-18,850f58c7-957c-4135-a3ae-f20646d5c012
2023-09-18,bc9c52a4-48af-48bc-92a5-716a38dad4cf
2023-09-18,6a90739c-c577-49e4-8e72-a6456f907591
2023-09-18,2300180a-0155-4db4-a66c-1f528c98ce2a
2023-09-18,55709078-ced4-4fac-a2ed-55093582a0dc
2023-09-18,5c59b869-adb3-47df-8663-f1ab95292090
2023-09-18,363df8d4-b6b6-4893-99b0-5a2faf1988a9
2023-09-18,e0d1b3b5-5885-42b0-a1ba-a760f841ad69
2023-09-18,9f970f96-e05e-4616-9dad-4f8fdb155e4c
2023-09-18,27e7820c-48ab-44e8-9450-45550bdb240e
2023-09-18,c5685e7b-e521-4552-9936-c49c17d2d94c
2023-09-18,fecaebec-a85f-467a-ba03-bcfd4d72eae2
2023-09-18,7e5a8500-ae98-4a17-a865-5b21ae794b10
2023-09-18,4d42c4a7-3ca7-40f7-bb4e-372f28808d51
2023-09-18,7cb558c1-1a93-4163-a662-70d1784d112b
2023-09-18,05530875-92e0-44a4-8adf-6544b8f6a520
2023-09-18,8cd59e27-525f-46a9-b781-bfe811ff0124
2023-09-18,5b3bbc9b-c1a3-4c9e-af3f-d05618074b8b
2023-09-18,d2ab7b15-158c-4e73-b6bc-d41996c2f5eb
2023-09-18,ff993e04-f6a7-4107-8243-4203e6d625ad
2023-09-18,fb1504b4-3a31-4d5b-a387-c1a0e54e3c15
2023-09-18,8a163fe0-8f2d-43b2-95da-f95e8cb69069
2023-09-18,1deac7b7-5284-4b3a-a111-b4e89b7773af
2023-09-18,777382fd-a14e-415b-9304-8b81e05484e4
2023-09-18,af294a21-1206-4962-abd3-dc143c07e5a9
2023-09-18,5504812f-322b-4821-8815-d9f28c99266f
2023-09-19,eaa1e400-e4da-49fd-b881-5ed2b9c48d11
2023-09-19,0e076453-8cc7-4223-ae63-29382cce8af1
2023-09-19,0eced6fc-990e-4027-b52f-2db547446f52
2023-09-19,bcb009b4-eb25-4639-9cf7-617671cb6c5d
2023-09-19,5790e3b9-93b9-4329-b08e-f8d178feb4e6
2023-09-19,e87736af-6e96-4abd-8789-b45463016b75
2023-09-19,a51ba872-aedf-4a66-b0e0-add1695a7500
2023-09-19,49deee40-6d78-4a61-927a-7a92f7a563c4
2023-09-19,a593b1bf-3b27-4111-9094-9dde3e392f91
2023-09-19,e912cdad-afc8-42ad-85a3-833c0fb390ca
2023-09-19,ca24edc5-5351-46e8-ad06-099d2b26517e
2023-09-20,a94d9ec3-899b-48e7-b80c-767fc0ee3faa
2023-09-20,b0eb8995-9a57-459f-a48b-ec654d1b93f1
2023-09-20,149684f9-f005-4c19-8c67-8a5d579b1137
2023-09-20,ba5159e7-25b3-49bd-88fe-e38285836aec
2023-09-20,0d7ad9db-2f81-4d56-91e0-eb8b7f6914ce
2023-09-20,0c8dd453-c621-495f-b82f-b5d2f333ae1f
2023-09-20,d2b30c45-31d5-4021-827e-0b5abf7d1080
2023-09-21,070d18be-2a5f-4327-b368-268f0512ca65
2023-09-21,c341da21-7e7a-47e8-a9a5-570ca9e510c9
2023-09-21,0c81f0ce-294f-4ad1-8883-a6d62927b71d
2023-09-21,a22f1605-f6ce-44a5-8ccb-92b42915f791
2023-09-21,56c97df7-4c9f-49f4-a54e-9eb4128ced02
2023-09-21,f4e0ec01-2b7b-46bc-8ca1-d146f5e7e214
2023-09-21,aaef25b3-bd41-4143-afe1-078793c48590
2023-09-21,5dc3842e-7d08-44a2-aa80-87c670d92778
2023-09-21,45fea6f4-7130-4d29-a41e-0907f6535414
2023-09-21,225b117b-65d1-4b40-88a1-77424382f2ec
2023-09-21,470cf8b5-eb9d-4bb4-bc83-4f31cffa81cc
2023-09-21,223cbeb1-715e-401b-a424-667738c92a2e
2023-09-21,f83be677-2304-4333-a63d-0d502e792377
2023-09-21,1aae4b31-b219-41df-8287-6a5438ce34a5
2023-09-21,a508f9eb-f78b-4af6-ad98-036c1bce1af6
2023-09-21,d406d861-d2d3-43e4-a698-03ccb74b6f1f
2023-09-21,67ef01b1-dbbe-48cd-8f08-6ad47d1c42c0
2023-09-21,59fb2ba6-ddd9-4535-9bc5-85ab15f4eeae
2023-09-21,5f431d12-2d21-4c43-9eec-7f840807242e
2023-09-22,e0344cfb-823e-4d21-b36b-99ef314bc862
2023-09-22,5c86d7e4-6cbc-4b50-97b4-caa2c5fc8cd6
2023-09-22,79429cb3-64a3-4404-b34d-4fc64bae8cfa
2023-09-22,be66d9f9-1d93-439a-8b6e-9de37776e582
2023-09-22,b01104da-d5e2-4e83-8bbf-56ea51cfed06
2023-09-22,ee579d6f-aad2-4619-ab63-cba793407106
2023-09-22,a6261daa-a1d3-4a64-8763-46f50b44538d
2023-09-23,18a7e94e-c87f-4ca4-bc97-b95d7e9fab0e
2023-09-25,ba89e920-b200-41a3-b2ae-28a565341e27
2023-09-25,5017a5f0-8ee0-4b37-9af6-e4b27c1d18e0
2023-09-25,3d98f345-6226-46e4-af81-36c1385e8b7e
2023-09-25,e4726f94-6a91-4a91-a7fd-6a5f622e4cc4
2023-09-25,a30d92d1-606b-4bab-a0a0-b9740fd82bf6
2023-09-25,9132717b-acca-4191-89f3-eef566fd6c72
2023-09-25,89a0cb10-a60c-41c0-8e21-406c6f43d529
2023-09-25,fe1596e8-8785-4597-b0cf-73cf570bdbba
2023-09-25,14dc61ee-4b2d-4352-99c3-b012272917c7
2023-09-25,c3fe7e95-cc4f-4575-b107-308df232df2f
2023-09-25,c524895f-3f8f-440a-b569-341efaa98711
2023-09-25,e6923335-279e-47be-b4f9-767a2c65d6a6
2023-09-25,a68d90b3-361f-4b85-8b9d-848bfbb2e127
2023-09-25,68f3cc94-793e-4704-8c6f-a04bbd971b3e
2023-09-25,4fa38421-bb13-4112-a729-ddf1e50250dc
2023-09-25,dde9cc13-22b1-4eb3-9534-3f0df69d87d8
2023-09-25,e4c18183-d65b-434c-a390-f28bd78fe8a7
2023-09-25,d839e1ed-0af3-4506-b3ce-27b81d63365f
2023-09-25,d9f1d200-4b3d-403f-9d0f-ea5c876049dc
2023-09-25,3cb3c2a2-4d25-4604-af75-97240570537a
2023-09-25,ef45450b-7297-40a8-8fb3-9f090c447b57
2023-09-25,03f5612d-9eaa-4bce-88d5-8d8003d9c31b
2023-09-25,c6ee3129-1188-4d67-9fb4-381724994dcd
2023-09-26,a54aa317-4c9d-47de-b14b-a2fa07d50663
2023-09-26,50a497c1-a916-4fe9-8116-704fac2c9200
2023-09-26,da5bd0cf-071b-44bd-ac54-c048b671ab29
2023-09-26,9313975b-9d1d-4726-ae90-3011a659b1a7
2023-09-26,b2c544f4-8d75-4c74-9ce8-ba796f0a6637
2023-09-26,58f9edb6-75f6-4496-a2e7-7211d9c40ebc
2023-09-26,cd02d12c-82dc-4841-8278-b849946e5153
2023-09-26,0fe89507-54df-4c7a-bb72-f2bf318540db
2023-09-26,9ba605bc-b843-400b-b19f-4dfdc679a9c2
2023-09-26,fe4d64c5-ff9b-4079-80ea-1d745e17a10f
2023-09-26,6ef1382c-a733-4b86-8c79-43ad747aabdd
2023-09-27,0761784c-c0a1-41cc-91c2-60f7b8ebe66e
2023-09-27,c3623977-a8eb-45b6-8dd5-a97024a4381a
2023-09-27,a181032d-7a1f-4ebe-ad4f-f21c87acdd0d
2023-09-27,e9caef66-3dd7-4385-935a-59152101b1d8
2023-09-27,05dd62bd-c984-4e33-945a-8ffe1648c9e5
2023-09-27,9b817435-1985-4128-9148-59cfab89b384
2023-09-27,76e508e3-44a9-472b-a895-799f65afbca4
2023-09-27,1d3d4332-af0c-48e8-b297-a153d1f0754f
2023-09-27,40d4991e-646f-478a-9e36-5ba48e0e8c75
2023-09-27,04327424-2654-4081-9aa5-c52fe2f88088
2023-09-27,468872fb-1e7e-4b80-8566-08b98a68ffd2
2023-09-27,46ffa3db-0474-447d-b9ac-852d43a7dff6
2023-09-27,69d33ab1-77af-4351-bd9e-de0a437581ac
2023-09-27,fec01909-6510-408b-8dfb-43bead930122
2023-09-27,c09446b6-5074-4171-a951-9abd39871f62
2023-09-27,de2c4b32-786f-4a6a-ac8f-f28adcd62041
2023-09-27,63e4f436-56db-441e-9c9d-48b90141522d
2023-09-27,80337a55-7c46-43b4-93a3-cd41f799449a
2023-09-27,e495a504-d454-4ed7-9ad5-ab187b5e569a
2023-09-27,2e2c6d0c-ccf3-4435-b2cf-1ac75479a061
2023-09-27,a0457567-fc69-427b-8492-88b0e9dd8df5
2023-09-27,19afada0-d492-4a19-80b5-cf7ded5b42fd
2023-09-27,b729b238-8317-4ba5-a603-23522d161f0d
2023-09-28,39960b89-71c4-4930-9150-dcf3b312a9f2
2023-09-28,abd90b8f-27a3-4a5e-8d6d-c579eb89247f
2023-09-28,dc341ada-738d-4863-a198-80b3c3744b79
2023-09-28,97084794-69bf-41c7-8554-fb18cef38d13
2023-09-28,7d6dcd2f-5e0c-487b-a5bb-3e1046695e52
2023-09-28,177dfb69-bb1b-4e3e-ba1e-a3ab3adbc358
2023-09-28,d25b02bd-aa12-4260-844d-fde8181c61f6
2023-09-28,19417b00-a231-40d6-9a14-eefe64749ebf
2023-09-28,ecf0ea98-87a0-4515-a72e-bcaa50d5eefe
2023-09-28,f30bb698-6cef-4fad-8b37-89d4e74539db
2023-09-29,06ef9123-c4da-46bd-8c39-6303fc526cbd
2023-09-29,217380ff-d5f5-4fa3-9081-8aa58fbf9587
2023-09-29,9f69e9fd-5113-4773-8a04-3612a5d4224c
2023-09-29,59ae3a56-d913-4d94-9ed1-98d58518416f
2023-09-29,30d41c43-705c-4238-85c8-5c4f22dc7258
2023-09-29,a7e55441-2ad7-4a06-b0b6-f04db6dccda1
2023-09-29,0ea3508f-67b0-43e1-ace3-d12bee3e56e3
2023-09-29,7a363e7c-5253-4e2a-9198-db33f2c21a48
2023-09-29,ae4cb972-def0-438b-838b-0b443eb6b942
2023-09-29,e0ba83a3-5795-45e5-b652-18158904f221
2023-09-29,aa36e53e-efc8-4cf6-ad90-df11658b7574
2023-09-30,2188ec60-243d-46c2-be45-c26cf1e23d34
2023-09-30,1599a43e-e417-4433-8ff0-79e551b13adb
2023-09-30,0eea093b-d706-435f-b942-43a36c8884fb
2023-09-30,9270ff02-ac74-4ab1-8d06-f41cc4925f92
2023-09-30,5306ff15-4807-4a6c-b682-44ebc67f59fd
2023-09-30,2a9b90d0-5f51-487a-b129-db704ee44da2
2023-09-30,1dbb9449-6d7a-481a-a1df-475bd40bae2d
2023-09-30,538f9da7-f310-4c1b-b62b-6d1eb47072cd
2023-09-30,e64036a2-a4e1-4a89-a0db-a501330988a1
2023-09-30,bb53c2ce-9481-453b-842e-59715d960a20
2023-09-30,379e6fe0-69ce-489a-84ef-a157b0d26072
2023-09-30,2b6c6740-9f30-477a-bcde-088f87dbfe9d
2023-09-30,4b3d7201-59d8-432d-b569-78bfdad65468
2023-09-30,7530765a-c5ca-4fd2-97fa-cae1ee1cbb2f
2023-10-01,76434c06-84c5-4d03-a3e7-7b92c80608e6
2023-10-01,8c8b1c93-e668-4b3a-9fb0-4c83b4e97ac6
2023-10-01,5d065de0-969a-4305-9e8b-5382b6399922
2023-10-01,4958f88e-28f8-46d0-88b9-0b81f20d26c9
2023-10-01,b79511c0-0f71-4d3f-aa6a-efbfdfedb65d
2023-10-01,a30dd7a4-0ea9-4d4f-a675-3b3aeabcba5b
2023-10-01,c3435640-5508-4057-a399-1374c98f21b6
2023-10-01,8e3eb2ab-b412-4e74-bf34-f4a45690107b
2023-10-01,d550682b-6d09-4192-98ec-ec9f9d5cb4a8
2023-10-01,cee33d03-f069-42cd-b223-dde53da4a599
2023-10-01,e6ee0577-71a2-4a3f-a93f-1853cf779251
2023-10-02,8553e6ee-247c-42de-949d-d48150860e14
2023-10-02,ee32d069-8a2a-48d4-a3a5-4487e4240316
2023-10-02,e752219d-cb50-4f2c-9afc-ea60cd857bc7
2023-10-02,63dd8032-ee57-4a04-9cfc-44a0179ab72c
2023-10-02,f5db7c4d-75fd-400a-b877-d3a15a1a2d10
2023-10-02,91f50b6a-e27d-4f3c-87f3-e558791b1d6f
2023-10-02,1a8049bd-1978-4636-8673-e9d3035bc3f7
2023-10-02,7f110be9-c373-45b4-9e69-eb95f02de86a
2023-10-02,cf2debe5-3938-4569-a57f-68dc59ddd005
2023-10-02,603440d6-cec9-40ba-a85c-3dded57ee410
2023-10-02,851f192c-4d6f-4905-8204-023b4c71888b
2023-10-02,6d5adc61-fd6a-4a1c-a958-7aea6c965169
2023-10-02,40c33e66-818f-4846-b513-a63f69cf14a2
2023-10-02,a5594c4e-5f0a-4e03-8378-8e40b2c5583e
2023-10-02,cde5ce47-0aeb-4956-976b-2a03d3fa4e52
2023-10-02,96c38e53-7959-4055-82b2-5ed08ce2fd49
2023-10-02,3b23ff48-38d2-406d-8b17-e516ef322808
2023-10-02,e7e132e5-d2f2-4fb9-9430-a5e8d8b59518
2023-10-02,a88684e0-dc95-4f1c-9d83-2eb386f5f0d8
2023-10-02,953cde81-2bd9-4bda-ad37-c13cc9365053
2023-10-02,c2c17b93-09d3-42ce-93b2-c80d4424a4f1
2023-10-02,444528f9-c61e-4e6a-bdae-6486ad968b24
2023-10-02,63524450-9d0b-43fe-bbe5-0099e423ef1a
2023-10-02,532adf3f-4973-4d99-adba-2946d8ce3a13
2023-10-02,6599aa74-0044-4bc7-bef9-7733847553ef
2023-10-03,6fd9b9ac-7765-4433-8136-0614c41e1ed2
2023-10-03,1f8fa696-9097-4603-a51f-78287602ce45
2023-10-03,d586565b-ca29-4019-b453-7fe65dc87344
2023-10-03,e871e93e-145d-44a8-a140-c3a679d963fd
2023-10-03,e5dfd56a-a77c-43e5-a86c-72fc7e27b646
2023-10-04,75d8c578-1542-49fb-b71d-cef45d06274a
2023-10-04,194a04de-9dc5-450a-a68b-d9f0c647a4c8
2023-10-04,919deff6-7e0e-4314-b194-c0766e1c1626
2023-10-04,6aaceb97-d97c-4015-96c4-a42fea43e945
2023-10-04,02060cf2-6149-4615-b766-45c9fecad191
2023-10-04,b8cd700f-ad03-41a2-b18b-052841fa339b
2023-10-04,e1727047-e399-4d36-ae59-1133ccc81eda
2023-10-04,f5808a3d-be91-4e56-b19e-1fde95348b2b
2023-10-04,6c76a37c-21a0-46b4-ac48-20abbd791ef4
2023-10-04,cd79322c-200f-4bb7-b3ef-cfcb3d0330c0
2023-10-04,fb6415d4-9345-41f0-af1e-800603d2e953
2023-10-05,d1d887be-ecec-4fde-be01-984f046d56df
2023-10-05,ecc077d3-7087-4729-8bc9-cf5827c55652
2023-10-05,49622fb6-8df4-44d6-b873-0946626f8c04
2023-10-05,cc696c58-eea8-4a8a-8a7a-7c7b9d0b94ed
2023-10-05,736247c4-f76d-4155-b831-ecdde6b403a3
2023-10-05,dbe551fe-d2c4-44da-98ad-545294874be5
2023-10-05,5ece90de-0118-4811-9adc-54b2f9a8855d
2023-10-06,2b1d795b-3127-419c-8a54-dc05b4b0c79d
2023-10-06,0ae21ab1-88c6-4b1b-b9b1-7542b35050ee
2023-10-06,59009724-108b-441e-b92a-15e3eae57751
2023-10-06,b5df5e3d-82f5-401f-9c29-118ad010fe98
2023-10-06,864e1279-31c6-47de-951e-01d4a03525df
2023-10-06,e0cc0fe9-188d-4fe1-aeaa-4b1b02827c86
2023-10-06,05e95adc-264d-4ae0-b99c-d07ee7f889e9
2023-10-06,9994f277-8b6f-4614-942d-949b295c4426
2023-10-06,3da7638b-0624-483a-949f-e356f0a8d881
2023-10-09,85a2e189-11f7-4abe-95e7-7adcf5878fc9
2023-10-09,214294be-2bb4-4718-88aa-05f462dec8a2
2023-10-10,03a63caa-314d-4a54-8f80-6f179bc026e8
2023-10-10,8a62ddc0-a5a2-41ce-b09b-e726682c4f68
2023-10-10,fbaddd97-2178-4542-b765-986a653d1309
2023-10-10,7dfb8349-a02e-4396-b57e-826443037642
2023-10-10,94545499-0f17-4d70-aa3c-9267bf2d35fe
2023-10-10,02ec3051-1cf2-42c9-ae85-36bee9c83a00
2023-10-10,b5a898e1-c67d-4617-98a2-3dc8e26f4892
2023-10-10,8c7d6767-74cf-46d9-8ed3-cbc50fd17ad2
2023-10-10,7c3ae8d5-71a2-433c-a203-634f5a3a2f7f
2023-10-10,22b816a8-66bf-4760-8cd4-d74f31e43939
2023-10-10,593604c1-bd2e-42fc-bed7-f27c047eb808
2023-10-10,bdb85c87-4b6c-4b7c-8593-e73d9d629971
2023-10-10,ba997800-e057-424e-b316-64db983aac50
2023-10-10,06f83669-8f67-45ae-92d6-8e7e64454e37
2023-10-10,f140ef79-cb08-41d0-8df2-d3e4561669cf
2023-10-10,d6bf257f-dd97-40db-b754-9dc8dca58d17
2023-10-10,d9abf4b6-4da5-4e04-a1a2-1c7788107550
2023-10-10,1a599764-4476-4dff-b4c0-73a83cc0f4d8
2023-10-10,1c8a24ce-0a5e-43ac-aef7-3feec67b92a2
2023-10-10,1cb06f59-3778-4bc6-9902-f7ead636261b
2023-10-10,093c9fd2-5b4c-4a28-8f1d-041464ba5e15
2023-10-10,c363d352-b7dc-4153-927e-4e7da0b29e3d
2023-10-10,40d7335d-f8cb-4c1e-9df3-ec82d4c33cef
2023-10-10,66501842-35eb-40e2-bef7-071e7b6b56c7
2023-10-10,735d7b6f-9995-4471-a43c-9b79642612c1
2023-10-10,710f975c-6a23-40ea-8f29-d671571c445a
2023-10-10,6bb2780c-e116-4594-96f4-a7dce7adafab
2023-10-10,fb63d75c-9f76-43a9-838c-c13b49315d4c
2023-10-10,3cd780aa-acea-4df0-9fff-76b6f6f9588c
2023-10-10,a52fcd6b-5031-4c3b-a638-ae8daaf46779
2023-10-10,e22e68c1-942a-4302-b1d1-648ed52d469d
2023-10-10,84c1cf02-b64b-4330-b697-1367a5550377
2023-10-10,ff255f86-7eec-4e85-a86a-463bffd93eaa
2023-10-11,08afbabe-789b-431b-b482-3ef739443885
2023-10-11,40ec1564-9d19-4a76-afbe-1e5508105a61
2023-10-11,0a75846c-6297-4936-afd3-bb0b9d8bdf1e
2023-10-11,f44e54e4-a004-40d4-89c2-ab0843afc43e
2023-10-11,f8a42dfa-4d72-4580-9246-89a3746ae435
2023-10-11,fbd3a1d2-7a8f-4dc6-b5c2-277f3b19c434
2023-10-11,cf88aaf2-a7b8-4fd6-9908-80d9dcca9c7b
2023-10-11,c848af6a-7730-4c0e-a985-3e37bdba858b
2023-10-11,7c5a936d-3589-4f1b-8e3a-25364a5cab8a
2023-10-12,368405b7-217f-4f00-a20e-f0c08937d96a
2023-10-12,59a08fb8-ca6d-4a30-8e5c-3c13794e78a7
2023-10-12,809a6a2c-52ea-4b8c-9547-affbff5b9124
2023-10-12,a36d2c28-3b0e-47de-9497-daf25a13f499
2023-10-12,c17cc598-583a-4444-847e-b0fed3149ee1
2023-10-12,ec4793d2-c962-4ac9-bdb8-2e286d75c479
2023-10-13,4bd6fcdb-4fb9-4935-a33c-aab656f1d1d8
2023-10-13,e95b3bea-2600-48e6-b28f-3575b3e5619a
2023-10-13,0fc2934a-a933-431d-a8d7-a7cd2c5e2cc3
2023-10-13,ad5bdf8b-cab7-43eb-81da-3a7490a5ce98
2023-10-13,ddf4e452-6d63-4f6d-8768-d8b4f3e66ff6
2023-10-13,f96b65cf-54d9-4bdb-839d-d6c7eddc9740
2023-10-13,5efc3de7-7228-445a-8ea0-751d9004db18
2023-10-13,b46d807b-bb66-4c1d-af96-e70e8e2d30f4
2023-10-13,b2ddd461-e67c-4beb-b3bf-2333d1dbbeb5
2023-10-13,2fb0dbb1-25a3-4836-ab1f-a015a80860cf
2023-10-13,1dafe138-b60c-4b55-a500-b3e561b9edbd
2023-10-13,da5b0be5-04ed-48a2-9ede-003c47658fa0
2023-10-13,41fe1955-3384-4b36-9f92-9435e2677a5d
2023-10-13,f04c88ba-7959-4841-8705-7c5dc5cda6e6
2023-10-13,1a459eb3-4ef1-44c3-968b-0d0bc70f6351
2023-10-13,c91d3902-1c1f-4a54-baf2-ab1781742522
2023-10-13,15ef15fd-843a-492c-85c9-be5560a7398c
2023-10-13,9e0d9188-f387-479a-bcbc-b9b8819ee98e
2023-10-13,20177347-fe8b-4c59-a82e-fb69fa16fc60
2023-10-13,b8937c3c-424d-4e55-b3ff-65f9afa5f916
2023-10-14,4e7d616b-028d-4c0a-a412-435244429643
2023-10-14,287cb173-fae5-4bf0-95e9-93eed865477b
2023-10-14,4030be2f-a446-4e3a-8e3a-19c2acd4638f
2023-10-14,a0f09fc8-7144-4d32-9727-208c00695614
2023-10-15,7a228b5a-613d-4647-ad0f-87b45ecfe098
2023-10-15,65b794a1-ef25-4eab-8980-ada7a0fc3b99
2023-10-15,40555cd9-490e-4ae5-827b-ac43478aa389
2023-10-15,d92778ca-8705-4e9b-afb3-e5fc75f59a9e
2023-10-15,da515499-c142-4443-aeed-c5f336f6559b
2023-10-16,a06e2fb0-47ce-4000-a6a9-bfa2ec111fa3
2023-10-16,55b6091c-9da6-46ea-9243-d6027a3e199d
2023-10-16,6d12df9d-8d78-4a5d-8cf1-7b3065d34305
2023-10-16,5de291a8-70ac-4d35-a2ee-845cb762f1b1
2023-10-16,9c83542a-cab5-499e-bc69-054ad0abad70
2023-10-16,d188b290-7731-45bf-90ef-a26e26ef2a02
2023-10-16,e1ce9e50-0d54-4566-9597-6295f4307b4e
2023-10-16,c5f53416-a594-4776-bbbb-2ecb32bc49de
2023-10-16,6b5919b0-bb2f-4e77-a771-f02a68ac0073
2023-10-17,a4aee42e-f12f-43a2-b2a9-fdb13e4f742f
2023-10-17,489aff86-208f-4f9e-9578-77dbf724bc3f
2023-10-17,e7a4f790-06ac-4045-8298-ae1bc1cfa2b6
2023-10-17,f7364245-c527-4909-9bf6-a0c8ef7864dd
2023-10-17,d2f3a58b-2417-40d9-9b8b-f9cdd3dac7a3
2023-10-17,7addd8f1-6b2f-4fc5-90d2-a579890bc8b0
2023-10-17,e83ad4d8-3571-4589-bbee-b897e73c2cfb
2023-10-17,b3a2aac8-ade6-4cb0-8ff7-d41cd9dddba1
2023-10-17,10de4e8c-d65f-4f63-aa77-ce1e5099658e
2023-10-17,2ec09029-6783-4be6-a12a-eb6a7aa4dbfd
2023-10-17,20d14c88-4d25-41f3-ac52-d016c033f7de
2023-10-17,c45b4efd-cd58-4a7e-9154-a529123afa8a
2023-10-17,cccee4ba-3bf9-427e-a38b-8678f02b1c81
2023-10-17,c733d844-f7a0-42c2-b338-4b7339ffa2cc
2023-10-17,9f16901c-b87e-4cc0-9f11-585e5d2bb772
2023-10-17,f45b000d-04ea-4406-97c6-4e1b1b82013e
2023-10-18,f05125be-5104-47a2-8fbf-9c40f19f66b4
2023-10-18,25a64fef-9595-4e0d-880c-e15c7023b3a5
2023-10-18,b9b2eda5-5c86-4441-8223-b251607b21a5
2023-10-18,2d777c73-92cc-4a4c-b549-c8acdc4a0771
2023-10-18,2d3809b0-8ce0-4162-aecc-5e125ae05868
2023-10-18,1ea81e5f-e212-45a2-9bad-c86336226485
2023-10-18,ef0798cf-234d-4b0a-b74a-3f33f05be58a
2023-10-18,d3665637-7c97-4a80-acea-64f82c4a9c1b
2023-10-19,d47b6fbb-6b87-4e1a-86ee-9dde73efa451
2023-10-19,33a2329b-f1cc-472a-a349-aad5b0e73322
2023-10-19,673cfec1-6b09-4645-87ea-1224d908150f
2023-10-19,6a67be3d-8c62-4f24-9455-71922c22bb4b
2023-10-19,04fcff66-bfe0-48af-8e83-d747ee5752b5
2023-10-19,4a3e417f-db04-499c-bd33-315d06c3e007
2023-10-19,27ca9083-6474-4b01-a50e-22f769bb14e1
2023-10-19,41d62e9f-09a3-4b83-a842-1f9a745914d7
2023-10-20,5b9402e0-21b8-45bd-8249-128e4cc15402
2023-10-20,42a701cb-067f-44c7-8eaf-4ece8496a1ad
2023-10-20,0bd591c9-1a58-476c-9e5d-487e5c9e4d5d
2023-10-20,e3f65b22-6cce-4501-9dca-ceda18d7e030
2023-10-20,2cbb1fee-fa01-4f17-9df3-1a22679402fd
2023-10-20,5e05117b-dd63-4dd4-9b14-f2d363c5155a
2023-10-20,b600004d-9de7-47c1-bf9f-ac05526f88e5
2023-10-20,ed393b2d-725f-4577-90e1-bb23324b7f53
2023-10-20,cdda9629-f000-4bec-9b49-fe0544da86be
2023-10-20,096cf828-4470-4630-b0c8-a1f60e6e2ffc
2023-10-20,91aa91be-8224-44e0-8c7b-f520d437a54a
2023-10-20,1dabed36-514b-4299-9e0f-e910097b0886
2023-10-20,b01bf17b-0f31-4e15-a2e9-dced9a6a3e80
2023-10-20,a2607cf9-ea42-434a-a3b3-e4effe45309a
2023-10-20,3d15cfd1-5a6d-4d18-8afe-a9549b6ad6cc
2023-10-20,bc15c3dc-3ac3-4025-86da-3612a57c10c0
2023-10-21,a24c4405-d0ea-406f-a25d-b57011a2e75b
2023-10-21,a345ba14-9aab-4984-b713-7ca9002a26ab
2023-10-21,8b9abcaa-c5c2-4826-af9d-0341c5ba76f1
2023-10-21,e44e0a79-80b7-49d7-953c-b797ec6be238
2023-10-21,df333d8f-6c70-4e8f-a227-58fd85520fc8
2023-10-21,e20e06b5-6102-49d5-838f-b8982eb4c278
2023-10-21,9f4f710d-496d-4292-bfa6-d2ca0de63f90
2023-10-22,32b9ae95-832b-4876-b02b-ec52f43b10ac
2023-10-22,e110732d-1a12-45b8-97ff-9899b726b4fb
2023-10-22,e36242cf-ede6-4756-92cc-66a271e9a4fc
2023-10-23,12020476-caac-48f3-8ac6-725aace08cda
2023-10-23,68245b1e-20a1-4bc0-9bc7-09e4ad6b595d
2023-10-23,898efc1e-1ca3-427b-88db-e1cf2b1e4aa1
2023-10-23,8819a243-17ed-4ddb-b211-d80455f60631
2023-10-23,ca6872d2-5f22-42ae-a80d-09b702126d0a
2023-10-23,31437105-c389-440d-86bb-3f7c4b5f8edf
2023-10-23,13fe732c-b808-4cab-b828-75c7ef79cf35
2023-10-23,98ea4686-f234-494e-b9e0-28b423db0d28
2023-10-23,ed8e4196-0835-4a00-8482-173332002f41
2023-10-23,fab4595a-f6b7-4bdd-9b65-cfa2a89f08f8
2023-10-23,18c70b0a-7d8d-46ab-8a55-b9c5dcf50565
2023-10-24,da4e5b1f-28f2-422a-a859-9ee3ead7339d
2023-10-24,1235a4bd-edb3-4bdc-b38a-a2483c19c0cb
2023-10-24,db667568-688e-4f8b-ba2f-f9dea3b6ddcd
2023-10-24,c3be55b4-92e0-4a6d-8969-5cb6f5bda821
2023-10-24,41b0c471-82d6-422e-a4ba-888e87054c79
2023-10-24,957f3460-7c65-4312-9bc8-e6d72270a529
2023-10-24,b121c16f-94d2-49b7-ab30-6d9a9aa422b3
2023-10-24,caae593f-bb48-4b5c-9b36-35f9614393a6
2023-10-25,488de574-5245-4e1a-b532-3ddd487b7390
2023-10-25,3987bf11-7a6e-400b-83b3-f98dbf8f0c39
2023-10-25,18796a3d-0608-4185-b889-2b2ec6342a4f
2023-10-25,fb9fa8be-837b-4b7d-95da-ce1e93f6080b
2023-10-25,cc36cd0f-5dc1-4458-84dc-d9e3e5d70a2c
2023-10-25,657ef702-b999-4e4f-aaa2-ce77670e1e1a
2023-10-25,d26f1ea4-6b28-456e-a24a-d1ad4839919f
2023-10-25,527a5ef6-45c0-4a8e-9d2c-e0785a20facd
2023-10-26,907ac52e-90b2-4187-a68d-28b39b427f19
2023-10-26,b39bf2f5-c185-4852-be39-a6b888d32dd9
2023-10-26,6fb3a5aa-8b39-4495-903d-e30825d8bff5
2023-10-26,6c9bca6f-c826-483d-b2f4-12b7aab0e61e
2023-10-26,2874c8c7-0435-456f-ae55-66f1cda2df5a
2023-10-27,0bae2d5b-35c7-46c5-afaa-6300625f82a7
2023-10-27,64f05b6f-8928-4cb8-8f53-b0aadbafb60a
2023-10-27,71317020-ed0a-4050-b187-82666128f2b7
2023-10-27,a070886e-da1a-4a08-bc08-0587833b754a
2023-10-28,ed0177fa-cede-47f8-8326-9f76544615ff
2023-10-28,3d9d9c51-a579-4888-9a85-6262840a7f94
2023-10-28,94bdd62d-f10c-4c0d-9700-87434e390d2e
2023-10-28,e6bf43d9-9688-4c71-9979-be67f96aa3c9
2023-10-28,2b234d62-a9cb-402a-b736-c06902138301
2023-10-28,f1ac3d60-3916-4f37-9bf0-78cdcc5d87bf
2023-10-28,01cc279a-e325-4c05-ba3a-e5a3451d4bd2
2023-10-28,8381853e-9141-4576-b0a2-42243514f24c
2023-10-28,57887490-a9e0-4b4b-9a01-2ea742b684bb
2023-10-28,cc4e2b90-5b17-4e4c-9560-d1f6b8048257
2023-10-28,e3135348-bfd3-45b3-89a8-e5cdc4383184
2023-10-30,0b4893a1-8826-4ee6-a7c0-a6737edfef19
2023-10-30,1eb30261-53f7-4e8a-9903-2541a2ff47de
2023-10-30,8036d3bf-a871-46eb-9cfd-87c685559881
2023-10-30,9109772f-4428-48ef-9648-59de6186e5d4
2023-10-30,d9e7ff06-aca3-4fb7-8e02-16ed26f60a38
2023-10-30,cf6c7015-734f-46d0-9625-804877644f31
2023-10-30,603ac301-d525-49b9-8ddb-c405b2f9d4ba
2023-10-30,75c5de24-26b3-4d2e-b56e-53344163e4f6
2023-10-30,2ddea537-9ad6-4afd-9735-0d137c7a4238
2023-10-30,19747a15-da3f-41eb-b620-4308b13068e5
2023-10-30,95ce5a06-d624-4c21-bbf8-79d1121488ad
2023-10-30,d8421030-782e-40cc-94a4-af8e51dbae63
2023-10-30,b491234f-e3e1-4b07-aad2-cee3205a3f25
2023-10-30,4e686449-3227-444a-a094-3261c73fc669
2023-10-30,55f0c3ec-a55b-464a-bb84-bf129687c99d
2023-10-31,cd122164-6a4a-4403-8f9d-f67d0c9a092c
2023-10-31,dfd56a26-e542-4b82-a15d-2f4695f41c40
2023-10-31,fd017cda-f1db-47c2-aa4a-7324f0869fff
2023-10-31,b06793fd-2caf-45b5-ba26-d933be274077
2023-10-31,e0c07f2a-fedb-4d5f-9892-87a07a690996
2023-10-31,e74b21df-5666-4d3a-ab10-e96ba3207128
2023-10-31,ff75696a-6322-466c-9325-318f5a200074
2023-10-31,3145c4f0-3f3c-4ff3-a2e7-10ca361925c2
2023-10-31,a175bddf-2e56-45ac-80ef-6bbcee673a7c
2023-10-31,f0cc3b9f-e60e-4574-88b2-2fba3d3dbbd2
2023-11-01,36951934-7bfb-4e6c-880e-d230247bab64
2023-11-01,ffce32ca-2efc-4485-b685-4b65811c2dcf
2023-11-01,4d79f5e8-bed9-4e7b-81ac-26787dd6b6a6
2023-11-01,bdc59e27-117d-4950-9c86-7b522badca6e
2023-11-01,8066097c-7845-4177-8984-0139adc5270c
2023-11-01,3ece86b2-f4f6-4ced-8fb9-d16257048687
2023-11-01,b55cd270-3557-4b5f-9f23-7c64e6c78bc5
2023-11-01,0f0ec789-5373-4e41-8f8c-884e690af02f
2023-11-01,896e376f-fa6b-4225-afd2-c7ee4bfca895
2023-11-04,0f80210d-9a49-4de4-891b-3f2101641c0c
2023-11-05,006d1d3b-71fc-48fe-9d28-484b731b9c1a
2023-11-05,556e5f1a-b0fe-4e4b-882c-3edfce1e297c
2023-11-05,b83f349a-8536-4999-ae0a-d5d31a4b8a62
2023-11-07,bad2f6f6-f9ea-48bf-b440-1678f76e7bca
2023-11-07,f0af0940-a8be-41f8-b8a4-1ad4b3b456cd
2023-11-07,9157d736-0570-4abb-95b1-f3a76faa6518
2023-11-07,89b1e5e9-2c07-41ea-8ea4-d5e6aeb30eeb
2023-11-09,808cbe7f-bb14-4b26-8e06-fecaa71f4171
2023-11-10,856b0f31-00f1-4584-9d72-ae271e71a74c
2023-11-10,3ae01fe8-8071-4fee-bf32-9151ca8d3129
2023-11-11,bf9108c1-b5b3-42d9-9fad-d90723da73af
2023-11-11,7ffbb46b-15d6-4f9e-862a-85f847fb08c3
2023-11-11,fc2ece2c-19c2-4132-9ef1-39a794e03ab3
2023-11-13,be641e7c-8904-41cc-b1bc-77518b8d3180
2023-11-13,6c277d7b-97cc-462f-a64b-2a2bbcb53c87
2023-11-13,456beb95-7bf9-4968-8b40-9ab84b55ccaa
2023-11-13,96bb9d6f-229e-4c6a-8946-79b475b4d163
2023-11-13,1cfee4cc-01a5-4ade-bf51-a1e9ec0b95aa
2023-11-14,73806990-644d-4263-b0a8-b4280f9fd132
2023-11-15,85544421-978c-4b10-a1cb-45ce870ee491
2023-11-16,2b7f32b1-8b56-49d7-b734-4d04d7979a34
2023-11-16,d0a70052-7f53-41e3-aab2-74aaf790db0c
2023-11-17,f6b03a00-96d8-44a5-804e-65a18fad36a8
2023-11-17,f91622aa-6866-46fb-b322-c29378152164
2023-11-17,8221a5fb-3361-4d83-98c0-0c3dab9d5a95
2023-11-18,e4849983-2113-4097-8635-a30f5914e97f
2023-11-18,163e153e-4b66-4cc0-a92c-dd56bc7af65c
2023-11-02,e864fc72-5f66-4ee7-8e3e-6cf8e0c17d16
2023-11-02,c02b96c8-bcba-4f8c-baf8-99f6c35076f4
2023-11-02,4f49eac0-cce8-420d-aa58-e3e47011a2d7
2023-11-02,006d1e68-6e56-4ebe-96d5-d0c3452b028e
2023-11-02,2ea2a495-5a75-4428-a976-ce420507d180
2023-11-02,d2617b7f-666a-4972-99e1-bee487f9fc83
2023-11-02,0ba0b2a4-a208-4e2f-8a38-306d2e907ffb
2023-11-02,120bf4f0-06dc-4124-a355-83fa27d3dd4f
2023-11-02,e79b2690-cd94-49a8-a249-f2c31491a279
2023-11-02,e86e098a-2446-449b-aa95-ffa330c34c64
2023-11-02,4e00c547-a62c-4272-ab82-cbc660ee0d70
2023-11-02,c7ba5966-7d5d-4d6f-93d1-cc9544da6294
2023-11-02,27266e5b-440b-4934-8e1b-39e95663d4d1
2023-11-03,def8c41d-6543-4da6-8c84-48c2d86b6b21
2023-11-03,5934fea8-be38-49b1-baf7-2c72183583ad
2023-11-03,a385296a-b44f-4828-b876-55a7a550d468
2023-11-03,0eae8768-3506-4a18-8cbb-725f916a7ad2
2023-11-03,d6b485d6-4d0d-4dc1-993d-ba25923abfdc
2023-11-03,5a666681-34fc-49ce-8625-c7d35cd1e62f
2023-11-04,431cc157-1ef4-4a76-a6ce-5666bd18167b
2023-11-04,e210e6ff-78b0-4552-b66f-ab7aafcf29d0
2023-11-04,aafaddd1-130a-441c-9f15-e5f98a93acfd
2023-11-04,1948a1b2-a8d4-4298-9528-9f52b7c6daf0
2023-11-04,6df7726e-7d74-405b-b135-017ffa379401
2023-11-04,88a15a67-5737-4c5b-9012-f5fa07baf9c5
2023-11-05,22b8da07-9e0f-40b6-b4dc-dd9d927ebf68
2023-11-05,a0e173c9-bcb1-4e77-8c24-1f7b2b4479ed
2023-11-06,c75c7fd4-3d20-4ba8-93a9-9066d37eebf2
2023-11-06,332457b0-d127-4d97-9e8a-975532e9b82b
2023-11-06,1bf3c2dc-6e52-4262-aa94-a0c19c7a7db9
2023-11-06,c4c4e0af-6126-47a6-a22b-d6ddfd688201
2023-11-06,9b20f405-f098-4123-823b-4ee1f80e6912
2023-11-06,da87c641-1c27-4d18-a55d-4eced15b5a43
2023-11-06,0a52d0fd-e411-4437-b6fb-a75bc0ff6ed2
2023-11-06,6c8e4129-59f8-4af4-96fc-c0242102510f
2023-11-02,5b5fd16a-12a1-44f1-be74-1c18e55df6b7
2023-11-07,9d5fe261-1594-4783-ac1a-14935c879433
2023-11-07,ae256c12-0d00-4cdd-b3f1-83dd4ec65cfe
2023-11-07,61e2012c-5ae2-49eb-9a7a-6f7dc48e455b
2023-11-07,74b82086-f307-40b9-a72e-dc3900886481
2023-11-07,4a22fa32-17b5-4a3e-a79c-88c28428595c
2023-11-08,a3809ace-3ef8-484e-91b8-a135afe0af7a
2023-11-08,5f07d159-1aa3-4666-a013-d51aefcbbc79
2023-11-08,dbe1a952-f8c3-43e5-8eb1-1e9d2c97c084
2023-11-08,0e2e95db-276c-4122-8186-36a1aada8fe1
2023-11-08,80883709-03e0-4619-a6c5-8991493bac32
2023-11-08,eb28084e-f4db-4096-b139-46afcdbe9b43
2023-11-09,2931b8f5-f3ae-4ff7-b5ff-b5de5d765e75
2023-11-09,1f4a4c14-79ca-4ac1-bec3-c088d2f7f262
2023-11-09,c8f2a0d5-7889-43f6-ac98-f0de7d10fc8f
2023-11-10,b4760a4e-2c79-490d-b930-a52ccf57e93e
2023-11-10,a004c2ef-cec2-4c12-9b8b-a9251346bb77
2023-11-10,a29ab818-c83b-48a9-ad7f-d66af98848c8
2023-11-10,91d47d04-88be-452b-8ec0-f13ebc4977a6
2023-11-11,d8ad0e57-a899-460b-b4fe-03e18d0f8ae2
2023-11-11,f35cc1a6-cf61-4f5f-92ad-ed001a9a20ee
2023-11-11,25a862b7-5aff-4e6f-9b60-48df16ad845b
2023-11-11,eb4e7930-6279-43aa-b28e-47cbb012db0f
2023-11-11,8a438653-67ae-4c8f-934a-93876c509b3c
2023-11-11,734a8da0-d36a-4257-b6df-098dc77e7e0e
2023-11-11,1821a7a8-b408-4847-9f33-684093f3c5df
2023-11-12,f3adf885-6368-42fb-a315-193077a75b5d
2023-11-12,5c8b266d-6cec-4703-b101-db75d01d63b3
2023-11-13,f101da4e-33c7-4f98-8394-da6c0cd82b85
2023-11-13,7da42c82-d5da-4881-953d-5e4f3499a9b7
2023-11-13,1bc87d6e-3a6d-45dc-8868-7042b2864d6c
2023-11-13,8a78052a-0752-4c77-ad94-2556826451f9
2023-11-13,569cc753-8a4a-4214-8566-df4100236415
2023-11-13,e54aac6e-8f57-477b-8fb4-702ca0ff5702
2023-11-13,0330eb78-3c25-4ef5-92c1-f5ba1eb0e9b8
2023-11-13,43b94e6a-ed35-45f2-91c4-97a9593275a4
2023-11-13,ef752818-cec7-4ca9-b922-bfb2c63d244f
2023-11-13,ace84739-abf2-4a50-b822-256e51825528
2023-11-14,70777348-5b9f-4a62-94fd-387b61c64cfd
2023-11-14,d138392d-da55-4bf6-8ff6-6761d1461374
2023-11-14,4b9a9a59-9dd1-4c49-82c1-40650d0f46f0
2023-11-14,45178fc1-452f-4f12-b12f-a570c4999a1e
2023-11-14,8a75c49c-d62e-4b98-bf8c-6902fdeba81b
2023-11-14,5eeffad2-8d91-4750-a1f7-259224b7a659
2023-11-14,50f097d7-dcf6-4120-8e2e-9c4e1ca91ca4
2023-11-14,7a54a1e6-5b5b-4130-a100-d743341bcbb8
2023-11-14,0018e22d-a2cc-4e06-bca2-d6a041770f3b
2023-11-14,b96ec0b4-e730-4a30-a682-5ba50c823e24
2023-11-15,7f733742-2b31-4f09-b256-696b611803c7
2023-11-15,d93907ab-525a-4498-82cd-9a1e0bc4d3c5
2023-11-15,3db191cd-91f6-4ea2-89f8-ec58d834b13c
2023-11-15,544a3e9e-24e4-4a64-bd5d-da0acaec223a
2023-11-15,d48b6fb6-947a-4730-853d-69290a810029
2023-11-16,6b508692-b956-4445-90f7-8631c32623d1
2023-11-16,9af6f978-5810-4b78-b048-ae172c72a6f9
2023-11-16,0d93390f-53ea-469c-9211-bd69e1e3caf5
2023-11-16,4352feaa-52f9-43cf-b069-e41bcefacd85
2023-11-16,6e8771a7-405c-4cdc-b6f7-cf7a3a58ecf8
2023-11-16,a8e9ec9e-2d64-4987-ac34-82a320a9bb23
2023-11-14,42f82dc9-53c0-44d5-8f55-36bd1a198213
2023-11-17,3304dead-5352-4f10-be40-036325a3b9f8
2023-11-17,a8ae878c-40cb-4fb0-b450-9e7c46b0de3a
2023-11-17,96ce14db-b287-4615-b6f4-e3958208ae8a
2023-11-17,fab9965a-9bbe-470b-8163-3ce6352baeca
2023-11-17,6301b10b-9ef2-471d-a179-a6d327bebd9c
2023-11-17,d7599df4-1e5a-4f5e-97ce-c42047bfd87c
2023-11-17,43263092-3b28-4817-9fa9-4205ad3097fe
2023-11-17,51a40f33-1027-4544-9b95-45bca7c104fb
2023-11-18,3e649531-bf5b-4b99-84e5-ca3e0e647d0c
2023-11-18,b7633cc2-bde9-4dff-9c8f-33dac3c976c2
