user_uuid,register_weekday,register_is_weekend,first_visit_delay,visit_days,total_stay_time,avg_stay_time,std_stay_time,visit_weekdays,visit_weekend,site_count,preferred_site_id,afternoon,morning,night,entry_count,exit_count,stay_density,is_big_site_user,is_payment,preferred_site_id_enc
acf3e288-4487-492b-9477-df149fb72e83,6,1,0.0,2.0,38342.0,19171.0,6570.436210785399,0.5,1.0,1.0,6.0,0.5,0.5,0.0,12.0,14.0,127.80666666666667,1.0,0,9
a75029c4-57c6-4f98-bb8f-c669e3371eaa,6,1,1.0,1.0,9633.0,9633.0,0.0,1.0,0.0,1.0,17.0,0.0,1.0,0.0,4.0,4.0,192.66,0.0,0,2
0e58ea5a-ebe4-48cb-b31b-d02a4f350cf8,6,1,0.0,2.0,38522.0,19261.0,12092.940171852335,0.5,1.0,1.0,3.0,1.0,0.0,0.0,8.0,8.0,128.40666666666667,1.0,1,4
a806f6d6-4bea-40df-b870-212859386e9d,5,1,0.0,2.0,8461.0,4230.5,3507.956741466462,0.0,1.0,1.0,2.0,0.0,0.0,1.0,3.0,3.0,42.305,1.0,0,3
e9b1a5df-d70c-4ccf-af22-64fdae98d3a2,5,1,0.0,3.0,38932.0,12977.333333333334,1249.5096371510442,0.33333333333333337,1.0,1.0,4.0,1.0,0.0,0.0,12.0,12.0,129.77333333333334,1.0,0,5
516c8142-ae8d-4c6f-85d9-2025c14fbd33,5,1,0.0,3.0,85837.0,28612.333333333332,5080.598521171825,0.33333333333333337,1.0,2.0,6.0,1.0,0.0,0.0,12.0,12.0,190.7488888888889,1.0,1,9
e80f7f66-f24a-4637-95c9-20288fd811ee,5,1,0.0,3.0,9826.0,3275.3333333333335,137.7836468284002,0.33333333333333337,1.0,3.0,1.0,0.6666666666666666,0.0,0.3333333333333333,7.0,7.0,54.370000000000005,0.0,1,1
d16cd121-9802-4880-8879-2eaf09fe99c5,5,1,0.0,2.0,6641.0,3320.5,212.83914113715082,0.5,1.0,2.0,1.0,0.5,0.0,0.5,4.0,3.0,49.055,0.0,1,1
418edd26-c1c1-49f6-b67f-3b29c3e868e9,5,1,1.0,3.0,40040.0,13346.666666666666,9574.92685785815,0.6666666666666667,1.0,1.0,3.0,0.6666666666666666,0.0,0.3333333333333333,14.0,14.0,88.97777777777776,1.0,1,4
a86e2828-1e68-43d3-ace8-2b8b63a07173,5,1,0.0,2.0,32274.0,16137.0,3505.8354211229025,0.5,1.0,1.0,47.0,1.0,0.0,0.0,6.0,6.0,322.74,0.0,0,6
06bbc34a-80ad-4fe7-af86-353204eda243,5,1,0.0,2.0,31805.0,15902.5,3068.13632356843,0.5,1.0,1.0,47.0,1.0,0.0,0.0,6.0,7.0,318.05,0.0,0,6
aa4773c8-dbc9-4c80-849b-1ab8d1db7bda,5,1,2.0,1.0,11831.0,11831.0,0.0,1.0,0.0,1.0,3.0,1.0,0.0,0.0,3.0,3.0,78.87333333333333,1.0,0,4
164b86b4-1b91-4b34-80b7-5bd04ab6c425,5,1,0.0,1.0,9174.0,9174.0,0.0,0.0,1.0,1.0,4.0,1.0,0.0,0.0,5.0,5.0,91.74,1.0,0,5
191ab6ad-4f17-4809-821c-5666dfcfa900,5,1,0.0,1.0,15364.0,15364.0,0.0,0.0,1.0,1.0,2.0,1.0,0.0,0.0,2.0,1.0,153.64,1.0,0,3
3fb96714-db4d-4896-b821-df6fc1d93fe5,4,0,1.0,3.0,20830.0,6943.333333333333,3381.831653606272,0.33333333333333337,1.0,1.0,3.0,0.6666666666666666,0.0,0.3333333333333333,5.0,5.0,46.28888888888889,1.0,1,4
837f5b0c-eb54-4e56-a869-0cb10442c135,4,0,0.0,1.0,14993.0,14993.0,0.0,1.0,0.0,1.0,1.0,1.0,0.0,0.0,7.0,7.0,299.86,0.0,1,1
f488f39f-ed32-43c0-96a9-245d672e031b,4,0,0.0,1.0,10606.0,10606.0,0.0,1.0,0.0,1.0,6.0,1.0,0.0,0.0,3.0,3.0,70.70666666666666,1.0,0,9
4e1ff9ce-d70c-4a7d-b8e2-92e6f8a9cf9a,4,0,0.0,1.0,3438.0,3438.0,0.0,1.0,0.0,1.0,3.0,1.0,0.0,0.0,8.0,8.0,22.92,1.0,0,4
fa06b23d-3a20-448f-8791-557beff8df9f,4,0,0.0,2.0,109588.0,54794.0,22215.88085131895,0.5,1.0,1.0,6.0,0.5,0.0,0.5,9.0,8.0,365.2933333333333,1.0,0,9
2d420a09-9889-412a-a06a-5c31c9989572,4,0,0.0,2.0,28090.0,14045.0,10199.308211834761,1.0,0.0,1.0,49.0,0.5,0.5,0.0,6.0,6.0,280.9,0.0,1,7
cedb9775-823b-47d8-9169-a10030d18230,4,0,0.0,2.0,63026.0,31513.0,3206.0221458998067,0.5,1.0,1.0,6.0,0.5,0.5,0.0,8.0,8.0,210.08666666666664,1.0,0,9
fcb773d5-e975-4e42-9804-b3a66c96e922,4,0,1.0,1.0,955.0,955.0,0.0,0.0,1.0,1.0,49.0,0.0,1.0,0.0,1.0,1.0,19.1,0.0,0,7
ad815a70-8cb6-4476-ba57-b58463ea127f,4,0,0.0,2.0,12955.0,6477.5,2093.7431790933674,0.5,1.0,1.0,6.0,0.0,0.0,1.0,4.0,4.0,43.18333333333334,1.0,0,9
07523908-f501-450f-9b90-56b0f48b8f9e,3,0,0.0,1.0,28869.0,28869.0,0.0,1.0,0.0,1.0,3.0,1.0,0.0,0.0,9.0,9.0,192.46,1.0,0,4
28b231da-c41a-4f43-9e57-a818201e99b5,3,0,0.0,2.0,23120.0,11560.0,11493.313621406143,0.5,1.0,1.0,3.0,1.0,0.0,0.0,6.0,6.0,77.06666666666666,1.0,1,4
d96ec6ac-56b1-4baf-b52b-4a133ad338a8,3,0,0.0,1.0,16630.0,16630.0,0.0,1.0,0.0,1.0,47.0,1.0,0.0,0.0,5.0,4.0,332.6,0.0,0,6
c0442006-c745-40c3-b61d-daf95f4b2587,3,0,0.0,1.0,7874.0,7874.0,0.0,1.0,0.0,1.0,4.0,0.0,0.0,1.0,2.0,2.0,78.74,1.0,0,5
4ba37b4f-1239-4107-8f03-395dff5da4b8,3,0,0.0,3.0,38707.0,9676.75,3630.050722786116,0.5,1.0,1.0,47.0,0.25,0.0,0.75,11.0,12.0,193.535,0.0,0,6
87d4ed2c-279c-4288-9d43-143d756d9ef6,3,0,0.0,1.0,12427.0,12427.0,0.0,1.0,0.0,1.0,6.0,1.0,0.0,0.0,2.0,3.0,82.84666666666666,1.0,0,9
207251af-d566-44f1-923c-99ab822224dc,3,0,0.0,2.0,44518.0,22259.0,10510.435195556842,0.5,1.0,1.0,1.0,0.5,0.5,0.0,8.0,7.0,445.18000000000006,0.0,0,1
f1c2510c-e1ee-4f43-ad68-aa2f1df169fc,3,0,0.0,2.0,15215.0,7607.5,4131.624922472997,1.0,0.0,1.0,6.0,0.5,0.5,0.0,3.0,3.0,50.71666666666666,1.0,0,9
a905713b-cc99-4308-8116-75612dc907ef,2,0,0.0,3.0,74185.0,24728.333333333332,9709.174750375714,1.0,0.0,1.0,3.0,0.3333333333333333,0.6666666666666666,0.0,11.0,11.0,164.85555555555555,1.0,0,4
868bd6d8-a092-4e16-8974-87c11ac0e357,2,0,0.0,2.0,6310.0,3155.0,4081.4203410087525,1.0,0.0,1.0,6.0,0.0,0.0,1.0,2.0,2.0,21.033333333333335,1.0,1,9
6076ade8-3fad-495b-91f5-97430478db03,2,0,0.0,1.0,28168.0,28168.0,0.0,1.0,0.0,1.0,2.0,0.0,1.0,0.0,2.0,2.0,281.68,1.0,0,3
963a0a40-9499-4e30-a321-9feda7c6221f,2,0,0.0,3.0,58943.0,19647.666666666668,11260.562078925426,1.0,0.0,1.0,2.0,0.3333333333333333,0.3333333333333333,0.3333333333333333,8.0,9.0,196.47666666666666,1.0,0,3
f70fa4ed-8364-499c-8c49-6d232e6c271b,2,0,0.0,3.0,108696.0,36232.0,16486.592006839983,1.0,0.0,2.0,6.0,0.0,0.6666666666666666,0.3333333333333333,13.0,13.0,241.54666666666662,1.0,1,9
2afe86f0-ba6d-4a44-8d5a-3cafbcf45b28,2,0,0.0,1.0,10229.0,10229.0,0.0,1.0,0.0,1.0,47.0,1.0,0.0,0.0,3.0,3.0,204.58,0.0,0,6
15aa8ee1-ba2b-4cef-ad8e-1104dfa06aaf,2,0,0.0,3.0,34343.0,11447.666666666666,6128.50392292714,1.0,0.0,1.0,47.0,1.0,0.0,0.0,11.0,11.0,228.95333333333335,0.0,0,6
b159d9f8-9a5e-4602-b251-8a8e95305da5,2,0,0.0,1.0,3002.0,3002.0,0.0,1.0,0.0,1.0,1.0,0.0,0.0,1.0,2.0,3.0,60.04,0.0,1,1
8d938749-b20a-4852-a96c-ad9b9d6c2940,2,0,2.0,1.0,3467.0,3467.0,0.0,1.0,0.0,1.0,3.0,1.0,0.0,0.0,2.0,2.0,23.113333333333333,1.0,1,4
c0a07e5c-3268-4df0-8eea-66a9c4daed6e,2,0,1.0,1.0,21275.0,21275.0,0.0,1.0,0.0,1.0,6.0,1.0,0.0,0.0,3.0,3.0,141.83333333333334,1.0,1,9
27af892d-e05e-408b-bb64-43c439a1ad4e,2,0,0.0,2.0,32593.0,16296.5,1495.530842209548,1.0,0.0,1.0,2.0,0.5,0.5,0.0,4.0,5.0,162.96499999999997,1.0,0,3
17345339-ce2f-4534-b3d4-a610a7f6df4e,1,0,0.0,1.0,4944.0,4944.0,0.0,1.0,0.0,1.0,17.0,1.0,0.0,0.0,2.0,1.0,98.88,0.0,0,2
555fb8f1-a80d-48ff-bf61-bc14957f3909,1,0,0.0,1.0,14600.0,14600.0,0.0,1.0,0.0,1.0,6.0,1.0,0.0,0.0,4.0,4.0,97.33333333333333,1.0,0,9
51fe6ee6-3f71-4e35-acf5-174a5e683070,1,0,0.0,2.0,21353.0,10676.5,4202.335600591652,1.0,0.0,1.0,6.0,0.5,0.0,0.5,8.0,8.0,71.17666666666666,1.0,0,9
a569cc5b-7050-4733-a203-860cc2d4cbc9,1,0,0.0,1.0,24337.0,24337.0,0.0,1.0,0.0,1.0,3.0,1.0,0.0,0.0,7.0,6.0,162.24666666666667,1.0,0,4
5c332af9-6cba-4df5-8327-6d9cf048eb2f,1,0,2.0,1.0,9707.0,9707.0,0.0,1.0,0.0,1.0,17.0,1.0,0.0,0.0,1.0,1.0,194.14,0.0,1,2
65a33b0a-2bd6-4af4-9e11-5778c55e4575,1,0,0.0,1.0,18332.0,18332.0,0.0,1.0,0.0,1.0,47.0,1.0,0.0,0.0,3.0,3.0,366.64,0.0,0,6
23aa0e5f-6e55-499c-afac-851aba761ea3,1,0,0.0,2.0,57220.0,28610.0,6799.538807889841,1.0,0.0,1.0,2.0,0.0,1.0,0.0,4.0,5.0,286.1,1.0,1,3
e53dbfe5-3f4f-4243-8423-5a1ef3ebfcc3,1,0,0.0,3.0,76912.0,25637.333333333332,5055.570623909169,1.0,0.0,1.0,2.0,0.0,1.0,0.0,17.0,18.0,256.37333333333333,1.0,1,3
9f4a7db5-93d3-4949-b1fd-c2185ed685cf,1,0,0.0,2.0,47016.0,23508.0,9772.215715998087,1.0,0.0,1.0,6.0,0.5,0.5,0.0,12.0,11.0,156.72,1.0,1,9
27265d3c-a82d-44e3-8b34-bb63b28c5536,1,0,1.0,2.0,34807.0,17403.5,10164.65997955662,1.0,0.0,2.0,1.0,0.5,0.5,0.0,4.0,4.0,348.07,0.0,0,1
62b897f7-cad5-460f-b43a-966ca32d0cb8,1,0,1.0,1.0,7923.0,7923.0,0.0,1.0,0.0,1.0,2.0,1.0,0.0,0.0,1.0,1.0,79.23,1.0,0,3
6e3f8afe-2f4c-4b87-8a9e-07d3bcb2b5a6,1,0,0.0,2.0,29254.0,14627.0,1797.4654377762038,1.0,0.0,2.0,1.0,1.0,0.0,0.0,4.0,4.0,292.53999999999996,0.0,0,1
99adf078-eded-47de-a685-4f74906d8af6,0,0,0.0,3.0,50120.0,16706.666666666668,6593.969239641123,1.0,0.0,2.0,2.0,0.6666666666666666,0.0,0.3333333333333333,9.0,9.0,231.07666666666668,0.0,0,3
7e4b75e7-b623-47be-8de8-a51aa56f73a7,0,0,0.0,1.0,12155.0,12155.0,0.0,1.0,0.0,1.0,6.0,1.0,0.0,0.0,1.0,1.0,81.03333333333333,1.0,0,9
161c6585-c991-4286-840e-52e3dea18773,0,0,0.0,3.0,37920.0,12640.0,3759.555957822679,1.0,0.0,1.0,1.0,0.3333333333333333,0.6666666666666666,0.0,17.0,15.0,252.79999999999998,0.0,1,1
d9fc9841-6383-410e-9d76-2862f1b6e1af,0,0,2.0,1.0,31449.0,31449.0,0.0,1.0,0.0,1.0,3.0,1.0,0.0,0.0,8.0,10.0,209.66,1.0,0,4
1ba5ca1b-a8fd-45b7-b8eb-714abfef86e4,0,0,0.0,1.0,11951.0,11951.0,0.0,1.0,0.0,1.0,6.0,1.0,0.0,0.0,3.0,1.0,79.67333333333333,1.0,0,9
051a6cf4-4f91-4c0a-9415-317e22c1219e,0,0,0.0,1.0,9800.0,9800.0,0.0,1.0,0.0,1.0,2.0,1.0,0.0,0.0,1.0,1.0,98.0,1.0,0,3
543212cb-2e9e-461e-90b2-47a582692cca,0,0,0.0,1.0,13378.0,13378.0,0.0,1.0,0.0,1.0,6.0,1.0,0.0,0.0,7.0,11.0,89.18666666666667,1.0,0,9
2892e4e7-04b6-4ace-bbc1-26d0e702d5f0,0,0,0.0,2.0,20482.0,10241.0,5055.8134854838145,1.0,0.0,1.0,49.0,0.0,0.0,1.0,2.0,2.0,204.82,0.0,0,7
bc28942c-d7e1-496d-9fd7-fca451e27f90,0,0,0.0,1.0,13324.0,13324.0,0.0,1.0,0.0,1.0,6.0,1.0,0.0,0.0,3.0,7.0,88.82666666666667,1.0,0,9
c347adca-dee1-404a-a281-b4249bb0879f,0,0,0.0,1.0,13397.0,13397.0,0.0,1.0,0.0,1.0,47.0,1.0,0.0,0.0,3.0,4.0,267.94,0.0,0,6
b70dbfee-ad22-40d6-8647-69b4ba897a65,0,0,0.0,1.0,10296.0,10296.0,0.0,1.0,0.0,1.0,6.0,0.0,0.0,1.0,3.0,3.0,68.64,1.0,0,9
06e550f4-813e-4ddc-953a-de56d5454292,0,0,0.0,2.0,20485.0,10242.5,142.12846301849606,1.0,0.0,1.0,6.0,0.0,0.0,1.0,4.0,4.0,68.28333333333333,1.0,0,9
204ecb60-f9e3-42b4-ae7a-f1f00c939894,6,1,0.0,1.0,8961.0,8961.0,0.0,0.0,1.0,1.0,2.0,1.0,0.0,0.0,8.0,8.0,89.61,1.0,0,3
3cf1c30c-dc64-417e-aa03-9ad0503a00e5,6,1,1.0,1.0,11667.0,11667.0,0.0,1.0,0.0,1.0,6.0,1.0,0.0,0.0,2.0,4.0,77.78,1.0,0,9
27b0e4fb-7c3c-46a1-86e6-a7cbb4b8d0cf,6,1,0.0,3.0,55147.0,18382.333333333332,3854.9571117372147,0.6666666666666667,1.0,1.0,3.0,0.6666666666666666,0.3333333333333333,0.0,12.0,12.0,122.54888888888888,1.0,0,4
6474110f-5ff7-40b8-9b1c-6fb99d66ba69,5,1,0.0,1.0,8262.0,8262.0,0.0,0.0,1.0,1.0,3.0,1.0,0.0,0.0,3.0,3.0,55.08,1.0,0,4
34d68334-ee08-4a87-8879-9320746a52d9,5,1,0.0,3.0,18461.0,6153.666666666667,2696.8485929568487,0.6666666666666667,1.0,1.0,2.0,0.0,0.0,1.0,3.0,3.0,61.53666666666666,1.0,1,3
57013470-43a1-43bd-adf2-6edd000aa01b,5,1,1.0,1.0,13151.0,13151.0,0.0,0.0,1.0,1.0,3.0,0.0,1.0,0.0,3.0,3.0,87.67333333333333,1.0,0,4
6861f386-6914-4ba2-b6b2-ffc88f5cc661,5,1,0.0,3.0,23072.0,7690.666666666667,1546.0078697514232,0.33333333333333337,1.0,1.0,4.0,1.0,0.0,0.0,11.0,11.0,76.90666666666665,1.0,0,5
939fc566-61cd-47f0-a3ce-e2936fdcff73,5,1,0.0,3.0,28583.0,9527.666666666666,6297.1057108272635,0.33333333333333337,1.0,1.0,1.0,0.6666666666666666,0.3333333333333333,0.0,9.0,9.0,190.5533333333333,0.0,1,1
32f8a452-d15a-4766-a56a-f53f3f50d514,5,1,0.0,1.0,24670.0,24670.0,0.0,0.0,1.0,1.0,6.0,0.0,1.0,0.0,8.0,9.0,164.46666666666667,1.0,0,9
0591012b-a4ee-41af-930c-3a30b30b6cd0,5,1,0.0,3.0,17380.0,5793.333333333333,4111.014635504638,0.33333333333333337,1.0,1.0,3.0,0.3333333333333333,0.0,0.6666666666666666,9.0,9.0,38.62222222222223,1.0,0,4
56231301-3408-4206-962d-aaa25a342821,5,1,0.0,1.0,10819.0,10819.0,0.0,0.0,1.0,1.0,6.0,1.0,0.0,0.0,10.0,12.0,72.12666666666667,1.0,0,9
5c08268f-5583-4716-80eb-ba76ca33f0ca,5,1,0.0,1.0,11377.0,11377.0,0.0,0.0,1.0,1.0,6.0,1.0,0.0,0.0,1.0,1.0,75.84666666666666,1.0,0,9
ba49324f-d317-4053-adf9-2b17b3f07594,5,1,0.0,3.0,54072.0,18024.0,2661.251021606192,0.6666666666666667,1.0,3.0,1.0,1.0,0.0,0.0,3.0,6.0,194.18666666666664,0.0,1,1
4c5b26a3-24d4-4b8f-a591-be80271c0aeb,5,1,0.0,3.0,56646.0,18882.0,10233.337725297646,0.33333333333333337,1.0,1.0,1.0,1.0,0.0,0.0,50.0,58.0,377.64000000000004,0.0,0,1
bde82845-e0dc-48d6-858b-74f7f26ef103,4,0,0.0,1.0,12982.0,12982.0,0.0,1.0,0.0,1.0,47.0,1.0,0.0,0.0,5.0,4.0,259.64,0.0,0,6
1c0835bb-8c29-4a0f-a135-9602f87f5690,4,0,0.0,1.0,6075.0,6075.0,0.0,1.0,0.0,1.0,17.0,0.0,1.0,0.0,2.0,1.0,121.5,0.0,1,2
b2d80cf6-2ced-4270-9d7a-43119bba35d2,4,0,0.0,1.0,8396.0,8396.0,0.0,1.0,0.0,1.0,6.0,1.0,0.0,0.0,2.0,2.0,55.973333333333336,1.0,0,9
e111619a-0975-451b-9a4a-bc8aea7b7b84,3,0,0.0,1.0,11084.0,11084.0,0.0,1.0,0.0,1.0,2.0,0.0,0.0,1.0,2.0,2.0,110.84,1.0,0,3
2b251333-8676-4c11-a736-dcf2350f8821,3,0,0.0,1.0,19596.0,19596.0,0.0,1.0,0.0,1.0,49.0,0.0,1.0,0.0,6.0,6.0,391.92,0.0,0,7
2ba8ab19-2d40-4423-ad04-f0f9ca814871,3,0,0.0,1.0,4775.0,4775.0,0.0,1.0,0.0,1.0,17.0,0.0,0.0,1.0,2.0,1.0,95.5,0.0,0,2
1d49ba36-6c23-405b-9514-aa7f4aeceff0,3,0,0.0,1.0,5037.0,5037.0,0.0,1.0,0.0,1.0,17.0,0.0,0.0,1.0,2.0,3.0,100.74,0.0,0,2
4df43903-b549-405f-90e2-aa769c301ba9,2,0,0.0,2.0,32904.0,16452.0,14611.654526438819,1.0,0.0,1.0,6.0,0.0,0.0,1.0,2.0,2.0,109.68,1.0,0,9
960cb038-1bd0-4458-8b61-c96201fa6d0e,2,0,0.0,1.0,19034.0,19034.0,0.0,1.0,0.0,1.0,49.0,1.0,0.0,0.0,2.0,2.0,380.68,0.0,0,7
43d4f7e4-5a7d-42cb-8042-7c00724181d0,2,0,0.0,1.0,5973.0,5973.0,0.0,1.0,0.0,1.0,3.0,1.0,0.0,0.0,3.0,2.0,39.82,1.0,0,4
3f250db3-436e-4495-8341-8eeb85691197,2,0,0.0,1.0,6938.0,6938.0,0.0,1.0,0.0,1.0,3.0,1.0,0.0,0.0,3.0,3.0,46.25333333333333,1.0,0,4
c26c763e-6bf2-4446-89c0-90b70738ceb3,2,0,1.0,1.0,25273.0,25273.0,0.0,1.0,0.0,1.0,2.0,1.0,0.0,0.0,2.0,2.0,252.73,1.0,0,3
827a7ef2-a643-451f-8718-1cc94d86afb1,2,0,0.0,3.0,23904.0,7968.0,4275.220111292517,1.0,0.0,1.0,47.0,0.3333333333333333,0.0,0.6666666666666666,9.0,9.0,159.35999999999999,0.0,0,6
ef646f31-ba4c-4bac-8d79-190a5ca81e53,2,0,0.0,1.0,14729.0,14729.0,0.0,1.0,0.0,1.0,2.0,1.0,0.0,0.0,4.0,5.0,147.29,1.0,0,3
a061393d-8d87-435f-bf42-fdf67ee71f06,2,0,0.0,2.0,41534.0,20767.0,8052.532024152403,1.0,0.0,1.0,2.0,0.5,0.5,0.0,7.0,7.0,207.67000000000002,1.0,0,3
0e30a7ac-0933-4f59-ac7d-f6dc9b9a134a,2,0,1.0,1.0,26634.0,26634.0,0.0,1.0,0.0,1.0,49.0,0.0,1.0,0.0,8.0,9.0,532.68,0.0,0,7
1cebe14a-6903-4a8b-b3c8-6e4058e47a6c,1,0,0.0,1.0,3503.0,3503.0,0.0,1.0,0.0,1.0,1.0,0.0,0.0,1.0,2.0,2.0,70.06,0.0,0,1
3ca54bee-d52b-429b-8dc3-5f192838b448,1,0,1.0,1.0,2586.0,2586.0,0.0,1.0,0.0,1.0,1.0,0.0,0.0,1.0,1.0,1.0,51.72,0.0,0,1
b0be3bb2-883d-430e-94d2-69caa4c76081,1,0,1.0,1.0,14525.0,14525.0,0.0,1.0,0.0,1.0,3.0,1.0,0.0,0.0,1.0,1.0,96.83333333333333,1.0,0,4
f0a4f5cc-4db3-4cb6-904c-3defc9ea0b8e,1,0,0.0,1.0,24475.0,24475.0,0.0,1.0,0.0,1.0,2.0,0.0,1.0,0.0,4.0,4.0,244.75,1.0,1,3
e269fac1-01ae-4f8a-95ed-421baa95880e,1,0,0.0,2.0,65222.0,32611.0,10759.336782534507,1.0,0.0,1.0,1.0,0.0,1.0,0.0,16.0,16.0,0.0,0.0,0,1
91d6cfde-b2bd-46bf-a227-b3c4d70189f1,0,0,0.0,1.0,14872.0,14872.0,0.0,1.0,0.0,1.0,1.0,1.0,0.0,0.0,3.0,3.0,297.44,0.0,0,1
c7df0c9a-709f-4ab2-9649-e2c3caef1e7c,0,0,0.0,1.0,10108.0,10108.0,0.0,1.0,0.0,1.0,6.0,0.0,1.0,0.0,2.0,2.0,67.38666666666667,1.0,0,9
b0c847c0-6427-4c81-b517-b68ac077a937,0,0,0.0,2.0,36254.0,18127.0,22222.951919130817,1.0,0.0,1.0,6.0,0.5,0.0,0.5,13.0,13.0,120.84666666666666,1.0,1,9
05b10d2f-1e46-4960-9e6d-5cb576daae62,0,0,0.0,2.0,13622.0,6811.0,5068.541407545173,1.0,0.0,1.0,1.0,0.0,1.0,0.0,6.0,6.0,136.22,0.0,0,1
c6f9f925-b346-42ef-9fb8-b95e7c18824a,0,0,0.0,3.0,59860.0,19953.333333333332,6444.368420049659,1.0,0.0,1.0,49.0,0.3333333333333333,0.6666666666666666,0.0,26.0,24.0,399.06666666666666,0.0,1,7
fe31a539-c437-4239-b645-2c80cf2be453,0,0,0.0,1.0,23739.0,23739.0,0.0,1.0,0.0,1.0,3.0,0.0,1.0,0.0,5.0,5.0,158.26,1.0,0,4
206c3138-0bba-4364-bbdf-8102573a4bff,6,1,0.0,1.0,24829.0,24829.0,0.0,0.0,1.0,1.0,49.0,1.0,0.0,0.0,9.0,8.0,496.58,0.0,0,7
469f7ac5-f98e-437c-a328-f6d69414a20f,6,1,0.0,2.0,54408.0,27204.0,7892.725891604244,0.5,1.0,1.0,3.0,0.0,1.0,0.0,11.0,11.0,181.36,1.0,1,4
1f4f92ab-6410-4b0f-9d7b-94fd87c0bbf2,6,1,1.0,1.0,3503.0,3503.0,0.0,1.0,0.0,1.0,1.0,0.0,1.0,0.0,2.0,2.0,70.06,0.0,0,1
f19319f3-83fa-402c-8bab-75739bedc76a,6,1,0.0,1.0,5760.0,5760.0,0.0,0.0,1.0,1.0,47.0,1.0,0.0,0.0,1.0,1.0,115.2,0.0,0,6
31d3005a-e052-4193-b181-fdabfb896d95,6,1,0.0,1.0,5802.0,5802.0,0.0,0.0,1.0,1.0,47.0,1.0,0.0,0.0,1.0,1.0,116.04,0.0,0,6
bc1bd58c-713b-426a-bfcd-336b3ee6543c,6,1,1.0,2.0,14993.0,7496.5,4459.722468943555,1.0,0.0,1.0,6.0,0.0,1.0,0.0,6.0,6.0,49.97666666666667,1.0,0,9
47a435a3-b1e4-48b1-8466-332eff85187c,6,1,0.0,1.0,26131.0,26131.0,0.0,0.0,1.0,1.0,49.0,1.0,0.0,0.0,5.0,6.0,522.62,0.0,0,7
35e4226a-7476-4232-9d55-d60bbc2296de,5,1,0.0,2.0,43843.0,21921.5,7066.118064397169,0.5,1.0,1.0,3.0,0.5,0.0,0.5,6.0,6.0,146.14333333333335,1.0,0,4
737e8182-3017-4f91-946b-7a985c8a9966,5,1,0.0,3.0,39355.0,13118.333333333334,7214.497372189786,0.33333333333333337,1.0,1.0,17.0,1.0,0.0,0.0,6.0,6.0,262.3666666666667,0.0,0,2
d72f7002-e7a5-47e9-aaaf-a7399f616279,5,1,0.0,1.0,22764.0,22764.0,0.0,0.0,1.0,1.0,6.0,1.0,0.0,0.0,6.0,5.0,151.76,1.0,0,9
948ae0cc-bc5a-4bd3-89ce-92b2a5c34710,5,1,0.0,3.0,83212.0,27737.333333333332,9135.545978940358,0.33333333333333337,1.0,1.0,6.0,0.6666666666666666,0.3333333333333333,0.0,64.0,62.0,184.91555555555556,1.0,0,9
b981ed1d-7695-4a31-b0e8-347ec0011de9,5,1,0.0,1.0,65921.0,65921.0,0.0,0.0,1.0,1.0,49.0,0.0,0.0,1.0,4.0,6.0,0.0,0.0,0,7
d4016d9a-992b-424c-80e9-5203d0e303cd,5,1,0.0,1.0,6729.0,6729.0,0.0,0.0,1.0,1.0,2.0,1.0,0.0,0.0,2.0,2.0,67.29,1.0,0,3
c133989a-0332-4445-9a8a-26bb18ab8bfe,5,1,0.0,1.0,7056.0,7056.0,0.0,0.0,1.0,1.0,1.0,1.0,0.0,0.0,2.0,2.0,141.12,0.0,0,1
77c68569-0066-4c52-b7ea-9f99cfee7b82,5,1,0.0,2.0,51514.0,25757.0,3897.57257790025,0.0,1.0,1.0,3.0,1.0,0.0,0.0,10.0,10.0,171.71333333333334,1.0,0,4
b7da5efc-6ebd-4823-bddf-2a421d4d9506,4,0,1.0,2.0,59467.0,29733.5,6156.778743791269,0.0,1.0,1.0,6.0,0.5,0.5,0.0,10.0,11.0,198.22333333333333,1.0,0,9
b493702c-36b8-4c7f-90d7-e520c3694dd9,4,0,0.0,2.0,6909.0,3454.5,67.17514421272202,1.0,0.0,1.0,1.0,1.0,0.0,0.0,1.0,1.0,69.09,0.0,1,1
08da3b84-41c9-4891-8f6a-5df201bb98b6,4,0,1.0,2.0,60390.0,30195.0,6086.775172453801,0.0,1.0,1.0,6.0,0.5,0.5,0.0,19.0,19.0,201.3,1.0,0,9
62249fbd-006c-418e-b03d-886fcb3096d6,4,0,0.0,3.0,157969.0,52656.333333333336,24788.255411249364,0.33333333333333337,1.0,1.0,3.0,0.3333333333333333,0.3333333333333333,0.3333333333333333,16.0,18.0,351.04222222222216,1.0,1,4
961c299a-6d25-4f43-ae1b-a8a1eb7029f3,4,0,0.0,3.0,37374.0,12458.0,874.7822586221099,0.33333333333333337,1.0,1.0,4.0,1.0,0.0,0.0,10.0,10.0,124.58,1.0,0,5
32202c7c-9585-42e1-a952-39d7f785ec4c,4,0,0.0,1.0,26910.0,26910.0,0.0,1.0,0.0,1.0,49.0,0.0,1.0,0.0,9.0,9.0,538.2,0.0,0,7
f63c1df3-a4ca-476c-a002-15ee415e7595,4,0,0.0,3.0,58886.0,19628.666666666668,18864.80597126123,0.33333333333333337,1.0,2.0,2.0,0.6666666666666666,0.0,0.3333333333333333,7.0,7.0,173.14000000000001,1.0,0,3
c5fa0d83-be49-4734-93b4-67437a5f333a,3,0,0.0,3.0,22777.0,7592.333333333333,5226.678613931924,0.6666666666666667,1.0,1.0,6.0,0.0,0.0,1.0,7.0,5.0,50.61555555555555,1.0,1,9
6e7ffa19-6cda-49f3-a283-c618c71c0d14,3,0,0.0,2.0,6058.0,3029.0,3723.624309728359,1.0,0.0,1.0,6.0,0.0,0.0,1.0,2.0,2.0,20.193333333333335,1.0,1,9
46f7ba0a-73f1-4b83-8ac6-55474348473d,3,0,0.0,2.0,23861.0,11930.5,3732.8166978837844,1.0,0.0,1.0,49.0,1.0,0.0,0.0,4.0,4.0,238.60999999999999,0.0,0,7
25515314-abd4-41c1-b837-47859a1b56c9,3,0,0.0,3.0,72482.0,24160.666666666668,5159.279148614982,0.6666666666666667,1.0,1.0,47.0,1.0,0.0,0.0,19.0,19.0,483.2133333333333,0.0,1,6
4fd4d5c5-51da-414b-9cff-d2e2ec32cec2,3,0,0.0,1.0,24816.0,24816.0,0.0,1.0,0.0,1.0,47.0,1.0,0.0,0.0,2.0,2.0,496.32,0.0,0,6
01260e33-69c0-45da-bad1-e21c6e7a82b3,3,0,0.0,3.0,40848.0,10212.0,8317.935721479618,0.25,1.0,2.0,1.0,1.0,0.0,0.0,9.0,9.0,204.24,0.0,1,1
0e916418-64b7-49a0-9bb8-87a2bd9a11bf,3,0,0.0,2.0,66155.0,33077.5,1116.5216074935586,1.0,0.0,1.0,6.0,0.0,1.0,0.0,4.0,4.0,220.51666666666665,1.0,0,9
d97fcfb7-3f3f-4f65-8974-b8ac36a31b8d,3,0,1.0,1.0,17032.0,17032.0,0.0,1.0,0.0,1.0,4.0,1.0,0.0,0.0,4.0,4.0,170.32,1.0,0,5
4918f232-20c0-4af3-ae46-66b80351d176,2,0,0.0,3.0,129298.0,43099.333333333336,2742.9357144004175,1.0,0.0,1.0,2.0,0.0,1.0,0.0,10.0,11.0,430.99333333333334,1.0,0,3
0760e084-bbc0-4bb7-9b29-110d5fce86e7,2,0,0.0,3.0,46573.0,15524.333333333334,6333.630107081825,1.0,0.0,2.0,4.0,1.0,0.0,0.0,11.0,11.0,182.78333333333333,0.0,0,5
1b6a19cc-10c4-4afd-be84-9ebd31e427be,2,0,0.0,1.0,135.0,135.0,0.0,1.0,0.0,1.0,3.0,1.0,0.0,0.0,2.0,2.0,0.9,1.0,0,4
820dee05-5279-4fba-a694-50b3636824df,2,0,0.0,2.0,39582.0,19791.0,3396.9409768201745,1.0,0.0,1.0,17.0,0.5,0.5,0.0,5.0,5.0,395.82,0.0,0,2
9ee53967-650f-4866-9b45-1c403515a34b,2,0,0.0,1.0,15080.0,15080.0,0.0,1.0,0.0,1.0,17.0,1.0,0.0,0.0,2.0,2.0,301.6,0.0,0,2
737cfb90-9009-4170-a460-c599aef6543e,2,0,0.0,3.0,21083.0,7027.666666666667,5850.343693607525,1.0,0.0,1.0,49.0,0.6666666666666666,0.3333333333333333,0.0,4.0,3.0,140.55333333333334,0.0,0,7
a6875d52-0abf-4d85-bbe7-fec2134c4a5e,1,0,0.0,2.0,25439.0,12719.5,6349.11178827401,1.0,0.0,1.0,3.0,1.0,0.0,0.0,3.0,3.0,84.79666666666667,1.0,0,4
99d6494b-9eb7-4250-8351-fb0857c75da2,1,0,0.0,1.0,17323.0,17323.0,0.0,1.0,0.0,1.0,3.0,1.0,0.0,0.0,2.0,2.0,115.48666666666666,1.0,0,4
22a54d14-5e69-431c-8255-5c023899fccd,1,0,0.0,3.0,92783.0,30927.666666666668,1195.0365405849873,1.0,0.0,1.0,49.0,0.0,0.3333333333333333,0.6666666666666666,19.0,19.0,618.5533333333333,0.0,0,7
b2fb315b-3d32-4a3f-b409-99a633a360e4,1,0,0.0,3.0,36112.0,12037.333333333334,14875.220009577448,1.0,0.0,1.0,49.0,0.6666666666666666,0.3333333333333333,0.0,3.0,2.0,240.74666666666667,0.0,1,7
3f083b16-8a77-44dd-9889-166b3567708d,1,0,0.0,3.0,54999.0,18333.0,4525.530355659986,1.0,0.0,1.0,3.0,0.6666666666666666,0.3333333333333333,0.0,26.0,26.0,122.22000000000001,1.0,0,4
01dab720-a416-4444-94bc-dee7fdbe8bd2,0,0,0.0,3.0,6315.0,2105.0,330.0045454232411,1.0,0.0,1.0,17.0,0.0,0.3333333333333333,0.6666666666666666,3.0,3.0,42.1,0.0,1,2
fb6cfd01-ed0b-4a39-9b51-856ce51f7555,0,0,1.0,1.0,9419.0,9419.0,0.0,1.0,0.0,1.0,4.0,1.0,0.0,0.0,2.0,3.0,94.19,1.0,0,5
e1d33317-1932-45d4-8fbe-8234feb817c0,0,0,0.0,3.0,79208.0,26402.666666666668,4633.162454882554,1.0,0.0,1.0,49.0,0.3333333333333333,0.0,0.6666666666666666,8.0,11.0,528.0533333333333,0.0,0,7
5af17ea3-e43a-4b86-a17b-e9d2c3407cc3,0,0,0.0,2.0,48480.0,24240.0,34270.63725698721,1.0,0.0,1.0,49.0,0.0,0.0,1.0,14.0,12.0,484.8,0.0,1,7
9d3cb3f8-b54a-48a0-aee2-14c97452ad66,0,0,0.0,1.0,29357.0,29357.0,0.0,1.0,0.0,1.0,6.0,0.0,1.0,0.0,2.0,2.0,195.71333333333334,1.0,1,9
5d07162b-ba77-4cfa-9f41-bf97aebcd97d,0,0,0.0,3.0,43718.0,14572.666666666666,7588.558251297366,1.0,0.0,1.0,3.0,0.3333333333333333,0.6666666666666666,0.0,3.0,3.0,97.1511111111111,1.0,1,4
b149b56a-9d65-4668-b856-a2f4419a1290,0,0,0.0,3.0,73209.0,24403.0,14498.347733448802,1.0,0.0,1.0,3.0,0.6666666666666666,0.0,0.3333333333333333,21.0,21.0,162.68666666666667,1.0,0,4
1b71c5bf-9a3a-4790-86f4-0a843cfb913e,0,0,0.0,1.0,10753.0,10753.0,0.0,1.0,0.0,1.0,17.0,1.0,0.0,0.0,3.0,3.0,215.06,0.0,0,2
ac797f20-42c9-45e1-8009-ada4d60294ef,0,0,0.0,3.0,42079.0,14026.333333333334,14368.05054046419,1.0,0.0,2.0,6.0,0.3333333333333333,0.0,0.6666666666666666,15.0,13.0,106.90444444444445,0.0,1,9
02458b10-7f2b-4030-950b-ba650ce2fb49,0,0,0.0,3.0,18718.0,6239.333333333333,1310.7869137786404,1.0,0.0,1.0,1.0,0.0,0.0,1.0,6.0,6.0,124.78666666666668,0.0,1,1
eb620cd9-a0e3-4138-9057-ae6f764248ed,0,0,0.0,2.0,42210.0,21105.0,14975.107411968704,1.0,0.0,1.0,2.0,1.0,0.0,0.0,7.0,8.0,211.05,1.0,0,3
c26dddbd-9a71-4b0d-95b9-512a0abe2fda,6,1,0.0,1.0,34296.0,34296.0,0.0,0.0,1.0,1.0,1.0,0.0,1.0,0.0,5.0,5.0,0.0,0.0,0,1
59689389-e601-4801-95f7-2d89d5ed53f5,6,1,0.0,2.0,29599.0,9866.333333333334,8299.244624261495,0.6666666666666667,1.0,3.0,2.0,0.6666666666666666,0.3333333333333333,0.0,8.0,8.0,97.83111111111111,1.0,0,3
48735f8b-6e00-4f11-a8d4-13a8a7ad913e,6,1,0.0,3.0,71927.0,23975.666666666668,9333.264452126776,0.6666666666666667,1.0,1.0,3.0,0.6666666666666666,0.0,0.3333333333333333,10.0,10.0,159.83777777777777,1.0,0,4
1e576668-100b-4811-bd45-20c8e26a39e3,6,1,0.0,1.0,13573.0,13573.0,0.0,0.0,1.0,1.0,3.0,1.0,0.0,0.0,7.0,7.0,90.48666666666666,1.0,0,4
2a0673d0-f139-42b3-bba8-13e8f6336888,6,1,1.0,2.0,25018.0,12509.0,9951.82083841947,1.0,0.0,1.0,6.0,0.5,0.0,0.5,5.0,5.0,83.39333333333333,1.0,0,9
e2f35835-dfce-44e9-a106-bb558d4d5fdf,6,1,0.0,1.0,35455.0,35455.0,0.0,0.0,1.0,1.0,1.0,0.0,1.0,0.0,3.0,3.0,0.0,0.0,0,1
c78a069b-2c7c-459d-ab3d-5a8167475e4b,6,1,0.0,3.0,75223.0,25074.333333333332,8444.755611226019,0.6666666666666667,1.0,1.0,4.0,0.3333333333333333,0.0,0.6666666666666666,7.0,7.0,250.74333333333334,1.0,0,5
5695eebc-2c09-4155-a95d-38efdcf74094,6,1,0.0,1.0,3776.0,3776.0,0.0,0.0,1.0,1.0,6.0,0.0,1.0,0.0,1.0,1.0,25.173333333333332,1.0,0,9
700c057c-e808-4670-9349-7ca843489631,6,1,0.0,1.0,15866.0,15866.0,0.0,0.0,1.0,1.0,3.0,1.0,0.0,0.0,7.0,7.0,105.77333333333333,1.0,0,4
f9bbf840-6b11-4b11-8211-54d5456c4e11,6,1,0.0,1.0,11514.0,11514.0,0.0,0.0,1.0,1.0,3.0,1.0,0.0,0.0,1.0,1.0,76.76,1.0,0,4
5ab9c9f1-6dd4-41e0-a0da-b7c8faa7c395,6,1,0.0,2.0,20835.0,10417.5,3474.015615969508,0.5,1.0,1.0,2.0,0.0,0.0,1.0,2.0,2.0,104.17500000000001,1.0,0,3
9913e036-ec2d-4f4b-9658-490a7b04ae7c,6,1,0.0,2.0,19733.0,9866.5,563.5641046056784,0.5,1.0,1.0,17.0,0.0,0.0,1.0,3.0,2.0,197.33,0.0,1,2
dd1be3ad-85a9-43e1-87c4-c4b9fff73b83,5,1,0.0,2.0,46269.0,23134.5,2823.4773772778844,0.0,1.0,1.0,2.0,1.0,0.0,0.0,12.0,12.0,231.345,1.0,0,3
1222f361-21e1-4722-bfa2-5653dcf7339d,5,1,1.0,2.0,36815.0,18407.5,10758.62967575332,0.5,1.0,1.0,1.0,0.0,0.5,0.5,10.0,10.0,368.15,0.0,0,1
42f8fb48-8914-4fff-b30f-6ddf5c8bdf2a,5,1,0.0,2.0,32811.0,16405.5,313.2483040656405,0.0,1.0,1.0,4.0,0.0,1.0,0.0,19.0,20.0,164.055,1.0,0,5
64b29ccd-81a5-4c11-bd16-a058436e4da1,5,1,0.0,1.0,35756.0,35756.0,0.0,0.0,1.0,1.0,4.0,0.0,1.0,0.0,6.0,6.0,357.56,1.0,0,5
f19eb9db-abd5-425d-9048-d9efdac2429c,5,1,0.0,2.0,33598.0,16799.0,3773.1217844114176,0.0,1.0,1.0,6.0,1.0,0.0,0.0,10.0,10.0,111.99333333333334,1.0,0,9
3abe81a2-9fe1-4d82-98cb-e12923eb73fe,5,1,0.0,3.0,55941.0,18647.0,8147.761594450343,0.33333333333333337,1.0,1.0,47.0,0.0,0.3333333333333333,0.6666666666666666,12.0,14.0,372.94,0.0,1,6
14944d23-164c-436d-9c16-ade71f06a56d,5,1,0.0,3.0,105544.0,35181.333333333336,3749.436935505562,0.33333333333333337,1.0,1.0,49.0,0.3333333333333333,0.6666666666666666,0.0,17.0,17.0,0.0,0.0,1,7
bef1833d-0112-4168-9d55-f6d424014f46,5,1,0.0,1.0,17583.0,17583.0,0.0,0.0,1.0,1.0,2.0,1.0,0.0,0.0,7.0,7.0,175.83,1.0,0,3
091cdea5-fc99-47fd-a722-3fe190f9cb26,5,1,0.0,3.0,45131.0,15043.666666666666,7698.387515144541,0.33333333333333337,1.0,1.0,3.0,0.3333333333333333,0.0,0.6666666666666666,26.0,24.0,100.2911111111111,1.0,1,4
c9fb93af-63dc-48a2-ac11-bfa995bda87d,5,1,0.0,3.0,134104.0,44701.333333333336,35668.17081563524,0.33333333333333337,1.0,1.0,3.0,0.3333333333333333,0.0,0.6666666666666666,12.0,14.0,298.00888888888886,1.0,1,4
75bdaf80-7d57-4e9b-b06b-b3faa640cd85,4,0,0.0,3.0,39088.0,13029.333333333334,2018.6154495924513,0.33333333333333337,1.0,1.0,47.0,1.0,0.0,0.0,10.0,10.0,260.5866666666667,0.0,0,6
a7235490-1f72-4f03-9781-3abdbfcf6045,4,0,1.0,2.0,28756.0,14378.0,5782.719256543585,0.0,1.0,1.0,3.0,1.0,0.0,0.0,3.0,3.0,95.85333333333332,1.0,0,4
a178b9e5-8e86-45c1-869b-7d4d818ed59a,4,0,0.0,1.0,15261.0,15261.0,0.0,1.0,0.0,1.0,1.0,1.0,0.0,0.0,3.0,4.0,305.22,0.0,0,1
6178b1f1-17dc-448a-a540-b7521277f85a,4,0,0.0,3.0,52306.0,17435.333333333332,8094.91830306726,0.33333333333333337,1.0,2.0,1.0,0.6666666666666666,0.3333333333333333,0.0,15.0,15.0,273.05333333333334,0.0,0,1
04e9979d-6010-49bf-b0bc-7d1b291568ea,4,0,0.0,3.0,67024.0,16756.0,9282.231664134799,0.25,1.0,2.0,1.0,0.5,0.5,0.0,22.0,22.0,266.2033333333333,0.0,0,1
55feddcd-06c2-4fdc-9279-6a2096e924a7,4,0,0.0,3.0,68048.0,22682.666666666668,7331.143044118927,0.33333333333333337,1.0,3.0,6.0,0.6666666666666666,0.3333333333333333,0.0,22.0,18.0,215.9333333333333,0.0,0,9
8406818a-df0a-43e4-b48f-f144f86e5636,4,0,0.0,3.0,58858.0,19619.333333333332,5517.495567133093,0.33333333333333337,1.0,1.0,6.0,1.0,0.0,0.0,12.0,13.0,130.79555555555555,1.0,0,9
747ae203-1032-4229-9c9c-9f1c42c0e8f0,4,0,0.0,1.0,31443.0,31443.0,0.0,1.0,0.0,1.0,2.0,0.0,1.0,0.0,2.0,3.0,314.43,1.0,0,3
d1098952-bbd3-4001-9eaa-95da3935bb42,4,0,0.0,2.0,31537.0,15768.5,11465.736456939869,0.5,1.0,1.0,3.0,0.5,0.0,0.5,8.0,8.0,105.12333333333333,1.0,0,4
61e766d5-5e8d-4112-b25d-42623defe60f,4,0,0.0,1.0,9185.0,9185.0,0.0,1.0,0.0,1.0,6.0,1.0,0.0,0.0,3.0,2.0,61.233333333333334,1.0,0,9
8c49d571-c0cc-4aef-af15-4719a5a02714,4,0,0.0,2.0,54788.0,27394.0,10428.410808939203,0.5,1.0,1.0,3.0,1.0,0.0,0.0,11.0,9.0,182.62666666666667,1.0,1,4
65cc1e14-a469-475d-a4aa-1fc7e96846d4,4,0,0.0,1.0,21792.0,21792.0,0.0,1.0,0.0,1.0,2.0,0.0,1.0,0.0,2.0,2.0,217.92,1.0,0,3
cbe54187-ce89-4c30-bb9c-e6ff56cf6404,4,0,0.0,3.0,65240.0,21746.666666666668,15041.083283239053,0.33333333333333337,1.0,1.0,2.0,1.0,0.0,0.0,6.0,7.0,217.46666666666667,1.0,1,3
d4808694-9454-4f8d-8383-7014a8ae22ac,4,0,0.0,1.0,5973.0,5973.0,0.0,1.0,0.0,1.0,6.0,1.0,0.0,0.0,2.0,2.0,39.82,1.0,0,9
0701a0cb-c39c-4361-87d2-9bb08fec974e,4,0,0.0,1.0,10854.0,10854.0,0.0,1.0,0.0,1.0,3.0,0.0,1.0,0.0,3.0,3.0,72.36,1.0,0,4
a9937b6a-df98-496a-bc20-8e9129023ddf,3,0,0.0,3.0,119171.0,39723.666666666664,26958.56962699122,0.6666666666666667,1.0,1.0,2.0,0.3333333333333333,0.0,0.6666666666666666,7.0,6.0,397.2366666666667,1.0,0,3
0bcfbd56-e817-46ab-a294-f7f44a9d1e2a,3,0,0.0,2.0,6860.0,3430.0,82.02438661763951,1.0,0.0,1.0,1.0,0.0,1.0,0.0,2.0,2.0,68.6,0.0,1,1
2512c1b5-5a05-4b89-bed5-42d8cb27df57,3,0,0.0,1.0,13029.0,13029.0,0.0,1.0,0.0,1.0,47.0,1.0,0.0,0.0,4.0,4.0,260.58,0.0,0,6
941b6d50-cb6f-4478-af86-4b0e8581d9a5,3,0,0.0,1.0,20041.0,20041.0,0.0,1.0,0.0,1.0,3.0,1.0,0.0,0.0,5.0,3.0,133.60666666666665,1.0,0,4
cf646b73-ecbf-412e-a2b0-77dc632b56e4,3,0,2.0,1.0,10964.0,10964.0,0.0,0.0,1.0,1.0,6.0,0.0,1.0,0.0,6.0,6.0,73.09333333333333,1.0,0,9
f00617aa-566c-4f2b-816d-d93c4ca472ba,3,0,0.0,2.0,62217.0,31108.5,3759.686755568873,1.0,0.0,1.0,3.0,0.5,0.0,0.5,15.0,15.0,207.39,1.0,0,4
913f8bf8-f696-4ab1-96bd-dd826c6e14c1,3,0,0.0,2.0,9881.0,4940.5,4325.372180518111,1.0,0.0,1.0,17.0,0.0,0.0,1.0,4.0,4.0,98.81,0.0,0,2
9beb7ecb-d746-4d34-86c6-253fb07bc9de,3,0,0.0,1.0,17689.0,17689.0,0.0,1.0,0.0,1.0,3.0,1.0,0.0,0.0,9.0,9.0,117.92666666666666,1.0,0,4
9f5c6a25-3999-400c-949c-f1fbf1872791,3,0,0.0,2.0,74452.0,37226.0,44622.68053355827,1.0,0.0,1.0,1.0,0.0,0.5,0.5,2.0,5.0,0.0,0.0,0,1
3e49a78b-9d54-4a8e-8d2e-0c9908a72090,3,0,1.0,2.0,28855.0,14427.5,1898.58170748588,0.5,1.0,1.0,49.0,0.0,0.0,1.0,6.0,5.0,288.54999999999995,0.0,0,7
880c8e28-14e9-4c3b-bd87-f0b15b872c97,3,0,0.0,2.0,16310.0,8155.0,6800.953021452214,1.0,0.0,1.0,2.0,0.0,0.0,1.0,1.0,1.0,81.55,1.0,1,3
7b261a2d-eac6-44ca-8a90-8cbf4606f0a1,2,0,0.0,3.0,64054.0,21351.333333333332,2635.020366777709,1.0,0.0,1.0,2.0,0.6666666666666666,0.3333333333333333,0.0,9.0,9.0,213.51333333333332,1.0,0,3
92906d6c-815e-48bc-a3c0-4a888137d8f9,2,0,2.0,1.0,34009.0,34009.0,0.0,1.0,0.0,1.0,2.0,1.0,0.0,0.0,2.0,2.0,340.09,1.0,0,3
f62ced8b-c2d4-4955-a756-2a85a639bfc5,2,0,0.0,1.0,14544.0,14544.0,0.0,1.0,0.0,1.0,1.0,1.0,0.0,0.0,3.0,3.0,290.88,0.0,0,1
408d54b9-dd6c-4f4e-85c7-1f60f0139c0d,2,0,1.0,2.0,35582.0,17791.0,5263.70287915266,1.0,0.0,1.0,2.0,1.0,0.0,0.0,4.0,4.0,177.91,1.0,0,3
20101750-06ef-4b96-9fea-68f0872b7558,2,0,0.0,3.0,21054.0,7018.0,3173.8196231039974,1.0,0.0,1.0,47.0,0.6666666666666666,0.3333333333333333,0.0,10.0,10.0,140.35999999999999,0.0,0,6
9280fd10-df00-432b-8dda-beb3eb4908d0,1,0,0.0,3.0,56857.0,18952.333333333332,15390.872955532228,1.0,0.0,1.0,3.0,0.6666666666666666,0.3333333333333333,0.0,14.0,14.0,126.3488888888889,1.0,0,4
3ccb81c6-7af7-40dc-a478-133fcc553768,1,0,1.0,1.0,21073.0,21073.0,0.0,1.0,0.0,1.0,17.0,1.0,0.0,0.0,5.0,4.0,421.46,0.0,0,2
f96dc7a7-85d8-4ac0-927f-5cf8badf2404,1,0,0.0,3.0,93872.0,31290.666666666668,4521.8560717180435,1.0,0.0,1.0,3.0,0.0,1.0,0.0,32.0,29.0,208.60444444444443,1.0,1,4
f4305301-dbbf-4f0b-9338-fc9700084051,1,0,2.0,1.0,5090.0,5090.0,0.0,1.0,0.0,1.0,17.0,0.0,0.0,1.0,2.0,2.0,101.8,0.0,1,2
e6c5b067-63e3-4aa2-bf1d-c3b8d2ef59de,1,0,0.0,2.0,29868.0,14934.0,1486.3384540541228,1.0,0.0,1.0,2.0,0.5,0.5,0.0,3.0,3.0,149.34,1.0,0,3
f103a585-ce4a-4331-a0f7-ca2536369830,1,0,0.0,1.0,2830.0,2830.0,0.0,1.0,0.0,1.0,17.0,1.0,0.0,0.0,1.0,1.0,56.6,0.0,0,2
e3598d86-be7a-424e-a4e0-9add2dca573b,1,0,0.0,1.0,11193.0,11193.0,0.0,1.0,0.0,1.0,3.0,1.0,0.0,0.0,2.0,2.0,74.62,1.0,1,4
0c440362-8504-42db-9f94-4363d41dc0d3,0,0,0.0,3.0,24309.0,8103.0,4192.000357824412,1.0,0.0,1.0,17.0,0.0,0.0,1.0,2.0,2.0,162.06,0.0,1,2
8903c759-eb25-41d6-ae98-1467e9da4461,0,0,0.0,2.0,8163.0,4081.5,5588.2648917172855,1.0,0.0,1.0,17.0,0.0,0.0,1.0,2.0,2.0,81.63,0.0,0,2
6d8284a6-7df2-4afe-9f52-42e1bd94e3c0,0,0,0.0,3.0,78180.0,26060.0,18467.637856531626,1.0,0.0,1.0,47.0,0.0,0.0,1.0,11.0,11.0,521.1999999999999,0.0,0,6
dd1fbf0d-469d-487c-b5c7-3dbc19b3bc6c,0,0,0.0,2.0,11541.0,5770.5,335.87572106361006,1.0,0.0,1.0,6.0,0.0,0.0,1.0,1.0,1.0,38.47,1.0,0,9
dc7ea2d4-b178-44fc-a507-e8d77de4bd3a,0,0,1.0,2.0,20271.0,10135.5,3977.47564417433,1.0,0.0,1.0,49.0,0.5,0.0,0.5,9.0,9.0,202.70999999999998,0.0,0,7
df35c825-e648-448e-bf42-d3e5153bd849,0,0,0.0,3.0,125075.0,41691.666666666664,28922.531983443863,1.0,0.0,1.0,3.0,0.0,0.6666666666666666,0.3333333333333333,12.0,15.0,277.9444444444444,1.0,0,4
607c659a-da29-47b7-9d98-07d0598da9ea,0,0,1.0,1.0,5880.0,5880.0,0.0,1.0,0.0,1.0,4.0,1.0,0.0,0.0,1.0,1.0,58.8,1.0,0,5
2c6a113a-c5dc-451d-b9fe-5529358a72d3,0,0,0.0,3.0,42181.0,14060.333333333334,12182.983802555651,1.0,0.0,1.0,49.0,0.0,0.0,1.0,8.0,8.0,281.20666666666665,0.0,0,7
258a7d65-0644-4c96-9e33-121d52abb70e,0,0,0.0,1.0,22009.0,22009.0,0.0,1.0,0.0,1.0,2.0,1.0,0.0,0.0,1.0,1.0,220.09,1.0,0,3
d39a79bb-558b-4a41-97d7-46eee2d2a3ee,0,0,0.0,3.0,56382.0,18794.0,10586.952724934592,1.0,0.0,1.0,49.0,0.0,1.0,0.0,8.0,9.0,375.88000000000005,0.0,1,7
b3d5d774-ed84-4d5b-a8d0-67dac0967ce4,0,0,0.0,2.0,65479.0,32739.5,15186.53233954348,1.0,0.0,1.0,2.0,0.5,0.5,0.0,4.0,4.0,327.395,1.0,0,3
33d3a930-1e66-4326-bc67-14e655db83b4,0,0,0.0,3.0,57387.0,19129.0,13152.031630132282,1.0,0.0,1.0,2.0,0.3333333333333333,0.0,0.6666666666666666,5.0,5.0,191.28999999999996,1.0,0,3
cae1f2e3-e88d-42a4-a327-656940f8b494,0,0,0.0,2.0,22388.0,7462.666666666667,4789.997529574867,1.0,0.0,2.0,47.0,0.3333333333333333,0.6666666666666666,0.0,6.0,5.0,138.9688888888889,0.0,0,6
9529c253-53de-4af6-967a-b9825a65a678,0,0,0.0,2.0,20351.0,6783.666666666667,5401.492417224459,1.0,0.0,2.0,47.0,0.3333333333333333,0.6666666666666666,0.0,7.0,7.0,131.56666666666666,0.0,0,6
d2144098-90c8-4a0a-88f3-043bbae18e75,0,0,0.0,2.0,34049.0,17024.5,3858.6817049349897,1.0,0.0,1.0,1.0,0.5,0.5,0.0,9.0,8.0,340.49,0.0,1,1
8b43c536-f9a7-4129-8048-e2cf394342c9,0,0,0.0,2.0,36330.0,18165.0,1639.0735187904172,1.0,0.0,1.0,47.0,1.0,0.0,0.0,8.0,8.0,363.3,0.0,0,6
cde4548d-9d41-404f-b05e-406037614d0a,0,0,0.0,3.0,56503.0,18834.333333333332,8430.73225368552,1.0,0.0,1.0,2.0,0.0,1.0,0.0,7.0,7.0,188.34333333333333,1.0,0,3
02131375-3909-4ac8-b4dc-923e426518fa,0,0,0.0,3.0,62809.0,20936.333333333332,12062.987703439532,1.0,0.0,1.0,2.0,0.0,0.3333333333333333,0.6666666666666666,4.0,5.0,209.36333333333334,1.0,0,3
a748ce27-9c0a-4e0a-8d40-5774ec39b6eb,0,0,0.0,1.0,4960.0,4960.0,0.0,1.0,0.0,1.0,1.0,1.0,0.0,0.0,1.0,1.0,99.2,0.0,1,1
18768f19-c883-4670-bbd3-c2225b1b4643,0,0,0.0,1.0,6539.0,6539.0,0.0,1.0,0.0,1.0,4.0,1.0,0.0,0.0,2.0,2.0,65.39,1.0,0,5
a37865ea-29e0-41e9-b4eb-856fa0a5d148,0,0,0.0,3.0,60098.0,20032.666666666668,1160.0281605777225,1.0,0.0,1.0,3.0,1.0,0.0,0.0,9.0,9.0,133.5511111111111,1.0,0,4
a70b22d3-3f9e-4700-a90d-3f6e08739e6c,6,1,0.0,1.0,58967.0,58967.0,0.0,0.0,1.0,1.0,2.0,0.0,0.0,1.0,2.0,2.0,589.67,1.0,0,3
594d78a5-f363-4316-ac4d-ea5f561691c7,6,1,1.0,1.0,10465.0,10465.0,0.0,1.0,0.0,1.0,3.0,0.0,0.0,1.0,3.0,3.0,69.76666666666667,1.0,0,4
af537433-faf3-4b6a-9e72-22f4bbcd4aa0,6,1,0.0,1.0,16725.0,16725.0,0.0,0.0,1.0,1.0,2.0,0.0,1.0,0.0,2.0,2.0,167.25,1.0,0,3
8b3f13d3-241e-45a8-b39e-66939147cacd,6,1,0.0,3.0,40858.0,13619.333333333334,3611.708229264005,0.6666666666666667,1.0,2.0,3.0,0.3333333333333333,0.0,0.6666666666666666,8.0,8.0,90.79555555555555,1.0,0,4
f655be50-4b26-46cb-823b-bcc01108b3cc,6,1,0.0,3.0,28970.0,9656.666666666666,5446.1000113230875,0.6666666666666667,1.0,1.0,2.0,0.3333333333333333,0.0,0.6666666666666666,8.0,6.0,96.56666666666666,1.0,1,3
e4ca475f-5ab7-4615-b0e0-8e64792afb9b,5,1,0.0,2.0,8761.0,4380.5,1010.4555903155764,0.0,1.0,1.0,17.0,1.0,0.0,0.0,12.0,12.0,87.61,0.0,0,2
38629bad-ea51-4ec5-b0f5-660d43f3acef,5,1,0.0,3.0,42150.0,14050.0,5039.794142621304,0.33333333333333337,1.0,1.0,17.0,0.6666666666666666,0.0,0.3333333333333333,8.0,7.0,281.0,0.0,0,2
cbd1cde6-a30a-461d-b62b-d5c3a28b9720,5,1,0.0,2.0,47281.0,23640.5,2469.9239866846106,0.0,1.0,1.0,1.0,1.0,0.0,0.0,10.0,10.0,472.81,0.0,0,1
366dd7b1-aa7d-4519-bb86-cf2a4b0e07ca,5,1,0.0,3.0,34132.0,11377.333333333334,5720.88606190801,0.33333333333333337,1.0,3.0,6.0,0.6666666666666666,0.0,0.3333333333333333,9.0,9.0,153.56444444444446,0.0,0,9
8a78d3c4-0c78-4615-b1e3-a8fadebbe5c3,5,1,0.0,1.0,13625.0,13625.0,0.0,0.0,1.0,1.0,6.0,1.0,0.0,0.0,3.0,3.0,90.83333333333333,1.0,0,9
c494e406-6342-432c-b941-54e891170651,5,1,1.0,2.0,24321.0,12160.5,5534.524776347107,0.5,1.0,1.0,3.0,0.0,0.0,1.0,1.0,1.0,81.07,1.0,0,4
0b8ecbb5-e65f-42f0-829e-d80d5cdb66fa,5,1,0.0,1.0,11776.0,11776.0,0.0,0.0,1.0,1.0,3.0,1.0,0.0,0.0,5.0,5.0,78.50666666666666,1.0,0,4
78253c5b-1117-41b9-b875-4f6f04dc0c34,5,1,0.0,2.0,24900.0,12450.0,13832.422853571243,0.5,1.0,1.0,6.0,1.0,0.0,0.0,6.0,5.0,83.0,1.0,0,9
d4c4b52e-58aa-498d-ba73-0a46fd277ef4,5,1,0.0,1.0,5740.0,5740.0,0.0,0.0,1.0,1.0,47.0,1.0,0.0,0.0,1.0,1.0,114.8,0.0,0,6
929be219-46f0-4311-94e4-4cb03cbc1fc7,5,1,0.0,2.0,31189.0,15594.5,3152.9891373108153,0.5,1.0,1.0,4.0,0.5,0.0,0.5,4.0,5.0,155.945,1.0,0,5
8c5b14ae-b5be-41fa-9a7d-303eec0eea54,5,1,0.0,1.0,108.0,108.0,0.0,0.0,1.0,1.0,49.0,0.0,0.0,1.0,1.0,1.0,2.16,0.0,0,7
2667f605-d08e-4823-82d1-9e0a1e3959d1,4,0,0.0,2.0,15490.0,7745.0,4439.2163722891455,0.5,1.0,2.0,1.0,1.0,0.0,0.0,5.0,5.0,154.9,0.0,0,1
3cc63447-a625-495a-97a3-5293a0705bfc,4,0,0.0,1.0,26682.0,26682.0,0.0,1.0,0.0,1.0,3.0,0.0,1.0,0.0,4.0,4.0,177.88,1.0,0,4
ead52607-3695-4ca7-a1a3-09e8622f9537,4,0,0.0,2.0,38931.0,19465.5,3804.941589564812,0.5,1.0,1.0,2.0,0.5,0.5,0.0,2.0,2.0,194.655,1.0,1,3
9b7e5f80-c5b0-40df-a229-a5cf8e0cfcd2,4,0,1.0,1.0,13219.0,13219.0,0.0,0.0,1.0,1.0,3.0,0.0,0.0,1.0,5.0,5.0,88.12666666666667,1.0,0,4
25f0b23e-1573-4fd3-bd74-9a2c34988c41,4,0,0.0,1.0,8619.0,8619.0,0.0,1.0,0.0,1.0,47.0,0.0,0.0,1.0,4.0,4.0,172.38,0.0,1,6
4657adec-3d04-44e8-88bb-f6dcfabed395,4,0,0.0,1.0,6784.0,6784.0,0.0,1.0,0.0,1.0,47.0,0.0,0.0,1.0,2.0,2.0,135.68,0.0,1,6
0aee619a-7bf7-4c86-a2c5-2e3cfb2e58ef,4,0,0.0,1.0,16215.0,16215.0,0.0,1.0,0.0,1.0,1.0,1.0,0.0,0.0,3.0,3.0,324.3,0.0,1,1
0a7b8eb8-2673-4875-834c-7cb423e1b33c,3,0,1.0,1.0,15756.0,15756.0,0.0,1.0,0.0,1.0,17.0,0.0,1.0,0.0,5.0,8.0,315.12,0.0,0,2
0b34bca4-fcc9-4f93-ac8e-b266d64e73c5,3,0,0.0,3.0,84042.0,28014.0,4516.233829198838,0.6666666666666667,1.0,1.0,6.0,0.3333333333333333,0.6666666666666666,0.0,11.0,11.0,186.76,1.0,0,9
6851f28e-eddd-4c50-b870-7539a7e95b68,3,0,0.0,1.0,9135.0,9135.0,0.0,1.0,0.0,1.0,47.0,1.0,0.0,0.0,2.0,1.0,182.7,0.0,0,6
b2fbba0b-7e34-4b32-9f16-ed53d1af49d8,3,0,0.0,2.0,23469.0,11734.5,3547.554721212909,1.0,0.0,1.0,6.0,0.5,0.5,0.0,11.0,11.0,78.23,1.0,0,9
11a37473-53e6-4cab-8d49-081881578d22,3,0,0.0,1.0,12133.0,12133.0,0.0,1.0,0.0,1.0,6.0,1.0,0.0,0.0,2.0,2.0,80.88666666666667,1.0,0,9
91e153b1-a83d-401a-a111-df96abd38310,3,0,0.0,2.0,33332.0,16666.0,6921.161174253927,1.0,0.0,1.0,6.0,0.0,1.0,0.0,8.0,9.0,111.10666666666665,1.0,1,9
b6d1ae21-7721-4d7f-bf51-da2856a350cc,3,0,0.0,1.0,24773.0,24773.0,0.0,1.0,0.0,1.0,1.0,0.0,1.0,0.0,5.0,5.0,495.46,0.0,0,1
d15819e6-e605-4f90-860b-e364408bcc20,3,0,0.0,3.0,77852.0,25950.666666666668,14257.744012757885,0.6666666666666667,1.0,1.0,1.0,0.3333333333333333,0.6666666666666666,0.0,9.0,10.0,519.0133333333333,0.0,0,1
a02c87a7-6313-4820-8d2d-704e8ced391d,3,0,0.0,1.0,12211.0,12211.0,0.0,1.0,0.0,1.0,49.0,1.0,0.0,0.0,2.0,2.0,244.22,0.0,0,7
f079f943-98ea-4b66-9adc-4009b734720a,3,0,0.0,1.0,12746.0,12746.0,0.0,1.0,0.0,1.0,2.0,1.0,0.0,0.0,1.0,1.0,127.46,1.0,0,3
e8a844b3-24c0-4b99-89dc-73eb6bfa5a3f,2,0,0.0,3.0,44813.0,14937.666666666666,4453.9479491046295,1.0,0.0,1.0,1.0,0.6666666666666666,0.3333333333333333,0.0,6.0,6.0,298.75333333333333,0.0,0,1
c3d1d351-5b79-4504-a52e-f9bcf4cd28bb,2,0,0.0,2.0,20595.0,10297.5,960.9581156325181,1.0,0.0,1.0,6.0,1.0,0.0,0.0,20.0,22.0,68.65,1.0,0,9
9bf5ecef-53ab-4589-b51b-404f317a6575,2,0,0.0,2.0,56775.0,28387.5,24994.103394600894,1.0,0.0,1.0,3.0,0.0,0.5,0.5,4.0,6.0,189.25,1.0,1,4
4b49cbee-e792-48a0-9c57-e390ec3bacba,2,0,0.0,1.0,6663.0,6663.0,0.0,1.0,0.0,1.0,6.0,0.0,0.0,1.0,1.0,2.0,44.42,1.0,0,9
e96ae1c5-c813-4501-959f-1eb4746b0392,2,0,0.0,3.0,33528.0,11176.0,1502.1774196146073,1.0,0.0,1.0,4.0,0.6666666666666666,0.3333333333333333,0.0,6.0,7.0,111.75999999999999,1.0,0,5
f48f7aef-3dcc-4c50-bef5-1c35f220a0b8,2,0,0.0,2.0,26435.0,13217.5,1520.9866863322636,1.0,0.0,1.0,6.0,1.0,0.0,0.0,4.0,4.0,88.11666666666667,1.0,0,9
b1f13fe9-e3dd-4bf9-ae49-65bcdbc59e17,2,0,0.0,1.0,28586.0,28586.0,0.0,1.0,0.0,1.0,17.0,0.0,1.0,0.0,7.0,7.0,571.72,0.0,0,2
6dd8433a-ac0a-4ce9-bf77-37b84055c40b,2,0,0.0,1.0,6979.0,6979.0,0.0,1.0,0.0,1.0,1.0,1.0,0.0,0.0,2.0,2.0,139.58,0.0,0,1
154b0cde-f6a3-43d8-b5fc-074a00bb77c9,2,0,0.0,2.0,43908.0,21954.0,3985.2538187673817,1.0,0.0,1.0,49.0,0.0,1.0,0.0,10.0,10.0,439.08000000000004,0.0,0,7
bca1be50-afeb-4abf-8b75-9956ceba35be,2,0,1.0,1.0,26579.0,26579.0,0.0,1.0,0.0,1.0,3.0,1.0,0.0,0.0,5.0,5.0,177.19333333333333,1.0,1,4
d70f1f60-0029-4cbc-8a76-86c5d0ee2fc9,2,0,0.0,1.0,1793.0,896.5,706.399674405361,1.0,0.0,2.0,1.0,0.0,1.0,0.0,3.0,3.0,8.623333333333333,0.0,0,1
b8b00c14-f550-49a4-8800-114ee4cfd51b,2,0,0.0,1.0,8882.0,8882.0,0.0,1.0,0.0,1.0,3.0,1.0,0.0,0.0,6.0,6.0,59.21333333333333,1.0,0,4
6eeb596c-8a8d-48b7-9fc8-36d724eb3a9d,2,0,0.0,1.0,20229.0,20229.0,0.0,1.0,0.0,1.0,6.0,1.0,0.0,0.0,8.0,7.0,134.86,1.0,0,9
8864310d-96d7-4718-b497-194cde29ce90,2,0,0.0,2.0,49865.0,24932.5,35254.2227896177,1.0,0.0,1.0,3.0,0.5,0.5,0.0,6.0,4.0,166.21666666666667,1.0,0,4
d2e4a180-eb4a-43b3-909e-87b3fbdd5504,1,0,0.0,3.0,79643.0,26547.666666666668,2796.902989617862,1.0,0.0,1.0,2.0,0.0,1.0,0.0,5.0,5.0,265.4766666666667,1.0,0,3
01b3663a-87f8-4691-bbbe-9075e2d52b92,1,0,0.0,1.0,12655.0,12655.0,0.0,1.0,0.0,1.0,6.0,0.0,0.0,1.0,3.0,3.0,84.36666666666666,1.0,0,9
d62638af-d87a-4fe4-aab9-8b9d45240dfd,1,0,0.0,1.0,25267.0,25267.0,0.0,1.0,0.0,1.0,6.0,1.0,0.0,0.0,3.0,3.0,168.44666666666666,1.0,0,9
a48b835e-b395-45c2-9bdd-8c7c58052196,1,0,0.0,3.0,69813.0,23271.0,14379.401830396146,1.0,0.0,1.0,3.0,0.3333333333333333,0.6666666666666666,0.0,14.0,14.0,155.14,1.0,0,4
bffbe292-90b3-48e4-a536-5d6c089b702a,1,0,0.0,2.0,33319.0,16659.5,149.19953083036154,1.0,0.0,1.0,6.0,0.0,1.0,0.0,8.0,7.0,111.06333333333333,1.0,1,9
388ffbdc-499d-47ad-b0bc-c44fdb1509ce,1,0,0.0,1.0,6048.0,6048.0,0.0,1.0,0.0,1.0,6.0,1.0,0.0,0.0,1.0,1.0,40.32,1.0,0,9
1d44ad12-7e1d-45c7-b260-a10e73ee374b,0,0,0.0,2.0,6736.0,3368.0,156.97770542341354,1.0,0.0,1.0,17.0,0.0,1.0,0.0,2.0,2.0,67.36,0.0,1,2
a59c51f7-f087-4611-92b3-6617a2a5f83b,0,0,0.0,2.0,14800.0,7400.0,315.3696244092002,1.0,0.0,1.0,6.0,0.5,0.5,0.0,4.0,4.0,49.33333333333333,1.0,0,9
84e3f1c5-61f9-4d50-9729-b6e80b75f74c,0,0,0.0,1.0,18862.0,18862.0,0.0,1.0,0.0,1.0,1.0,0.0,1.0,0.0,7.0,7.0,377.24,0.0,1,1
dbec7dd7-d7ea-46f1-b1be-32413882dfa0,0,0,0.0,3.0,38402.0,12800.666666666666,1564.558830256419,1.0,0.0,1.0,6.0,0.0,0.0,1.0,15.0,13.0,85.33777777777777,1.0,1,9
b5a926e4-07ad-43f7-a4f4-4dd95f6f5a08,0,0,0.0,2.0,30983.0,15491.5,914.2890680742059,1.0,0.0,2.0,6.0,1.0,0.0,0.0,6.0,6.0,103.27666666666667,1.0,1,9
26043cdb-6bc5-4ed7-a458-ac236c128bf6,0,0,0.0,3.0,44167.0,14722.333333333334,8099.34666089391,1.0,0.0,1.0,47.0,0.3333333333333333,0.6666666666666666,0.0,7.0,7.0,294.44666666666666,0.0,0,6
584cee41-1f10-4c40-8d98-eb6603c4a00f,0,0,0.0,1.0,9267.0,9267.0,0.0,1.0,0.0,1.0,1.0,0.0,1.0,0.0,4.0,4.0,185.34,0.0,0,1
0ca70c8b-49d1-4b67-93a0-847f35a5dc8f,0,0,0.0,3.0,52472.0,17490.666666666668,6305.0903509254595,1.0,0.0,2.0,4.0,1.0,0.0,0.0,10.0,10.0,252.63666666666668,0.0,1,5
06e78cdd-c7f0-4b45-af6d-9126125d0686,0,0,0.0,2.0,6751.0,3375.5,149.19953083036154,1.0,0.0,1.0,17.0,0.0,1.0,0.0,4.0,4.0,67.51,0.0,1,2
5f0673cf-987d-415d-928a-4dec101ece6a,0,0,0.0,1.0,6791.0,6791.0,0.0,1.0,0.0,1.0,47.0,0.0,0.0,1.0,2.0,2.0,135.82,0.0,0,6
46cf4216-6758-4164-9657-99185bb08333,0,0,1.0,1.0,1878.0,1878.0,0.0,1.0,0.0,1.0,2.0,1.0,0.0,0.0,1.0,1.0,18.78,1.0,0,3
26f53f4c-b49f-47fe-afd8-a47dbabd206b,0,0,0.0,1.0,140.0,140.0,0.0,1.0,0.0,1.0,3.0,1.0,0.0,0.0,2.0,2.0,0.9333333333333333,1.0,0,4
27ff3c5d-3c6e-4540-b493-4674814f18ee,0,0,0.0,1.0,6213.0,6213.0,0.0,1.0,0.0,1.0,6.0,0.0,0.0,1.0,1.0,1.0,41.42,1.0,0,9
f84c5021-7aef-495c-ab77-fd8f1a05fcc2,6,1,0.0,2.0,17063.0,8531.5,2713.168719412783,0.5,1.0,1.0,3.0,0.0,0.0,1.0,2.0,2.0,56.876666666666665,1.0,1,4
61d99b34-7aeb-4744-b8a3-39a8dabe2b0e,6,1,0.0,1.0,11986.0,11986.0,0.0,0.0,1.0,1.0,1.0,1.0,0.0,0.0,3.0,2.0,239.72,0.0,0,1
bb8995fd-f3eb-4a8d-b106-0ed93ab745da,6,1,0.0,1.0,11810.0,11810.0,0.0,0.0,1.0,1.0,1.0,1.0,0.0,0.0,2.0,2.0,236.2,0.0,0,1
583740e9-b48d-4696-a04b-9a13cfb1ad97,6,1,0.0,3.0,41085.0,13695.0,2767.7794348538687,0.6666666666666667,1.0,1.0,3.0,0.3333333333333333,0.0,0.6666666666666666,10.0,9.0,91.3,1.0,1,4
d4452ca9-27d8-4b44-9b6e-8306470378b5,6,1,0.0,1.0,22869.0,22869.0,0.0,0.0,1.0,1.0,49.0,1.0,0.0,0.0,4.0,3.0,457.38,0.0,0,7
9ba3c7ae-b5e3-409b-b6bb-5d03edcbd4c2,6,1,0.0,2.0,23925.0,11962.5,3309.966842734229,0.5,1.0,1.0,6.0,0.5,0.0,0.5,5.0,5.0,79.75,1.0,0,9
66fc8afa-ba4f-44dd-b882-f62d6bb98d39,6,1,0.0,2.0,28652.0,14326.0,16897.02364323374,0.5,1.0,1.0,17.0,0.5,0.0,0.5,8.0,6.0,286.52,0.0,0,2
40f038a9-9108-4a5b-a7eb-f47442467861,6,1,0.0,1.0,20889.0,20889.0,0.0,0.0,1.0,1.0,2.0,1.0,0.0,0.0,1.0,2.0,208.89,1.0,0,3
3879208f-0780-4acb-8530-3e34e5813c61,6,1,0.0,2.0,23942.0,11971.0,319.6122650963195,0.5,1.0,1.0,49.0,0.5,0.0,0.5,5.0,5.0,239.42000000000002,0.0,1,7
3760ceaa-8be0-4488-b8d2-d460e633b5d9,6,1,0.0,3.0,26345.0,8781.666666666666,2033.1862515109954,0.6666666666666667,1.0,1.0,6.0,0.0,0.0,1.0,6.0,7.0,58.544444444444444,1.0,1,9
00a94a4e-2cb0-4b49-b250-349bd51aff31,6,1,0.0,2.0,39221.0,19610.5,23852.833049765806,0.5,1.0,1.0,2.0,0.0,0.0,1.0,3.0,2.0,196.105,1.0,0,3
714be47f-f89a-46b0-ad22-4af407fe7150,5,1,0.0,1.0,7692.0,7692.0,0.0,0.0,1.0,1.0,2.0,1.0,0.0,0.0,1.0,1.0,76.92,1.0,0,3
7e88db38-3fda-4180-96d5-8a481af0202b,5,1,1.0,1.0,1114.0,1114.0,0.0,0.0,1.0,1.0,1.0,0.0,0.0,1.0,2.0,1.0,22.28,0.0,0,1
7ace0d96-5ddf-4ff4-b2a7-c8e14c2bbe2c,5,1,0.0,2.0,67111.0,33555.5,245.36605307173198,0.0,1.0,1.0,4.0,0.5,0.5,0.0,9.0,9.0,335.555,1.0,0,5
7198694b-33c7-4c82-9f0f-d7a3c585e32f,5,1,0.0,2.0,43230.0,21615.0,5334.413557271315,0.0,1.0,1.0,2.0,1.0,0.0,0.0,4.0,4.0,216.15,1.0,0,3
157280cc-98b4-4188-b94c-b06cb780c71a,5,1,0.0,2.0,26371.0,13185.5,3137.4327881247114,0.0,1.0,1.0,2.0,1.0,0.0,0.0,3.0,3.0,131.855,1.0,0,3
bb2db15b-46b7-42ee-93a6-1025c65e995f,5,1,0.0,1.0,23212.0,23212.0,0.0,0.0,1.0,1.0,17.0,1.0,0.0,0.0,4.0,4.0,464.24,0.0,0,2
38af92c3-01cc-4117-8075-80f55d29fd7d,5,1,0.0,2.0,12505.0,6252.5,4913.685022465319,0.0,1.0,1.0,17.0,0.0,0.0,1.0,1.0,1.0,125.05,0.0,0,2
9975cd92-1a36-486d-beb2-801e7e165d4a,5,1,0.0,1.0,5186.0,5186.0,0.0,0.0,1.0,1.0,3.0,1.0,0.0,0.0,3.0,3.0,34.57333333333333,1.0,0,4
968a450a-4345-4df2-ada3-8923420f9e1f,5,1,0.0,3.0,52723.0,17574.333333333332,7053.017959237969,0.33333333333333337,1.0,1.0,1.0,1.0,0.0,0.0,16.0,17.0,351.4866666666667,0.0,1,1
4c2301de-9a51-4cc7-8000-3f4a4d59eb1f,5,1,0.0,1.0,14489.0,14489.0,0.0,0.0,1.0,1.0,49.0,1.0,0.0,0.0,2.0,2.0,289.78,0.0,0,7
c2f49a21-d6ee-4fb6-89f3-5d58e0474106,5,1,0.0,2.0,28102.0,14051.0,2387.1924932857846,0.0,1.0,1.0,1.0,0.5,0.5,0.0,3.0,3.0,281.02,0.0,0,1
bc2836ca-d6c0-45bf-821e-07651d8b901a,5,1,0.0,2.0,73782.0,36891.0,35031.48415354394,0.0,1.0,1.0,1.0,0.0,0.5,0.5,4.0,5.0,0.0,0.0,0,1
d87abdb6-5a2b-49f3-8477-f4d23844f2e6,4,0,0.0,1.0,3729.0,3729.0,0.0,1.0,0.0,1.0,3.0,0.0,1.0,0.0,3.0,3.0,24.86,1.0,1,4
ef256918-0e3d-41a5-b7d1-3b49973d94d8,4,0,0.0,1.0,19104.0,19104.0,0.0,1.0,0.0,1.0,47.0,1.0,0.0,0.0,3.0,3.0,382.08,0.0,0,6
039fa563-fc65-4b0c-9087-4beb5cd17fd7,4,0,0.0,3.0,51234.0,12808.5,10354.092443731286,0.25,1.0,3.0,1.0,0.75,0.0,0.25,30.0,32.0,182.47333333333333,0.0,0,1
906b191d-ccfe-45ab-9233-6445f631d1d1,4,0,0.0,1.0,6368.0,6368.0,0.0,1.0,0.0,1.0,1.0,0.0,1.0,0.0,6.0,4.0,127.36,0.0,0,1
18aa14de-d62f-4db9-8a66-018eb1c9fee2,4,0,0.0,1.0,18817.0,18817.0,0.0,1.0,0.0,1.0,6.0,1.0,0.0,0.0,8.0,6.0,125.44666666666667,1.0,0,9
d78616ec-02d8-4f05-a100-b14dc9d36412,3,0,0.0,2.0,56881.0,28440.5,8194.660487170899,1.0,0.0,1.0,47.0,1.0,0.0,0.0,5.0,6.0,568.8100000000001,0.0,0,6
6778b892-abf4-4f8b-95b2-94c24bda71f2,3,0,0.0,1.0,20274.0,20274.0,0.0,1.0,0.0,1.0,6.0,1.0,0.0,0.0,3.0,4.0,135.16,1.0,0,9
0acb5cbb-499a-4e1b-8c4c-cea5068f9a2f,3,0,0.0,2.0,18099.0,9049.5,2201.2234098337226,1.0,0.0,1.0,6.0,0.0,0.0,1.0,2.0,2.0,60.33,1.0,0,9
071dc870-ad7e-46d1-ada3-16a6b10ff555,3,0,0.0,3.0,25454.0,8484.666666666666,3413.482141938541,0.6666666666666667,1.0,1.0,6.0,0.0,0.6666666666666666,0.3333333333333333,10.0,10.0,56.564444444444455,1.0,0,9
7cbe00a9-a71c-4b5f-9ff4-b8cfc7c75f20,3,0,0.0,2.0,9104.0,4552.0,6171.627986196187,0.5,1.0,1.0,49.0,0.0,0.0,1.0,2.0,2.0,91.03999999999999,0.0,1,7
2075a91c-9f3b-4934-8c91-c38b4820adbd,3,0,0.0,3.0,79011.0,26337.0,22840.53311549448,0.6666666666666667,1.0,1.0,3.0,0.6666666666666666,0.0,0.3333333333333333,12.0,12.0,175.58,1.0,0,4
8858d0a1-90a8-4b56-adbc-59f27d67b2b9,3,0,0.0,3.0,31438.0,10479.333333333334,791.2182589736748,0.6666666666666667,1.0,1.0,49.0,0.6666666666666666,0.0,0.3333333333333333,3.0,3.0,209.58666666666667,0.0,1,7
7fbc8be1-14f6-468b-b668-b55b0e541c73,3,0,0.0,1.0,6507.0,6507.0,0.0,1.0,0.0,1.0,6.0,0.0,0.0,1.0,1.0,1.0,43.38,1.0,0,9
cec1c375-4d48-4de9-82b0-4269fa7b62ef,2,0,0.0,3.0,25933.0,8644.333333333334,1814.1544403201547,0.6666666666666667,1.0,1.0,4.0,0.0,0.0,1.0,6.0,4.0,86.44333333333333,1.0,1,5
b9c4dd8a-60e7-47cb-945b-c523f0734265,2,0,0.0,1.0,3434.0,3434.0,0.0,1.0,0.0,1.0,17.0,0.0,0.0,1.0,2.0,3.0,68.68,0.0,1,2
f8bceadc-a3cd-47e8-a471-1fcacdbf5226,2,0,0.0,3.0,51827.0,17275.666666666668,9582.023237987547,1.0,0.0,1.0,4.0,0.0,0.0,1.0,16.0,16.0,172.75666666666666,1.0,0,5
f24f956c-e76d-45fc-8c39-752816fc5fa8,2,0,0.0,1.0,5789.0,5789.0,0.0,1.0,0.0,1.0,49.0,1.0,0.0,0.0,1.0,1.0,115.78,0.0,0,7
2eccea46-4681-49fe-9020-3d9636f2faf2,1,0,0.0,2.0,7504.0,3752.0,903.6824663564078,1.0,0.0,1.0,6.0,1.0,0.0,0.0,2.0,2.0,25.013333333333335,1.0,0,9
6f916dc8-3a40-47b7-9eea-4018ee1e12f8,1,0,0.0,1.0,12232.0,12232.0,0.0,1.0,0.0,1.0,6.0,1.0,0.0,0.0,6.0,6.0,81.54666666666667,1.0,0,9
ae022f8e-69fd-4b84-8e96-786bea3da7d0,1,0,0.0,1.0,9507.0,9507.0,0.0,1.0,0.0,1.0,2.0,1.0,0.0,0.0,2.0,2.0,95.07,1.0,0,3
2c76e1c0-4996-48c0-9d80-1f3bd206a23d,1,0,0.0,3.0,76649.0,25549.666666666668,4093.388856843841,1.0,0.0,1.0,17.0,0.3333333333333333,0.6666666666666666,0.0,20.0,20.0,510.99333333333334,0.0,0,2
4ee4ed08-4ec7-4f91-a224-96427eac097e,1,0,0.0,3.0,98967.0,32989.0,22303.312332476537,1.0,0.0,1.0,2.0,0.0,0.0,1.0,8.0,8.0,329.89000000000004,1.0,0,3
7666793e-1dee-4dbd-8fe0-2b0ac2f44f83,1,0,0.0,1.0,16209.0,16209.0,0.0,1.0,0.0,1.0,1.0,1.0,0.0,0.0,3.0,2.0,324.18,0.0,0,1
71d1d3da-fb24-466c-922c-209fa6ca6b27,0,0,0.0,2.0,4744.0,2372.0,533.1585130146568,1.0,0.0,1.0,3.0,0.0,0.0,1.0,1.0,1.0,15.813333333333334,1.0,0,4
f30bf3e5-6053-454d-9eb0-fbd381f06932,0,0,0.0,2.0,49715.0,24857.5,10402.2478580353,1.0,0.0,1.0,6.0,0.0,0.0,1.0,7.0,7.0,165.71666666666667,1.0,0,9
ab794138-a103-435a-9b6f-6b53837d01a4,0,0,0.0,2.0,40752.0,20376.0,11189.257705495927,1.0,0.0,1.0,2.0,0.5,0.5,0.0,4.0,4.0,203.76,1.0,0,3
1b176958-2282-4858-aee0-e8575216f537,0,0,0.0,3.0,63814.0,21271.333333333332,7490.135268026428,1.0,0.0,1.0,6.0,1.0,0.0,0.0,10.0,10.0,141.80888888888887,1.0,0,9
776a4e70-a9d0-4a56-9403-734bfbd44523,0,0,0.0,1.0,12878.0,12878.0,0.0,1.0,0.0,1.0,3.0,1.0,0.0,0.0,4.0,3.0,85.85333333333334,1.0,0,4
3e649531-bf5b-4b99-84e5-ca3e0e647d0c,5,1,1.0,1.0,27128.0,27128.0,0.0,0.0,1.0,1.0,3.0,1.0,0.0,0.0,3.0,3.0,180.85333333333332,1.0,0,4
e4849983-2113-4097-8635-a30f5914e97f,5,1,1.0,1.0,27141.0,27141.0,0.0,0.0,1.0,1.0,3.0,1.0,0.0,0.0,5.0,5.0,180.94,1.0,0,4
b7633cc2-bde9-4dff-9c8f-33dac3c976c2,5,1,1.0,2.0,55670.0,27835.0,7179.962256168204,0.5,1.0,1.0,6.0,1.0,0.0,0.0,10.0,8.0,185.56666666666666,1.0,0,9
f91622aa-6866-46fb-b322-c29378152164,4,0,1.0,3.0,95969.0,31989.666666666668,35891.096518960425,0.33333333333333337,1.0,1.0,3.0,0.0,0.0,1.0,4.0,4.0,213.26444444444442,1.0,0,4
51a40f33-1027-4544-9b95-45bca7c104fb,4,0,1.0,3.0,87966.0,29322.0,3211.5236259445455,0.33333333333333337,1.0,1.0,6.0,0.3333333333333333,0.6666666666666666,0.0,6.0,7.0,195.48000000000002,1.0,0,9
8221a5fb-3361-4d83-98c0-0c3dab9d5a95,4,0,1.0,2.0,29417.0,14708.5,6234.56048972179,0.5,1.0,1.0,6.0,1.0,0.0,0.0,4.0,4.0,98.05666666666667,1.0,0,9
3304dead-5352-4f10-be40-036325a3b9f8,4,0,1.0,3.0,137711.0,45903.666666666664,35060.84119546098,0.33333333333333337,1.0,1.0,3.0,0.0,0.0,1.0,15.0,18.0,306.02444444444444,1.0,0,4
a8ae878c-40cb-4fb0-b450-9e7c46b0de3a,4,0,1.0,3.0,20726.0,6908.666666666667,5382.96733533962,0.33333333333333337,1.0,1.0,49.0,0.0,0.0,1.0,3.0,2.0,138.17333333333335,0.0,0,7
96ce14db-b287-4615-b6f4-e3958208ae8a,4,0,0.0,1.0,19777.0,19777.0,0.0,1.0,0.0,1.0,4.0,1.0,0.0,0.0,1.0,1.0,197.77,1.0,0,5
fab9965a-9bbe-470b-8163-3ce6352baeca,4,0,1.0,2.0,31128.0,15564.0,5135.009444976708,0.0,1.0,1.0,4.0,1.0,0.0,0.0,13.0,13.0,155.64,1.0,0,5
d7599df4-1e5a-4f5e-97ce-c42047bfd87c,4,0,1.0,2.0,70443.0,35221.5,6863.885524977817,0.0,1.0,1.0,6.0,0.0,1.0,0.0,16.0,16.0,234.81,1.0,0,9
f6b03a00-96d8-44a5-804e-65a18fad36a8,4,0,2.0,1.0,7074.0,7074.0,0.0,0.0,1.0,1.0,6.0,1.0,0.0,0.0,1.0,1.0,47.16,1.0,0,9
4352feaa-52f9-43cf-b069-e41bcefacd85,3,0,1.0,1.0,22475.0,22475.0,0.0,1.0,0.0,1.0,3.0,1.0,0.0,0.0,6.0,6.0,149.83333333333334,1.0,0,4
9af6f978-5810-4b78-b048-ae172c72a6f9,3,0,1.0,1.0,11784.0,11784.0,0.0,1.0,0.0,1.0,2.0,0.0,0.0,1.0,1.0,1.0,117.84,1.0,1,3
d0a70052-7f53-41e3-aab2-74aaf790db0c,3,0,1.0,3.0,101643.0,33881.0,11116.67328835385,0.33333333333333337,1.0,1.0,3.0,0.0,1.0,0.0,6.0,6.0,225.87333333333333,1.0,1,4
2b7f32b1-8b56-49d7-b734-4d04d7979a34,3,0,0.0,1.0,16295.0,16295.0,0.0,1.0,0.0,1.0,47.0,0.0,1.0,0.0,4.0,4.0,325.9,0.0,0,6
a8e9ec9e-2d64-4987-ac34-82a320a9bb23,3,0,2.0,1.0,7574.0,7574.0,0.0,0.0,1.0,1.0,17.0,1.0,0.0,0.0,1.0,1.0,151.48,0.0,0,2
6e8771a7-405c-4cdc-b6f7-cf7a3a58ecf8,3,0,1.0,3.0,45715.0,15238.333333333334,4368.152279091622,0.33333333333333337,1.0,1.0,49.0,0.0,1.0,0.0,4.0,4.0,304.76666666666665,0.0,0,7
6b508692-b956-4445-90f7-8631c32623d1,3,0,0.0,1.0,10754.0,10754.0,0.0,1.0,0.0,1.0,1.0,1.0,0.0,0.0,3.0,3.0,215.08,0.0,0,1
0d93390f-53ea-469c-9211-bd69e1e3caf5,3,0,2.0,1.0,7250.0,7250.0,0.0,0.0,1.0,1.0,17.0,1.0,0.0,0.0,2.0,2.0,145.0,0.0,0,2
3db191cd-91f6-4ea2-89f8-ec58d834b13c,2,0,0.0,1.0,4520.0,4520.0,0.0,1.0,0.0,1.0,3.0,0.0,0.0,1.0,1.0,1.0,30.133333333333333,1.0,1,4
d48b6fb6-947a-4730-853d-69290a810029,2,0,2.0,2.0,19581.0,9790.5,7669.987255530481,0.5,1.0,1.0,2.0,0.5,0.0,0.5,1.0,1.0,97.905,1.0,1,3
d93907ab-525a-4498-82cd-9a1e0bc4d3c5,2,0,2.0,1.0,21030.0,21030.0,0.0,1.0,0.0,1.0,3.0,0.0,1.0,0.0,6.0,6.0,140.2,1.0,0,4
85544421-978c-4b10-a1cb-45ce870ee491,2,0,0.0,3.0,78938.0,26312.666666666668,683.2871529110822,1.0,0.0,1.0,17.0,0.0,1.0,0.0,14.0,14.0,526.2533333333332,0.0,0,2
7a54a1e6-5b5b-4130-a100-d743341bcbb8,1,0,1.0,2.0,10958.0,5479.0,4986.517020927533,1.0,0.0,1.0,3.0,0.0,0.0,1.0,5.0,5.0,36.526666666666664,1.0,0,4
4b9a9a59-9dd1-4c49-82c1-40650d0f46f0,1,0,1.0,1.0,38278.0,38278.0,0.0,1.0,0.0,1.0,6.0,0.0,1.0,0.0,9.0,11.0,255.18666666666667,1.0,0,9
d138392d-da55-4bf6-8ff6-6761d1461374,1,0,2.0,1.0,23174.0,23174.0,0.0,1.0,0.0,1.0,3.0,1.0,0.0,0.0,4.0,3.0,154.49333333333334,1.0,0,4
70777348-5b9f-4a62-94fd-387b61c64cfd,1,0,1.0,1.0,3439.0,3439.0,0.0,1.0,0.0,1.0,47.0,0.0,0.0,1.0,1.0,1.0,68.78,0.0,0,6
45178fc1-452f-4f12-b12f-a570c4999a1e,1,0,1.0,3.0,56447.0,18815.666666666668,7657.46017510593,1.0,0.0,1.0,2.0,0.0,0.3333333333333333,0.6666666666666666,4.0,3.0,188.15666666666667,1.0,1,3
8a75c49c-d62e-4b98-bf8c-6902fdeba81b,1,0,1.0,2.0,39731.0,19865.5,771.4534982745233,1.0,0.0,1.0,2.0,0.5,0.5,0.0,6.0,5.0,198.655,1.0,0,3
50f097d7-dcf6-4120-8e2e-9c4e1ca91ca4,1,0,2.0,1.0,3477.0,3477.0,0.0,1.0,0.0,1.0,6.0,0.0,0.0,1.0,2.0,1.0,23.18,1.0,0,9
5eeffad2-8d91-4750-a1f7-259224b7a659,1,0,2.0,2.0,37757.0,18878.5,17347.45066284957,1.0,0.0,1.0,6.0,0.0,0.5,0.5,5.0,5.0,125.85666666666665,1.0,1,9
0018e22d-a2cc-4e06-bca2-d6a041770f3b,1,0,1.0,2.0,77372.0,38686.0,5959.495951840223,1.0,0.0,1.0,6.0,0.0,1.0,0.0,11.0,8.0,257.90666666666664,1.0,0,9
b96ec0b4-e730-4a30-a682-5ba50c823e24,1,0,1.0,3.0,74830.0,24943.333333333332,4326.13410949468,1.0,0.0,1.0,2.0,0.0,0.0,1.0,17.0,18.0,249.43333333333337,1.0,0,3
73806990-644d-4263-b0a8-b4280f9fd132,1,0,1.0,3.0,28943.0,9647.666666666666,6900.325523722292,1.0,0.0,1.0,49.0,0.0,0.0,1.0,6.0,4.0,192.95333333333335,0.0,0,7
569cc753-8a4a-4214-8566-df4100236415,0,0,1.0,1.0,15222.0,15222.0,0.0,1.0,0.0,1.0,6.0,1.0,0.0,0.0,7.0,8.0,101.48,1.0,0,9
456beb95-7bf9-4968-8b40-9ab84b55ccaa,0,0,1.0,3.0,103835.0,34611.666666666664,3512.8444789562395,1.0,0.0,1.0,6.0,0.0,1.0,0.0,16.0,15.0,230.74444444444444,1.0,0,9
be641e7c-8904-41cc-b1bc-77518b8d3180,0,0,1.0,2.0,6912.0,3456.0,1351.9881656286789,1.0,0.0,1.0,17.0,0.0,0.5,0.5,2.0,2.0,69.12,0.0,1,2
f101da4e-33c7-4f98-8394-da6c0cd82b85,0,0,0.0,3.0,69706.0,23235.333333333332,6733.107925269974,1.0,0.0,1.0,47.0,0.6666666666666666,0.0,0.3333333333333333,21.0,22.0,464.70666666666665,0.0,0,6
1bc87d6e-3a6d-45dc-8868-7042b2864d6c,0,0,1.0,3.0,132036.0,44012.0,697.7098250705661,1.0,0.0,1.0,6.0,0.0,1.0,0.0,11.0,12.0,293.41333333333336,1.0,0,9
8a78052a-0752-4c77-ad94-2556826451f9,0,0,1.0,1.0,24815.0,24815.0,0.0,1.0,0.0,1.0,6.0,0.0,1.0,0.0,9.0,9.0,165.43333333333334,1.0,0,9
ef752818-cec7-4ca9-b922-bfb2c63d244f,0,0,1.0,1.0,29098.0,29098.0,0.0,1.0,0.0,1.0,1.0,0.0,1.0,0.0,3.0,2.0,581.96,0.0,0,1
e54aac6e-8f57-477b-8fb4-702ca0ff5702,0,0,1.0,2.0,26222.0,13111.0,18079.306181377648,1.0,0.0,1.0,6.0,0.0,1.0,0.0,9.0,10.0,87.40666666666667,1.0,0,9
0330eb78-3c25-4ef5-92c1-f5ba1eb0e9b8,0,0,1.0,1.0,30991.0,30991.0,0.0,1.0,0.0,1.0,1.0,0.0,1.0,0.0,4.0,4.0,619.82,0.0,0,1
43b94e6a-ed35-45f2-91c4-97a9593275a4,0,0,1.0,3.0,42650.0,14216.666666666666,2141.4042900240333,1.0,0.0,1.0,17.0,1.0,0.0,0.0,7.0,7.0,284.3333333333333,0.0,0,2
1cfee4cc-01a5-4ade-bf51-a1e9ec0b95aa,0,0,1.0,1.0,16818.0,16818.0,0.0,1.0,0.0,1.0,3.0,0.0,0.0,1.0,2.0,2.0,112.12,1.0,0,4
96bb9d6f-229e-4c6a-8946-79b475b4d163,0,0,1.0,3.0,55707.0,18569.0,5793.887382405702,1.0,0.0,1.0,2.0,0.6666666666666666,0.3333333333333333,0.0,2.0,2.0,185.69000000000003,1.0,0,3
5c8b266d-6cec-4703-b101-db75d01d63b3,6,1,1.0,2.0,37534.0,18767.0,4579.223514964082,1.0,0.0,2.0,1.0,1.0,0.0,0.0,9.0,9.0,271.81333333333333,0.0,0,1
7ffbb46b-15d6-4f9e-862a-85f847fb08c3,5,1,1.0,1.0,12750.0,12750.0,0.0,0.0,1.0,1.0,1.0,1.0,0.0,0.0,3.0,2.0,255.0,0.0,0,1
fc2ece2c-19c2-4132-9ef1-39a794e03ab3,5,1,1.0,1.0,24144.0,24144.0,0.0,0.0,1.0,1.0,2.0,1.0,0.0,0.0,3.0,3.0,241.44,1.0,1,3
d8ad0e57-a899-460b-b4fe-03e18d0f8ae2,5,1,2.0,1.0,3540.0,3540.0,0.0,1.0,0.0,1.0,6.0,1.0,0.0,0.0,3.0,3.0,23.6,1.0,0,9
25a862b7-5aff-4e6f-9b60-48df16ad845b,5,1,1.0,1.0,5969.0,5969.0,0.0,0.0,1.0,1.0,1.0,1.0,0.0,0.0,2.0,2.0,119.38,0.0,0,1
eb4e7930-6279-43aa-b28e-47cbb012db0f,5,1,2.0,2.0,29904.0,14952.0,17633.828909230124,1.0,0.0,1.0,17.0,0.5,0.5,0.0,8.0,8.0,299.03999999999996,0.0,0,2
a29ab818-c83b-48a9-ad7f-d66af98848c8,4,0,1.0,1.0,11298.0,11298.0,0.0,0.0,1.0,1.0,49.0,1.0,0.0,0.0,5.0,5.0,225.96,0.0,0,7
b4760a4e-2c79-490d-b930-a52ccf57e93e,4,0,1.0,1.0,13570.0,13570.0,0.0,0.0,1.0,1.0,6.0,1.0,0.0,0.0,3.0,3.0,90.46666666666667,1.0,1,9
3ae01fe8-8071-4fee-bf32-9151ca8d3129,4,0,1.0,2.0,7062.0,3531.0,3306.431308828296,0.0,1.0,1.0,17.0,0.0,0.0,1.0,2.0,1.0,70.62,0.0,0,2
856b0f31-00f1-4584-9d72-ae271e71a74c,4,0,1.0,2.0,16440.0,8220.0,1291.1769824466357,0.0,1.0,1.0,4.0,1.0,0.0,0.0,7.0,7.0,82.19999999999999,1.0,0,5
808cbe7f-bb14-4b26-8e06-fecaa71f4171,3,0,1.0,1.0,16286.0,16286.0,0.0,1.0,0.0,1.0,6.0,1.0,0.0,0.0,2.0,2.0,108.57333333333334,1.0,0,9
c8f2a0d5-7889-43f6-ac98-f0de7d10fc8f,3,0,1.0,1.0,156.0,156.0,0.0,1.0,0.0,1.0,17.0,1.0,0.0,0.0,1.0,1.0,3.12,0.0,0,2
a3809ace-3ef8-484e-91b8-a135afe0af7a,2,0,0.0,1.0,9399.0,9399.0,0.0,1.0,0.0,1.0,47.0,1.0,0.0,0.0,3.0,3.0,187.98,0.0,0,6
0e2e95db-276c-4122-8186-36a1aada8fe1,2,0,1.0,3.0,38479.0,12826.333333333334,3312.9011958302244,0.6666666666666667,1.0,1.0,49.0,0.0,0.0,1.0,5.0,3.0,256.5266666666667,0.0,0,7
dbe1a952-f8c3-43e5-8eb1-1e9d2c97c084,2,0,1.0,2.0,26778.0,13389.0,2627.6087988892104,1.0,0.0,1.0,4.0,0.0,1.0,0.0,6.0,6.0,133.89,1.0,0,5
5f07d159-1aa3-4666-a013-d51aefcbbc79,2,0,0.0,3.0,50944.0,16981.333333333332,4639.345356117965,1.0,0.0,1.0,4.0,1.0,0.0,0.0,9.0,9.0,169.81333333333333,1.0,0,5
4a22fa32-17b5-4a3e-a79c-88c28428595c,1,0,1.0,3.0,83966.0,27988.666666666668,913.1102525617224,1.0,0.0,1.0,3.0,0.0,1.0,0.0,12.0,12.0,186.5911111111111,1.0,0,4
74b82086-f307-40b9-a72e-dc3900886481,1,0,1.0,2.0,40975.0,20487.5,7595.033936724707,1.0,0.0,1.0,6.0,0.5,0.0,0.5,6.0,5.0,136.58333333333331,1.0,0,9
f0af0940-a8be-41f8-b8a4-1ad4b3b456cd,1,0,1.0,2.0,25217.0,12608.5,17583.624327765876,1.0,0.0,1.0,6.0,0.5,0.0,0.5,8.0,8.0,84.05666666666666,1.0,1,9
bad2f6f6-f9ea-48bf-b440-1678f76e7bca,1,0,1.0,3.0,57754.0,19251.333333333332,9454.847134318637,1.0,0.0,1.0,3.0,0.0,1.0,0.0,9.0,9.0,128.3422222222222,1.0,0,4
9157d736-0570-4abb-95b1-f3a76faa6518,1,0,1.0,3.0,67526.0,22508.666666666668,9435.826213603837,1.0,0.0,1.0,6.0,0.6666666666666666,0.3333333333333333,0.0,7.0,6.0,150.05777777777777,1.0,0,9
61e2012c-5ae2-49eb-9a7a-6f7dc48e455b,1,0,1.0,2.0,23768.0,11884.0,1561.291772859897,1.0,0.0,1.0,6.0,1.0,0.0,0.0,5.0,5.0,79.22666666666666,1.0,1,9
ae256c12-0d00-4cdd-b3f1-83dd4ec65cfe,1,0,1.0,1.0,18709.0,18709.0,0.0,1.0,0.0,1.0,2.0,0.0,1.0,0.0,1.0,1.0,187.09,1.0,0,3
332457b0-d127-4d97-9e8a-975532e9b82b,0,0,1.0,1.0,6705.0,6705.0,0.0,1.0,0.0,1.0,3.0,0.0,0.0,1.0,4.0,4.0,44.7,1.0,1,4
1bf3c2dc-6e52-4262-aa94-a0c19c7a7db9,0,0,1.0,2.0,12333.0,6166.5,7991.013734189173,1.0,0.0,1.0,1.0,1.0,0.0,0.0,4.0,4.0,123.33,0.0,0,1
c75c7fd4-3d20-4ba8-93a9-9066d37eebf2,0,0,1.0,1.0,13638.0,13638.0,0.0,1.0,0.0,1.0,3.0,1.0,0.0,0.0,5.0,5.0,90.92,1.0,1,4
0a52d0fd-e411-4437-b6fb-a75bc0ff6ed2,0,0,1.0,3.0,24819.0,8273.0,4767.892721108561,1.0,0.0,2.0,49.0,0.3333333333333333,0.0,0.6666666666666666,3.0,2.0,165.46,0.0,1,7
da87c641-1c27-4d18-a55d-4eced15b5a43,0,0,2.0,1.0,9714.0,9714.0,0.0,1.0,0.0,1.0,17.0,0.0,1.0,0.0,2.0,2.0,194.28,0.0,0,2
c4c4e0af-6126-47a6-a22b-d6ddfd688201,0,0,2.0,2.0,37640.0,18820.0,2996.7185386685883,1.0,0.0,1.0,3.0,1.0,0.0,0.0,5.0,5.0,125.46666666666667,1.0,0,4
a0e173c9-bcb1-4e77-8c24-1f7b2b4479ed,6,1,1.0,1.0,21820.0,21820.0,0.0,1.0,0.0,1.0,6.0,0.0,1.0,0.0,4.0,3.0,145.46666666666667,1.0,0,9
22b8da07-9e0f-40b6-b4dc-dd9d927ebf68,6,1,1.0,3.0,97121.0,32373.666666666668,2021.0211115506274,1.0,0.0,1.0,6.0,0.3333333333333333,0.0,0.6666666666666666,10.0,7.0,215.82444444444445,1.0,0,9
0f80210d-9a49-4de4-891b-3f2101641c0c,5,1,1.0,2.0,16252.0,8126.0,1175.211470332042,0.5,1.0,2.0,2.0,0.0,0.0,1.0,4.0,4.0,69.10166666666666,1.0,1,3
aafaddd1-130a-441c-9f15-e5f98a93acfd,5,1,1.0,1.0,7112.0,7112.0,0.0,0.0,1.0,1.0,49.0,1.0,0.0,0.0,1.0,1.0,142.24,0.0,1,7
1948a1b2-a8d4-4298-9528-9f52b7c6daf0,5,1,1.0,1.0,26591.0,26591.0,0.0,0.0,1.0,1.0,2.0,1.0,0.0,0.0,1.0,1.0,265.91,1.0,0,3
431cc157-1ef4-4a76-a6ce-5666bd18167b,5,1,1.0,2.0,118665.0,59332.5,31995.874741910087,0.5,1.0,1.0,2.0,0.5,0.0,0.5,10.0,8.0,593.325,1.0,1,3
def8c41d-6543-4da6-8c84-48c2d86b6b21,4,0,1.0,3.0,105099.0,35033.0,27335.857787894638,0.33333333333333337,1.0,1.0,6.0,0.6666666666666666,0.0,0.3333333333333333,11.0,12.0,233.5533333333333,1.0,0,9
0eae8768-3506-4a18-8cbb-725f916a7ad2,4,0,1.0,2.0,7117.0,3558.5,183.1406563273158,0.0,1.0,1.0,3.0,0.5,0.0,0.5,2.0,2.0,23.723333333333333,1.0,0,4
d6b485d6-4d0d-4dc1-993d-ba25923abfdc,4,0,0.0,2.0,35022.0,17511.0,4174.758436125377,0.5,1.0,2.0,4.0,1.0,0.0,0.0,11.0,12.0,277.425,0.0,0,5
5a666681-34fc-49ce-8625-c7d35cd1e62f,4,0,1.0,1.0,20423.0,20423.0,0.0,0.0,1.0,1.0,6.0,1.0,0.0,0.0,2.0,1.0,136.15333333333334,1.0,0,9
d2617b7f-666a-4972-99e1-bee487f9fc83,3,0,2.0,2.0,49459.0,24729.5,7955.658395129846,0.0,1.0,1.0,3.0,1.0,0.0,0.0,3.0,3.0,164.86333333333334,1.0,0,4
0ba0b2a4-a208-4e2f-8a38-306d2e907ffb,3,0,1.0,2.0,42219.0,21109.5,4370.627014514051,0.5,1.0,1.0,49.0,0.0,1.0,0.0,8.0,7.0,422.19,0.0,0,7
120bf4f0-06dc-4124-a355-83fa27d3dd4f,3,0,2.0,2.0,48798.0,24399.0,7814.944145673723,0.0,1.0,1.0,3.0,1.0,0.0,0.0,7.0,7.0,162.66,1.0,0,4
2ea2a495-5a75-4428-a976-ce420507d180,3,0,2.0,2.0,42259.0,21129.5,15805.957879862897,0.0,1.0,1.0,49.0,0.0,0.0,1.0,3.0,2.0,422.59000000000003,0.0,0,7
4f49eac0-cce8-420d-aa58-e3e47011a2d7,3,0,0.0,2.0,8920.0,4460.0,1370.372941939529,1.0,0.0,1.0,3.0,0.0,0.0,1.0,1.0,1.0,29.733333333333334,1.0,1,4
c02b96c8-bcba-4f8c-baf8-99f6c35076f4,3,0,2.0,2.0,42146.0,21073.0,13922.932521563122,0.0,1.0,1.0,49.0,0.0,0.0,1.0,2.0,1.0,421.46000000000004,0.0,0,7
e864fc72-5f66-4ee7-8e3e-6cf8e0c17d16,3,0,0.0,1.0,10769.0,10769.0,0.0,1.0,0.0,1.0,47.0,1.0,0.0,0.0,2.0,2.0,215.38,0.0,0,6
896e376f-fa6b-4225-afd2-c7ee4bfca895,2,0,1.0,3.0,96114.0,32038.0,11495.073596980577,0.6666666666666667,1.0,1.0,6.0,0.3333333333333333,0.0,0.6666666666666666,9.0,8.0,213.58666666666667,1.0,0,9
bdc59e27-117d-4950-9c86-7b522badca6e,2,0,1.0,3.0,101330.0,33776.666666666664,2145.412392369667,0.6666666666666667,1.0,1.0,6.0,0.3333333333333333,0.0,0.6666666666666666,16.0,15.0,225.17777777777778,1.0,0,9
4d79f5e8-bed9-4e7b-81ac-26787dd6b6a6,2,0,2.0,1.0,3405.0,3405.0,0.0,1.0,0.0,1.0,1.0,0.0,0.0,1.0,1.0,1.0,68.1,0.0,0,1
8066097c-7845-4177-8984-0139adc5270c,2,0,1.0,1.0,14050.0,14050.0,0.0,1.0,0.0,1.0,17.0,1.0,0.0,0.0,4.0,4.0,281.0,0.0,0,2
b55cd270-3557-4b5f-9f23-7c64e6c78bc5,2,0,1.0,3.0,99966.0,33322.0,15757.453220619123,0.6666666666666667,1.0,1.0,6.0,0.6666666666666666,0.0,0.3333333333333333,11.0,10.0,222.14666666666668,1.0,0,9
ffce32ca-2efc-4485-b685-4b65811c2dcf,2,0,1.0,1.0,8450.0,8450.0,0.0,1.0,0.0,1.0,4.0,0.0,0.0,1.0,2.0,2.0,84.5,1.0,0,5
36951934-7bfb-4e6c-880e-d230247bab64,2,0,1.0,2.0,11839.0,3946.3333333333335,4729.6702140142215,1.0,0.0,2.0,2.0,0.3333333333333333,0.0,0.6666666666666666,3.0,3.0,46.35,0.0,0,3
ff75696a-6322-466c-9325-318f5a200074,1,0,1.0,3.0,27546.0,9182.0,142.89506639488994,1.0,0.0,1.0,47.0,0.0,0.0,1.0,3.0,2.0,183.64000000000001,0.0,1,6
3145c4f0-3f3c-4ff3-a2e7-10ca361925c2,1,0,1.0,2.0,2705.0,1352.5,1860.3979413018064,1.0,0.0,1.0,1.0,0.5,0.0,0.5,2.0,2.0,27.05,0.0,1,1
f0cc3b9f-e60e-4574-88b2-2fba3d3dbbd2,1,0,1.0,2.0,27221.0,13610.5,1679.3786053180504,1.0,0.0,1.0,17.0,1.0,0.0,0.0,6.0,5.0,272.21,0.0,1,2
e74b21df-5666-4d3a-ab10-e96ba3207128,1,0,0.0,2.0,90090.0,45045.0,36332.56063092718,1.0,0.0,1.0,2.0,0.0,0.5,0.5,27.0,28.0,450.45,1.0,0,3
b06793fd-2caf-45b5-ba26-d933be274077,1,0,0.0,1.0,22013.0,22013.0,0.0,1.0,0.0,1.0,2.0,0.0,1.0,0.0,6.0,2.0,220.13,1.0,0,3
dfd56a26-e542-4b82-a15d-2f4695f41c40,1,0,1.0,3.0,61121.0,20373.666666666668,10362.741641734263,1.0,0.0,1.0,1.0,0.0,1.0,0.0,17.0,17.0,407.47333333333336,0.0,0,1
cd122164-6a4a-4403-8f9d-f67d0c9a092c,1,0,2.0,1.0,14163.0,14163.0,0.0,1.0,0.0,1.0,6.0,1.0,0.0,0.0,4.0,4.0,94.42,1.0,1,9
75c5de24-26b3-4d2e-b56e-53344163e4f6,0,0,1.0,3.0,39244.0,13081.333333333334,9147.06074831327,1.0,0.0,1.0,49.0,0.0,1.0,0.0,11.0,11.0,261.62666666666667,0.0,0,7
2ddea537-9ad6-4afd-9735-0d137c7a4238,0,0,1.0,3.0,21851.0,5462.75,3193.947857537231,1.0,0.0,2.0,47.0,0.25,0.0,0.75,7.0,5.0,93.58500000000001,0.0,1,6
19747a15-da3f-41eb-b620-4308b13068e5,0,0,1.0,3.0,59832.0,19944.0,5689.380722011843,1.0,0.0,1.0,47.0,1.0,0.0,0.0,7.0,7.0,398.87999999999994,0.0,1,6
b491234f-e3e1-4b07-aad2-cee3205a3f25,0,0,1.0,2.0,39012.0,19506.0,7452.905473706211,1.0,0.0,1.0,3.0,0.5,0.5,0.0,5.0,5.0,130.04000000000002,1.0,1,4
603ac301-d525-49b9-8ddb-c405b2f9d4ba,0,0,1.0,2.0,35245.0,17622.5,153.4421715174808,1.0,0.0,1.0,3.0,1.0,0.0,0.0,8.0,8.0,117.48333333333333,1.0,0,4
d9e7ff06-aca3-4fb7-8e02-16ed26f60a38,0,0,1.0,2.0,37926.0,18963.0,2122.7345571220158,1.0,0.0,1.0,4.0,1.0,0.0,0.0,8.0,8.0,189.63,1.0,0,5
9109772f-4428-48ef-9648-59de6186e5d4,0,0,1.0,3.0,117720.0,39240.0,3609.072318477423,1.0,0.0,1.0,4.0,0.0,1.0,0.0,15.0,15.0,392.40000000000003,1.0,1,5
8036d3bf-a871-46eb-9cfd-87c685559881,0,0,1.0,3.0,35942.0,11980.666666666666,12402.425743915315,1.0,0.0,1.0,49.0,0.0,0.0,1.0,9.0,6.0,239.61333333333334,0.0,1,7
1eb30261-53f7-4e8a-9903-2541a2ff47de,0,0,1.0,3.0,50620.0,16873.333333333332,6819.873630305282,1.0,0.0,1.0,17.0,0.0,1.0,0.0,6.0,6.0,337.46666666666664,0.0,1,2
0b4893a1-8826-4ee6-a7c0-a6737edfef19,0,0,0.0,1.0,26805.0,26805.0,0.0,1.0,0.0,1.0,2.0,1.0,0.0,0.0,3.0,3.0,268.05,1.0,1,3
d8421030-782e-40cc-94a4-af8e51dbae63,0,0,1.0,3.0,5035.0,1678.3333333333333,1076.1720742210948,1.0,0.0,1.0,17.0,0.0,0.0,1.0,1.0,1.0,33.56666666666667,0.0,1,2
55f0c3ec-a55b-464a-bb84-bf129687c99d,0,0,1.0,2.0,70371.0,35185.5,3721.5029893847995,1.0,0.0,1.0,2.0,0.5,0.0,0.5,4.0,4.0,351.855,1.0,0,3
3d9d9c51-a579-4888-9a85-6262840a7f94,5,1,2.0,2.0,16819.0,8409.5,2042.8314908479358,1.0,0.0,1.0,3.0,1.0,0.0,0.0,3.0,3.0,56.06333333333333,1.0,1,4
e6bf43d9-9688-4c71-9979-be67f96aa3c9,5,1,0.0,3.0,76941.0,19235.25,20872.653438969694,0.25,1.0,1.0,2.0,0.0,0.25,0.75,12.0,12.0,192.3525,1.0,0,3
2b234d62-a9cb-402a-b736-c06902138301,5,1,1.0,2.0,90354.0,45177.0,46613.89322937959,0.5,1.0,1.0,3.0,0.5,0.0,0.5,6.0,7.0,301.17999999999995,1.0,0,4
f1ac3d60-3916-4f37-9bf0-78cdcc5d87bf,5,1,1.0,3.0,25231.0,8410.333333333334,7541.061485847555,0.6666666666666667,1.0,1.0,1.0,0.6666666666666666,0.0,0.3333333333333333,3.0,3.0,168.20666666666668,0.0,0,1
8381853e-9141-4576-b0a2-42243514f24c,5,1,1.0,1.0,33301.0,33301.0,0.0,0.0,1.0,1.0,2.0,1.0,0.0,0.0,4.0,7.0,333.01,1.0,0,3
57887490-a9e0-4b4b-9a01-2ea742b684bb,5,1,1.0,3.0,44108.0,14702.666666666666,10176.935507967679,0.6666666666666667,1.0,1.0,3.0,0.3333333333333333,0.0,0.6666666666666666,6.0,6.0,98.01777777777777,1.0,1,4
a070886e-da1a-4a08-bc08-0587833b754a,4,0,2.0,1.0,15158.0,15158.0,0.0,0.0,1.0,1.0,2.0,1.0,0.0,0.0,2.0,2.0,151.58,1.0,0,3
64f05b6f-8928-4cb8-8f53-b0aadbafb60a,4,0,1.0,1.0,15859.0,15859.0,0.0,0.0,1.0,1.0,2.0,1.0,0.0,0.0,1.0,1.0,158.59,1.0,1,3
6c9bca6f-c826-483d-b2f4-12b7aab0e61e,3,0,2.0,1.0,3486.0,3486.0,0.0,0.0,1.0,1.0,17.0,1.0,0.0,0.0,1.0,1.0,69.72,0.0,1,2
2874c8c7-0435-456f-ae55-66f1cda2df5a,3,0,1.0,1.0,12476.0,12476.0,0.0,1.0,0.0,1.0,1.0,1.0,0.0,0.0,5.0,5.0,249.52,0.0,0,1
6fb3a5aa-8b39-4495-903d-e30825d8bff5,3,0,1.0,1.0,30005.0,30005.0,0.0,1.0,0.0,1.0,3.0,0.0,1.0,0.0,3.0,3.0,200.03333333333333,1.0,0,4
b39bf2f5-c185-4852-be39-a6b888d32dd9,3,0,0.0,2.0,59471.0,29735.5,14466.697636295576,1.0,0.0,1.0,6.0,0.5,0.5,0.0,15.0,13.0,198.23666666666668,1.0,1,9
3987bf11-7a6e-400b-83b3-f98dbf8f0c39,2,0,1.0,2.0,21785.0,10892.5,2301.632572762212,1.0,0.0,1.0,6.0,1.0,0.0,0.0,6.0,5.0,72.61666666666667,1.0,0,9
527a5ef6-45c0-4a8e-9d2c-e0785a20facd,2,0,0.0,3.0,56519.0,18839.666666666668,11002.139443459773,1.0,0.0,1.0,6.0,0.6666666666666666,0.3333333333333333,0.0,16.0,17.0,125.59777777777776,1.0,0,9
cc36cd0f-5dc1-4458-84dc-d9e3e5d70a2c,2,0,1.0,2.0,11312.0,5656.0,294.15642097360376,0.5,1.0,1.0,17.0,0.5,0.0,0.5,2.0,2.0,113.12,0.0,0,2
657ef702-b999-4e4f-aaa2-ce77670e1e1a,2,0,0.0,1.0,2964.0,2964.0,0.0,1.0,0.0,1.0,17.0,1.0,0.0,0.0,1.0,1.0,59.28,0.0,1,2
d26f1ea4-6b28-456e-a24a-d1ad4839919f,2,0,1.0,2.0,42944.0,21472.0,9620.894864824166,1.0,0.0,1.0,47.0,0.5,0.5,0.0,8.0,8.0,429.44,0.0,0,6
488de574-5245-4e1a-b532-3ddd487b7390,2,0,1.0,2.0,6171.0,3085.5,303.3488091290289,1.0,0.0,1.0,1.0,1.0,0.0,0.0,2.0,2.0,61.71,0.0,0,1
caae593f-bb48-4b5c-9b36-35f9614393a6,1,0,1.0,3.0,86153.0,28717.666666666668,8807.341388485705,1.0,0.0,1.0,3.0,0.0,1.0,0.0,11.0,11.0,191.45111111111112,1.0,0,4
b121c16f-94d2-49b7-ab30-6d9a9aa422b3,1,0,1.0,3.0,52073.0,17357.666666666668,7425.44559830138,1.0,0.0,1.0,1.0,0.6666666666666666,0.3333333333333333,0.0,5.0,5.0,347.15333333333336,0.0,0,1
41b0c471-82d6-422e-a4ba-888e87054c79,1,0,1.0,2.0,40863.0,20431.5,2042.8314908479358,1.0,0.0,1.0,17.0,0.0,1.0,0.0,11.0,9.0,408.63,0.0,0,2
da4e5b1f-28f2-422a-a859-9ee3ead7339d,1,0,1.0,1.0,14998.0,14998.0,0.0,1.0,0.0,1.0,1.0,1.0,0.0,0.0,3.0,1.0,299.96,0.0,0,1
db667568-688e-4f8b-ba2f-f9dea3b6ddcd,1,0,1.0,3.0,45861.0,15287.0,3785.891572668187,1.0,0.0,1.0,2.0,0.3333333333333333,0.0,0.6666666666666666,4.0,3.0,152.87,1.0,0,3
957f3460-7c65-4312-9bc8-e6d72270a529,1,0,1.0,3.0,34965.0,11655.0,3662.368632456323,1.0,0.0,1.0,47.0,0.3333333333333333,0.0,0.6666666666666666,7.0,7.0,233.1,0.0,0,6
ca6872d2-5f22-42ae-a80d-09b702126d0a,0,0,1.0,2.0,54214.0,27107.0,7218.146022352277,1.0,0.0,1.0,2.0,1.0,0.0,0.0,3.0,3.0,271.07,1.0,0,3
31437105-c389-440d-86bb-3f7c4b5f8edf,0,0,2.0,1.0,22258.0,22258.0,0.0,1.0,0.0,1.0,1.0,0.0,1.0,0.0,5.0,4.0,445.16,0.0,0,1
13fe732c-b808-4cab-b828-75c7ef79cf35,0,0,1.0,3.0,110243.0,36747.666666666664,8076.607352925692,1.0,0.0,1.0,17.0,0.3333333333333333,0.3333333333333333,0.3333333333333333,5.0,4.0,0.0,0.0,0,2
98ea4686-f234-494e-b9e0-28b423db0d28,0,0,1.0,3.0,32351.0,10783.666666666666,8473.774857366305,1.0,0.0,1.0,3.0,0.3333333333333333,0.0,0.6666666666666666,3.0,2.0,71.8911111111111,1.0,0,4
fab4595a-f6b7-4bdd-9b65-cfa2a89f08f8,0,0,1.0,3.0,49804.0,16601.333333333332,8465.558477344146,1.0,0.0,1.0,2.0,0.0,0.6666666666666666,0.3333333333333333,4.0,4.0,166.01333333333335,1.0,1,3
18c70b0a-7d8d-46ab-8a55-b9c5dcf50565,0,0,1.0,1.0,38079.0,38079.0,0.0,1.0,0.0,1.0,2.0,1.0,0.0,0.0,1.0,1.0,380.79,1.0,0,3
68245b1e-20a1-4bc0-9bc7-09e4ad6b595d,0,0,1.0,3.0,114348.0,38116.0,3918.2966962699493,1.0,0.0,1.0,49.0,0.0,0.3333333333333333,0.6666666666666666,18.0,17.0,0.0,0.0,0,7
12020476-caac-48f3-8ac6-725aace08cda,0,0,0.0,2.0,21097.0,10548.5,2598.617420860562,1.0,0.0,1.0,49.0,0.5,0.0,0.5,7.0,7.0,210.97,0.0,0,7
898efc1e-1ca3-427b-88db-e1cf2b1e4aa1,0,0,1.0,3.0,45849.0,15283.0,8056.734636315136,1.0,0.0,1.0,4.0,0.3333333333333333,0.6666666666666666,0.0,11.0,12.0,152.83,1.0,1,5
8819a243-17ed-4ddb-b211-d80455f60631,0,0,1.0,3.0,64245.0,21415.0,7079.819136107927,1.0,0.0,1.0,1.0,0.3333333333333333,0.6666666666666666,0.0,4.0,4.0,428.3,0.0,0,1
e110732d-1a12-45b8-97ff-9899b726b4fb,6,1,1.0,1.0,12865.0,12865.0,0.0,1.0,0.0,1.0,3.0,1.0,0.0,0.0,4.0,4.0,85.76666666666667,1.0,0,4
e36242cf-ede6-4756-92cc-66a271e9a4fc,6,1,1.0,2.0,34304.0,17152.0,3880.602015151773,1.0,0.0,1.0,49.0,0.0,1.0,0.0,3.0,4.0,343.04,0.0,0,7
a24c4405-d0ea-406f-a25d-b57011a2e75b,5,1,1.0,3.0,91231.0,18246.2,25416.96957152839,0.8,1.0,3.0,2.0,0.2,0.0,0.8,4.0,4.0,152.61333333333332,0.0,1,3
e44e0a79-80b7-49d7-953c-b797ec6be238,5,1,1.0,1.0,31006.0,31006.0,0.0,0.0,1.0,1.0,1.0,0.0,1.0,0.0,9.0,7.0,620.12,0.0,0,1
df333d8f-6c70-4e8f-a227-58fd85520fc8,5,1,1.0,1.0,3258.0,3258.0,0.0,0.0,1.0,1.0,17.0,1.0,0.0,0.0,1.0,2.0,65.16,0.0,0,2
e20e06b5-6102-49d5-838f-b8982eb4c278,5,1,1.0,2.0,46466.0,23233.0,16870.15358554865,0.5,1.0,1.0,2.0,0.0,0.5,0.5,3.0,3.0,232.33,1.0,0,3
a2607cf9-ea42-434a-a3b3-e4effe45309a,4,0,1.0,2.0,38241.0,19120.5,6005.457892617348,0.0,1.0,1.0,47.0,1.0,0.0,0.0,7.0,8.0,382.40999999999997,0.0,0,6
ed393b2d-725f-4577-90e1-bb23324b7f53,4,0,1.0,2.0,52354.0,26177.0,6181.527481132798,0.0,1.0,1.0,47.0,0.5,0.5,0.0,9.0,9.0,523.54,0.0,0,6
b600004d-9de7-47c1-bf9f-ac05526f88e5,4,0,1.0,3.0,141733.0,47244.333333333336,31469.490150514568,0.33333333333333337,1.0,1.0,6.0,0.3333333333333333,0.0,0.6666666666666666,16.0,16.0,314.96222222222224,1.0,0,9
2cbb1fee-fa01-4f17-9df3-1a22679402fd,4,0,1.0,1.0,13134.0,13134.0,0.0,0.0,1.0,1.0,47.0,0.0,1.0,0.0,5.0,5.0,262.68,0.0,0,6
0bd591c9-1a58-476c-9e5d-487e5c9e4d5d,4,0,0.0,1.0,8669.0,8669.0,0.0,1.0,0.0,1.0,6.0,1.0,0.0,0.0,2.0,2.0,57.79333333333334,1.0,1,9
42a701cb-067f-44c7-8eaf-4ece8496a1ad,4,0,1.0,1.0,8490.0,8490.0,0.0,0.0,1.0,1.0,6.0,1.0,0.0,0.0,3.0,3.0,56.6,1.0,0,9
5b9402e0-21b8-45bd-8249-128e4cc15402,4,0,0.0,1.0,14325.0,14325.0,0.0,1.0,0.0,1.0,47.0,1.0,0.0,0.0,3.0,4.0,286.5,0.0,1,6
b01bf17b-0f31-4e15-a2e9-dced9a6a3e80,4,0,1.0,3.0,70936.0,23645.333333333332,12858.33194210405,0.33333333333333337,1.0,1.0,6.0,0.0,0.0,1.0,10.0,9.0,157.63555555555556,1.0,0,9
096cf828-4470-4630-b0c8-a1f60e6e2ffc,4,0,0.0,1.0,10718.0,10718.0,0.0,1.0,0.0,1.0,6.0,1.0,0.0,0.0,1.0,1.0,71.45333333333333,1.0,1,9
3d15cfd1-5a6d-4d18-8afe-a9549b6ad6cc,4,0,2.0,2.0,53971.0,26985.5,3615.4369722068177,0.5,1.0,1.0,17.0,0.5,0.0,0.5,4.0,3.0,539.71,0.0,0,2
33a2329b-f1cc-472a-a349-aad5b0e73322,3,0,1.0,2.0,24269.0,12134.5,2277.5909422018694,0.5,1.0,1.0,6.0,0.5,0.0,0.5,11.0,11.0,80.89666666666668,1.0,0,9
673cfec1-6b09-4645-87ea-1224d908150f,3,0,2.0,1.0,24173.0,24173.0,0.0,0.0,1.0,1.0,6.0,0.0,0.0,1.0,2.0,2.0,161.15333333333334,1.0,0,9
6a67be3d-8c62-4f24-9455-71922c22bb4b,3,0,1.0,1.0,14333.0,14333.0,0.0,1.0,0.0,1.0,1.0,1.0,0.0,0.0,5.0,5.0,286.66,0.0,0,1
04fcff66-bfe0-48af-8e83-d747ee5752b5,3,0,2.0,2.0,24650.0,12325.0,8714.383971343012,0.0,1.0,1.0,3.0,0.5,0.5,0.0,2.0,2.0,82.16666666666667,1.0,1,4
4a3e417f-db04-499c-bd33-315d06c3e007,3,0,1.0,2.0,25922.0,12961.0,1469.3678913056458,0.5,1.0,1.0,6.0,0.5,0.0,0.5,8.0,8.0,86.40666666666667,1.0,0,9
27ca9083-6474-4b01-a50e-22f769bb14e1,3,0,2.0,2.0,50684.0,25342.0,0.0,0.0,1.0,1.0,1.0,0.5,0.5,0.0,2.0,2.0,506.84,0.0,1,1
d47b6fbb-6b87-4e1a-86ee-9dde73efa451,3,0,1.0,1.0,8558.0,8558.0,0.0,1.0,0.0,1.0,6.0,1.0,0.0,0.0,4.0,3.0,57.053333333333335,1.0,0,9
b9b2eda5-5c86-4441-8223-b251607b21a5,2,0,1.0,3.0,35085.0,11695.0,8547.680621080784,0.6666666666666667,1.0,1.0,17.0,0.0,0.3333333333333333,0.6666666666666666,2.0,1.0,233.9,0.0,0,2
1ea81e5f-e212-45a2-9bad-c86336226485,2,0,1.0,2.0,24502.0,12251.0,2213.2442251138937,1.0,0.0,1.0,17.0,1.0,0.0,0.0,4.0,5.0,245.01999999999998,0.0,0,2
ef0798cf-234d-4b0a-b74a-3f33f05be58a,2,0,2.0,1.0,2335.0,2335.0,0.0,1.0,0.0,1.0,17.0,1.0,0.0,0.0,1.0,1.0,46.7,0.0,0,2
d3665637-7c97-4a80-acea-64f82c4a9c1b,2,0,1.0,1.0,7280.0,7280.0,0.0,1.0,0.0,1.0,17.0,0.0,1.0,0.0,2.0,2.0,145.6,0.0,1,2
25a64fef-9595-4e0d-880c-e15c7023b3a5,2,0,1.0,1.0,325.0,325.0,0.0,1.0,0.0,1.0,47.0,0.0,0.0,1.0,1.0,1.0,6.5,0.0,0,6
20d14c88-4d25-41f3-ac52-d016c033f7de,1,0,1.0,3.0,42259.0,14086.333333333334,2176.862956948217,1.0,0.0,1.0,3.0,1.0,0.0,0.0,3.0,3.0,93.90888888888888,1.0,1,4
c733d844-f7a0-42c2-b338-4b7339ffa2cc,1,0,0.0,1.0,9751.0,9751.0,0.0,1.0,0.0,1.0,2.0,1.0,0.0,0.0,1.0,1.0,97.51,1.0,0,3
10de4e8c-d65f-4f63-aa77-ce1e5099658e,1,0,1.0,1.0,7035.0,7035.0,0.0,1.0,0.0,1.0,3.0,1.0,0.0,0.0,3.0,3.0,46.9,1.0,0,4
b3a2aac8-ade6-4cb0-8ff7-d41cd9dddba1,1,0,1.0,2.0,31953.0,15976.5,16259.920433384661,1.0,0.0,1.0,6.0,1.0,0.0,0.0,3.0,5.0,106.50999999999999,1.0,0,9
e83ad4d8-3571-4589-bbee-b897e73c2cfb,1,0,1.0,1.0,27409.0,27409.0,0.0,1.0,0.0,1.0,49.0,0.0,1.0,0.0,6.0,5.0,548.18,0.0,0,7
cccee4ba-3bf9-427e-a38b-8678f02b1c81,1,0,1.0,1.0,28511.0,28511.0,0.0,1.0,0.0,1.0,49.0,0.0,1.0,0.0,4.0,4.0,570.22,0.0,0,7
a4aee42e-f12f-43a2-b2a9-fdb13e4f742f,1,0,1.0,1.0,7796.0,7796.0,0.0,1.0,0.0,1.0,2.0,1.0,0.0,0.0,3.0,2.0,77.96,1.0,0,3
f7364245-c527-4909-9bf6-a0c8ef7864dd,1,0,2.0,2.0,14681.0,7340.5,6664.481412683211,1.0,0.0,1.0,47.0,0.5,0.5,0.0,1.0,2.0,146.81,0.0,1,6
e7a4f790-06ac-4045-8298-ae1bc1cfa2b6,1,0,1.0,1.0,28209.0,28209.0,0.0,1.0,0.0,1.0,49.0,0.0,1.0,0.0,5.0,5.0,564.18,0.0,0,7
6d12df9d-8d78-4a5d-8cf1-7b3065d34305,0,0,1.0,1.0,12289.0,12289.0,0.0,1.0,0.0,1.0,47.0,0.0,1.0,0.0,5.0,6.0,245.78,0.0,0,6
9c83542a-cab5-499e-bc69-054ad0abad70,0,0,1.0,2.0,13009.0,6504.5,928.4312036979369,1.0,0.0,1.0,17.0,0.0,0.0,1.0,2.0,2.0,130.09,0.0,1,2
e1ce9e50-0d54-4566-9597-6295f4307b4e,0,0,2.0,1.0,29526.0,29526.0,0.0,1.0,0.0,1.0,3.0,1.0,0.0,0.0,4.0,4.0,196.84,1.0,0,4
6b5919b0-bb2f-4e77-a771-f02a68ac0073,0,0,0.0,1.0,26227.0,26227.0,0.0,1.0,0.0,1.0,2.0,1.0,0.0,0.0,4.0,5.0,262.27,1.0,0,3
a06e2fb0-47ce-4000-a6a9-bfa2ec111fa3,0,0,0.0,3.0,38624.0,12874.666666666666,3877.348363680175,1.0,0.0,1.0,1.0,1.0,0.0,0.0,9.0,9.0,257.49333333333334,0.0,1,1
da515499-c142-4443-aeed-c5f336f6559b,6,1,1.0,1.0,22269.0,22269.0,0.0,1.0,0.0,1.0,3.0,0.0,1.0,0.0,5.0,5.0,148.46,1.0,1,4
65b794a1-ef25-4eab-8980-ada7a0fc3b99,6,1,1.0,1.0,528.0,528.0,0.0,1.0,0.0,1.0,6.0,0.0,0.0,1.0,3.0,2.0,3.52,1.0,1,9
40555cd9-490e-4ae5-827b-ac43478aa389,6,1,1.0,3.0,54988.0,18329.333333333332,15639.2609266977,1.0,0.0,2.0,6.0,0.6666666666666666,0.0,0.3333333333333333,6.0,5.0,244.20888888888885,0.0,0,9
4030be2f-a446-4e3a-8e3a-19c2acd4638f,5,1,1.0,3.0,59937.0,19979.0,6529.1065238668,0.6666666666666667,1.0,1.0,6.0,0.3333333333333333,0.0,0.6666666666666666,6.0,4.0,133.19333333333333,1.0,0,9
a0f09fc8-7144-4d32-9727-208c00695614,5,1,1.0,1.0,3971.0,3971.0,0.0,0.0,1.0,1.0,2.0,1.0,0.0,0.0,3.0,2.0,39.71,1.0,0,3
c91d3902-1c1f-4a54-baf2-ab1781742522,4,0,1.0,2.0,49219.0,24609.5,6557.0011819428555,0.5,1.0,1.0,1.0,0.0,1.0,0.0,2.0,2.0,492.18999999999994,0.0,0,1
da5b0be5-04ed-48a2-9ede-003c47658fa0,4,0,1.0,2.0,34463.0,17231.5,5231.883073999265,0.0,1.0,1.0,4.0,1.0,0.0,0.0,8.0,8.0,172.315,1.0,1,5
b46d807b-bb66-4c1d-af96-e70e8e2d30f4,4,0,1.0,1.0,16959.0,16959.0,0.0,0.0,1.0,1.0,17.0,1.0,0.0,0.0,7.0,7.0,339.18,0.0,0,2
1dafe138-b60c-4b55-a500-b3e561b9edbd,4,0,1.0,3.0,37994.0,12664.666666666666,752.065378363699,0.33333333333333337,1.0,1.0,1.0,0.6666666666666666,0.3333333333333333,0.0,5.0,5.0,253.29333333333332,0.0,0,1
2fb0dbb1-25a3-4836-ab1f-a015a80860cf,4,0,2.0,2.0,49491.0,24745.5,1559.1704525163373,0.5,1.0,1.0,3.0,1.0,0.0,0.0,4.0,4.0,164.97,1.0,1,4
ad5bdf8b-cab7-43eb-81da-3a7490a5ce98,4,0,1.0,3.0,45740.0,15246.666666666666,7279.303561010032,0.33333333333333337,1.0,1.0,1.0,1.0,0.0,0.0,13.0,13.0,304.93333333333334,0.0,0,1
0fc2934a-a933-431d-a8d7-a7cd2c5e2cc3,4,0,1.0,1.0,15683.0,15683.0,0.0,0.0,1.0,1.0,6.0,0.0,1.0,0.0,3.0,3.0,104.55333333333333,1.0,0,9
4bd6fcdb-4fb9-4935-a33c-aab656f1d1d8,4,0,1.0,3.0,73731.0,24577.0,7367.749181398618,0.33333333333333337,1.0,1.0,6.0,0.0,0.3333333333333333,0.6666666666666666,14.0,15.0,163.84666666666666,1.0,0,9
f04c88ba-7959-4841-8705-7c5dc5cda6e6,4,0,0.0,2.0,19261.0,9630.5,290.62088706767105,0.5,1.0,2.0,1.0,1.0,0.0,0.0,5.0,5.0,127.03666666666666,0.0,0,1
1a459eb3-4ef1-44c3-968b-0d0bc70f6351,4,0,1.0,1.0,11047.0,11047.0,0.0,0.0,1.0,1.0,1.0,0.0,1.0,0.0,3.0,3.0,220.94,0.0,0,1
9e0d9188-f387-479a-bcbc-b9b8819ee98e,4,0,1.0,3.0,78007.0,26002.333333333332,9301.012328415298,0.33333333333333337,1.0,1.0,1.0,0.6666666666666666,0.3333333333333333,0.0,7.0,7.0,520.0466666666666,0.0,0,1
368405b7-217f-4f00-a20e-f0c08937d96a,3,0,0.0,3.0,48752.0,16250.666666666666,15463.180699110171,0.6666666666666667,1.0,1.0,3.0,0.3333333333333333,0.3333333333333333,0.3333333333333333,6.0,6.0,108.33777777777777,1.0,1,4
a36d2c28-3b0e-47de-9497-daf25a13f499,3,0,1.0,2.0,43528.0,21764.0,5331.585130146568,0.5,1.0,1.0,5.0,0.5,0.5,0.0,8.0,8.0,145.09333333333333,1.0,0,8
f8a42dfa-4d72-4580-9246-89a3746ae435,2,0,1.0,2.0,34442.0,17221.0,2160.9183233060894,1.0,0.0,1.0,1.0,0.5,0.5,0.0,12.0,11.0,344.42,0.0,0,1
fbd3a1d2-7a8f-4dc6-b5c2-277f3b19c434,2,0,1.0,1.0,13423.0,13423.0,0.0,1.0,0.0,1.0,49.0,1.0,0.0,0.0,2.0,2.0,268.46,0.0,1,7
7c5a936d-3589-4f1b-8e3a-25364a5cab8a,2,0,1.0,3.0,54551.0,18183.666666666668,2794.4839118043487,0.6666666666666667,1.0,1.0,6.0,1.0,0.0,0.0,5.0,5.0,121.22444444444444,1.0,0,9
f44e54e4-a004-40d4-89c2-ab0843afc43e,2,0,1.0,2.0,3848.0,1924.0,2340.5234457274723,1.0,0.0,1.0,6.0,0.0,0.0,1.0,2.0,3.0,12.826666666666666,1.0,0,9
0a75846c-6297-4936-afd3-bb0b9d8bdf1e,2,0,2.0,2.0,23935.0,11967.5,9382.599879564299,0.5,1.0,1.0,2.0,1.0,0.0,0.0,1.0,1.0,119.67500000000001,1.0,1,3
08afbabe-789b-431b-b482-3ef739443885,2,0,1.0,3.0,59475.0,19825.0,8668.129382975314,0.6666666666666667,1.0,1.0,6.0,0.6666666666666666,0.3333333333333333,0.0,8.0,8.0,132.16666666666666,1.0,1,9
1c8a24ce-0a5e-43ac-aef7-3feec67b92a2,1,0,1.0,2.0,46548.0,23274.0,4453.358507912876,1.0,0.0,1.0,1.0,0.0,1.0,0.0,7.0,7.0,465.48,0.0,0,1
1a599764-4476-4dff-b4c0-73a83cc0f4d8,1,0,0.0,3.0,60079.0,20026.333333333332,7505.6725437054165,1.0,0.0,1.0,2.0,0.6666666666666666,0.0,0.3333333333333333,9.0,9.0,200.26333333333332,1.0,1,3
d6bf257f-dd97-40db-b754-9dc8dca58d17,1,0,1.0,3.0,85143.0,28381.0,1420.4393686461947,1.0,0.0,1.0,17.0,0.0,1.0,0.0,9.0,9.0,567.62,0.0,0,2
f140ef79-cb08-41d0-8df2-d3e4561669cf,1,0,1.0,1.0,7947.0,7947.0,0.0,1.0,0.0,1.0,17.0,1.0,0.0,0.0,1.0,1.0,158.94,0.0,0,2
ba997800-e057-424e-b316-64db983aac50,1,0,1.0,3.0,59585.0,19861.666666666668,5034.956239465577,1.0,0.0,1.0,3.0,0.0,0.0,1.0,13.0,12.0,132.41111111111113,1.0,1,4
03a63caa-314d-4a54-8f80-6f179bc026e8,1,0,1.0,2.0,24105.0,12052.5,12274.66661461728,1.0,0.0,1.0,3.0,0.5,0.0,0.5,3.0,3.0,80.35000000000001,1.0,0,4
40d7335d-f8cb-4c1e-9df3-ec82d4c33cef,1,0,1.0,3.0,29934.0,9978.0,4517.064090756296,1.0,0.0,1.0,2.0,0.3333333333333333,0.0,0.6666666666666666,1.0,1.0,99.78000000000002,1.0,0,3
8a62ddc0-a5a2-41ce-b09b-e726682c4f68,1,0,1.0,2.0,37248.0,18624.0,5065.712980420427,1.0,0.0,1.0,6.0,1.0,0.0,0.0,9.0,8.0,124.16,1.0,0,9
fbaddd97-2178-4542-b765-986a653d1309,1,0,1.0,2.0,15755.0,7877.5,173.24116139070415,1.0,0.0,2.0,3.0,0.5,0.5,0.0,10.0,9.0,104.21666666666667,0.0,1,4
7dfb8349-a02e-4396-b57e-826443037642,1,0,1.0,2.0,13529.0,6764.5,432.04224330498056,1.0,0.0,1.0,17.0,0.0,0.5,0.5,3.0,3.0,135.29000000000002,0.0,0,2
94545499-0f17-4d70-aa3c-9267bf2d35fe,1,0,1.0,1.0,3415.0,3415.0,0.0,1.0,0.0,1.0,1.0,0.0,0.0,1.0,1.0,1.0,68.3,0.0,0,1
02ec3051-1cf2-42c9-ae85-36bee9c83a00,1,0,2.0,2.0,26115.0,13057.5,3845.953782873632,1.0,0.0,1.0,6.0,1.0,0.0,0.0,2.0,2.0,87.05000000000001,1.0,0,9
b5a898e1-c67d-4617-98a2-3dc8e26f4892,1,0,1.0,1.0,3419.0,3419.0,0.0,1.0,0.0,1.0,5.0,0.0,0.0,1.0,1.0,1.0,22.793333333333333,1.0,0,8
8c7d6767-74cf-46d9-8ed3-cbc50fd17ad2,1,0,1.0,2.0,44052.0,22026.0,493.5605332682102,1.0,0.0,1.0,4.0,0.0,1.0,0.0,4.0,4.0,220.26,1.0,0,5
c363d352-b7dc-4153-927e-4e7da0b29e3d,1,0,2.0,1.0,15846.0,15846.0,0.0,1.0,0.0,1.0,49.0,1.0,0.0,0.0,4.0,4.0,316.92,0.0,0,7
1cb06f59-3778-4bc6-9902-f7ead636261b,1,0,1.0,2.0,26153.0,13076.5,4991.466768395839,1.0,0.0,1.0,1.0,0.5,0.5,0.0,5.0,5.0,261.53,0.0,0,1
66501842-35eb-40e2-bef7-071e7b6b56c7,1,0,0.0,3.0,50761.0,16920.333333333332,3043.342953617507,1.0,0.0,1.0,47.0,1.0,0.0,0.0,11.0,11.0,338.4066666666667,0.0,0,6
a52fcd6b-5031-4c3b-a638-ae8daaf46779,1,0,1.0,1.0,10386.0,10386.0,0.0,1.0,0.0,1.0,2.0,0.0,0.0,1.0,1.0,1.0,103.86,1.0,0,3
ff255f86-7eec-4e85-a86a-463bffd93eaa,1,0,1.0,2.0,1170.0,585.0,763.6753236814714,1.0,0.0,1.0,17.0,0.0,0.5,0.5,2.0,2.0,11.7,0.0,0,2
84c1cf02-b64b-4330-b697-1367a5550377,1,0,1.0,1.0,277.0,277.0,0.0,1.0,0.0,1.0,3.0,0.0,1.0,0.0,1.0,1.0,1.8466666666666667,1.0,0,4
735d7b6f-9995-4471-a43c-9b79642612c1,1,0,2.0,1.0,2157.0,2157.0,0.0,1.0,0.0,1.0,2.0,0.0,0.0,1.0,1.0,1.0,21.57,1.0,0,3
214294be-2bb4-4718-88aa-05f462dec8a2,0,0,1.0,2.0,29111.0,14555.5,4858.530693532768,1.0,0.0,1.0,1.0,0.5,0.5,0.0,3.0,3.0,291.11,0.0,0,1
85a2e189-11f7-4abe-95e7-7adcf5878fc9,0,0,1.0,3.0,10180.0,3393.3333333333335,50.56019514730271,1.0,0.0,1.0,1.0,0.0,0.0,1.0,2.0,2.0,67.86666666666667,0.0,1,1
59009724-108b-441e-b92a-15e3eae57751,4,0,1.0,3.0,44650.0,14883.333333333334,1399.9665472193728,0.33333333333333337,1.0,1.0,1.0,1.0,0.0,0.0,5.0,4.0,297.6666666666667,0.0,1,1
b5df5e3d-82f5-401f-9c29-118ad010fe98,4,0,2.0,2.0,27920.0,13960.0,3556.747109368334,0.5,1.0,1.0,5.0,0.0,0.0,1.0,3.0,1.0,93.06666666666666,1.0,0,8
e0cc0fe9-188d-4fe1-aeaa-4b1b02827c86,4,0,1.0,3.0,90152.0,30050.666666666668,14310.661247242677,0.33333333333333337,1.0,1.0,5.0,0.6666666666666666,0.0,0.3333333333333333,4.0,3.0,200.33777777777777,1.0,0,8
05e95adc-264d-4ae0-b99c-d07ee7f889e9,4,0,1.0,2.0,36439.0,18219.5,11796.662430535172,0.5,1.0,1.0,6.0,0.0,1.0,0.0,3.0,3.0,121.46333333333334,1.0,0,9
9994f277-8b6f-4614-942d-949b295c4426,4,0,1.0,3.0,16061.0,5353.666666666667,2903.1793491503986,0.33333333333333337,1.0,3.0,1.0,0.3333333333333333,0.3333333333333333,0.3333333333333333,4.0,5.0,95.14333333333333,0.0,1,1
3da7638b-0624-483a-949f-e356f0a8d881,4,0,1.0,2.0,48415.0,24207.5,4639.327591364939,0.5,1.0,1.0,6.0,0.0,1.0,0.0,5.0,5.0,161.38333333333333,1.0,0,9
736247c4-f76d-4155-b831-ecdde6b403a3,3,0,1.0,3.0,42818.0,14272.666666666666,8869.528754862535,0.33333333333333337,1.0,1.0,2.0,0.0,0.6666666666666666,0.3333333333333333,7.0,7.0,142.72666666666666,1.0,1,3
cc696c58-eea8-4a8a-8a7a-7c7b9d0b94ed,3,0,1.0,3.0,53864.0,17954.666666666668,4499.081276586736,0.33333333333333337,1.0,1.0,2.0,0.3333333333333333,0.6666666666666666,0.0,6.0,9.0,179.54666666666665,1.0,1,3
d1d887be-ecec-4fde-be01-984f046d56df,3,0,1.0,1.0,12231.0,12231.0,0.0,1.0,0.0,1.0,17.0,1.0,0.0,0.0,4.0,3.0,244.62,0.0,1,2
ecc077d3-7087-4729-8bc9-cf5827c55652,3,0,1.0,3.0,70684.0,23561.333333333332,8634.843156267132,0.33333333333333337,1.0,2.0,2.0,0.6666666666666666,0.0,0.3333333333333333,6.0,6.0,207.58333333333334,1.0,1,3
5ece90de-0118-4811-9adc-54b2f9a8855d,3,0,2.0,1.0,20882.0,20882.0,0.0,0.0,1.0,1.0,5.0,1.0,0.0,0.0,5.0,4.0,139.21333333333334,1.0,0,8
49622fb6-8df4-44d6-b873-0946626f8c04,3,0,1.0,1.0,15846.0,15846.0,0.0,1.0,0.0,1.0,6.0,1.0,0.0,0.0,4.0,4.0,105.64,1.0,0,9
02060cf2-6149-4615-b766-45c9fecad191,2,0,1.0,1.0,9893.0,9893.0,0.0,1.0,0.0,1.0,49.0,0.0,0.0,1.0,2.0,2.0,197.86,0.0,0,7
b8cd700f-ad03-41a2-b18b-052841fa339b,2,0,1.0,3.0,73934.0,24644.666666666668,2797.879971216302,0.6666666666666667,1.0,1.0,2.0,0.6666666666666666,0.3333333333333333,0.0,4.0,4.0,246.4466666666667,1.0,0,3
f5808a3d-be91-4e56-b19e-1fde95348b2b,2,0,1.0,2.0,17693.0,8846.5,6230.31784903467,1.0,0.0,1.0,4.0,0.5,0.0,0.5,2.0,2.0,88.465,1.0,0,5
6c76a37c-21a0-46b4-ac48-20abbd791ef4,2,0,1.0,3.0,41521.0,13840.333333333334,13144.280327706547,0.6666666666666667,1.0,1.0,3.0,0.3333333333333333,0.3333333333333333,0.3333333333333333,12.0,12.0,92.2688888888889,1.0,1,4
75d8c578-1542-49fb-b71d-cef45d06274a,2,0,2.0,2.0,26678.0,13339.0,1107.3292193381335,0.5,1.0,1.0,6.0,0.5,0.0,0.5,2.0,2.0,88.92666666666666,1.0,1,9
fb6415d4-9345-41f0-af1e-800603d2e953,2,0,2.0,2.0,29908.0,14954.0,5040.2571362977105,0.5,1.0,1.0,4.0,0.0,0.5,0.5,2.0,2.0,149.54000000000002,1.0,1,5
cd79322c-200f-4bb7-b3ef-cfcb3d0330c0,2,0,2.0,1.0,2122.0,2122.0,0.0,1.0,0.0,1.0,49.0,0.0,0.0,1.0,1.0,1.0,42.44,0.0,1,7
194a04de-9dc5-450a-a68b-d9f0c647a4c8,2,0,1.0,2.0,18369.0,9184.5,10332.95139347902,1.0,0.0,2.0,2.0,0.5,0.5,0.0,3.0,3.0,101.235,0.0,0,3
919deff6-7e0e-4314-b194-c0766e1c1626,2,0,1.0,3.0,38211.0,12737.0,1582.1659205026508,0.6666666666666667,1.0,1.0,17.0,0.3333333333333333,0.6666666666666666,0.0,6.0,5.0,254.74,0.0,0,2
e5dfd56a-a77c-43e5-a86c-72fc7e27b646,1,0,1.0,3.0,99438.0,33146.0,13948.094099195057,1.0,0.0,1.0,2.0,0.6666666666666666,0.3333333333333333,0.0,3.0,3.0,331.46000000000004,1.0,0,3
d586565b-ca29-4019-b453-7fe65dc87344,1,0,0.0,3.0,50784.0,16928.0,2709.0788102231354,1.0,0.0,2.0,6.0,1.0,0.0,0.0,6.0,5.0,185.5911111111111,0.0,1,9
1f8fa696-9097-4603-a51f-78287602ce45,1,0,2.0,1.0,66109.0,66109.0,0.0,1.0,0.0,1.0,1.0,0.0,0.0,1.0,1.0,2.0,0.0,0.0,0,1
6fd9b9ac-7765-4433-8136-0614c41e1ed2,1,0,0.0,1.0,27374.0,27374.0,0.0,1.0,0.0,1.0,49.0,1.0,0.0,0.0,6.0,6.0,547.48,0.0,1,7
8553e6ee-247c-42de-949d-d48150860e14,0,0,0.0,3.0,57920.0,19306.666666666668,6739.377889192246,1.0,0.0,1.0,17.0,0.3333333333333333,0.6666666666666666,0.0,12.0,13.0,386.1333333333334,0.0,1,2
a5594c4e-5f0a-4e03-8378-8e40b2c5583e,0,0,1.0,2.0,42074.0,21037.0,4270.924958366747,1.0,0.0,1.0,1.0,0.5,0.5,0.0,7.0,7.0,420.74,0.0,0,1
6d5adc61-fd6a-4a1c-a958-7aea6c965169,0,0,2.0,2.0,25717.0,12858.5,5455.328816854214,1.0,0.0,1.0,6.0,0.5,0.0,0.5,4.0,5.0,85.72333333333333,1.0,0,9
ee32d069-8a2a-48d4-a3a5-4487e4240316,0,0,0.0,2.0,20598.0,10299.0,6489.826037730133,1.0,0.0,1.0,17.0,0.5,0.5,0.0,7.0,6.0,205.98,0.0,1,2
e7e132e5-d2f2-4fb9-9430-a5e8d8b59518,0,0,1.0,2.0,42351.0,21175.5,13910.91170628295,1.0,0.0,1.0,3.0,0.5,0.5,0.0,12.0,12.0,141.17000000000002,1.0,0,4
e752219d-cb50-4f2c-9afc-ea60cd857bc7,0,0,1.0,2.0,46504.0,23252.0,1967.1710652609752,1.0,0.0,1.0,6.0,1.0,0.0,0.0,3.0,3.0,155.01333333333332,1.0,0,9
63dd8032-ee57-4a04-9cfc-44a0179ab72c,0,0,1.0,2.0,35574.0,17787.0,3664.227340108689,1.0,0.0,1.0,1.0,0.5,0.5,0.0,4.0,4.0,355.74,0.0,0,1
1a8049bd-1978-4636-8673-e9d3035bc3f7,0,0,0.0,2.0,34236.0,17118.0,11687.060879451257,1.0,0.0,1.0,5.0,0.5,0.0,0.5,14.0,16.0,114.12,1.0,0,8
7f110be9-c373-45b4-9e69-eb95f02de86a,0,0,2.0,2.0,31416.0,15708.0,2595.081886954629,1.0,0.0,1.0,2.0,0.5,0.0,0.5,1.0,1.0,157.07999999999998,1.0,1,3
cf2debe5-3938-4569-a57f-68dc59ddd005,0,0,1.0,1.0,3626.0,3626.0,0.0,1.0,0.0,1.0,47.0,0.0,0.0,1.0,1.0,1.0,72.52,0.0,0,6
603440d6-cec9-40ba-a85c-3dded57ee410,0,0,1.0,3.0,60909.0,20303.0,5822.1385246316495,1.0,0.0,1.0,49.0,1.0,0.0,0.0,11.0,12.0,406.05999999999995,0.0,0,7
63524450-9d0b-43fe-bbe5-0099e423ef1a,0,0,1.0,1.0,23951.0,23951.0,0.0,1.0,0.0,1.0,1.0,0.0,1.0,0.0,4.0,4.0,479.02,0.0,0,1
e6ee0577-71a2-4a3f-a93f-1853cf779251,6,1,1.0,1.0,23749.0,23749.0,0.0,1.0,0.0,1.0,1.0,1.0,0.0,0.0,6.0,5.0,474.98,0.0,0,1
76434c06-84c5-4d03-a3e7-7b92c80608e6,6,1,0.0,2.0,16393.0,8196.5,1639.7806255716037,0.5,1.0,2.0,1.0,1.0,0.0,0.0,7.0,7.0,101.55666666666667,0.0,1,1
8c8b1c93-e668-4b3a-9fb0-4c83b4e97ac6,6,1,0.0,1.0,6981.0,6981.0,0.0,0.0,1.0,1.0,3.0,1.0,0.0,0.0,2.0,2.0,46.54,1.0,0,4
5d065de0-969a-4305-9e8b-5382b6399922,6,1,0.0,1.0,60344.0,60344.0,0.0,0.0,1.0,1.0,6.0,0.0,0.0,1.0,1.0,2.0,402.29333333333335,1.0,0,9
b79511c0-0f71-4d3f-aa6a-efbfdfedb65d,6,1,2.0,2.0,16552.0,8276.0,4063.035564697902,1.0,0.0,2.0,1.0,0.5,0.5,0.0,1.0,1.0,165.51999999999998,0.0,0,1
a30dd7a4-0ea9-4d4f-a675-3b3aeabcba5b,6,1,2.0,1.0,5983.0,5983.0,0.0,1.0,0.0,1.0,6.0,1.0,0.0,0.0,1.0,1.0,39.88666666666666,1.0,1,9
c3435640-5508-4057-a399-1374c98f21b6,6,1,2.0,1.0,13622.0,13622.0,0.0,1.0,0.0,1.0,1.0,1.0,0.0,0.0,3.0,3.0,272.44,0.0,0,1
8e3eb2ab-b412-4e74-bf34-f4a45690107b,6,1,1.0,1.0,4701.0,4701.0,0.0,1.0,0.0,1.0,17.0,0.0,0.0,1.0,2.0,2.0,94.02,0.0,0,2
cee33d03-f069-42cd-b223-dde53da4a599,6,1,1.0,3.0,48843.0,16281.0,6473.786913391574,1.0,0.0,1.0,6.0,0.6666666666666666,0.0,0.3333333333333333,9.0,10.0,108.54,1.0,0,9
e64036a2-a4e1-4a89-a0db-a501330988a1,5,1,1.0,2.0,45600.0,22800.0,9431.390247466172,0.5,1.0,1.0,4.0,0.5,0.5,0.0,3.0,3.0,228.0,1.0,0,5
0eea093b-d706-435f-b942-43a36c8884fb,5,1,0.0,1.0,31795.0,31795.0,0.0,0.0,1.0,1.0,6.0,1.0,0.0,0.0,11.0,11.0,211.96666666666667,1.0,0,9
1dbb9449-6d7a-481a-a1df-475bd40bae2d,5,1,1.0,2.0,36496.0,18248.0,3285.2181053926997,0.5,1.0,1.0,5.0,1.0,0.0,0.0,6.0,6.0,121.65333333333334,1.0,0,8
538f9da7-f310-4c1b-b62b-6d1eb47072cd,5,1,1.0,3.0,8833.0,2944.3333333333335,763.9223346213498,0.6666666666666667,1.0,1.0,2.0,0.3333333333333333,0.0,0.6666666666666666,2.0,1.0,29.44333333333333,1.0,1,3
9270ff02-ac74-4ab1-8d06-f41cc4925f92,5,1,0.0,2.0,6983.0,3491.5,116.67261889578035,0.0,1.0,2.0,1.0,0.5,0.0,0.5,2.0,2.0,69.83000000000001,0.0,1,1
bb53c2ce-9481-453b-842e-59715d960a20,5,1,1.0,2.0,19472.0,9736.0,1049.3464632808366,0.5,1.0,1.0,6.0,0.5,0.0,0.5,3.0,3.0,64.90666666666667,1.0,0,9
379e6fe0-69ce-489a-84ef-a157b0d26072,5,1,1.0,2.0,33906.0,16953.0,878.2266222336921,0.5,1.0,1.0,4.0,0.0,1.0,0.0,14.0,14.0,169.53,1.0,0,5
2b6c6740-9f30-477a-bcde-088f87dbfe9d,5,1,2.0,1.0,8602.0,8602.0,0.0,1.0,0.0,1.0,2.0,0.0,0.0,1.0,3.0,3.0,86.02,1.0,0,3
4b3d7201-59d8-432d-b569-78bfdad65468,5,1,1.0,2.0,41762.0,20881.0,10872.473867524355,0.5,1.0,1.0,1.0,0.5,0.0,0.5,3.0,3.0,417.62,0.0,0,1
1599a43e-e417-4433-8ff0-79e551b13adb,5,1,0.0,1.0,25980.0,25980.0,0.0,0.0,1.0,1.0,6.0,1.0,0.0,0.0,9.0,9.0,173.2,1.0,0,9
5306ff15-4807-4a6c-b682-44ebc67f59fd,5,1,0.0,2.0,36409.0,18204.5,14588.320002659662,0.0,1.0,1.0,4.0,0.5,0.0,0.5,13.0,13.0,182.045,1.0,0,5
2188ec60-243d-46c2-be45-c26cf1e23d34,5,1,0.0,2.0,20154.0,10077.0,3037.730731977408,0.0,1.0,2.0,3.0,0.5,0.0,0.5,5.0,6.0,67.18,1.0,0,4
aa36e53e-efc8-4cf6-ad90-df11658b7574,4,0,1.0,1.0,9038.0,9038.0,0.0,0.0,1.0,1.0,6.0,0.0,0.0,1.0,1.0,1.0,60.25333333333333,1.0,0,9
e0ba83a3-5795-45e5-b652-18158904f221,4,0,1.0,2.0,47903.0,23951.5,3397.6480836013607,0.5,1.0,1.0,4.0,1.0,0.0,0.0,3.0,3.0,239.51500000000001,1.0,0,5
7a363e7c-5253-4e2a-9198-db33f2c21a48,4,0,2.0,2.0,30158.0,15079.0,2534.2707037725863,0.5,1.0,1.0,6.0,0.5,0.0,0.5,2.0,2.0,100.52666666666667,1.0,0,9
0ea3508f-67b0-43e1-ace3-d12bee3e56e3,4,0,2.0,2.0,27762.0,13881.0,15590.290311601,0.5,1.0,1.0,6.0,0.0,0.0,1.0,1.0,1.0,92.53999999999999,1.0,1,9
a7e55441-2ad7-4a06-b0b6-f04db6dccda1,4,0,1.0,3.0,65263.0,21754.333333333332,9216.617944416126,0.33333333333333337,1.0,1.0,6.0,1.0,0.0,0.0,6.0,6.0,145.0288888888889,1.0,1,9
30d41c43-705c-4238-85c8-5c4f22dc7258,4,0,1.0,3.0,53588.0,17862.666666666668,9691.158049135993,0.33333333333333337,1.0,1.0,2.0,0.6666666666666666,0.3333333333333333,0.0,3.0,4.0,178.62666666666667,1.0,0,3
06ef9123-c4da-46bd-8c39-6303fc526cbd,4,0,0.0,3.0,37198.0,12399.333333333334,5658.656583795604,0.33333333333333337,1.0,1.0,6.0,1.0,0.0,0.0,14.0,13.0,82.66222222222221,1.0,0,9
abd90b8f-27a3-4a5e-8d6d-c579eb89247f,3,0,1.0,3.0,73015.0,24338.333333333332,14331.244270241621,0.33333333333333337,1.0,1.0,3.0,0.3333333333333333,0.0,0.6666666666666666,18.0,17.0,162.25555555555556,1.0,0,4
177dfb69-bb1b-4e3e-ba1e-a3ab3adbc358,3,0,1.0,2.0,19222.0,9611.0,4501.441769033561,0.5,1.0,1.0,5.0,1.0,0.0,0.0,7.0,5.0,64.07333333333334,1.0,0,8
97084794-69bf-41c7-8554-fb18cef38d13,3,0,2.0,1.0,22034.0,22034.0,0.0,0.0,1.0,1.0,49.0,0.0,1.0,0.0,3.0,3.0,440.68,0.0,0,7
dc341ada-738d-4863-a198-80b3c3744b79,3,0,1.0,3.0,73220.0,24406.666666666668,8074.06690171275,0.33333333333333337,1.0,1.0,17.0,0.0,1.0,0.0,7.0,7.0,488.1333333333334,0.0,1,2
39960b89-71c4-4930-9150-dcf3b312a9f2,3,0,1.0,2.0,24639.0,12319.5,726.1986642785843,0.5,1.0,1.0,6.0,1.0,0.0,0.0,3.0,3.0,82.13,1.0,0,9
80337a55-7c46-43b4-93a3-cd41f799449a,2,0,1.0,3.0,29617.0,9872.333333333334,12676.171517194509,0.6666666666666667,1.0,1.0,17.0,0.3333333333333333,0.0,0.6666666666666666,7.0,7.0,197.4466666666667,0.0,0,2
de2c4b32-786f-4a6a-ac8f-f28adcd62041,2,0,2.0,2.0,66276.0,33138.0,3365.828278447966,0.5,1.0,2.0,1.0,0.0,1.0,0.0,7.0,7.0,425.9733333333333,0.0,0,1
c09446b6-5074-4171-a951-9abd39871f62,2,0,1.0,3.0,82412.0,27470.666666666668,7252.550333043773,0.6666666666666667,1.0,1.0,47.0,0.0,1.0,0.0,9.0,8.0,549.4133333333333,0.0,1,6
fec01909-6510-408b-8dfb-43bead930122,2,0,2.0,1.0,11008.0,11008.0,0.0,1.0,0.0,1.0,6.0,1.0,0.0,0.0,4.0,4.0,73.38666666666667,1.0,0,9
69d33ab1-77af-4351-bd9e-de0a437581ac,2,0,1.0,1.0,433.0,433.0,0.0,1.0,0.0,1.0,2.0,1.0,0.0,0.0,2.0,2.0,4.33,1.0,1,3
a181032d-7a1f-4ebe-ad4f-f21c87acdd0d,2,0,1.0,3.0,24897.0,6224.25,9132.728010658517,0.75,1.0,2.0,17.0,0.5,0.0,0.5,9.0,9.0,123.685,0.0,0,2
468872fb-1e7e-4b80-8566-08b98a68ffd2,2,0,1.0,1.0,12653.0,12653.0,0.0,1.0,0.0,1.0,6.0,1.0,0.0,0.0,3.0,3.0,84.35333333333334,1.0,0,9
9b817435-1985-4128-9148-59cfab89b384,2,0,1.0,3.0,43419.0,14473.0,448.9287248550709,0.6666666666666667,1.0,1.0,6.0,0.0,0.0,1.0,4.0,4.0,96.48666666666666,1.0,1,9
1d3d4332-af0c-48e8-b297-a153d1f0754f,2,0,1.0,3.0,45259.0,15086.333333333334,12394.488143256796,0.6666666666666667,1.0,1.0,49.0,0.3333333333333333,0.0,0.6666666666666666,13.0,13.0,301.7266666666667,0.0,1,7
04327424-2654-4081-9aa5-c52fe2f88088,2,0,1.0,1.0,22757.0,22757.0,0.0,1.0,0.0,1.0,3.0,1.0,0.0,0.0,5.0,5.0,151.71333333333334,1.0,0,4
63e4f436-56db-441e-9c9d-48b90141522d,2,0,1.0,1.0,25104.0,25104.0,0.0,1.0,0.0,1.0,17.0,0.0,1.0,0.0,7.0,7.0,502.08,0.0,0,2
0761784c-c0a1-41cc-91c2-60f7b8ebe66e,2,0,1.0,3.0,98906.0,32968.666666666664,7683.451199385166,0.6666666666666667,1.0,2.0,17.0,0.0,1.0,0.0,11.0,13.0,487.0222222222222,0.0,0,2
a0457567-fc69-427b-8492-88b0e9dd8df5,2,0,1.0,1.0,10509.0,10509.0,0.0,1.0,0.0,1.0,47.0,1.0,0.0,0.0,2.0,2.0,210.18,0.0,0,6
19afada0-d492-4a19-80b5-cf7ded5b42fd,2,0,2.0,2.0,60597.0,30298.5,1991.9198026025044,0.5,1.0,2.0,1.0,0.0,1.0,0.0,12.0,12.0,394.59,0.0,0,1
b729b238-8317-4ba5-a603-23522d161f0d,2,0,2.0,2.0,39552.0,19776.0,227.6883835420683,0.5,1.0,1.0,49.0,1.0,0.0,0.0,2.0,2.0,395.52,0.0,0,7
2e2c6d0c-ccf3-4435-b2cf-1ac75479a061,2,0,1.0,2.0,33762.0,16881.0,3805.648696345999,0.5,1.0,1.0,1.0,1.0,0.0,0.0,3.0,3.0,337.62,0.0,0,1
58f9edb6-75f6-4496-a2e7-7211d9c40ebc,1,0,2.0,1.0,16945.0,16945.0,0.0,1.0,0.0,1.0,4.0,1.0,0.0,0.0,5.0,5.0,169.45,1.0,1,5
cd02d12c-82dc-4841-8278-b849946e5153,1,0,1.0,1.0,12688.0,12688.0,0.0,1.0,0.0,1.0,5.0,1.0,0.0,0.0,3.0,3.0,84.58666666666667,1.0,0,8
9ba605bc-b843-400b-b19f-4dfdc679a9c2,1,0,1.0,1.0,9328.0,9328.0,0.0,1.0,0.0,1.0,17.0,1.0,0.0,0.0,2.0,2.0,186.56,0.0,0,2
b2c544f4-8d75-4c74-9ce8-ba796f0a6637,1,0,1.0,3.0,38149.0,12716.333333333334,3651.724569752397,1.0,0.0,1.0,4.0,0.6666666666666666,0.0,0.3333333333333333,9.0,10.0,127.16333333333334,1.0,0,5
3d98f345-6226-46e4-af81-36c1385e8b7e,0,0,1.0,2.0,32393.0,16196.5,9082.786604341203,1.0,0.0,1.0,1.0,0.5,0.5,0.0,2.0,2.0,323.93,0.0,0,1
89a0cb10-a60c-41c0-8e21-406c6f43d529,0,0,1.0,1.0,28630.0,28630.0,0.0,1.0,0.0,1.0,2.0,1.0,0.0,0.0,2.0,2.0,286.3,1.0,0,3
fe1596e8-8785-4597-b0cf-73cf570bdbba,0,0,2.0,2.0,19314.0,9657.0,1559.877559297524,1.0,0.0,1.0,17.0,0.0,0.0,1.0,3.0,2.0,193.14,0.0,0,2
c524895f-3f8f-440a-b569-341efaa98711,0,0,1.0,2.0,5300.0,2650.0,674.5798692519663,1.0,0.0,1.0,6.0,0.5,0.0,0.5,5.0,4.0,17.666666666666668,1.0,1,9
e6923335-279e-47be-b4f9-767a2c65d6a6,0,0,1.0,3.0,42572.0,14190.666666666666,2140.4962820181054,1.0,0.0,1.0,1.0,1.0,0.0,0.0,8.0,7.0,283.81333333333333,0.0,1,1
a68d90b3-361f-4b85-8b9d-848bfbb2e127,0,0,1.0,1.0,6526.0,6526.0,0.0,1.0,0.0,1.0,2.0,0.0,0.0,1.0,2.0,2.0,65.26,1.0,0,3
68f3cc94-793e-4704-8c6f-a04bbd971b3e,0,0,1.0,3.0,34722.0,11574.0,6871.0222674650095,1.0,0.0,1.0,1.0,0.0,0.0,1.0,6.0,5.0,231.48,0.0,0,1
4fa38421-bb13-4112-a729-ddf1e50250dc,0,0,1.0,2.0,40090.0,20045.0,4812.568752755643,1.0,0.0,1.0,6.0,0.5,0.5,0.0,12.0,11.0,133.63333333333333,1.0,1,9
d839e1ed-0af3-4506-b3ce-27b81d63365f,0,0,2.0,1.0,13342.0,13342.0,0.0,1.0,0.0,1.0,2.0,1.0,0.0,0.0,1.0,2.0,133.42,1.0,1,3
d9f1d200-4b3d-403f-9d0f-ea5c876049dc,0,0,1.0,1.0,16557.0,16557.0,0.0,1.0,0.0,1.0,1.0,1.0,0.0,0.0,6.0,6.0,331.14,0.0,1,1
ef45450b-7297-40a8-8fb3-9f090c447b57,0,0,1.0,2.0,10415.0,5207.5,2471.3382002469834,1.0,0.0,2.0,1.0,0.5,0.0,0.5,3.0,3.0,57.78333333333333,0.0,0,1
ba89e920-b200-41a3-b2ae-28a565341e27,0,0,1.0,2.0,20995.0,10497.5,6961.466260781561,1.0,0.0,1.0,6.0,1.0,0.0,0.0,4.0,4.0,69.98333333333333,1.0,0,9
e0344cfb-823e-4d21-b36b-99ef314bc862,4,0,0.0,3.0,75837.0,25279.0,1915.5440480448367,0.33333333333333337,1.0,1.0,3.0,0.6666666666666666,0.0,0.3333333333333333,11.0,11.0,168.52666666666667,1.0,1,4
5c86d7e4-6cbc-4b50-97b4-caa2c5fc8cd6,4,0,0.0,1.0,20553.0,20553.0,0.0,1.0,0.0,1.0,3.0,1.0,0.0,0.0,6.0,6.0,137.02,1.0,0,4
79429cb3-64a3-4404-b34d-4fc64bae8cfa,4,0,2.0,1.0,4697.0,4697.0,0.0,0.0,1.0,1.0,5.0,1.0,0.0,0.0,1.0,1.0,31.313333333333333,1.0,1,8
b01104da-d5e2-4e83-8bbf-56ea51cfed06,4,0,1.0,2.0,85918.0,42959.0,3501.5927804357834,0.0,1.0,1.0,2.0,0.5,0.0,0.5,2.0,2.0,429.59000000000003,1.0,0,3
a6261daa-a1d3-4a64-8763-46f50b44538d,4,0,1.0,3.0,73627.0,24542.333333333332,7654.342318797438,0.33333333333333337,1.0,1.0,6.0,0.3333333333333333,0.0,0.6666666666666666,10.0,10.0,163.61555555555557,1.0,0,9
0c81f0ce-294f-4ad1-8883-a6d62927b71d,3,0,1.0,3.0,81303.0,27101.0,12576.608763891798,0.33333333333333337,1.0,1.0,2.0,0.6666666666666666,0.0,0.3333333333333333,5.0,7.0,271.01,1.0,0,3
d406d861-d2d3-43e4-a698-03ccb74b6f1f,3,0,1.0,2.0,95211.0,47605.5,4967.425137835497,0.5,1.0,1.0,1.0,0.0,0.5,0.5,2.0,0.0,0.0,0.0,0,1
070d18be-2a5f-4327-b368-268f0512ca65,3,0,0.0,2.0,28426.0,14213.0,1127.1282092113568,1.0,0.0,1.0,6.0,0.5,0.5,0.0,6.0,6.0,94.75333333333333,1.0,1,9
c341da21-7e7a-47e8-a9a5-570ca9e510c9,3,0,0.0,2.0,28874.0,14437.0,1335.0176028802018,1.0,0.0,1.0,6.0,0.5,0.5,0.0,7.0,7.0,96.24666666666667,1.0,1,9
f4e0ec01-2b7b-46bc-8ca1-d146f5e7e214,3,0,1.0,3.0,36051.0,12017.0,1657.7463617815604,0.33333333333333337,1.0,1.0,47.0,0.6666666666666666,0.0,0.3333333333333333,6.0,6.0,240.34,0.0,1,6
aaef25b3-bd41-4143-afe1-078793c48590,3,0,1.0,1.0,3431.0,3431.0,0.0,1.0,0.0,1.0,6.0,1.0,0.0,0.0,3.0,3.0,22.873333333333335,1.0,0,9
5dc3842e-7d08-44a2-aa80-87c670d92778,3,0,2.0,1.0,7085.0,7085.0,0.0,0.0,1.0,1.0,17.0,1.0,0.0,0.0,4.0,3.0,141.7,0.0,1,2
223cbeb1-715e-401b-a424-667738c92a2e,3,0,1.0,2.0,19512.0,9756.0,6286.179284748408,0.5,1.0,1.0,5.0,1.0,0.0,0.0,5.0,5.0,65.03999999999999,1.0,0,8
1aae4b31-b219-41df-8287-6a5438ce34a5,3,0,2.0,2.0,73831.0,36915.5,6037.984804551929,0.0,1.0,1.0,2.0,0.0,0.5,0.5,3.0,2.0,369.155,1.0,0,3
67ef01b1-dbbe-48cd-8f08-6ad47d1c42c0,3,0,1.0,1.0,3112.0,3112.0,0.0,1.0,0.0,1.0,6.0,1.0,0.0,0.0,2.0,3.0,20.746666666666666,1.0,1,9
59fb2ba6-ddd9-4535-9bc5-85ab15f4eeae,3,0,1.0,2.0,30235.0,15117.5,4671.85450329952,0.5,1.0,1.0,49.0,0.5,0.0,0.5,5.0,5.0,302.35,0.0,0,7
d2b30c45-31d5-4021-827e-0b5abf7d1080,2,0,1.0,1.0,20905.0,20905.0,0.0,1.0,0.0,1.0,49.0,1.0,0.0,0.0,4.0,4.0,418.1,0.0,0,7
a94d9ec3-899b-48e7-b80c-767fc0ee3faa,2,0,0.0,1.0,7683.0,7683.0,0.0,1.0,0.0,1.0,49.0,0.0,0.0,1.0,1.0,1.0,153.66,0.0,1,7
b0eb8995-9a57-459f-a48b-ec654d1b93f1,2,0,1.0,2.0,30391.0,15195.5,7747.769001461002,1.0,0.0,1.0,49.0,1.0,0.0,0.0,7.0,7.0,303.91,0.0,0,7
0c8dd453-c621-495f-b82f-b5d2f333ae1f,2,0,1.0,1.0,9330.0,9330.0,0.0,1.0,0.0,1.0,3.0,0.0,0.0,1.0,2.0,2.0,62.2,1.0,0,4
49deee40-6d78-4a61-927a-7a92f7a563c4,1,0,1.0,1.0,10364.0,10364.0,0.0,1.0,0.0,1.0,5.0,0.0,1.0,0.0,4.0,4.0,69.09333333333333,1.0,0,8
e912cdad-afc8-42ad-85a3-833c0fb390ca,1,0,2.0,1.0,12025.0,12025.0,0.0,1.0,0.0,1.0,17.0,0.0,0.0,1.0,1.0,1.0,240.5,0.0,0,2
ca24edc5-5351-46e8-ad06-099d2b26517e,1,0,1.0,1.0,16430.0,16430.0,0.0,1.0,0.0,1.0,2.0,0.0,0.0,1.0,2.0,2.0,164.3,1.0,0,3
e87736af-6e96-4abd-8789-b45463016b75,1,0,1.0,1.0,20627.0,20627.0,0.0,1.0,0.0,1.0,1.0,1.0,0.0,0.0,4.0,4.0,412.54,0.0,0,1
bcb009b4-eb25-4639-9cf7-617671cb6c5d,1,0,1.0,2.0,72706.0,36353.0,21746.361948611084,1.0,0.0,1.0,2.0,0.0,1.0,0.0,3.0,3.0,363.53,1.0,0,3
5790e3b9-93b9-4329-b08e-f8d178feb4e6,1,0,1.0,2.0,56510.0,28255.0,4007.8812357653514,1.0,0.0,1.0,5.0,1.0,0.0,0.0,13.0,14.0,188.36666666666667,1.0,0,8
eaa1e400-e4da-49fd-b881-5ed2b9c48d11,1,0,0.0,1.0,17656.0,17656.0,0.0,1.0,0.0,1.0,3.0,0.0,1.0,0.0,6.0,6.0,117.70666666666666,1.0,0,4
0e076453-8cc7-4223-ae63-29382cce8af1,1,0,0.0,2.0,30512.0,15256.0,8710.141330655892,1.0,0.0,1.0,3.0,0.0,1.0,0.0,6.0,6.0,101.70666666666668,1.0,0,4
0eced6fc-990e-4027-b52f-2db547446f52,1,0,0.0,3.0,79275.0,26425.0,24838.28087851492,1.0,0.0,1.0,17.0,0.3333333333333333,0.3333333333333333,0.3333333333333333,3.0,4.0,528.5,0.0,0,2
27e7820c-48ab-44e8-9450-45550bdb240e,0,0,1.0,2.0,11053.0,5526.5,1007.6271631908302,1.0,0.0,1.0,6.0,0.5,0.0,0.5,4.0,4.0,36.843333333333334,1.0,1,9
9f970f96-e05e-4616-9dad-4f8fdb155e4c,0,0,1.0,1.0,16287.0,16287.0,0.0,1.0,0.0,1.0,5.0,1.0,0.0,0.0,4.0,4.0,108.58,1.0,0,8
7cb558c1-1a93-4163-a662-70d1784d112b,0,0,0.0,2.0,22711.0,7570.333333333333,1418.8270977583327,1.0,0.0,2.0,4.0,0.6666666666666666,0.3333333333333333,0.0,7.0,7.0,102.65333333333332,0.0,0,5
5c59b869-adb3-47df-8663-f1ab95292090,0,0,1.0,1.0,27787.0,27787.0,0.0,1.0,0.0,1.0,5.0,0.0,1.0,0.0,6.0,6.0,185.24666666666667,1.0,0,8
38e0f354-2200-4b0d-9294-5d61125edd7f,0,0,0.0,2.0,81712.0,40856.0,33662.52542516678,1.0,0.0,1.0,47.0,0.5,0.0,0.5,7.0,9.0,0.0,0.0,0,6
1f1aa8d5-dd87-42a4-acf1-625e319d9cb3,0,0,1.0,2.0,6654.0,3327.0,93.33809511662427,1.0,0.0,1.0,6.0,0.0,0.0,1.0,2.0,2.0,22.18,1.0,1,9
55709078-ced4-4fac-a2ed-55093582a0dc,0,0,1.0,2.0,61619.0,30809.5,174.65537495307723,1.0,0.0,1.0,1.0,1.0,0.0,0.0,14.0,15.0,616.19,0.0,0,1
05530875-92e0-44a4-8adf-6544b8f6a520,0,0,1.0,2.0,15187.0,7593.5,3379.2633072905105,1.0,0.0,1.0,6.0,0.0,0.5,0.5,2.0,1.0,50.623333333333335,1.0,1,9
fecaebec-a85f-467a-ba03-bcfd4d72eae2,0,0,1.0,1.0,9125.0,9125.0,0.0,1.0,0.0,1.0,17.0,1.0,0.0,0.0,4.0,4.0,182.5,0.0,0,2
5b3bbc9b-c1a3-4c9e-af3f-d05618074b8b,0,0,1.0,3.0,65771.0,21923.666666666668,11779.648141321257,1.0,0.0,1.0,1.0,1.0,0.0,0.0,3.0,3.0,438.47333333333336,0.0,0,1
d2ab7b15-158c-4e73-b6bc-d41996c2f5eb,0,0,1.0,3.0,30542.0,10180.666666666666,6287.267795579677,1.0,0.0,1.0,5.0,0.3333333333333333,0.0,0.6666666666666666,12.0,11.0,67.87111111111112,1.0,1,8
fb1504b4-3a31-4d5b-a387-c1a0e54e3c15,0,0,1.0,2.0,6575.0,3287.5,116.67261889578035,1.0,0.0,1.0,1.0,0.0,0.0,1.0,1.0,1.0,65.75,0.0,0,1
1deac7b7-5284-4b3a-a111-b4e89b7773af,0,0,1.0,1.0,1323.0,1323.0,0.0,1.0,0.0,1.0,5.0,1.0,0.0,0.0,1.0,1.0,8.82,1.0,0,8
777382fd-a14e-415b-9304-8b81e05484e4,0,0,1.0,2.0,52356.0,26178.0,25559.081712768948,1.0,0.0,1.0,6.0,0.5,0.5,0.0,10.0,10.0,174.51999999999998,1.0,0,9
af294a21-1206-4962-abd3-dc143c07e5a9,0,0,1.0,3.0,97955.0,32651.666666666668,1733.5917435582505,1.0,0.0,1.0,2.0,0.6666666666666666,0.0,0.3333333333333333,2.0,2.0,326.5166666666667,1.0,1,3
5504812f-322b-4821-8815-d9f28c99266f,0,0,2.0,2.0,44988.0,22494.0,9960.306119793708,1.0,0.0,1.0,1.0,1.0,0.0,0.0,9.0,7.0,449.88,0.0,0,1
96b6909c-fa38-4bfc-b656-9e4616630fc4,4,0,1.0,1.0,26757.0,26757.0,0.0,0.0,1.0,1.0,6.0,1.0,0.0,0.0,3.0,4.0,178.38,1.0,1,9
23232f58-b985-4956-9607-7ee8458aa8f0,4,0,2.0,1.0,20274.0,20274.0,0.0,0.0,1.0,1.0,2.0,0.0,1.0,0.0,2.0,2.0,202.74,1.0,0,3
cc939493-f364-4862-b0c6-1ba1946089bf,4,0,1.0,1.0,25989.0,25989.0,0.0,0.0,1.0,1.0,6.0,1.0,0.0,0.0,5.0,5.0,173.26,1.0,0,9
7498bcf6-c078-4051-8fa9-89132cfc692d,4,0,0.0,2.0,25459.0,12729.5,144.95689014324225,0.5,1.0,1.0,1.0,1.0,0.0,0.0,5.0,5.0,254.58999999999997,0.0,0,1
b6b5d7a8-f5a7-4595-8abe-ba62092644d1,4,0,0.0,1.0,13871.0,13871.0,0.0,1.0,0.0,1.0,3.0,1.0,0.0,0.0,1.0,1.0,92.47333333333333,1.0,0,4
ed324c1e-3dc3-4d65-acff-a5adb463cb84,3,0,1.0,2.0,20015.0,10007.5,4892.471819029723,0.5,1.0,1.0,5.0,1.0,0.0,0.0,8.0,8.0,66.71666666666667,1.0,1,8
44548385-62b9-4d61-8788-feed51112251,3,0,0.0,2.0,11207.0,5603.5,6387.295554458084,1.0,0.0,1.0,47.0,0.0,0.0,1.0,3.0,5.0,112.07000000000001,0.0,0,6
81149bc9-372a-445d-8f1b-a8c0eab46b1d,3,0,2.0,1.0,2121.0,2121.0,0.0,0.0,1.0,1.0,49.0,1.0,0.0,0.0,1.0,1.0,42.42,0.0,0,7
378b9ccd-5386-4db1-8eae-7d081951c108,3,0,1.0,1.0,225.0,225.0,0.0,1.0,0.0,1.0,3.0,1.0,0.0,0.0,1.0,1.0,1.5,1.0,0,4
2a7656a9-00ac-4e5e-bd60-866cd95d242b,3,0,2.0,1.0,11571.0,11571.0,0.0,0.0,1.0,1.0,2.0,1.0,0.0,0.0,3.0,2.0,115.71,1.0,0,3
a9370741-bc35-45e6-bb0b-a2ed345648a6,3,0,1.0,3.0,128222.0,42740.666666666664,8843.20690322992,0.33333333333333337,1.0,1.0,3.0,0.3333333333333333,0.3333333333333333,0.3333333333333333,13.0,13.0,284.93777777777774,1.0,1,4
cdc8fce3-34ae-471e-bc25-4eaf320ae329,3,0,0.0,1.0,21999.0,21999.0,0.0,1.0,0.0,1.0,47.0,1.0,0.0,0.0,5.0,5.0,439.98,0.0,0,6
792181e6-85eb-446d-8328-37cbab08e27b,3,0,1.0,2.0,6449.0,3224.5,345.77521600022175,0.5,1.0,1.0,2.0,0.0,0.0,1.0,2.0,2.0,32.245,1.0,1,3
e836e776-34c8-4fc0-b427-3f8d04e88cee,2,0,1.0,2.0,12688.0,6344.0,1878.0756108314702,1.0,0.0,1.0,1.0,0.5,0.5,0.0,4.0,5.0,126.88,0.0,1,1
8c7a61e0-f5c6-4da1-8610-985611954be5,2,0,1.0,2.0,27671.0,13835.5,1608.6679271993955,1.0,0.0,1.0,3.0,0.5,0.5,0.0,12.0,12.0,92.23666666666666,1.0,0,4
abcc739c-ca7b-4ada-8de9-553a963278da,2,0,1.0,1.0,7266.0,7266.0,0.0,1.0,0.0,1.0,47.0,1.0,0.0,0.0,1.0,1.0,145.32,0.0,0,6
6dbb9bf9-cdca-471f-9937-ab2edcd827b1,1,0,1.0,2.0,15285.0,7642.5,4411.63920782287,1.0,0.0,1.0,47.0,0.0,1.0,0.0,2.0,3.0,152.85,0.0,0,6
c092b186-c633-4335-9949-8329cbdff24d,1,0,0.0,1.0,8569.0,8569.0,0.0,1.0,0.0,1.0,5.0,1.0,0.0,0.0,4.0,3.0,57.126666666666665,1.0,0,8
141e9e8e-026f-4392-8b98-01ef319b5c33,1,0,1.0,2.0,12140.0,6070.0,868.3271272970803,1.0,0.0,1.0,3.0,0.5,0.5,0.0,3.0,3.0,40.46666666666667,1.0,0,4
1aeebcbe-1dc6-4911-975d-5a368e8b62c3,1,0,0.0,3.0,52496.0,17498.666666666668,13163.176528989243,1.0,0.0,1.0,5.0,0.3333333333333333,0.3333333333333333,0.3333333333333333,21.0,21.0,116.65777777777778,1.0,1,8
e80ce8a3-6b40-4616-b43a-f50a771fc44f,1,0,1.0,3.0,62210.0,20736.666666666668,4950.709982753315,1.0,0.0,1.0,47.0,1.0,0.0,0.0,9.0,9.0,414.73333333333335,0.0,0,6
b7bbb678-000c-4e17-a94f-28977d9137e9,1,0,2.0,2.0,39330.0,19665.0,5689.381161426962,1.0,0.0,1.0,3.0,0.5,0.5,0.0,3.0,3.0,131.1,1.0,0,4
3c0eef40-2824-478b-a6ca-116b6fb23b46,1,0,1.0,3.0,2688.0,896.0,883.0271796496413,1.0,0.0,1.0,49.0,0.3333333333333333,0.3333333333333333,0.3333333333333333,2.0,2.0,17.92,0.0,1,7
12d86793-fe1b-45bd-b67c-0d15be02e25c,1,0,1.0,3.0,47966.0,15988.666666666666,1115.1916128331188,1.0,0.0,1.0,17.0,1.0,0.0,0.0,4.0,4.0,319.7733333333333,0.0,0,2
dcfcd256-aab6-41d0-a1b2-c89658889a4b,1,0,1.0,3.0,51549.0,17183.0,5120.066698784304,1.0,0.0,2.0,1.0,1.0,0.0,0.0,8.0,8.0,270.7311111111111,0.0,0,1
19e4f3e9-58c7-4886-b8f3-fa70d8fa4933,0,0,2.0,2.0,40237.0,20118.5,6407.094544331307,1.0,0.0,2.0,1.0,0.5,0.5,0.0,3.0,3.0,402.37,0.0,1,1
9d8c1577-aa39-4f39-8abc-def1864f40d6,0,0,1.0,2.0,25344.0,12672.0,593.9696961966999,1.0,0.0,1.0,6.0,1.0,0.0,0.0,2.0,1.0,84.48,1.0,0,9
7756b89e-6c80-4b0c-b8d1-fec808dc74a6,0,0,0.0,2.0,16686.0,8343.0,4927.120051307863,1.0,0.0,1.0,3.0,0.0,0.0,1.0,4.0,5.0,55.62,1.0,0,4
a94ca11e-164f-490f-9770-0a69784c6e74,0,0,2.0,1.0,8047.0,8047.0,0.0,1.0,0.0,1.0,17.0,0.0,1.0,0.0,2.0,2.0,160.94,0.0,0,2
1ed6aa8a-05ed-48fc-8169-0179e6b1148b,0,0,1.0,2.0,51101.0,17033.666666666668,6473.768711757729,1.0,0.0,2.0,17.0,0.3333333333333333,0.6666666666666666,0.0,4.0,4.0,340.67333333333335,0.0,0,2
072b4f64-cb41-491e-8be2-169cd7eb4db9,0,0,0.0,1.0,12942.0,12942.0,0.0,1.0,0.0,1.0,17.0,0.0,0.0,1.0,3.0,3.0,258.84,0.0,1,2
7413b244-395b-41d1-b444-b886068f1dee,0,0,1.0,3.0,37884.0,12628.0,4375.074056516072,1.0,0.0,1.0,2.0,0.6666666666666666,0.0,0.3333333333333333,2.0,2.0,126.28000000000002,1.0,1,3
90e084b1-d093-4da4-baa5-61552d3077e8,0,0,1.0,1.0,15112.0,15112.0,0.0,1.0,0.0,1.0,3.0,1.0,0.0,0.0,3.0,3.0,100.74666666666667,1.0,0,4
7d3ed766-f485-4763-9e83-b19b9583f4ce,0,0,0.0,1.0,11215.0,11215.0,0.0,1.0,0.0,1.0,5.0,0.0,0.0,1.0,1.0,1.0,74.76666666666667,1.0,0,8
8ab044af-7a92-4b31-b886-bc1c5cd58987,0,0,1.0,3.0,67540.0,16885.0,5108.372996039606,1.0,0.0,3.0,2.0,0.5,0.0,0.5,7.0,6.0,236.565,0.0,0,3
69efd971-b9bc-4b97-b45a-7a52651e4447,0,0,0.0,3.0,53477.0,17825.666666666668,3549.549595840764,1.0,0.0,1.0,1.0,1.0,0.0,0.0,11.0,10.0,356.5133333333333,0.0,0,1
f2986722-8e9a-4745-b3fb-554032c63f29,0,0,0.0,3.0,45861.0,15287.0,1509.4167747842212,1.0,0.0,1.0,5.0,0.3333333333333333,0.0,0.6666666666666666,14.0,14.0,101.91333333333334,1.0,0,8
952439a2-1a4c-436b-89a9-eac93ecd52d9,0,0,0.0,2.0,29953.0,14976.5,5305.422179242666,1.0,0.0,1.0,17.0,1.0,0.0,0.0,7.0,6.0,299.53,0.0,0,2
7471b722-aaab-4d64-ba5d-6dfa94ce3a96,0,0,1.0,3.0,49187.0,16395.666666666668,9243.020628200142,1.0,0.0,1.0,6.0,0.0,0.0,1.0,5.0,4.0,109.30444444444446,1.0,0,9
06dfc8d6-5f7d-4eed-8d0a-1267c610bf2b,0,0,1.0,2.0,43387.0,21693.5,453.255446740577,1.0,0.0,1.0,47.0,1.0,0.0,0.0,10.0,11.0,433.87,0.0,0,6
ad51a9c6-a11a-490c-8c5b-74e5e4d8c4c4,0,0,2.0,1.0,2119.0,2119.0,0.0,1.0,0.0,1.0,17.0,0.0,0.0,1.0,1.0,1.0,42.38,0.0,0,2
0a45a8f8-62fb-4721-8905-8de29ae2c9a7,0,0,1.0,1.0,11948.0,11948.0,0.0,1.0,0.0,1.0,49.0,1.0,0.0,0.0,3.0,3.0,238.96,0.0,0,7
272b4fc4-2f54-45c9-aee2-f96b31268841,0,0,1.0,3.0,22670.0,7556.666666666667,7192.72940776541,1.0,0.0,1.0,2.0,0.6666666666666666,0.0,0.3333333333333333,3.0,3.0,75.56666666666666,1.0,0,3
0fb06d81-294b-4f36-ae11-a574bcf39fa3,0,0,1.0,3.0,78531.0,26177.0,2046.489921792922,1.0,0.0,2.0,17.0,0.0,1.0,0.0,12.0,11.0,523.54,0.0,0,2
fbb8eb7d-8c6a-4600-879b-b5d79d67b739,0,0,1.0,3.0,58917.0,19639.0,18167.355090931647,1.0,0.0,1.0,47.0,0.0,0.3333333333333333,0.6666666666666666,3.0,2.0,392.78000000000003,0.0,0,6
e28b7803-aa38-442d-be90-7b9772469990,5,1,1.0,1.0,24240.0,24240.0,0.0,0.0,1.0,1.0,17.0,0.0,1.0,0.0,5.0,5.0,484.8,0.0,0,2
ec7d7562-3c59-4faf-aaea-71a4dc436d33,5,1,1.0,1.0,4517.0,4517.0,0.0,0.0,1.0,1.0,6.0,0.0,0.0,1.0,1.0,1.0,30.113333333333333,1.0,1,9
ad3a2e8f-7fc4-487a-88ac-0f4f9351c3f5,5,1,1.0,1.0,22891.0,22891.0,0.0,0.0,1.0,1.0,6.0,0.0,1.0,0.0,3.0,3.0,152.60666666666665,1.0,0,9
34abb096-4c62-465e-9d46-70f15e393015,5,1,1.0,1.0,22660.0,22660.0,0.0,0.0,1.0,1.0,6.0,0.0,1.0,0.0,3.0,3.0,151.06666666666666,1.0,0,9
85ff5fc6-89e0-410f-86ff-f68179962185,4,0,0.0,1.0,16123.0,16123.0,0.0,1.0,0.0,1.0,17.0,1.0,0.0,0.0,4.0,2.0,322.46,0.0,0,2
515de347-c70e-4034-87f7-3326f6677eba,4,0,1.0,2.0,28599.0,14299.5,13637.968488744942,0.0,1.0,1.0,47.0,0.5,0.0,0.5,7.0,6.0,285.99,0.0,0,6
d0ec9f63-1861-4775-bb49-069d232780ed,4,0,1.0,2.0,13094.0,6547.0,1012.576910659136,0.0,1.0,1.0,2.0,1.0,0.0,0.0,2.0,2.0,65.47,1.0,1,3
1d6c67b7-2acc-4275-aa90-ddaf8af080c2,3,0,1.0,1.0,7990.0,7990.0,0.0,1.0,0.0,1.0,47.0,1.0,0.0,0.0,2.0,2.0,159.8,0.0,1,6
9580c21d-542e-422a-b557-eb569b28197e,3,0,2.0,1.0,12245.0,12245.0,0.0,0.0,1.0,1.0,49.0,1.0,0.0,0.0,5.0,5.0,244.9,0.0,0,7
d37e265e-5d2f-4658-bed5-377b9f54761c,3,0,2.0,2.0,38354.0,19177.0,16240.828550292623,0.0,1.0,1.0,49.0,0.5,0.0,0.5,2.0,2.0,383.54,0.0,0,7
52b26a01-b934-4b4a-abb6-eeea3ee2ab9c,3,0,1.0,3.0,73722.0,24574.0,3953.840790927222,0.33333333333333337,1.0,1.0,5.0,0.3333333333333333,0.3333333333333333,0.3333333333333333,6.0,6.0,163.82666666666665,1.0,1,8
6ce98f05-863a-4b0f-a9ba-dcd4d9ab79bc,3,0,0.0,2.0,18104.0,9052.0,1391.5861453751256,0.5,1.0,1.0,5.0,0.5,0.5,0.0,10.0,10.0,60.346666666666664,1.0,1,8
bc19027f-3df3-4c76-8e8a-f692c6523671,3,0,2.0,1.0,12353.0,12353.0,0.0,0.0,1.0,1.0,1.0,0.0,1.0,0.0,4.0,4.0,247.06,0.0,0,1
a2e54900-df9f-4d6c-9a71-eaaf483444f3,3,0,0.0,1.0,18059.0,18059.0,0.0,1.0,0.0,1.0,17.0,1.0,0.0,0.0,6.0,6.0,361.18,0.0,0,2
3b31ae9c-defb-4954-a3dc-eb210326422a,3,0,2.0,1.0,20062.0,20062.0,0.0,0.0,1.0,1.0,2.0,1.0,0.0,0.0,1.0,1.0,200.62,1.0,0,3
1404a236-44f5-4aa7-9f17-0139d204d5fd,3,0,1.0,2.0,37289.0,18644.5,886.004796826744,0.5,1.0,1.0,6.0,0.5,0.5,0.0,8.0,8.0,124.29666666666667,1.0,1,9
2f32241d-2810-40b0-a735-8d46f8a14c94,3,0,1.0,2.0,22985.0,11492.5,8512.858538704846,0.5,1.0,1.0,3.0,1.0,0.0,0.0,6.0,6.0,76.61666666666667,1.0,0,4
1e9f0b17-edc9-49c3-907f-fe93d9de4c52,3,0,1.0,1.0,18758.0,18758.0,0.0,1.0,0.0,1.0,3.0,0.0,1.0,0.0,4.0,4.0,125.05333333333333,1.0,0,4
cf9043c3-c250-420d-8252-85abf5e7c45a,3,0,2.0,1.0,9320.0,9320.0,0.0,0.0,1.0,1.0,17.0,0.0,0.0,1.0,3.0,3.0,186.4,0.0,0,2
29e66d4b-2a88-42b5-b52e-7e5acbb4ff9b,3,0,1.0,1.0,20702.0,20702.0,0.0,1.0,0.0,1.0,3.0,1.0,0.0,0.0,5.0,4.0,138.01333333333332,1.0,0,4
2146261e-d462-4f83-be81-e5b75932a6da,3,0,2.0,2.0,22356.0,11178.0,11312.294285422387,0.0,1.0,1.0,17.0,0.0,0.0,1.0,3.0,2.0,223.56,0.0,1,2
67bd8a29-ca7d-4320-86cd-0099619b2c31,3,0,1.0,2.0,7810.0,3905.0,4480.228565597965,0.5,1.0,1.0,17.0,0.0,0.0,1.0,1.0,1.0,78.10000000000001,0.0,0,2
e6d06137-1df1-4969-b52b-878da7922ca4,3,0,1.0,2.0,16059.0,8029.5,1079.752054871858,0.5,1.0,1.0,17.0,0.5,0.5,0.0,4.0,4.0,160.59,0.0,1,2
1e6cb7ec-af2c-459f-9be3-09486c8ff7e5,2,0,1.0,1.0,13879.0,13879.0,0.0,1.0,0.0,1.0,2.0,0.0,0.0,1.0,1.0,1.0,138.79,1.0,1,3
a849e597-6b61-47c4-b972-f5b74eac131b,2,0,1.0,2.0,4888.0,2444.0,1318.0470401317245,1.0,0.0,1.0,3.0,0.0,0.0,1.0,2.0,2.0,16.293333333333333,1.0,1,4
1e399a40-a329-43f4-8f98-1fa38ea02bff,2,0,1.0,3.0,68691.0,17172.75,10818.160113901069,0.75,1.0,4.0,2.0,0.25,0.5,0.25,7.0,7.0,246.12666666666667,0.0,0,3
b82b29d5-e5a8-420c-8026-064a77efb190,2,0,1.0,1.0,9561.0,9561.0,0.0,1.0,0.0,1.0,2.0,0.0,1.0,0.0,3.0,3.0,95.61,1.0,0,3
f26db484-0298-4dc8-b6f9-1180c2e5c957,2,0,1.0,3.0,17614.0,5871.333333333333,2106.7931396635345,0.6666666666666667,1.0,1.0,6.0,0.0,0.0,1.0,2.0,2.0,39.14222222222222,1.0,1,9
90766716-cae6-4260-a6cb-9901dc5b21cd,2,0,1.0,2.0,38316.0,19158.0,400.2224381515859,1.0,0.0,1.0,17.0,1.0,0.0,0.0,8.0,10.0,383.15999999999997,0.0,0,2
6c8b982a-b7e3-4d6b-ac8a-638fdc32d08b,2,0,1.0,2.0,11400.0,5700.0,1012.576910659136,1.0,0.0,1.0,1.0,0.0,0.0,1.0,2.0,2.0,114.0,0.0,0,1
d9ae0517-8974-4a96-8d09-f2f5a6c39a1f,2,0,1.0,1.0,10918.0,10918.0,0.0,1.0,0.0,1.0,2.0,0.0,1.0,0.0,1.0,1.0,109.18,1.0,0,3
e2d73292-3edc-4c91-afcd-7bce42a24eab,2,0,1.0,2.0,57146.0,19048.666666666668,24818.586771477003,1.0,0.0,2.0,17.0,0.6666666666666666,0.3333333333333333,0.0,8.0,7.0,380.97333333333336,0.0,0,2
06ed9e12-7ed9-462b-9c1b-3c3fc4e229f9,2,0,0.0,0.0,0.0,0.0,0.0,0.0,0.0,0.0,0.0,0.0,0.0,0.0,8.0,11.0,0.0,0.0,0,0
7168d479-6e11-445e-8365-7355ef37566d,1,0,1.0,3.0,22837.0,7612.333333333333,8923.307028973806,1.0,0.0,1.0,47.0,0.6666666666666666,0.0,0.3333333333333333,9.0,9.0,152.24666666666667,0.0,0,6
acafc779-ef3d-405e-acf5-0c00dfb2b828,1,0,1.0,2.0,34142.0,17071.0,7884.240610230005,1.0,0.0,1.0,1.0,0.0,1.0,0.0,4.0,4.0,341.42,0.0,0,1
e7375c8d-f40e-4d37-9982-aac41393645a,1,0,1.0,3.0,37251.0,9312.75,8879.320821436739,1.0,0.0,3.0,6.0,0.25,0.75,0.0,14.0,13.0,62.085,1.0,1,9
b0083d94-d8ae-4b4b-91a8-c5927ce20a52,1,0,1.0,3.0,22039.0,7346.333333333333,2227.441881022563,1.0,0.0,2.0,5.0,0.3333333333333333,0.6666666666666666,0.0,3.0,3.0,73.25555555555555,0.0,1,8
9ab837e4-5aad-45db-8926-e0f92fb30e87,1,0,1.0,1.0,6763.0,6763.0,0.0,1.0,0.0,1.0,1.0,0.0,0.0,1.0,1.0,1.0,135.26,0.0,0,1
e8dbcce8-5835-4645-9736-7c1e2ca996c2,1,0,1.0,2.0,28359.0,14179.5,4182.536610718428,1.0,0.0,1.0,3.0,1.0,0.0,0.0,3.0,3.0,94.53,1.0,0,4
ffb82bb5-0183-48f0-984e-0b69b2f12c6f,1,0,1.0,2.0,28865.0,14432.5,3959.0908678634796,1.0,0.0,1.0,3.0,0.5,0.0,0.5,2.0,2.0,96.21666666666667,1.0,1,4
b549343b-6445-4115-85e9-955698143253,1,0,2.0,1.0,23725.0,23725.0,0.0,1.0,0.0,1.0,2.0,1.0,0.0,0.0,2.0,2.0,237.25,1.0,0,3
f3dcbb96-00f7-4d86-8c43-61caf6768da1,1,0,1.0,3.0,55866.0,18622.0,12796.457986489855,1.0,0.0,1.0,47.0,0.0,1.0,0.0,8.0,7.0,372.44,0.0,1,6
cca899bd-80f4-4ac6-88b6-8a77b7904b62,0,0,1.0,3.0,84212.0,28070.666666666668,3175.1413091913464,1.0,0.0,1.0,6.0,1.0,0.0,0.0,11.0,11.0,187.13777777777776,1.0,0,9
7a8306e5-03bf-4039-8a0e-85e19a2b7123,0,0,1.0,1.0,10122.0,10122.0,0.0,1.0,0.0,1.0,3.0,0.0,0.0,1.0,5.0,5.0,67.48,1.0,0,4
e740180a-d4a1-4c5b-bc93-613cc10e6fd8,0,0,1.0,3.0,32989.0,10996.333333333334,2284.9388029733605,1.0,0.0,1.0,5.0,0.0,0.0,1.0,5.0,4.0,73.30888888888889,1.0,1,8
a5df6692-9ee0-43f1-9cf4-c4411937cc0a,0,0,2.0,1.0,26825.0,26825.0,0.0,1.0,0.0,1.0,5.0,0.0,1.0,0.0,5.0,4.0,178.83333333333334,1.0,0,8
c9ba0e12-682c-40a7-8a52-8524b0da6965,0,0,0.0,3.0,42339.0,14113.0,3474.8825879445194,1.0,0.0,1.0,3.0,1.0,0.0,0.0,14.0,15.0,94.08666666666666,1.0,0,4
0ba881a1-4290-463b-aa96-55cb98ed27a3,0,0,1.0,3.0,49666.0,16555.333333333332,14001.779327404547,1.0,0.0,1.0,1.0,0.3333333333333333,0.6666666666666666,0.0,8.0,8.0,331.1066666666666,0.0,1,1
559799f4-84ea-451e-86ae-170675d9f1eb,0,0,2.0,1.0,22590.0,22590.0,0.0,1.0,0.0,1.0,3.0,0.0,1.0,0.0,10.0,9.0,150.6,1.0,0,4
70058c3b-c95c-4700-87a4-dd9538f10c6f,0,0,1.0,1.0,6757.0,6757.0,0.0,1.0,0.0,1.0,17.0,1.0,0.0,0.0,1.0,1.0,135.14,0.0,1,2
2c477e8f-8562-4ecf-b114-4f0ce920bbff,0,0,0.0,1.0,11550.0,11550.0,0.0,1.0,0.0,1.0,6.0,1.0,0.0,0.0,2.0,2.0,77.0,1.0,0,9
9efeafcc-b2f8-4f13-91ba-64f6d475a613,0,0,2.0,1.0,2773.0,2773.0,0.0,1.0,0.0,1.0,17.0,0.0,0.0,1.0,2.0,1.0,55.46,0.0,0,2
056809b4-e37f-4ccf-ada0-540bca176442,0,0,1.0,2.0,22960.0,11480.0,883.8834764831844,1.0,0.0,1.0,49.0,1.0,0.0,0.0,3.0,3.0,229.6,0.0,0,7
6aaa5e11-2232-441e-8c2f-9dc14eb7e66f,0,0,0.0,1.0,12182.0,12182.0,0.0,1.0,0.0,1.0,17.0,1.0,0.0,0.0,4.0,4.0,243.64,0.0,0,2
168cda31-b596-4f65-9d79-4c0bfae49121,0,0,1.0,2.0,17250.0,8625.0,1937.4725804511402,1.0,0.0,1.0,17.0,0.0,0.0,1.0,4.0,4.0,172.5,0.0,1,2
d838c9d5-dba0-4b40-9daf-be8186abac97,0,0,1.0,1.0,5938.0,5938.0,0.0,1.0,0.0,1.0,49.0,0.0,0.0,1.0,1.0,1.0,118.76,0.0,1,7
e754ed29-4a0f-4ade-9b2c-065bc9c2e030,0,0,0.0,3.0,93007.0,31002.333333333332,25108.493270870185,1.0,0.0,1.0,3.0,0.6666666666666666,0.0,0.3333333333333333,23.0,24.0,206.68222222222224,1.0,0,4
264fb0b9-9cfd-4427-b88b-d03727d3cd81,0,0,1.0,2.0,32895.0,16447.5,7299.46330218873,1.0,0.0,1.0,47.0,0.5,0.5,0.0,3.0,3.0,328.95,0.0,1,6
58a78292-1968-4166-9840-3fdd5fc67ef6,0,0,1.0,3.0,33094.0,11031.333333333334,5473.848767853688,1.0,0.0,1.0,5.0,0.6666666666666666,0.0,0.3333333333333333,5.0,5.0,73.54222222222222,1.0,0,8
000590dc-046f-462b-8225-4c81a97b7166,0,0,1.0,1.0,21417.0,21417.0,0.0,1.0,0.0,1.0,6.0,0.0,1.0,0.0,3.0,3.0,142.78,1.0,0,9
b4c49088-cc67-4106-b251-02f63a872d5a,4,0,2.0,2.0,47667.0,23833.5,10857.624625119437,0.5,1.0,1.0,4.0,1.0,0.0,0.0,3.0,3.0,238.335,1.0,0,5
cbac56d3-9f47-4649-8dd5-4b30bb22a103,4,0,1.0,3.0,23820.0,7940.0,2429.3597922086387,0.33333333333333337,1.0,1.0,3.0,0.6666666666666666,0.0,0.3333333333333333,11.0,11.0,52.93333333333334,1.0,1,4
37a9afa6-aefb-4e11-ae26-16d679484d25,4,0,1.0,2.0,10965.0,5482.5,542.3509011700819,0.0,1.0,1.0,3.0,0.5,0.5,0.0,3.0,3.0,36.55,1.0,1,4
abf03750-c11f-4d2a-96ef-087bc709081a,4,0,0.0,1.0,18740.0,18740.0,0.0,1.0,0.0,1.0,5.0,0.0,1.0,0.0,6.0,5.0,124.93333333333334,1.0,0,8
c2e0325c-9211-4398-9de2-1d19a774f199,4,0,1.0,1.0,7632.0,7632.0,0.0,0.0,1.0,1.0,6.0,0.0,1.0,0.0,5.0,5.0,50.88,1.0,0,9
3c42a5a9-9cec-4c1a-b251-7e4dbfa0a222,4,0,1.0,3.0,98250.0,32750.0,8787.983386420345,0.33333333333333337,1.0,1.0,3.0,0.3333333333333333,0.0,0.6666666666666666,12.0,12.0,218.33333333333334,1.0,0,4
918edcf9-4a05-4545-a2c4-9256daffde3c,4,0,2.0,2.0,48471.0,24235.5,29724.6477607389,0.5,1.0,1.0,17.0,0.0,0.5,0.5,1.0,1.0,484.71000000000004,0.0,1,2
38fd1c2b-0589-40c2-8031-7f6d048d0c79,4,0,0.0,1.0,24457.0,24457.0,0.0,1.0,0.0,1.0,1.0,0.0,1.0,0.0,3.0,3.0,489.14,0.0,0,1
419d69eb-ca47-4e2f-82db-0abc93f270ec,4,0,0.0,1.0,22091.0,22091.0,0.0,1.0,0.0,1.0,1.0,0.0,1.0,0.0,4.0,4.0,441.82,0.0,0,1
4a7dc14a-e814-4936-b4c4-43aa8ce1d4ac,4,0,1.0,2.0,54704.0,27352.0,4918.634769933625,0.5,1.0,1.0,17.0,0.0,1.0,0.0,3.0,3.0,547.04,0.0,0,2
69469923-3646-4cff-baee-b18d28984fe3,4,0,1.0,2.0,9879.0,4939.5,2137.583799526933,0.5,1.0,1.0,6.0,0.5,0.0,0.5,3.0,3.0,32.93,1.0,1,9
8cfbac10-8d9d-4eb6-ac4d-5d13643fa383,3,0,1.0,1.0,16570.0,16570.0,0.0,1.0,0.0,1.0,6.0,1.0,0.0,0.0,3.0,3.0,110.46666666666667,1.0,0,9
93e72ef4-1235-44d7-9b92-8908c5c84168,3,0,1.0,3.0,84812.0,28270.666666666668,3749.3781262141765,0.33333333333333337,1.0,1.0,6.0,0.0,1.0,0.0,26.0,25.0,188.47111111111113,1.0,0,9
9cba3028-aa6e-4111-9f56-0c3930271e31,3,0,1.0,3.0,66196.0,22065.333333333332,1426.2798930551235,0.33333333333333337,1.0,1.0,2.0,0.6666666666666666,0.3333333333333333,0.0,3.0,3.0,220.65333333333334,1.0,1,3
6b35ef85-f26b-4315-864e-cf2331161b6b,3,0,1.0,1.0,11126.0,11126.0,0.0,1.0,0.0,1.0,17.0,1.0,0.0,0.0,2.0,2.0,222.52,0.0,0,2
047d543c-f01e-4716-8511-7697f01059e6,3,0,0.0,1.0,10724.0,10724.0,0.0,1.0,0.0,1.0,1.0,1.0,0.0,0.0,3.0,3.0,214.48,0.0,1,1
927d45b5-6043-42d6-b010-18d8e93823b5,3,0,1.0,2.0,40417.0,20208.5,9072.887109404592,0.5,1.0,2.0,1.0,1.0,0.0,0.0,12.0,10.0,404.17,0.0,0,1
824bb348-87b5-42fe-8c44-46e809526ab0,3,0,1.0,2.0,5590.0,2795.0,1053.589103967956,0.5,1.0,1.0,49.0,0.5,0.5,0.0,2.0,2.0,55.9,0.0,0,7
8ceb0510-6136-4d80-b5d8-e9fb99b65c3a,3,0,1.0,1.0,24913.0,24913.0,0.0,1.0,0.0,1.0,1.0,0.0,1.0,0.0,4.0,4.0,498.26,0.0,0,1
f8002fa3-d2be-4564-a244-e5cd018abc47,3,0,2.0,1.0,22965.0,22965.0,0.0,0.0,1.0,1.0,2.0,1.0,0.0,0.0,3.0,3.0,229.65,1.0,0,3
9894fcb3-676d-4f12-a4e1-c3907b191748,3,0,2.0,2.0,55853.0,27926.5,17982.43255235509,0.0,1.0,1.0,2.0,0.5,0.5,0.0,2.0,2.0,279.265,1.0,1,3
dcb60932-0d0d-4b4e-9028-600e6dbeb753,3,0,2.0,1.0,23893.0,23893.0,0.0,0.0,1.0,1.0,2.0,1.0,0.0,0.0,1.0,1.0,238.93,1.0,1,3
0935af7e-e41f-4104-bb2f-83761e64a4bc,2,0,2.0,1.0,10763.0,10763.0,0.0,1.0,0.0,1.0,47.0,1.0,0.0,0.0,2.0,2.0,215.26,0.0,0,6
64e7db29-001e-4050-a0e6-151d7e31c2a4,2,0,1.0,3.0,51239.0,17079.666666666668,13017.036541906662,0.6666666666666667,1.0,1.0,17.0,0.0,0.0,1.0,4.0,3.0,341.5933333333333,0.0,0,2
5cec373f-8c29-43c4-8963-a3cf71826c0a,2,0,1.0,2.0,22513.0,11256.5,1755.7461376861975,1.0,0.0,1.0,3.0,0.0,1.0,0.0,4.0,4.0,75.04333333333332,1.0,0,4
c421247e-8075-46b5-937d-71f0f6df1bc2,2,0,0.0,3.0,48260.0,16086.666666666666,4961.959424797157,1.0,0.0,1.0,3.0,1.0,0.0,0.0,10.0,11.0,107.24444444444445,1.0,1,4
d409b618-2ea3-4d36-9a84-3b0b05726fa8,2,0,1.0,2.0,22933.0,11466.5,2424.6691526886716,1.0,0.0,1.0,5.0,1.0,0.0,0.0,8.0,7.0,76.44333333333333,1.0,1,8
adb4cd21-af62-45db-a3de-26afa9633db0,2,0,2.0,1.0,26427.0,26427.0,0.0,1.0,0.0,1.0,6.0,1.0,0.0,0.0,6.0,5.0,176.18,1.0,1,9
02831de3-ad84-4059-994b-6eacd049ad01,2,0,1.0,2.0,26724.0,13362.0,11969.903591925877,1.0,0.0,1.0,1.0,0.0,0.5,0.5,8.0,8.0,267.24,0.0,0,1
62524480-8215-415e-9fe9-d08e95498be2,2,0,0.0,2.0,7266.0,3633.0,2199.1020894901626,1.0,0.0,1.0,17.0,0.5,0.5,0.0,4.0,4.0,72.66,0.0,1,2
a516c59a-2bfe-40fa-8212-a872245671fa,2,0,0.0,1.0,13207.0,13207.0,0.0,1.0,0.0,1.0,47.0,1.0,0.0,0.0,2.0,2.0,264.14,0.0,0,6
b70a9646-7670-43d7-bae7-15c3b8db918a,2,0,0.0,3.0,89240.0,29746.666666666668,3506.4183055267854,1.0,0.0,1.0,3.0,0.0,1.0,0.0,25.0,25.0,198.3111111111111,1.0,1,4
bc19e312-4361-4ec8-a394-32b3b1733652,2,0,1.0,1.0,13457.0,13457.0,0.0,1.0,0.0,1.0,3.0,1.0,0.0,0.0,2.0,2.0,89.71333333333334,1.0,1,4
b9e06caf-f9d5-4fbe-8782-22c8c77cfe38,1,0,1.0,1.0,30816.0,30816.0,0.0,1.0,0.0,1.0,6.0,0.0,1.0,0.0,4.0,4.0,205.44,1.0,0,9
269b8d67-9a3e-437b-830a-a2aab279e4a4,1,0,1.0,3.0,91285.0,30428.333333333332,5495.1110392178,1.0,0.0,1.0,47.0,0.3333333333333333,0.0,0.6666666666666666,9.0,9.0,608.5666666666667,0.0,0,6
de9c1dac-cdc1-433e-836f-6c0bd1850ce6,1,0,0.0,1.0,17467.0,17467.0,0.0,1.0,0.0,1.0,1.0,1.0,0.0,0.0,5.0,5.0,349.34,0.0,0,1
46c890ce-a214-42bb-8cde-d6db1cbd68ee,1,0,1.0,2.0,24244.0,12122.0,9076.422643310523,1.0,0.0,1.0,1.0,0.5,0.5,0.0,10.0,10.0,242.44,0.0,0,1
7d2b3250-6cd1-477a-97f4-b2111c510776,1,0,2.0,2.0,56601.0,28300.5,7562.507024790126,1.0,0.0,1.0,4.0,0.0,1.0,0.0,2.0,2.0,283.005,1.0,0,5
0152c8d8-de3e-4561-8941-65f3c1b00b2e,1,0,1.0,2.0,8553.0,4276.5,3423.1039277240766,1.0,0.0,1.0,17.0,0.0,0.0,1.0,1.0,1.0,85.53,0.0,0,2
2e164cb1-78a8-47a6-a339-6d5a8aed83e6,1,0,1.0,1.0,6597.0,6597.0,0.0,1.0,0.0,1.0,2.0,1.0,0.0,0.0,3.0,2.0,65.97,1.0,1,3
69375298-0dab-4525-8f3d-2091bceba955,0,0,2.0,1.0,11702.0,11702.0,0.0,1.0,0.0,1.0,1.0,1.0,0.0,0.0,4.0,4.0,234.04,0.0,1,1
042801fe-fca5-4808-ad3c-ac141bde6c0e,0,0,1.0,2.0,25526.0,12763.0,3805.648696345999,1.0,0.0,1.0,17.0,0.0,0.0,1.0,7.0,5.0,255.26,0.0,0,2
ba2512f6-f0d7-46fa-bf09-8faa92049b3e,0,0,1.0,3.0,10117.0,3372.3333333333335,168.82634075680642,1.0,0.0,2.0,6.0,0.0,0.3333333333333333,0.6666666666666666,2.0,3.0,36.62444444444444,0.0,1,9
e149e8a4-5606-45b3-ac47-a2131cb2a998,0,0,1.0,3.0,19403.0,6467.666666666667,2760.284284875986,1.0,0.0,1.0,49.0,1.0,0.0,0.0,4.0,3.0,129.35333333333332,0.0,1,7
ebc99217-c29f-4b20-865d-102c69154aa0,0,0,1.0,2.0,29004.0,14502.0,8427.298618181274,1.0,0.0,1.0,47.0,0.5,0.5,0.0,4.0,3.0,290.04,0.0,0,6
e9b112e7-3d79-4f6b-a019-74e34c12c038,0,0,2.0,2.0,23488.0,11744.0,3156.524671216748,1.0,0.0,1.0,2.0,0.5,0.0,0.5,2.0,2.0,117.44,1.0,0,3
b48dbaa0-4ec9-461c-9009-fd395ebddb4f,0,0,1.0,2.0,13838.0,6919.0,288.4995667241114,1.0,0.0,1.0,49.0,0.0,0.0,1.0,3.0,3.0,138.38,0.0,1,7
cf68622b-9041-4655-b2f5-207b7ccf972b,0,0,1.0,3.0,66384.0,22128.0,15780.260168957924,1.0,0.0,1.0,17.0,0.0,0.0,1.0,8.0,6.0,442.56,0.0,0,2
833f942b-7a36-4b52-bce4-c2b7228bb8d8,0,0,2.0,1.0,8324.0,8324.0,0.0,1.0,0.0,1.0,3.0,1.0,0.0,0.0,1.0,0.0,55.49333333333333,1.0,0,4
0130aa1d-e2af-442a-b50a-4a31f95b577f,0,0,2.0,2.0,23490.0,11745.0,3148.0393898425095,1.0,0.0,1.0,2.0,0.5,0.0,0.5,2.0,2.0,117.45,1.0,1,3
607f981e-10ec-4c75-9cf3-be7672ad319f,0,0,1.0,1.0,3589.0,3589.0,0.0,1.0,0.0,1.0,17.0,0.0,0.0,1.0,1.0,1.0,71.78,0.0,1,2
e3e83c2d-5ae6-436a-afb9-cdf8505e7152,0,0,1.0,2.0,4581.0,2290.5,794.0809152724929,1.0,0.0,1.0,5.0,1.0,0.0,0.0,1.0,1.0,15.27,1.0,1,8
b48dad4b-226b-4350-9305-5e4229ded94c,0,0,1.0,2.0,55931.0,27965.5,1863.2263684265527,1.0,0.0,1.0,6.0,0.0,1.0,0.0,13.0,11.0,186.43666666666667,1.0,0,9
ce7b8363-b75e-481f-a503-1006acf6b21b,0,0,2.0,1.0,20791.0,20791.0,0.0,1.0,0.0,1.0,3.0,1.0,0.0,0.0,1.0,1.0,138.60666666666665,1.0,1,4
23b0f94b-a6a6-42c8-96a4-cad1d87f5794,0,0,2.0,1.0,6517.0,6517.0,0.0,1.0,0.0,1.0,2.0,0.0,0.0,1.0,1.0,1.0,65.17,1.0,0,3
2f43e68e-cb23-48e4-9dc3-d67d44fd87da,0,0,1.0,2.0,31345.0,15672.5,13263.201894716072,1.0,0.0,1.0,3.0,0.5,0.5,0.0,13.0,13.0,104.48333333333333,1.0,0,4
f39c7ee9-20d5-46f6-b364-c8cd016d71d5,6,1,0.0,1.0,22053.0,22053.0,0.0,0.0,1.0,1.0,47.0,1.0,0.0,0.0,4.0,4.0,441.06,0.0,1,6
e578a3a3-695f-4d55-8138-8ea1d5453d7d,4,0,1.0,1.0,12105.0,12105.0,0.0,0.0,1.0,1.0,6.0,1.0,0.0,0.0,1.0,1.0,80.7,1.0,0,9
8bf85ffd-0475-4520-a2d1-58c7d43e36ec,4,0,2.0,1.0,10502.0,10502.0,0.0,0.0,1.0,1.0,3.0,1.0,0.0,0.0,2.0,2.0,70.01333333333334,1.0,0,4
7f00c45e-7dff-4bf3-9a08-6bd4a1eb3fa0,4,0,2.0,1.0,17247.0,17247.0,0.0,0.0,1.0,1.0,5.0,1.0,0.0,0.0,3.0,3.0,114.98,1.0,0,8
61b55f72-d00a-497d-bfd4-416ee9f2f5e3,4,0,2.0,2.0,15780.0,7890.0,666.0945878777278,0.5,1.0,1.0,2.0,0.5,0.0,0.5,1.0,1.0,78.9,1.0,1,3
50e1cfe9-42fb-44a4-9744-19063d0e0224,3,0,2.0,1.0,6952.0,6952.0,0.0,0.0,1.0,1.0,5.0,1.0,0.0,0.0,2.0,2.0,46.346666666666664,1.0,0,8
9297752c-d133-4483-944c-5b8ccc783714,3,0,2.0,2.0,17414.0,8707.0,1965.756851698602,0.0,1.0,1.0,3.0,0.0,0.5,0.5,2.0,2.0,58.04666666666667,1.0,0,4
62b6401d-7db3-4eee-8fee-b037a56d91c8,3,0,2.0,1.0,2697.0,2697.0,0.0,0.0,1.0,1.0,17.0,1.0,0.0,0.0,2.0,2.0,53.94,0.0,1,2
a7097560-28c6-4184-87a2-7718503afb97,3,0,2.0,2.0,17717.0,8858.5,4345.171170391334,0.0,1.0,1.0,49.0,0.5,0.5,0.0,1.0,1.0,177.17000000000002,0.0,1,7
e1379006-85f4-4420-a702-4f51b98da061,3,0,1.0,2.0,38417.0,19208.5,269.4076836320746,0.5,1.0,1.0,6.0,0.5,0.5,0.0,5.0,5.0,128.05666666666667,1.0,0,9
ab63e297-62ff-4751-88ce-344ad9e7081c,3,0,1.0,3.0,53948.0,17982.666666666668,5575.834137896619,0.33333333333333337,1.0,1.0,47.0,0.3333333333333333,0.3333333333333333,0.3333333333333333,9.0,7.0,359.65333333333336,0.0,0,6
76b46d2d-0a65-42f9-bb9a-53a6b827be54,3,0,1.0,1.0,14239.0,14239.0,0.0,1.0,0.0,1.0,5.0,1.0,0.0,0.0,3.0,3.0,94.92666666666666,1.0,0,8
7c68b377-0cde-4870-9464-37cade1907dc,3,0,1.0,2.0,32371.0,16185.5,4746.807822105294,0.5,1.0,1.0,3.0,1.0,0.0,0.0,6.0,6.0,107.90333333333334,1.0,1,4
dee1a992-06b5-4920-8fbc-4c0cfe4a2952,2,0,0.0,1.0,78508.0,78508.0,0.0,1.0,0.0,1.0,3.0,0.0,0.0,1.0,6.0,8.0,523.3866666666667,1.0,0,4
45833d7b-0157-47b5-887b-392026c60b82,2,0,1.0,1.0,8210.0,8210.0,0.0,1.0,0.0,1.0,3.0,0.0,1.0,0.0,3.0,3.0,54.733333333333334,1.0,0,4
f14da926-2616-47c1-8e6d-73087ccdf2d8,2,0,1.0,1.0,31582.0,31582.0,0.0,1.0,0.0,1.0,5.0,0.0,1.0,0.0,9.0,9.0,210.54666666666665,1.0,1,8
9d5dcc35-9afc-4867-ac45-2dc5a8d85648,2,0,1.0,2.0,45492.0,22746.0,24406.497659434874,1.0,0.0,1.0,2.0,0.0,0.5,0.5,4.0,5.0,227.46,1.0,0,3
92bec7b6-8a89-48cf-b362-3de5f73c5189,1,0,2.0,1.0,6864.0,6864.0,0.0,1.0,0.0,1.0,6.0,1.0,0.0,0.0,2.0,2.0,45.76,1.0,0,9
f11e6c7f-5748-4669-9299-ab1be7908888,1,0,1.0,2.0,41759.0,20879.5,10997.631767794373,1.0,0.0,1.0,1.0,1.0,0.0,0.0,5.0,5.0,417.59000000000003,0.0,0,1
bc578a93-e522-443c-bf6c-a1eb2289a97c,1,0,1.0,3.0,79302.0,26434.0,9230.17724640215,1.0,0.0,1.0,17.0,0.6666666666666666,0.3333333333333333,0.0,12.0,11.0,528.68,0.0,0,2
1d44326d-5045-4102-92b1-2b195b22faf8,0,0,1.0,3.0,61268.0,20422.666666666668,9234.448675115009,1.0,0.0,1.0,5.0,0.6666666666666666,0.3333333333333333,0.0,7.0,6.0,136.1511111111111,1.0,0,8
e1daa1b6-e133-4561-92da-1f62470a8e9a,0,0,2.0,2.0,16306.0,8153.0,2961.363199609261,1.0,0.0,1.0,6.0,0.0,0.0,1.0,3.0,2.0,54.35333333333333,1.0,0,9
de159fe5-71a9-4131-8be8-83d64e3c72e5,0,0,1.0,2.0,13397.0,6698.5,2638.2154006070086,1.0,0.0,1.0,3.0,0.5,0.0,0.5,5.0,4.0,44.656666666666666,1.0,1,4
d0f6f954-8f14-4eaf-9cab-351809670dc1,0,0,1.0,2.0,23104.0,11552.0,12889.14240746839,1.0,0.0,1.0,5.0,0.5,0.0,0.5,5.0,5.0,77.01333333333334,1.0,0,8
816e0a8e-4638-4ee6-84be-537a5e42a642,0,0,1.0,2.0,38439.0,19219.5,3356.6358902925413,1.0,0.0,1.0,17.0,1.0,0.0,0.0,6.0,7.0,384.39,0.0,0,2
cb0002f0-2078-425b-9d6a-e4d441ec9927,0,0,1.0,3.0,24349.0,8116.333333333333,916.1360888718079,1.0,0.0,1.0,3.0,0.3333333333333333,0.6666666666666666,0.0,5.0,5.0,54.108888888888885,1.0,0,4
e24dc907-f2aa-4909-af9a-a993bca4c937,0,0,1.0,3.0,55614.0,18538.0,6258.485359893399,1.0,0.0,1.0,6.0,1.0,0.0,0.0,10.0,10.0,123.58666666666666,1.0,1,9
5a53ad2f-03a5-46cd-a660-ad61aaa9b6e9,0,0,1.0,3.0,100066.0,33355.333333333336,3672.9909247551004,1.0,0.0,1.0,5.0,0.6666666666666666,0.3333333333333333,0.0,11.0,11.0,222.3688888888889,1.0,1,8
55ebecc1-1936-4a03-971f-9dae015dcbb5,0,0,1.0,2.0,45309.0,22654.5,5595.33595952915,1.0,0.0,1.0,3.0,0.0,1.0,0.0,12.0,11.0,151.03,1.0,0,4
b8196566-c562-4100-b5cd-29e61f9289b2,0,0,0.0,1.0,29394.0,14697.0,19591.100479554487,1.0,0.0,1.0,5.0,0.0,1.0,0.0,7.0,7.0,97.98,1.0,0,8
2576f8d7-3995-4c82-95ae-47e9972e56c8,0,0,1.0,2.0,65495.0,32747.5,492.8534264870236,1.0,0.0,2.0,5.0,0.0,1.0,0.0,5.0,5.0,438.95666666666665,0.0,1,8
f14f2a21-a055-4b51-b5ad-f44a78d89db5,6,1,1.0,3.0,42675.0,14225.0,3640.4160476516968,1.0,0.0,1.0,47.0,0.6666666666666666,0.3333333333333333,0.0,5.0,5.0,284.5,0.0,1,6
498817d8-449d-4283-9381-dfa1a800fef7,6,1,1.0,2.0,22741.0,11370.5,1478.5602794610709,1.0,0.0,1.0,6.0,1.0,0.0,0.0,7.0,7.0,75.80333333333333,1.0,1,9
468f28fb-b4da-4565-89b9-7012bd7b16a5,6,1,1.0,3.0,82902.0,27634.0,1635.3956707781758,1.0,0.0,1.0,3.0,0.0,1.0,0.0,7.0,7.0,184.22666666666666,1.0,1,4
5629bb3d-015f-4865-be2f-3c837ac299c2,6,1,1.0,3.0,61080.0,20360.0,24112.79247619404,1.0,0.0,1.0,47.0,0.0,0.0,1.0,9.0,9.0,407.2,0.0,1,6
18b32668-1ff6-40d8-a12e-08bb06a84c86,6,1,1.0,1.0,6752.0,6752.0,0.0,1.0,0.0,1.0,47.0,0.0,1.0,0.0,2.0,2.0,135.04,0.0,0,6
7f610c2f-d11e-4bea-b953-c9834795ed9c,5,1,1.0,2.0,20777.0,10388.5,6923.282494597487,0.5,1.0,1.0,49.0,0.0,1.0,0.0,3.0,3.0,207.77,0.0,0,7
5b26923f-3fa1-468f-982f-89cc8d9e0d07,5,1,1.0,2.0,14150.0,7075.0,868.3271272970803,0.5,1.0,1.0,6.0,0.5,0.0,0.5,5.0,6.0,47.166666666666664,1.0,1,9
9371bfea-2eec-4a69-a368-6c1a87ae4eba,5,1,0.0,2.0,12431.0,6215.5,3684.7334367630992,0.0,1.0,1.0,6.0,0.0,0.0,1.0,6.0,6.0,41.43666666666667,1.0,0,9
a8a1cd15-5aab-46a2-b481-31ffb327c9d6,5,1,0.0,2.0,44147.0,22073.5,9532.506517175847,0.5,1.0,1.0,2.0,0.5,0.0,0.5,3.0,3.0,220.735,1.0,0,3
9cd40e98-03d0-4e5a-a7d1-7a6eb0932660,5,1,0.0,1.0,7271.0,7271.0,0.0,0.0,1.0,1.0,49.0,1.0,0.0,0.0,4.0,4.0,145.42,0.0,1,7
e3bdee1c-787d-419d-92c9-265c3f6e99f3,4,0,1.0,1.0,12256.0,12256.0,0.0,0.0,1.0,1.0,17.0,0.0,1.0,0.0,3.0,3.0,245.12,0.0,0,2
83b0d4cf-576c-426c-9482-861c9e5f4989,4,0,2.0,1.0,15598.0,15598.0,0.0,0.0,1.0,1.0,1.0,1.0,0.0,0.0,2.0,2.0,311.96,0.0,0,1
87314151-345d-4b45-8f9c-58cca393fd85,4,0,1.0,2.0,25292.0,12646.0,4682.461105017318,0.0,1.0,1.0,17.0,0.5,0.0,0.5,5.0,5.0,252.92,0.0,0,2
932c733f-3f03-4912-b156-3ae7005d6ce6,4,0,2.0,2.0,20740.0,10370.0,3645.842563797839,0.5,1.0,1.0,49.0,0.5,0.0,0.5,1.0,1.0,207.39999999999998,0.0,1,7
4a10533b-14d6-47cf-918a-112a19cceecc,4,0,0.0,1.0,12794.0,12794.0,0.0,1.0,0.0,1.0,47.0,1.0,0.0,0.0,2.0,2.0,255.88,0.0,0,6
22f90e67-e49b-442f-ae1e-0bfc1018642a,4,0,2.0,1.0,6052.0,6052.0,0.0,0.0,1.0,1.0,3.0,0.0,0.0,1.0,2.0,2.0,40.346666666666664,1.0,0,4
c224b128-27cf-42ab-b743-45a9f2bdb7de,4,0,1.0,1.0,18069.0,18069.0,0.0,0.0,1.0,1.0,17.0,0.0,1.0,0.0,6.0,5.0,361.38,0.0,0,2
35a18de5-8a4f-45a2-8b75-561a17f46211,4,0,2.0,1.0,20711.0,20711.0,0.0,0.0,1.0,1.0,3.0,1.0,0.0,0.0,4.0,5.0,138.07333333333332,1.0,1,4
cdaf6526-4c5e-4c5d-84fc-c589d813d6a2,4,0,1.0,2.0,24182.0,12091.0,3753.322794538194,0.0,1.0,1.0,17.0,0.5,0.0,0.5,4.0,4.0,241.82,0.0,0,2
82a9d8ed-bbf6-4405-8cf0-afc9477fd234,4,0,1.0,2.0,8482.0,4241.0,838.6286424872453,0.0,1.0,1.0,47.0,0.0,1.0,0.0,3.0,3.0,84.82,0.0,1,6
ea9eab29-ea37-449d-9643-1c94e570d2ef,4,0,1.0,3.0,37696.0,9424.0,7198.863104685351,0.5,1.0,3.0,1.0,0.25,0.5,0.25,8.0,8.0,134.50083333333333,0.0,0,1
d4bcd974-afbc-4b28-9e78-6d87e1c4b1b6,4,0,0.0,3.0,86648.0,28882.666666666668,18617.01539810647,0.33333333333333337,1.0,1.0,6.0,0.3333333333333333,0.0,0.6666666666666666,7.0,7.0,192.5511111111111,1.0,0,9
9d8ac39d-fcc9-4f11-b696-817122e411c8,4,0,1.0,2.0,39044.0,19522.0,2300.925465981026,0.0,1.0,1.0,17.0,0.0,1.0,0.0,5.0,5.0,390.44,0.0,1,2
b3d3f57f-ef36-4501-ad05-bb4423fbf2f3,4,0,1.0,3.0,48954.0,16318.0,13298.942401559607,0.33333333333333337,1.0,1.0,6.0,0.3333333333333333,0.6666666666666666,0.0,4.0,4.0,108.78666666666668,1.0,1,9
c8b2ee45-d3cb-4cc1-8e33-3fadb7287238,4,0,1.0,1.0,25234.0,25234.0,0.0,0.0,1.0,1.0,1.0,1.0,0.0,0.0,3.0,3.0,504.68,0.0,0,1
1aec97a3-8340-43e7-84e1-ea7b312a8174,3,0,1.0,3.0,37703.0,9425.75,8778.485494852363,0.5,1.0,2.0,6.0,0.25,0.0,0.75,16.0,14.0,90.48166666666667,0.0,1,9
7a49b614-baef-44cb-b59d-c2af259f2c4c,3,0,1.0,1.0,8119.0,8119.0,0.0,1.0,0.0,1.0,49.0,0.0,1.0,0.0,3.0,3.0,162.38,0.0,0,7
d44ee981-1558-41e2-9e35-7c69a9dd10e0,3,0,1.0,1.0,2435.0,2435.0,0.0,1.0,0.0,1.0,49.0,1.0,0.0,0.0,1.0,1.0,48.7,0.0,1,7
c684233c-094f-4ccc-805d-f045ec362505,3,0,1.0,3.0,88977.0,29659.0,19657.717492119984,0.33333333333333337,1.0,1.0,6.0,0.3333333333333333,0.0,0.6666666666666666,9.0,9.0,197.7266666666667,1.0,0,9
7c868de0-58fb-490b-9f93-f129ab464c76,3,0,1.0,2.0,54376.0,27188.0,11716.759364261092,0.5,1.0,1.0,1.0,0.0,1.0,0.0,8.0,8.0,543.76,0.0,0,1
a7276834-ae61-40ef-b637-9aac7766ad12,3,0,1.0,3.0,50333.0,16777.666666666668,4633.444650940953,0.33333333333333337,1.0,1.0,3.0,0.6666666666666666,0.3333333333333333,0.0,13.0,13.0,111.85111111111111,1.0,1,4
e9a2b3ac-89c7-4f84-a57f-3196e29605e0,3,0,0.0,2.0,38646.0,19323.0,12177.792985594722,0.5,1.0,2.0,1.0,0.5,0.0,0.5,8.0,6.0,200.23333333333335,0.0,1,1
6361a398-79e4-45a4-9a72-a187d986e9eb,2,0,1.0,1.0,21796.0,21796.0,0.0,1.0,0.0,1.0,6.0,0.0,1.0,0.0,9.0,8.0,145.30666666666667,1.0,1,9
b86deff9-fafb-4ba5-8191-9d67a3a57585,2,0,1.0,3.0,63383.0,21127.666666666668,18950.762130672563,0.6666666666666667,1.0,1.0,3.0,0.0,0.3333333333333333,0.6666666666666666,13.0,13.0,140.8511111111111,1.0,0,4
ba55368e-15e6-46ff-bd30-cd0babfe07be,2,0,1.0,3.0,13815.0,4605.0,2731.6480373576683,0.6666666666666667,1.0,1.0,6.0,0.0,0.0,1.0,2.0,1.0,30.7,1.0,0,9
787c733d-d715-4b51-b304-d33d7000d986,2,0,1.0,1.0,213.0,213.0,0.0,1.0,0.0,1.0,49.0,1.0,0.0,0.0,2.0,1.0,4.26,0.0,1,7
41936716-14b3-4856-8af2-d57c4b34891f,2,0,1.0,2.0,43375.0,21687.5,10047.280253879653,1.0,0.0,1.0,3.0,0.5,0.5,0.0,8.0,7.0,144.58333333333331,1.0,1,4
b2b9c966-2d1f-45c0-9db9-0231e5109bca,2,0,1.0,3.0,37229.0,12409.666666666666,5577.898917453895,0.6666666666666667,1.0,2.0,49.0,0.6666666666666666,0.0,0.3333333333333333,3.0,2.0,177.57555555555555,0.0,0,7
2487a30d-dd46-4f1b-ab94-6be3d24f8b67,2,0,1.0,3.0,36815.0,12271.666666666666,11835.894657073175,0.6666666666666667,1.0,1.0,49.0,0.0,0.3333333333333333,0.6666666666666666,1.0,1.0,245.4333333333333,0.0,1,7
e3d72458-36ae-4cf4-a6eb-4d9ea92affbb,2,0,1.0,1.0,6473.0,6473.0,0.0,1.0,0.0,1.0,1.0,0.0,0.0,1.0,1.0,1.0,129.46,0.0,0,1
69aaa3a1-845d-447b-9bac-babdc71f1b30,2,0,1.0,1.0,121.0,121.0,0.0,1.0,0.0,1.0,1.0,0.0,0.0,1.0,1.0,1.0,2.42,0.0,0,1
22ee4098-fdba-4f43-9bf8-050882ec89cd,2,0,1.0,1.0,8451.0,8451.0,0.0,1.0,0.0,1.0,1.0,0.0,0.0,1.0,2.0,2.0,169.02,0.0,1,1
7ab6cd66-d5d9-49d0-aae8-d880bc1ca56f,2,0,1.0,2.0,40639.0,20319.5,12148.801607566073,0.5,1.0,1.0,5.0,0.5,0.5,0.0,2.0,2.0,135.4633333333333,1.0,0,8
b590a13b-ddbf-4725-8de0-6751e4f67128,1,0,1.0,1.0,14478.0,14478.0,0.0,1.0,0.0,1.0,2.0,1.0,0.0,0.0,2.0,3.0,144.78,1.0,1,3
fc54cef8-291b-42b2-931b-74d71c443315,1,0,0.0,1.0,7109.0,7109.0,0.0,1.0,0.0,1.0,1.0,1.0,0.0,0.0,3.0,2.0,142.18,0.0,1,1
aa4551ba-ed84-4ecf-b883-36a1d47a43d6,1,0,0.0,1.0,28059.0,28059.0,0.0,1.0,0.0,1.0,2.0,1.0,0.0,0.0,3.0,3.0,280.59,1.0,0,3
fda98a14-bcaf-4645-91ce-29bece6a9c0c,1,0,0.0,1.0,31799.0,31799.0,0.0,1.0,0.0,1.0,2.0,1.0,0.0,0.0,1.0,1.0,317.99,1.0,0,3
fbbfd04f-8db9-4f0a-bdc3-20a5dc8a6eba,1,0,2.0,1.0,11067.0,11067.0,0.0,1.0,0.0,1.0,17.0,1.0,0.0,0.0,1.0,1.0,221.34,0.0,0,2
0ab5d66b-dd2b-4d76-bd53-290d28dc8126,1,0,2.0,1.0,443.0,443.0,0.0,1.0,0.0,1.0,49.0,0.0,0.0,1.0,1.0,1.0,8.86,0.0,1,7
632bf980-d8b4-4916-b7b9-a51aea2e24f9,1,0,1.0,3.0,69321.0,23107.0,308.4866285594888,1.0,0.0,1.0,17.0,0.0,1.0,0.0,5.0,4.0,462.14000000000004,0.0,0,2
2c4955be-1573-47c5-8978-f57e0c50bc6a,1,0,2.0,2.0,18136.0,9068.0,8160.012254892758,1.0,0.0,1.0,2.0,0.0,0.0,1.0,1.0,0.0,90.67999999999999,1.0,1,3
049ca369-e2bc-45ee-acd3-5b186ec13e90,1,0,1.0,3.0,33921.0,11307.0,3253.9041165959393,1.0,0.0,2.0,17.0,0.0,0.0,1.0,5.0,5.0,226.14000000000001,0.0,1,2
0bc11430-ebcc-456a-a092-aa9e10c5fc30,1,0,1.0,2.0,51321.0,25660.5,3722.917202947173,1.0,0.0,1.0,5.0,1.0,0.0,0.0,7.0,7.0,171.07,1.0,0,8
d99b4de3-72c5-4331-b65d-8637c87cbdf8,1,0,2.0,2.0,12162.0,6081.0,1436.8409793710646,1.0,0.0,1.0,47.0,0.0,1.0,0.0,2.0,2.0,121.62,0.0,1,6
3673b80a-a93e-4361-a125-281dc794864d,0,0,2.0,1.0,17009.0,17009.0,0.0,1.0,0.0,1.0,2.0,1.0,0.0,0.0,4.0,4.0,170.09,1.0,1,3
8a783256-1b10-403f-aebf-568c06fb15f8,0,0,1.0,1.0,30695.0,30695.0,0.0,1.0,0.0,1.0,3.0,0.0,1.0,0.0,14.0,14.0,204.63333333333333,1.0,0,4
95bfb11f-8f5a-4d3a-a0e1-c8e7c681e593,0,0,2.0,2.0,38664.0,19332.0,5388.153672641492,1.0,0.0,1.0,17.0,0.0,1.0,0.0,2.0,2.0,386.64,0.0,0,2
4b2f9eb9-264e-4dab-8295-2b915fe199ef,0,0,0.0,1.0,25951.0,25951.0,0.0,1.0,0.0,1.0,6.0,1.0,0.0,0.0,7.0,7.0,173.00666666666666,1.0,0,9
449cfba7-9a57-43b7-8250-729cb7f6b96b,0,0,1.0,1.0,21087.0,21087.0,0.0,1.0,0.0,1.0,4.0,0.0,1.0,0.0,4.0,4.0,210.87,1.0,1,5
afa220ea-e871-4f52-9a2e-bc4d6da98bd4,0,0,1.0,2.0,87417.0,43708.5,52323.78048746096,1.0,0.0,1.0,6.0,0.0,0.0,1.0,1.0,2.0,291.39,1.0,1,9
68595ebb-fb87-41b0-a073-b039fa7620df,0,0,2.0,2.0,34867.0,17433.5,2806.506814529407,1.0,0.0,1.0,47.0,0.5,0.5,0.0,5.0,4.0,348.67,0.0,0,6
6052aca1-9350-42a9-95b1-a65babda95e6,6,1,0.0,2.0,28874.0,14437.0,9094.807419621375,0.5,1.0,1.0,47.0,1.0,0.0,0.0,7.0,7.0,288.74,0.0,0,6
5f69d451-36f1-4264-b9f5-a33bb7e2bc43,6,1,0.0,3.0,27895.0,9298.333333333334,8137.9088427760935,0.6666666666666667,1.0,1.0,47.0,0.6666666666666666,0.3333333333333333,0.0,15.0,15.0,185.96666666666667,0.0,0,6
22b745ea-d213-42c9-a7fc-d5280d37ce93,6,1,1.0,2.0,74894.0,37447.0,1538.6643558619273,1.0,0.0,1.0,1.0,0.0,1.0,0.0,17.0,14.0,0.0,0.0,1,1
65632254-191b-407b-826a-05b9f13d9733,6,1,0.0,1.0,8720.0,8720.0,0.0,0.0,1.0,1.0,6.0,1.0,0.0,0.0,2.0,2.0,58.13333333333333,1.0,1,9
8879d7e1-6ee7-42a2-9993-d617f671b361,6,1,1.0,3.0,42014.0,14004.666666666666,690.4906468108987,1.0,0.0,1.0,1.0,0.6666666666666666,0.3333333333333333,0.0,4.0,4.0,280.0933333333333,0.0,1,1
46b162c5-ad64-414f-96e7-27046562ebdc,6,1,1.0,2.0,70866.0,35433.0,5092.583038105516,1.0,0.0,1.0,2.0,0.5,0.5,0.0,4.0,4.0,354.33,1.0,0,3
bc756d6b-f7ac-498b-9e2c-91dde375ef9f,6,1,1.0,1.0,10216.0,10216.0,0.0,1.0,0.0,1.0,6.0,1.0,0.0,0.0,3.0,3.0,68.10666666666667,1.0,1,9
2d59e2a8-9fcd-4627-8e0a-638b925f4810,5,1,0.0,3.0,78937.0,26312.333333333332,6539.18575461298,0.33333333333333337,1.0,1.0,6.0,0.6666666666666666,0.0,0.3333333333333333,9.0,8.0,175.41555555555556,1.0,0,9
cffe2940-a569-4f5b-a348-6a80599ebb79,5,1,1.0,3.0,32954.0,10984.666666666666,9047.157804157798,0.6666666666666667,1.0,1.0,2.0,0.3333333333333333,0.6666666666666666,0.0,5.0,6.0,109.84666666666665,1.0,0,3
4c4d8903-42d3-46f5-b0ed-7e0f28868bce,5,1,1.0,2.0,27562.0,13781.0,9470.988227212618,0.5,1.0,1.0,6.0,0.5,0.0,0.5,11.0,11.0,91.87333333333333,1.0,1,9
b7e9eaaf-3f2e-4d73-9573-85da50f1e960,5,1,0.0,3.0,61083.0,20361.0,8040.360626240592,0.33333333333333337,1.0,1.0,5.0,0.6666666666666666,0.3333333333333333,0.0,10.0,9.0,135.73999999999998,1.0,0,8
6c168d45-8b28-49bd-92aa-cc8a91b4a556,5,1,2.0,1.0,11645.0,11645.0,0.0,1.0,0.0,1.0,3.0,0.0,0.0,1.0,2.0,2.0,77.63333333333334,1.0,1,4
c3885927-3f93-4449-962c-9a7425e82f23,5,1,0.0,2.0,34915.0,17457.5,163.3416664540925,0.0,1.0,1.0,6.0,1.0,0.0,0.0,5.0,5.0,116.38333333333333,1.0,0,9
6f448c6c-4d3d-4f63-82ab-6a6195244d1e,5,1,0.0,2.0,35338.0,17669.0,5020.4581464244875,0.0,1.0,1.0,47.0,0.0,0.0,1.0,7.0,7.0,353.38,0.0,0,6
73156d41-cf30-413d-b6f6-36da53f70082,5,1,1.0,1.0,16918.0,16918.0,0.0,0.0,1.0,1.0,3.0,1.0,0.0,0.0,5.0,5.0,112.78666666666666,1.0,0,4
c7096860-ca7d-4a14-8733-c641ce948192,5,1,1.0,3.0,37585.0,12528.333333333334,11725.574968134115,0.6666666666666667,1.0,1.0,2.0,0.3333333333333333,0.6666666666666666,0.0,5.0,4.0,125.28333333333332,1.0,1,3
6d79d686-eeeb-46b4-ba22-01a5c1e50e45,5,1,1.0,2.0,34546.0,17273.0,1524.5222202381965,0.5,1.0,1.0,3.0,1.0,0.0,0.0,18.0,18.0,115.15333333333334,1.0,0,4
d2d43db2-dabc-4ecf-8a24-77f8de155dd1,5,1,0.0,3.0,42220.0,14073.333333333334,2730.9339672231795,0.33333333333333337,1.0,1.0,3.0,0.6666666666666666,0.0,0.3333333333333333,15.0,15.0,93.82222222222224,1.0,0,4
a19e3277-e6a8-47a8-8a9b-be0e615f159c,4,0,1.0,2.0,39650.0,19825.0,3347.443502137116,0.0,1.0,1.0,47.0,0.5,0.0,0.5,7.0,6.0,396.5,0.0,0,6
09178c7f-46af-4778-91b8-d031998b7aab,4,0,2.0,1.0,15340.0,15340.0,0.0,0.0,1.0,1.0,17.0,0.0,1.0,0.0,2.0,2.0,306.8,0.0,0,2
4d75bbe5-aea7-4aa9-bd14-3c28c9b93974,4,0,1.0,1.0,6747.0,6747.0,0.0,0.0,1.0,1.0,47.0,1.0,0.0,0.0,1.0,1.0,134.94,0.0,0,6
a46c40ef-fca9-41d6-9c0c-3be3bfa05b19,4,0,1.0,2.0,22192.0,11096.0,4911.563702121759,0.5,1.0,1.0,17.0,0.5,0.0,0.5,2.0,2.0,221.92000000000002,0.0,1,2
58578879-2f37-4619-999d-d93e8c80065f,4,0,1.0,1.0,78042.0,78042.0,0.0,0.0,1.0,1.0,6.0,0.0,0.0,1.0,6.0,7.0,520.28,1.0,0,9
b4499213-09ca-4e48-8af2-c81da0ab7a58,4,0,1.0,2.0,7895.0,3947.5,1529.4719677065023,0.0,1.0,1.0,6.0,0.0,0.0,1.0,3.0,2.0,26.316666666666663,1.0,0,9
9e52a379-d2e5-438c-b8ec-9c98a201c835,4,0,2.0,2.0,30279.0,15139.5,4741.150967855801,0.5,1.0,1.0,2.0,0.0,0.0,1.0,2.0,2.0,151.39499999999998,1.0,0,3
97088034-42cb-4526-b000-b60e8e167913,4,0,1.0,2.0,50703.0,25351.5,1160.3622279271244,0.0,1.0,1.0,6.0,1.0,0.0,0.0,7.0,7.0,169.01,1.0,0,9
1509029b-1be0-4603-8832-555b7c5ff4e0,3,0,0.0,3.0,54472.0,18157.333333333332,8986.687394882129,0.6666666666666667,1.0,1.0,49.0,0.3333333333333333,0.6666666666666666,0.0,16.0,16.0,363.1466666666667,0.0,1,7
8185c758-7833-4f58-873f-63aabfbb6070,2,0,0.0,1.0,22212.0,22212.0,0.0,1.0,0.0,1.0,3.0,0.0,1.0,0.0,4.0,4.0,148.08,1.0,0,4
61c27c03-81f6-476e-b413-c5459d9f34ab,2,0,1.0,1.0,9890.0,9890.0,0.0,1.0,0.0,1.0,2.0,1.0,0.0,0.0,2.0,2.0,98.9,1.0,0,3
533942f1-46bb-4815-a437-7483ca2f93b6,2,0,1.0,1.0,32953.0,32953.0,0.0,1.0,0.0,1.0,3.0,0.0,1.0,0.0,13.0,13.0,219.68666666666667,1.0,0,4
3896f2de-fafd-4a05-9416-0547738afd40,2,0,1.0,3.0,94021.0,31340.333333333332,5519.965700376529,0.6666666666666667,1.0,1.0,2.0,0.6666666666666666,0.0,0.3333333333333333,4.0,3.0,313.40333333333336,1.0,1,3
ae8125e7-809e-4b17-8b9a-09ea898a6de3,2,0,2.0,1.0,21293.0,21293.0,0.0,1.0,0.0,1.0,6.0,0.0,1.0,0.0,9.0,8.0,141.95333333333335,1.0,0,9
050d4e07-0f69-46c5-afb1-ccf36e5c408c,2,0,2.0,1.0,16484.0,16484.0,0.0,1.0,0.0,1.0,3.0,0.0,1.0,0.0,6.0,8.0,109.89333333333333,1.0,0,4
75f2fdb8-e0f1-43df-852c-a865ff4c1f1a,1,0,1.0,3.0,36988.0,12329.333333333334,2156.8065127250825,1.0,0.0,1.0,6.0,0.6666666666666666,0.3333333333333333,0.0,11.0,12.0,82.19555555555557,1.0,1,9
dc16d91f-18b1-409d-9b6c-13c28492c0df,1,0,1.0,3.0,40468.0,13489.333333333334,2519.9796295472975,1.0,0.0,1.0,49.0,0.3333333333333333,0.3333333333333333,0.3333333333333333,11.0,10.0,269.78666666666663,0.0,0,7
2bb12064-fc96-4d3c-b26c-f012e773996e,1,0,1.0,3.0,90050.0,30016.666666666668,8758.815692394339,1.0,0.0,1.0,2.0,0.3333333333333333,0.6666666666666666,0.0,3.0,3.0,300.1666666666667,1.0,0,3
5331ea08-a9aa-4eca-9e6e-42e57f0118b7,1,0,1.0,2.0,16034.0,8017.0,2761.9590873146544,1.0,0.0,1.0,2.0,1.0,0.0,0.0,2.0,2.0,80.17,1.0,1,3
71563cc5-9d9a-4374-83b3-b8d91060167f,1,0,1.0,1.0,3117.0,3117.0,0.0,1.0,0.0,1.0,6.0,1.0,0.0,0.0,2.0,2.0,20.78,1.0,1,9
b2eac899-5c65-48c9-94ba-19c14cc4a537,1,0,1.0,3.0,113064.0,37688.0,7545.064678317874,1.0,0.0,2.0,6.0,0.3333333333333333,0.6666666666666666,0.0,12.0,8.0,251.25333333333333,1.0,0,9
ad8ae521-30cc-4497-8269-6de30d65d15b,1,0,2.0,1.0,5175.0,5175.0,0.0,1.0,0.0,1.0,6.0,0.0,0.0,1.0,2.0,2.0,34.5,1.0,1,9
e52c5a73-1889-4cd6-b551-802310667826,1,0,2.0,1.0,37570.0,37570.0,0.0,1.0,0.0,1.0,2.0,0.0,1.0,0.0,4.0,4.0,375.7,1.0,0,3
189a817d-e076-41d4-9f81-6bf46fd50773,0,0,0.0,2.0,40867.0,20433.5,6986.922104904276,1.0,0.0,1.0,2.0,0.0,1.0,0.0,4.0,4.0,204.335,1.0,1,3
a7554593-4088-4857-95f4-9ee903f994c9,0,0,1.0,1.0,7174.0,7174.0,0.0,1.0,0.0,1.0,1.0,0.0,1.0,0.0,1.0,1.0,143.48,0.0,1,1
195748b0-0208-4e1d-b90d-fa531377e58b,0,0,1.0,1.0,7977.0,7977.0,0.0,1.0,0.0,1.0,2.0,0.0,0.0,1.0,1.0,1.0,79.77,1.0,0,3
60cac51d-c0f0-4377-be36-952c7bf491d3,0,0,1.0,3.0,73777.0,24592.333333333332,3107.668150451932,1.0,0.0,1.0,17.0,0.0,1.0,0.0,12.0,12.0,491.84666666666664,0.0,0,2
0770000f-62f7-459b-a4db-ae2b0e0b6fe0,0,0,1.0,1.0,10535.0,10535.0,0.0,1.0,0.0,1.0,47.0,1.0,0.0,0.0,4.0,4.0,210.7,0.0,1,6
af847cbb-792e-4f22-9ecd-d26038fea75f,0,0,1.0,2.0,49883.0,24941.5,10248.098579736634,1.0,0.0,1.0,4.0,0.0,1.0,0.0,9.0,8.0,249.415,1.0,0,5
05fb42e0-f05b-4391-b4e3-3e6fe7d0fa34,0,0,2.0,1.0,6190.0,6190.0,0.0,1.0,0.0,1.0,6.0,0.0,0.0,1.0,1.0,1.0,41.266666666666666,1.0,1,9
4f5f0427-39f0-4c08-bb11-97c98f504ac9,0,0,0.0,1.0,13081.0,13081.0,0.0,1.0,0.0,1.0,3.0,1.0,0.0,0.0,3.0,3.0,87.20666666666666,1.0,0,4
e27176e3-1eea-4073-b86c-0ec73419e13c,0,0,1.0,1.0,6016.0,6016.0,0.0,1.0,0.0,1.0,17.0,0.0,0.0,1.0,1.0,1.0,120.32,0.0,0,2
82c43e7d-c4d9-415f-8332-5dffdeb9fdf3,0,0,1.0,1.0,18782.0,18782.0,0.0,1.0,0.0,1.0,6.0,0.0,1.0,0.0,5.0,5.0,125.21333333333334,1.0,1,9
4704bcc2-2158-49fd-b99f-bd298d09276d,0,0,0.0,3.0,85297.0,28432.333333333332,10447.441808085525,1.0,0.0,1.0,2.0,0.6666666666666666,0.3333333333333333,0.0,6.0,4.0,284.3233333333333,1.0,0,3
aacf223c-79a2-4ff8-ad0a-8cfee568eb95,0,0,1.0,3.0,70321.0,23440.333333333332,2674.0056718962533,1.0,0.0,1.0,17.0,0.0,1.0,0.0,10.0,10.0,468.8066666666666,0.0,1,2
a7162ec9-ba6a-42fe-831f-f4820e613a5b,0,0,0.0,3.0,92621.0,30873.666666666668,29054.00857598368,1.0,0.0,2.0,17.0,0.6666666666666666,0.0,0.3333333333333333,15.0,16.0,617.4733333333334,0.0,1,2
72f55c1d-cdf0-4ae4-9755-0223ca184ae2,6,1,1.0,1.0,22262.0,22262.0,0.0,1.0,0.0,1.0,47.0,0.0,1.0,0.0,4.0,5.0,445.24,0.0,1,6
1ec9a6b4-b4af-43b4-8422-e4313ef006fc,6,1,1.0,2.0,20839.0,10419.5,1431.8912319027588,1.0,0.0,1.0,49.0,1.0,0.0,0.0,5.0,5.0,208.39,0.0,0,7
f9f39e4b-b0e3-4b85-874c-171e1a48d989,5,1,1.0,1.0,19113.0,19113.0,0.0,0.0,1.0,1.0,17.0,1.0,0.0,0.0,2.0,3.0,382.26,0.0,0,2
11a276c7-9cf9-4513-9442-2579f587df00,5,1,2.0,1.0,2944.0,2944.0,0.0,1.0,0.0,1.0,5.0,1.0,0.0,0.0,3.0,3.0,19.626666666666665,1.0,0,8
3019bdfc-e91a-4fb2-96d2-0698e66fe63f,5,1,1.0,3.0,53304.0,17768.0,3016.160638958078,0.6666666666666667,1.0,1.0,6.0,1.0,0.0,0.0,12.0,12.0,118.45333333333333,1.0,1,9
5ec04b67-9dd0-4c9f-982f-10a02954b650,5,1,1.0,2.0,25927.0,12963.5,341.5325753131024,0.5,1.0,1.0,6.0,1.0,0.0,0.0,8.0,8.0,86.42333333333333,1.0,0,9
1f787a95-55b2-42b7-8440-d2896b55d053,4,0,1.0,2.0,67318.0,33659.0,15669.486271093892,0.0,1.0,1.0,3.0,0.5,0.5,0.0,13.0,12.0,224.39333333333332,1.0,0,4
badf5a20-7304-4d6a-b999-3e949133a746,4,0,2.0,2.0,26904.0,13452.0,745.2905473706211,0.5,1.0,1.0,3.0,0.5,0.5,0.0,5.0,5.0,89.68,1.0,0,4
86ae1183-c089-4018-977e-e580c56b58bf,4,0,1.0,2.0,39813.0,19906.5,1083.9946955589774,0.0,1.0,1.0,2.0,1.0,0.0,0.0,6.0,5.0,199.065,1.0,0,3
d2edadf8-dadb-4a1b-b334-6a7086f0ec54,4,0,1.0,1.0,16679.0,16679.0,0.0,0.0,1.0,1.0,5.0,1.0,0.0,0.0,6.0,6.0,111.19333333333333,1.0,0,8
69d22d55-f2e3-4841-84b9-f87558942506,4,0,1.0,2.0,40131.0,20065.5,666.8016946589144,0.0,1.0,1.0,2.0,1.0,0.0,0.0,3.0,4.0,200.655,1.0,0,3
65ccd658-95ca-41de-88be-2d1b7c9dc641,4,0,2.0,2.0,37904.0,18952.0,11002.58151526268,0.5,1.0,1.0,4.0,0.5,0.5,0.0,1.0,2.0,189.51999999999998,1.0,0,5
3437c8be-af9e-48fc-882f-8be5e1e77f26,4,0,1.0,2.0,21503.0,10751.5,1257.942963730868,0.0,1.0,2.0,3.0,0.0,0.0,1.0,13.0,13.0,71.67666666666668,1.0,0,4
eec7210f-22e0-4416-9261-8ee378501da7,3,0,1.0,3.0,54349.0,18116.333333333332,7667.6208391738655,0.33333333333333337,1.0,1.0,3.0,0.3333333333333333,0.0,0.6666666666666666,8.0,9.0,120.77555555555557,1.0,1,4
56a7b276-fa01-4893-84fa-1bf698b6dc16,3,0,1.0,1.0,10925.0,10925.0,0.0,1.0,0.0,1.0,17.0,1.0,0.0,0.0,1.0,1.0,218.5,0.0,0,2
28e3b127-3a67-4012-8222-a1a970d6fee6,3,0,1.0,1.0,11629.0,11629.0,0.0,1.0,0.0,1.0,17.0,1.0,0.0,0.0,3.0,4.0,232.58,0.0,1,2
5f4a60e6-86fa-4c13-96a2-bfb040d0050e,3,0,1.0,1.0,7856.0,7856.0,0.0,1.0,0.0,1.0,1.0,1.0,0.0,0.0,3.0,3.0,157.12,0.0,1,1
ca7bcc35-f65e-4c46-9e21-79825ba45df9,3,0,0.0,2.0,27944.0,13972.0,19746.663971415524,0.5,1.0,1.0,3.0,1.0,0.0,0.0,3.0,2.0,93.14666666666666,1.0,1,4
583859eb-2976-4f32-b243-5b6860d85d2c,3,0,1.0,2.0,15112.0,7556.0,1534.4217151748082,0.5,1.0,1.0,6.0,0.5,0.5,0.0,2.0,2.0,50.373333333333335,1.0,0,9
de37a62f-dcbe-442f-aae1-baca61a89eff,2,0,1.0,1.0,15292.0,15292.0,0.0,1.0,0.0,1.0,47.0,1.0,0.0,0.0,4.0,3.0,305.84,0.0,0,6
440728a4-6685-4262-ba9d-aa0c8605a782,2,0,1.0,2.0,27030.0,13515.0,681.6509370638319,1.0,0.0,1.0,6.0,1.0,0.0,0.0,6.0,5.0,90.1,1.0,0,9
f7917a32-2634-448a-bc88-8da597678568,2,0,1.0,2.0,36714.0,18357.0,3003.789606480454,1.0,0.0,1.0,2.0,1.0,0.0,0.0,4.0,5.0,183.57,1.0,0,3
bf7768ef-f6c1-4575-9cc8-56ab9ad856b3,2,0,1.0,1.0,6598.0,6598.0,0.0,1.0,0.0,1.0,47.0,0.0,0.0,1.0,3.0,3.0,131.96,0.0,0,6
60084b21-b419-4216-a9c8-339e4ee16077,2,0,2.0,1.0,18188.0,18188.0,0.0,1.0,0.0,1.0,3.0,1.0,0.0,0.0,2.0,1.0,121.25333333333333,1.0,1,4
e7667f76-7a2c-4422-80cb-d6022cd93f78,2,0,1.0,3.0,39769.0,13256.333333333334,11931.976380019085,0.6666666666666667,1.0,1.0,3.0,0.3333333333333333,0.0,0.6666666666666666,6.0,6.0,88.37555555555555,1.0,1,4
e0cf1b0b-6700-4348-8ca6-eae052e6b8a9,2,0,1.0,1.0,12514.0,12514.0,0.0,1.0,0.0,1.0,2.0,1.0,0.0,0.0,2.0,2.0,125.14,1.0,0,3
83032a3d-1798-4cdf-a5a3-faaad7839be3,1,0,1.0,3.0,69667.0,23222.333333333332,3812.532797673134,1.0,0.0,1.0,3.0,0.3333333333333333,0.6666666666666666,0.0,7.0,7.0,154.81555555555556,1.0,0,4
cdddc156-c8c3-42fa-80bb-a9fe8d054b9a,1,0,1.0,3.0,60741.0,20247.0,17140.24010917,1.0,0.0,1.0,6.0,0.6666666666666666,0.0,0.3333333333333333,10.0,10.0,134.98,1.0,1,9
4e032651-bb7b-45e2-bbab-a9fabb80bb90,1,0,1.0,2.0,26194.0,13097.0,3341.7866478876235,1.0,0.0,1.0,47.0,0.5,0.5,0.0,8.0,8.0,261.94,0.0,0,6
41cfe1a4-e957-4a16-9c11-00f06439691e,1,0,2.0,1.0,17562.0,17562.0,0.0,1.0,0.0,1.0,6.0,0.0,1.0,0.0,6.0,6.0,117.08,1.0,1,9
34189838-e71d-4362-b578-3facfb1ff283,1,0,1.0,1.0,32952.0,32952.0,0.0,1.0,0.0,1.0,3.0,0.0,1.0,0.0,8.0,8.0,219.68,1.0,0,4
70492187-9cd2-4270-a4a8-9e823ce734ef,1,0,1.0,2.0,44161.0,22080.5,235.46655813512032,1.0,0.0,1.0,6.0,0.0,1.0,0.0,15.0,15.0,147.20333333333332,1.0,0,9
757c3090-db8f-4855-8c37-e337e8c4cfd0,1,0,0.0,1.0,38563.0,38563.0,0.0,1.0,0.0,1.0,2.0,0.0,1.0,0.0,3.0,4.0,385.63,1.0,1,3
c0dbdb5c-03da-499b-a843-e0c0b732179c,0,0,1.0,3.0,67378.0,22459.333333333332,6268.799114131297,1.0,0.0,1.0,6.0,0.3333333333333333,0.0,0.6666666666666666,10.0,8.0,149.7288888888889,1.0,1,9
4e853e63-c60f-4e31-800f-3680eb4ab599,0,0,1.0,2.0,42998.0,21499.0,3712.3106012293747,1.0,0.0,1.0,5.0,0.0,1.0,0.0,17.0,17.0,143.32666666666665,1.0,0,8
cb20b44b-a14e-4fa7-9448-85f318ee92de,0,0,1.0,1.0,19146.0,19146.0,0.0,1.0,0.0,1.0,47.0,1.0,0.0,0.0,2.0,2.0,382.92,0.0,0,6
372c618c-37c4-4240-8b5f-fe4c2c73e7fe,0,0,2.0,1.0,2899.0,2899.0,0.0,1.0,0.0,1.0,47.0,0.0,0.0,1.0,2.0,2.0,57.98,0.0,0,6
ae602da2-2c0f-4411-be11-e8a14d7af193,0,0,1.0,3.0,27826.0,9275.333333333334,1765.8270961035037,1.0,0.0,1.0,17.0,0.0,1.0,0.0,12.0,12.0,185.50666666666666,0.0,1,2
ab78a7c1-559b-48ef-914e-f6eb75742b43,0,0,2.0,2.0,36258.0,18129.0,7291.685127595678,1.0,0.0,1.0,49.0,0.0,1.0,0.0,4.0,3.0,362.58,0.0,0,7
e81dfb14-63ff-44ff-9ad3-d06937edea7f,0,0,2.0,2.0,41417.0,20708.5,7981.114239252562,1.0,0.0,1.0,4.0,0.0,1.0,0.0,6.0,6.0,207.08499999999998,1.0,0,5
b27ffd48-200c-4191-a907-60f81f157383,0,0,1.0,3.0,26355.0,8785.0,6761.760717446307,1.0,0.0,1.0,3.0,0.0,0.0,1.0,5.0,5.0,58.56666666666666,1.0,1,4
b72b0eba-8f13-4711-9ec9-5968a5be5857,0,0,1.0,2.0,60322.0,30161.0,3350.271929261862,1.0,0.0,1.0,3.0,0.0,1.0,0.0,6.0,5.0,201.07333333333332,1.0,0,4
634b0358-339c-471f-a85d-8a5c500188b4,0,0,1.0,3.0,20195.0,6731.666666666667,3274.459548281721,1.0,0.0,2.0,3.0,1.0,0.0,0.0,8.0,8.0,69.86,0.0,1,4
a73a0c35-3c75-4bcb-a59f-7526d9b7e3d1,0,0,2.0,2.0,59622.0,29811.0,8513.565645486033,1.0,0.0,1.0,3.0,1.0,0.0,0.0,2.0,2.0,198.74,1.0,0,4
d3c3cb53-4571-4831-b831-42e2be018436,0,0,1.0,3.0,27497.0,9165.666666666666,1884.684942724734,1.0,0.0,1.0,17.0,0.0,1.0,0.0,6.0,5.0,183.31333333333336,0.0,1,2
836b7a3f-9ef9-4b19-a3a8-700f49a1aa09,0,0,1.0,3.0,131513.0,43837.666666666664,3423.9283481599523,1.0,0.0,1.0,3.0,0.0,1.0,0.0,16.0,16.0,292.25111111111113,1.0,0,4
49b87dc7-0b7d-4943-a0b1-beb6d10d047b,0,0,1.0,3.0,72103.0,24034.333333333332,3067.605146255517,1.0,0.0,2.0,5.0,0.3333333333333333,0.6666666666666666,0.0,6.0,7.0,160.22888888888886,1.0,1,8
b158e182-a7c2-4b5a-933b-5b831158a222,4,0,1.0,1.0,20402.0,20402.0,0.0,0.0,1.0,1.0,3.0,1.0,0.0,0.0,8.0,8.0,136.01333333333332,1.0,1,4
0599c7f7-1214-4499-b9c5-7510970ec0dc,4,0,1.0,2.0,3493.0,1746.5,440.5275246792191,0.5,1.0,1.0,6.0,0.0,1.0,0.0,2.0,2.0,11.643333333333334,1.0,1,9
845facd1-e8e9-425c-906d-0ddbb6009350,4,0,1.0,3.0,73585.0,24528.333333333332,10762.844899622653,0.33333333333333337,1.0,1.0,2.0,0.0,1.0,0.0,6.0,7.0,245.28333333333333,1.0,0,3
332828be-7a20-4944-bb06-87468ea4a783,4,0,1.0,1.0,15801.0,15801.0,0.0,0.0,1.0,1.0,2.0,0.0,1.0,0.0,2.0,2.0,158.01,1.0,0,3
34bff213-617c-4a72-9fe1-870fcb55cae1,4,0,0.0,3.0,42722.0,14240.666666666666,6681.342255365559,0.6666666666666667,1.0,1.0,17.0,0.0,0.6666666666666666,0.3333333333333333,10.0,8.0,284.81333333333333,0.0,1,2
ff370fe4-f486-4edc-815c-f3c029b91d6f,3,0,1.0,1.0,3448.0,3448.0,0.0,1.0,0.0,1.0,47.0,1.0,0.0,0.0,1.0,1.0,68.96,0.0,0,6
12fffcc1-08c6-45d7-b811-a86cb616440d,3,0,1.0,3.0,37050.0,12350.0,4543.2568714524605,0.33333333333333337,1.0,1.0,3.0,1.0,0.0,0.0,16.0,16.0,82.33333333333333,1.0,1,4
0e64c374-4217-4185-ab6d-c2f4b83042ea,3,0,2.0,1.0,13969.0,13969.0,0.0,0.0,1.0,1.0,6.0,0.0,1.0,0.0,4.0,4.0,93.12666666666667,1.0,0,9
e3f8188c-6f2e-4562-921a-a8df64802576,3,0,0.0,2.0,38269.0,19134.5,1921.2091244838496,1.0,0.0,1.0,47.0,0.0,1.0,0.0,9.0,8.0,382.69,0.0,0,6
64f73ddb-ecef-4e4a-b1db-3627331bfcf6,3,0,0.0,1.0,26003.0,26003.0,0.0,1.0,0.0,1.0,2.0,0.0,1.0,0.0,3.0,3.0,260.03,1.0,0,3
31b46821-ffa3-4256-9a07-2ecac3b75ad5,2,0,1.0,1.0,15200.0,15200.0,0.0,1.0,0.0,1.0,1.0,0.0,1.0,0.0,5.0,4.0,304.0,0.0,1,1
bb665b9b-cb4c-4ed3-9c48-fa542fbd20e6,2,0,1.0,3.0,59630.0,19876.666666666668,9029.377461006563,0.6666666666666667,1.0,1.0,6.0,0.0,0.0,1.0,8.0,8.0,132.5111111111111,1.0,0,9
079489f7-9308-4bb7-9ee5-fc6ec4126ff3,2,0,1.0,2.0,42901.0,21450.5,3154.4033508731886,0.5,1.0,2.0,1.0,1.0,0.0,0.0,6.0,5.0,271.13666666666666,0.0,1,1
2bc061a0-81c6-49f8-9b45-8cf4ef0f50c7,2,0,1.0,3.0,21291.0,7097.0,5610.058110215971,0.6666666666666667,1.0,1.0,17.0,0.3333333333333333,0.0,0.6666666666666666,5.0,4.0,141.94,0.0,1,2
015e30c9-1e85-4f8f-97ee-222705fbb24a,1,0,1.0,2.0,51955.0,25977.5,5110.260707635179,1.0,0.0,1.0,6.0,1.0,0.0,0.0,10.0,11.0,173.18333333333334,1.0,0,9
037fb7e6-7eb1-4e54-80f7-c9e19e44b584,1,0,1.0,3.0,89878.0,29959.333333333332,8660.045342452506,1.0,0.0,1.0,3.0,0.0,1.0,0.0,19.0,19.0,199.72888888888886,1.0,1,4
fbb37aa3-be6c-4bd2-afa8-63993a402611,1,0,1.0,1.0,17928.0,17928.0,0.0,1.0,0.0,1.0,3.0,1.0,0.0,0.0,7.0,6.0,119.52,1.0,1,4
c2655e10-8366-4620-9ebf-c386327db3b5,1,0,1.0,1.0,19713.0,19713.0,0.0,1.0,0.0,1.0,6.0,0.0,1.0,0.0,4.0,4.0,131.42,1.0,0,9
e68c8c74-b825-4d85-9f86-20ffb017add0,1,0,1.0,3.0,49734.0,16578.0,8157.692565915928,1.0,0.0,1.0,6.0,0.3333333333333333,0.0,0.6666666666666666,9.0,9.0,110.52,1.0,1,9
ebdc1198-7b4c-4274-977f-caa136bc1195,1,0,1.0,3.0,58344.0,19448.0,14521.608829602868,1.0,0.0,1.0,3.0,0.6666666666666666,0.0,0.3333333333333333,11.0,10.0,129.65333333333334,1.0,0,4
55fd7f56-5f70-425c-8514-8e715b1c200b,1,0,1.0,3.0,50113.0,16704.333333333332,14399.757266472701,1.0,0.0,1.0,6.0,0.3333333333333333,0.3333333333333333,0.3333333333333333,8.0,8.0,111.36222222222221,1.0,0,9
9671fb2a-3d4e-4344-a60a-ee3e10cb5cd8,0,0,1.0,1.0,24323.0,24323.0,0.0,1.0,0.0,1.0,49.0,0.0,1.0,0.0,3.0,3.0,486.46,0.0,0,7
853ab547-c0bf-45a4-8e17-6b11e50ca857,0,0,2.0,1.0,21020.0,21020.0,0.0,1.0,0.0,1.0,2.0,0.0,1.0,0.0,2.0,3.0,210.2,1.0,0,3
3ed748e1-346b-4842-9b84-b51c56e18e13,0,0,1.0,3.0,65388.0,21796.0,3014.198400901971,1.0,0.0,1.0,2.0,1.0,0.0,0.0,2.0,2.0,217.96,1.0,0,3
96f797a4-a4d4-4815-999b-37a46415419d,0,0,1.0,3.0,30634.0,10211.333333333334,8298.204765690789,1.0,0.0,1.0,2.0,0.0,0.0,1.0,2.0,2.0,102.11333333333334,1.0,0,3
d825cac4-4bda-4058-886e-a68408ef0e64,0,0,1.0,3.0,44560.0,14853.333333333334,6207.3787006540315,1.0,0.0,1.0,2.0,0.3333333333333333,0.6666666666666666,0.0,3.0,4.0,148.53333333333333,1.0,0,3
2425631b-628b-4af5-b4c8-4464bdce680c,0,0,1.0,3.0,46609.0,15536.333333333334,9076.628577469353,1.0,0.0,1.0,2.0,0.6666666666666666,0.3333333333333333,0.0,4.0,4.0,155.36333333333332,1.0,0,3
fea5ff57-9427-4f4b-861b-5a13e27c2a5b,0,0,2.0,2.0,15789.0,7894.5,3034.1951980714753,1.0,0.0,1.0,49.0,0.0,0.0,1.0,2.0,2.0,157.89000000000001,0.0,1,7
4e32154d-d366-4844-8145-16321087d71e,0,0,1.0,3.0,6500.0,2166.6666666666665,193.61387691313175,1.0,0.0,1.0,6.0,1.0,0.0,0.0,2.0,3.0,14.444444444444443,1.0,1,9
2340dcb6-1365-4e61-9497-075273bf122f,0,0,1.0,2.0,36943.0,18471.5,11535.03292149615,1.0,0.0,1.0,2.0,1.0,0.0,0.0,3.0,3.0,184.71499999999997,1.0,0,3
b7b21fe6-e840-45be-997b-1f9cc8d0a08a,4,0,1.0,1.0,21680.0,21680.0,0.0,0.0,1.0,1.0,47.0,1.0,0.0,0.0,3.0,3.0,433.6,0.0,0,6
ab00e9f5-7ce2-40f5-933d-749e649556e7,4,0,1.0,2.0,32253.0,16126.5,16962.784573884088,0.0,1.0,1.0,5.0,0.0,1.0,0.0,12.0,12.0,107.50999999999999,1.0,0,8
f2458003-21d7-4dd7-9907-8e645bf84cc2,4,0,1.0,2.0,19371.0,9685.5,62.932503525602726,0.5,1.0,1.0,47.0,0.5,0.5,0.0,3.0,3.0,193.70999999999998,0.0,1,6
4ebcd21f-e8f8-4030-853b-ac3b20714c64,4,0,1.0,3.0,63848.0,21282.666666666668,9419.265594160372,0.33333333333333337,1.0,1.0,49.0,0.0,0.6666666666666666,0.3333333333333333,13.0,14.0,425.65333333333336,0.0,1,7
21807951-8a4c-4496-b185-3155e2473b15,4,0,0.0,1.0,63406.0,63406.0,0.0,1.0,0.0,1.0,3.0,0.0,0.0,1.0,6.0,5.0,422.70666666666665,1.0,1,4
96fb6bbb-7604-4286-9f1f-9673a1677b31,3,0,1.0,1.0,1329.0,1329.0,0.0,1.0,0.0,1.0,6.0,1.0,0.0,0.0,2.0,2.0,8.86,1.0,0,9
0ffbc310-2b60-4510-ac2f-f8fc84a0ed02,3,0,1.0,1.0,46810.0,46810.0,0.0,1.0,0.0,1.0,6.0,0.0,0.0,1.0,5.0,5.0,312.06666666666666,1.0,0,9
d192c8c4-8c9a-4a37-a1d7-de632a8f830c,3,0,1.0,1.0,57833.0,57833.0,0.0,1.0,0.0,1.0,3.0,0.0,0.0,1.0,6.0,7.0,385.55333333333334,1.0,0,4
b85cbe22-50a4-4ace-86ad-8c2e1aa0d954,3,0,1.0,1.0,6650.0,6650.0,0.0,1.0,0.0,1.0,3.0,0.0,0.0,1.0,3.0,3.0,44.333333333333336,1.0,0,4
115dac6c-98ff-468d-bb70-3fe8425f0f92,3,0,2.0,2.0,57159.0,28579.5,4620.942815054088,0.0,1.0,1.0,1.0,0.5,0.0,0.5,6.0,5.0,571.59,0.0,1,1
4b90419c-ab2f-4a3b-b926-8fdfef7a01b4,3,0,1.0,1.0,1289.0,1289.0,0.0,1.0,0.0,1.0,6.0,1.0,0.0,0.0,2.0,2.0,8.593333333333334,1.0,0,9
de673fef-4142-4e84-a7d5-bb2f88a361ff,3,0,1.0,2.0,15439.0,7719.5,5369.061789549455,0.5,1.0,1.0,3.0,0.0,0.5,0.5,5.0,5.0,51.46333333333333,1.0,0,4
d0682108-2669-4ac7-912f-1e4de4022395,3,0,1.0,1.0,10337.0,10337.0,0.0,1.0,0.0,1.0,3.0,1.0,0.0,0.0,5.0,5.0,68.91333333333333,1.0,0,4
5b597edc-a3da-49b6-8934-4cb7b745d4e3,3,0,0.0,1.0,7352.0,7352.0,0.0,1.0,0.0,1.0,5.0,0.0,0.0,1.0,1.0,1.0,49.013333333333335,1.0,0,8
33a81ba7-b36c-4a5d-979c-06d6e1b51155,3,0,0.0,1.0,7372.0,7372.0,0.0,1.0,0.0,1.0,5.0,0.0,0.0,1.0,1.0,1.0,49.14666666666667,1.0,0,8
b7fd3dd6-3d84-4a59-81c8-9cce324cd468,3,0,1.0,1.0,45967.0,45967.0,0.0,1.0,0.0,1.0,6.0,0.0,0.0,1.0,3.0,4.0,306.44666666666666,1.0,0,9
d9496ec8-8593-4908-89d5-ed56b9dce03a,3,0,2.0,2.0,29359.0,14679.5,4488.006740191017,0.0,1.0,1.0,6.0,1.0,0.0,0.0,2.0,2.0,97.86333333333333,1.0,0,9
7e3dc09b-47cd-4571-a8b2-51067e0a8123,2,0,1.0,2.0,58094.0,29047.0,7578.770480757416,1.0,0.0,1.0,6.0,0.5,0.5,0.0,13.0,14.0,193.64666666666665,1.0,0,9
0686327f-6485-4e25-9402-34bac5ce50d9,2,0,2.0,1.0,21533.0,21533.0,0.0,1.0,0.0,1.0,49.0,0.0,1.0,0.0,9.0,8.0,430.66,0.0,1,7
58ea31e3-2807-44f8-9423-3c22d7df353b,2,0,1.0,2.0,70841.0,35420.5,6047.884299488541,1.0,0.0,1.0,6.0,0.0,1.0,0.0,16.0,14.0,236.13666666666666,1.0,0,9
bc46e600-ee35-401d-ac90-af5e462f9518,2,0,1.0,2.0,56968.0,28484.0,3648.670990922585,1.0,0.0,1.0,4.0,0.5,0.5,0.0,8.0,8.0,284.84000000000003,1.0,0,5
f5600b6b-0322-4048-bc93-02ec0ffa386e,2,0,1.0,2.0,43085.0,21542.5,3885.5517626200785,1.0,0.0,1.0,47.0,0.0,0.5,0.5,6.0,6.0,430.85,0.0,0,6
619b4264-e974-4e52-97d7-af6b0712c118,2,0,2.0,2.0,10432.0,5216.0,2678.520487134642,0.5,1.0,1.0,6.0,0.0,1.0,0.0,1.0,1.0,34.77333333333333,1.0,1,9
8309f70f-d432-4d0d-bc75-406ba19c71e6,1,0,1.0,1.0,7986.0,7986.0,0.0,1.0,0.0,1.0,47.0,0.0,0.0,1.0,2.0,2.0,159.72,0.0,1,6
68b934da-0c48-4e3b-84b9-a5ab092c9f12,1,0,1.0,3.0,60960.0,20320.0,10681.174233201142,1.0,0.0,1.0,2.0,0.6666666666666666,0.3333333333333333,0.0,5.0,5.0,203.20000000000002,1.0,0,3
8cc52904-d0de-4a52-af3c-98ecc6853af4,1,0,1.0,3.0,57297.0,19099.0,7124.935157599682,1.0,0.0,1.0,2.0,0.0,1.0,0.0,5.0,5.0,190.99,1.0,0,3
d5edc0de-1dc4-492c-b31b-b15d7d816de2,1,0,1.0,3.0,39474.0,13158.0,3977.6768345354553,1.0,0.0,1.0,4.0,1.0,0.0,0.0,14.0,15.0,131.58,1.0,1,5
f32f5312-9572-4917-a8f7-5d6444c9ab1e,1,0,1.0,1.0,8527.0,8527.0,0.0,1.0,0.0,1.0,17.0,1.0,0.0,0.0,2.0,2.0,170.54,0.0,0,2
e34b75c2-55e2-4965-93c5-de901b0a9f8b,1,0,1.0,3.0,59274.0,19758.0,11222.189135814811,1.0,0.0,1.0,2.0,0.3333333333333333,0.6666666666666666,0.0,6.0,5.0,197.58,1.0,0,3
90469969-3d03-439c-bf5c-1f1b55382d9d,1,0,2.0,1.0,30945.0,30945.0,0.0,1.0,0.0,1.0,47.0,0.0,1.0,0.0,8.0,8.0,618.9,0.0,0,6
d19bb106-90d0-495f-8f53-6a7c9afd785b,1,0,1.0,3.0,19165.0,6388.333333333333,4139.516920285909,1.0,0.0,1.0,49.0,0.0,0.3333333333333333,0.6666666666666666,6.0,6.0,127.76666666666667,0.0,1,7
49742acf-e086-4772-8cfc-1c05382a09f1,0,0,1.0,3.0,7394.0,2464.6666666666665,962.9466928824945,1.0,0.0,3.0,1.0,1.0,0.0,0.0,6.0,6.0,40.336666666666666,0.0,1,1
1bc27da2-ee77-4c1a-be50-cc5d439a4367,0,0,0.0,3.0,87714.0,29238.0,5575.264747077039,1.0,0.0,1.0,3.0,0.3333333333333333,0.0,0.6666666666666666,21.0,18.0,194.92,1.0,0,4
9b10e447-7871-48af-acab-64ecb02cb458,0,0,2.0,1.0,495.0,495.0,0.0,1.0,0.0,1.0,3.0,0.0,0.0,1.0,2.0,2.0,3.3,1.0,1,4
a4314fd4-edb2-4b6d-9b55-17c81d7518dc,0,0,1.0,3.0,23805.0,7935.0,4539.721136810057,1.0,0.0,1.0,5.0,0.6666666666666666,0.3333333333333333,0.0,3.0,3.0,52.9,1.0,1,8
4ddae970-37e6-4d3c-8497-a7985b41cf7a,0,0,0.0,2.0,72773.0,36386.5,603.162084352125,1.0,0.0,1.0,2.0,0.5,0.0,0.5,6.0,6.0,363.865,1.0,0,3
f1669347-38f0-403a-99af-f38b23be9ede,0,0,1.0,2.0,32006.0,16003.0,14422.149909080823,1.0,0.0,1.0,3.0,0.0,0.0,1.0,8.0,8.0,106.68666666666667,1.0,0,4
4f1f3785-1492-480a-87a8-eb57562285f7,0,0,2.0,1.0,4942.0,4942.0,0.0,1.0,0.0,1.0,17.0,0.0,0.0,1.0,1.0,1.0,98.84,0.0,1,2
b9f26926-e219-4202-82b4-64bae159cd52,0,0,1.0,2.0,58117.0,29058.5,6665.895626245583,1.0,0.0,1.0,47.0,0.0,0.0,1.0,6.0,6.0,581.1700000000001,0.0,1,6
14ea23b4-a934-445a-922c-f5b854f31bae,0,0,2.0,1.0,6294.0,6294.0,0.0,1.0,0.0,1.0,1.0,0.0,0.0,1.0,2.0,1.0,125.88,0.0,0,1
7e3330de-f141-4f7f-b084-adec451b620a,0,0,2.0,2.0,35593.0,17796.5,9146.426214647992,1.0,0.0,1.0,17.0,0.5,0.5,0.0,3.0,3.0,355.93,0.0,1,2
b672248e-e759-419c-a5e4-bb521c7ddc7b,0,0,0.0,3.0,57531.0,19177.0,10443.968402862965,1.0,0.0,1.0,2.0,0.0,0.6666666666666666,0.3333333333333333,7.0,7.0,191.76999999999998,1.0,0,3
e91cd55b-7314-45e7-9efa-f36449ae0819,0,0,2.0,1.0,6533.0,6533.0,0.0,1.0,0.0,1.0,2.0,0.0,0.0,1.0,1.0,1.0,65.33,1.0,1,3
d2a34acf-4829-48a6-8ae3-80516e73c26e,0,0,0.0,3.0,29099.0,9699.666666666666,1757.20184763542,1.0,0.0,1.0,3.0,1.0,0.0,0.0,9.0,9.0,64.66444444444444,1.0,0,4
ca7bb82e-f233-4358-8883-1fd20145cb5e,0,0,1.0,3.0,13835.0,4611.666666666667,588.1915787677799,1.0,0.0,1.0,2.0,0.0,0.0,1.0,4.0,2.0,46.11666666666667,1.0,1,3
c91a573c-3235-483f-953d-872260848b67,0,0,1.0,2.0,73806.0,36903.0,7194.104391791934,1.0,0.0,1.0,6.0,0.0,1.0,0.0,18.0,19.0,246.01999999999998,1.0,0,9
a7567174-4079-49d5-ba03-2f7e3fca20e8,0,0,1.0,3.0,27859.0,9286.333333333334,6702.6624809349705,1.0,0.0,2.0,6.0,1.0,0.0,0.0,7.0,7.0,91.66000000000001,0.0,1,9
de9a3170-dce8-45f9-99c2-194bbd2be12f,0,0,1.0,2.0,92754.0,46377.0,31908.900607824144,1.0,0.0,1.0,4.0,0.0,0.5,0.5,3.0,5.0,463.77,1.0,0,5
a05656c1-65b6-486b-a3a7-5f3345e659c1,4,0,1.0,1.0,3404.0,3404.0,0.0,0.0,1.0,1.0,3.0,1.0,0.0,0.0,2.0,2.0,22.69333333333333,1.0,0,4
5a146b54-39d2-4663-af31-f4ce22f2a0a7,4,0,2.0,1.0,257.0,257.0,0.0,0.0,1.0,1.0,3.0,0.0,0.0,1.0,2.0,2.0,1.7133333333333334,1.0,1,4
fd68c1fb-4c48-4de5-91f7-d33cc386977d,4,0,2.0,2.0,6894.0,3447.0,362.03867196751236,0.5,1.0,1.0,2.0,0.5,0.0,0.5,1.0,2.0,34.47,1.0,0,3
73cd33b6-4249-4d83-a1b6-8d5cb4520653,4,0,2.0,2.0,11429.0,5714.5,5202.18458918943,0.5,1.0,1.0,17.0,1.0,0.0,0.0,1.0,1.0,114.29,0.0,0,2
53266b13-7b30-464f-9931-c62cf39f2cff,4,0,1.0,1.0,14204.0,14204.0,0.0,0.0,1.0,1.0,2.0,1.0,0.0,0.0,1.0,1.0,142.04,1.0,0,3
dba3634a-6af5-47f2-8e6e-632a5281043a,4,0,1.0,1.0,16012.0,16012.0,0.0,0.0,1.0,1.0,2.0,0.0,0.0,1.0,2.0,1.0,160.12,1.0,1,3
33a67c93-48ff-4702-81b9-49ba4aef0efa,4,0,0.0,1.0,16641.0,16641.0,0.0,1.0,0.0,1.0,6.0,0.0,1.0,0.0,7.0,6.0,110.94,1.0,0,9
f0a736cb-0d62-49be-8d39-23865400c441,3,0,1.0,3.0,37480.0,12493.333333333334,3928.0001697216526,0.33333333333333337,1.0,1.0,17.0,0.3333333333333333,0.0,0.6666666666666666,10.0,12.0,249.86666666666665,0.0,0,2
be3427d4-e64f-4a4e-b572-8b77bcbb198b,3,0,0.0,1.0,10464.0,10464.0,0.0,1.0,0.0,1.0,4.0,0.0,1.0,0.0,3.0,3.0,104.64,1.0,0,5
0b2329a5-d733-40fa-ab31-cdbe5f15af16,3,0,1.0,1.0,17603.0,17603.0,0.0,1.0,0.0,1.0,3.0,1.0,0.0,0.0,4.0,4.0,117.35333333333334,1.0,0,4
6fb60be5-a383-4e31-97ff-e06b7182352f,3,0,1.0,1.0,38189.0,38189.0,0.0,1.0,0.0,1.0,2.0,0.0,1.0,0.0,4.0,5.0,381.89,1.0,1,3
28cbb6ba-bd65-416a-8610-89180a8ddbed,2,0,2.0,1.0,6959.0,6959.0,0.0,1.0,0.0,1.0,6.0,0.0,0.0,1.0,2.0,2.0,46.39333333333333,1.0,1,9
bbfc21fe-178a-4f0e-8409-42d0f267917b,2,0,1.0,1.0,9748.0,9748.0,0.0,1.0,0.0,1.0,49.0,1.0,0.0,0.0,2.0,2.0,194.96,0.0,0,7
e6e85c16-8445-42a8-9937-0795d4e9aa9c,2,0,2.0,1.0,19487.0,19487.0,0.0,1.0,0.0,1.0,3.0,1.0,0.0,0.0,3.0,2.0,129.91333333333333,1.0,1,4
ba5cb96b-7d64-4022-9ddf-fea8a0e2f776,2,0,2.0,1.0,12992.0,12992.0,0.0,1.0,0.0,1.0,3.0,1.0,0.0,0.0,3.0,3.0,86.61333333333333,1.0,0,4
d7a9a8f4-b5b6-40b0-b80f-de5370427471,2,0,0.0,2.0,24527.0,12263.5,3418.8612870369575,1.0,0.0,1.0,2.0,0.0,0.0,1.0,1.0,1.0,122.63499999999999,1.0,0,3
e09517ef-e313-4ef2-99ce-02d0c398f360,2,0,2.0,2.0,57751.0,28875.5,11549.17505711988,0.5,1.0,1.0,5.0,0.5,0.5,0.0,9.0,8.0,192.50333333333333,1.0,0,8
7ce00b9b-8517-49bd-a079-ec6436e4d398,2,0,1.0,1.0,8153.0,8153.0,0.0,1.0,0.0,1.0,4.0,0.0,1.0,0.0,2.0,3.0,81.53,1.0,1,5
5e6c319b-33c7-4b2e-bcec-31f61e6fd0a6,2,0,1.0,3.0,82698.0,27566.0,11784.22203626527,0.6666666666666667,1.0,1.0,5.0,0.6666666666666666,0.0,0.3333333333333333,12.0,11.0,183.7733333333333,1.0,1,8
fa688e13-e1f6-4b8b-8979-7086d5346884,2,0,2.0,1.0,12205.0,12205.0,0.0,1.0,0.0,1.0,3.0,1.0,0.0,0.0,7.0,7.0,81.36666666666666,1.0,0,4
21a5f08e-45ea-4d6e-a624-a7107f1a6323,2,0,2.0,2.0,14673.0,7336.5,5989.901543431244,0.5,1.0,1.0,3.0,1.0,0.0,0.0,5.0,5.0,48.91,1.0,0,4
110a9785-19d0-4005-8b25-3b2b9c96c0ea,2,0,1.0,3.0,58848.0,19616.0,10012.037904442832,0.6666666666666667,1.0,1.0,5.0,0.6666666666666666,0.0,0.3333333333333333,7.0,7.0,130.77333333333334,1.0,1,8
ad7d202d-27c9-4006-bd6d-2aec94df698c,0,0,1.0,3.0,8592.0,2864.0,1899.769459697676,1.0,0.0,1.0,6.0,0.0,0.0,1.0,8.0,6.0,19.093333333333334,1.0,1,9
e01966d1-7c1f-42cf-a9e6-272adafa5523,0,0,1.0,3.0,41671.0,13890.333333333334,2345.093246191574,1.0,0.0,1.0,4.0,0.3333333333333333,0.6666666666666666,0.0,6.0,6.0,138.90333333333334,1.0,1,5
fc1aa88d-9315-40ac-9f31-a0a3d2eb41d0,0,0,1.0,1.0,3538.0,3538.0,0.0,1.0,0.0,1.0,3.0,0.0,1.0,0.0,1.0,1.0,23.586666666666666,1.0,1,4
9db6a198-68da-4289-97a6-8f895e313c57,0,0,2.0,1.0,7191.0,7191.0,0.0,1.0,0.0,1.0,6.0,0.0,1.0,0.0,4.0,4.0,47.94,1.0,0,9
247e5c4c-d910-4955-a298-af1d8fa9400d,0,0,1.0,1.0,23545.0,23545.0,0.0,1.0,0.0,1.0,1.0,0.0,1.0,0.0,4.0,4.0,470.9,0.0,0,1
ac7009cf-b75b-4447-8bce-c994d977c11a,0,0,1.0,2.0,23415.0,11707.5,2400.627522128329,1.0,0.0,1.0,3.0,0.0,1.0,0.0,2.0,2.0,78.05,1.0,1,4
5492e310-4153-40cc-9ee1-be2c1d4a9e1b,6,1,1.0,2.0,51104.0,25552.0,2974.091121670619,1.0,0.0,1.0,1.0,0.0,1.0,0.0,12.0,13.0,511.04,0.0,0,1
012d76d4-ed0e-4504-b282-faffd897f4f9,6,1,1.0,3.0,26223.0,8741.0,2435.591919842074,1.0,0.0,1.0,2.0,0.3333333333333333,0.0,0.6666666666666666,3.0,3.0,87.41000000000001,1.0,1,3
e4c1dbe4-da50-4371-ba64-246a4694a6ab,4,0,1.0,2.0,41127.0,20563.5,7740.697933649136,0.0,1.0,1.0,6.0,1.0,0.0,0.0,8.0,9.0,137.09,1.0,0,9
459e47fd-f04f-4b7b-8fde-b02b0934c5e0,4,0,1.0,2.0,7576.0,3788.0,5052.985058359069,0.0,1.0,1.0,3.0,0.0,0.0,1.0,5.0,4.0,25.25333333333333,1.0,0,4
77dcfd9d-cfea-4172-906f-1b6b8434ece3,4,0,1.0,1.0,10265.0,10265.0,0.0,0.0,1.0,1.0,47.0,1.0,0.0,0.0,3.0,3.0,205.3,0.0,0,6
29211d8e-16c6-4e49-b4bc-a25fb31f3aed,4,0,1.0,1.0,9474.0,9474.0,0.0,0.0,1.0,1.0,47.0,1.0,0.0,0.0,4.0,4.0,189.48,0.0,0,6
a24119d2-9ce8-48ef-af86-f25d3b4bc584,4,0,1.0,3.0,43303.0,14434.333333333334,10701.856863803278,0.33333333333333337,1.0,1.0,6.0,0.6666666666666666,0.0,0.3333333333333333,12.0,13.0,96.22888888888889,1.0,1,9
03614370-ec8c-4e26-8d72-e66e5abbcd97,4,0,1.0,1.0,262.0,262.0,0.0,0.0,1.0,1.0,6.0,1.0,0.0,0.0,1.0,1.0,1.7466666666666666,1.0,0,9
7fc9811a-2221-4eea-89c8-f4d12b246b92,4,0,0.0,3.0,49868.0,16622.666666666668,15441.208804149153,0.33333333333333337,1.0,2.0,4.0,0.0,0.3333333333333333,0.6666666666666666,11.0,11.0,166.22666666666666,1.0,0,5
eafe40da-6b4f-4a70-9cf3-e4b95506b14e,4,0,0.0,1.0,21927.0,21927.0,0.0,1.0,0.0,1.0,49.0,0.0,1.0,0.0,5.0,5.0,438.54,0.0,0,7
b487602b-18b6-4789-91da-1edec1aa2a40,3,0,2.0,1.0,12147.0,12147.0,0.0,0.0,1.0,1.0,47.0,1.0,0.0,0.0,3.0,3.0,242.94,0.0,0,6
e4136268-5d72-44b4-833d-79c3a23fdab6,2,0,2.0,1.0,3600.0,3600.0,0.0,1.0,0.0,1.0,3.0,0.0,0.0,1.0,6.0,6.0,24.0,1.0,1,4
e1da19f9-07cc-4303-9280-df6516425334,2,0,0.0,3.0,45355.0,15118.333333333334,8610.135093791116,1.0,0.0,1.0,3.0,0.3333333333333333,0.0,0.6666666666666666,18.0,17.0,100.78888888888889,1.0,0,4
cacd0adb-2c87-450f-8a00-2b2ea6b8fa89,2,0,1.0,3.0,43079.0,14359.666666666666,9276.196005547388,0.6666666666666667,1.0,1.0,49.0,0.0,0.0,1.0,6.0,5.0,287.1933333333333,0.0,1,7
e39de917-2ca6-43b2-8954-9e8c8e1a1f4d,2,0,0.0,3.0,40532.0,13510.666666666666,245.88683033731843,1.0,0.0,1.0,3.0,0.0,0.0,1.0,22.0,21.0,90.07111111111112,1.0,0,4
91af6031-40a3-4489-8141-b369ba8ae916,2,0,1.0,1.0,2180.0,2180.0,0.0,1.0,0.0,1.0,6.0,1.0,0.0,0.0,1.0,1.0,14.533333333333333,1.0,0,9
bcb3ab83-c674-4ee4-b94e-8e3200ddde4c,2,0,2.0,2.0,50878.0,25439.0,15494.12378935963,0.5,1.0,1.0,2.0,0.5,0.5,0.0,2.0,2.0,254.39,1.0,0,3
58fd3278-c79c-4c82-b15c-fb56026113d5,2,0,1.0,1.0,10816.0,10816.0,0.0,1.0,0.0,1.0,3.0,1.0,0.0,0.0,3.0,3.0,72.10666666666667,1.0,0,4
90342dc6-85f6-4f9c-81bf-b13ed801ca76,1,0,2.0,1.0,6915.0,6915.0,0.0,1.0,0.0,1.0,3.0,0.0,0.0,1.0,1.0,1.0,46.1,1.0,0,4
114b9de8-5def-4be2-9bc1-cca1e6feff0c,1,0,1.0,2.0,47206.0,23603.0,9000.055110942378,1.0,0.0,1.0,6.0,0.5,0.5,0.0,4.0,4.0,157.35333333333332,1.0,0,9
2ca1bbb6-1f11-45e7-9e09-157e85f018c7,1,0,2.0,2.0,28915.0,14457.5,4495.077808002882,1.0,0.0,1.0,2.0,1.0,0.0,0.0,3.0,3.0,144.57500000000002,1.0,1,3
0a75266e-32bd-4447-9337-083fdcde0935,1,0,1.0,3.0,66773.0,22257.666666666668,5831.336153347133,1.0,0.0,1.0,47.0,1.0,0.0,0.0,7.0,7.0,445.15333333333336,0.0,0,6
5db3a5b8-7a0d-4311-93df-ce7b94823702,1,0,1.0,3.0,66171.0,22057.0,5530.15723103783,1.0,0.0,1.0,47.0,1.0,0.0,0.0,10.0,9.0,441.14000000000004,0.0,0,6
3a9ff033-88e7-49c2-bedf-6faffa6416f1,1,0,0.0,1.0,14272.0,14272.0,0.0,1.0,0.0,1.0,6.0,1.0,0.0,0.0,4.0,4.0,95.14666666666666,1.0,1,9
cc8a820b-92de-4c5e-baeb-a327b54cb984,0,0,1.0,2.0,41504.0,20752.0,1268.5495654486663,1.0,0.0,1.0,17.0,0.0,1.0,0.0,7.0,7.0,415.04,0.0,0,2
e4094f1d-05ef-4380-93ad-6f5a925559e9,0,0,2.0,1.0,5637.0,5637.0,0.0,1.0,0.0,1.0,17.0,1.0,0.0,0.0,4.0,3.0,112.74,0.0,0,2
edb38132-0fae-4aca-bcc8-9b57e89edc11,0,0,1.0,3.0,63968.0,21322.666666666668,11419.078348681795,1.0,0.0,1.0,6.0,0.6666666666666666,0.0,0.3333333333333333,7.0,7.0,142.1511111111111,1.0,0,9
d06cde68-1236-4817-97ea-c6b9a4b32883,0,0,0.0,3.0,41809.0,13936.333333333334,13159.312190739049,1.0,0.0,1.0,1.0,0.0,0.3333333333333333,0.6666666666666666,9.0,10.0,278.7266666666667,0.0,0,1
554ad9ed-1e46-4db1-a2a5-ad2e6023d1d0,0,0,2.0,1.0,3122.0,3122.0,0.0,1.0,0.0,1.0,1.0,0.0,1.0,0.0,1.0,1.0,62.44,0.0,1,1
69d28be7-2a1b-49c3-ba21-0c741ebb8152,0,0,1.0,3.0,70204.0,23401.333333333332,3263.273867350599,1.0,0.0,1.0,17.0,0.0,1.0,0.0,9.0,9.0,468.02666666666664,0.0,1,2
6bc90ac1-4058-49cc-bcb9-1e43b97a87d7,0,0,1.0,3.0,85154.0,28384.666666666668,1568.449340378366,1.0,0.0,1.0,17.0,0.0,1.0,0.0,6.0,5.0,567.6933333333333,0.0,0,2
3b20a0b9-cd20-415e-b37c-a792d13761be,0,0,1.0,3.0,61515.0,20505.0,4779.080141617213,1.0,0.0,1.0,5.0,0.6666666666666666,0.3333333333333333,0.0,8.0,8.0,136.7,1.0,0,8
b785b37a-f8c1-43fd-8fec-0af062336c78,0,0,1.0,1.0,20725.0,20725.0,0.0,1.0,0.0,1.0,5.0,1.0,0.0,0.0,5.0,5.0,138.16666666666666,1.0,0,8
40f8af92-ecf5-40d3-b56e-6efba0cf4012,5,1,1.0,2.0,44896.0,22448.0,1448.1546878700494,0.5,1.0,1.0,3.0,1.0,0.0,0.0,3.0,3.0,149.6533333333333,1.0,0,4
7df8140b-c43c-4675-a3ad-b530644f0c12,5,1,1.0,3.0,49896.0,16632.0,12714.379693874176,0.6666666666666667,1.0,1.0,1.0,0.0,0.6666666666666666,0.3333333333333333,9.0,9.0,332.64000000000004,0.0,1,1
9dc24baa-38df-40f6-b269-68ba93718fe0,4,0,2.0,1.0,18048.0,18048.0,0.0,0.0,1.0,1.0,17.0,1.0,0.0,0.0,3.0,3.0,360.96,0.0,1,2
87f56346-abe0-473a-8df9-3afa0199d9c4,4,0,0.0,2.0,46814.0,23407.0,479.4183976444792,0.5,1.0,1.0,6.0,0.0,1.0,0.0,11.0,11.0,156.04666666666668,1.0,0,9
83e8e1c6-63df-469d-a70f-fb029ed6f2bb,4,0,2.0,2.0,25371.0,12685.5,77.07463914933368,0.5,1.0,1.0,6.0,1.0,0.0,0.0,3.0,4.0,84.57,1.0,1,9
8dc3054b-f703-42ca-968e-0ba36bc720c0,4,0,0.0,1.0,23351.0,23351.0,0.0,1.0,0.0,1.0,6.0,1.0,0.0,0.0,6.0,4.0,155.67333333333335,1.0,0,9
229cec89-937a-42d1-ac30-7456478f0b0d,3,0,1.0,1.0,75232.0,75232.0,0.0,1.0,0.0,1.0,4.0,0.0,0.0,1.0,3.0,4.0,0.0,1.0,0,5
8ce7e3f1-bd80-44df-9358-3ac56c619d4a,3,0,2.0,2.0,24407.0,12203.5,15651.80860156423,0.0,1.0,1.0,2.0,0.0,0.0,1.0,1.0,0.0,122.035,1.0,0,3
02e0171e-a8f0-4db8-9f43-fc408fdf0de5,3,0,1.0,3.0,50115.0,16705.0,10156.982819715706,0.33333333333333337,1.0,1.0,17.0,0.3333333333333333,0.0,0.6666666666666666,13.0,11.0,334.09999999999997,0.0,0,2
24057de2-62b3-4a90-81c7-3dc8c0d2ffec,3,0,1.0,1.0,27989.0,27989.0,0.0,1.0,0.0,1.0,5.0,0.0,1.0,0.0,5.0,5.0,186.59333333333333,1.0,1,8
e649cda4-b35f-479d-a339-b59249e06e79,3,0,0.0,2.0,19791.0,9895.5,180.31222920256963,0.5,1.0,1.0,2.0,0.5,0.0,0.5,1.0,1.0,98.95500000000001,1.0,1,3
dfb53c4b-ef17-4d42-aa70-5a528809a8a8,3,0,1.0,1.0,11930.0,11930.0,0.0,1.0,0.0,1.0,49.0,0.0,1.0,0.0,4.0,3.0,238.6,0.0,0,7
5e68610e-c10a-4ae4-b77a-3e94dc573920,3,0,0.0,2.0,19758.0,9879.0,175.36248173426378,0.5,1.0,1.0,2.0,0.5,0.0,0.5,2.0,1.0,98.78999999999999,1.0,1,3
f07f8749-25c1-49e4-a4cc-2273eadb99b4,2,0,1.0,1.0,15328.0,15328.0,0.0,1.0,0.0,1.0,2.0,0.0,1.0,0.0,1.0,1.0,153.28,1.0,0,3
17ad5d9a-9922-4ee7-b02d-dc645f39e0dd,2,0,1.0,2.0,47114.0,23557.0,1483.5100269293766,1.0,0.0,1.0,6.0,1.0,0.0,0.0,5.0,5.0,157.04666666666668,1.0,0,9
95ef9806-07be-476b-86e1-1519d8fb2b21,2,0,1.0,2.0,22087.0,11043.5,1685.0354595675428,1.0,0.0,1.0,49.0,0.0,0.0,1.0,5.0,5.0,220.87,0.0,0,7
9faf9c3f-0cf4-4577-8ac8-abb05149b8ba,2,0,1.0,2.0,46760.0,23380.0,20558.422556217683,1.0,0.0,1.0,47.0,0.5,0.5,0.0,9.0,7.0,467.6,0.0,1,6
05b0647a-c375-4528-b059-c338181bdd3f,2,0,2.0,2.0,32391.0,16195.5,10006.268060570834,0.5,1.0,1.0,4.0,0.5,0.5,0.0,2.0,2.0,161.955,1.0,1,5
210da55c-4f66-4dfe-91b2-7c9b6d4e4cb2,1,0,1.0,2.0,41228.0,20614.0,7035.712472806148,1.0,0.0,1.0,1.0,1.0,0.0,0.0,16.0,17.0,412.28,0.0,0,1
e42ee2b6-804c-4d95-8def-7b0065ee7ac7,0,0,1.0,3.0,86207.0,28735.666666666668,14844.476425032084,1.0,0.0,1.0,2.0,0.0,1.0,0.0,7.0,7.0,287.3566666666666,1.0,1,3
475e9626-dacc-4395-97a7-25adea7c9e68,0,0,1.0,3.0,56916.0,18972.0,2810.933474844255,1.0,0.0,1.0,47.0,0.3333333333333333,0.6666666666666666,0.0,7.0,7.0,379.44000000000005,0.0,0,6
0fa039eb-00a2-45ac-b94a-9cf9c1b312f3,0,0,2.0,1.0,2968.0,1484.0,900.8540392316615,1.0,0.0,2.0,6.0,0.5,0.0,0.5,4.0,4.0,15.540000000000001,0.0,1,9
87d13625-d6b2-4cc8-ab2e-78b5e68f0f7a,0,0,1.0,3.0,66908.0,22302.666666666668,9337.186424899812,1.0,0.0,1.0,6.0,0.3333333333333333,0.6666666666666666,0.0,10.0,11.0,148.68444444444447,1.0,0,9
5c9b54f1-57f8-4a91-b6b5-8029807a5f7d,0,0,2.0,1.0,59413.0,59413.0,0.0,1.0,0.0,1.0,3.0,0.0,0.0,1.0,6.0,8.0,396.08666666666664,1.0,1,4
c70ef5aa-3931-4bae-bb79-8feeed98c653,0,0,1.0,1.0,21618.0,21618.0,0.0,1.0,0.0,1.0,4.0,0.0,1.0,0.0,7.0,7.0,216.18,1.0,1,5
1a5fca72-f007-433d-962b-574f5ad0fecf,0,0,1.0,2.0,17450.0,8725.0,3071.6718574743622,1.0,0.0,1.0,47.0,0.0,0.0,1.0,2.0,2.0,174.5,0.0,0,6
cafcd64d-f141-4290-a5ce-4b08ec86191b,5,1,2.0,2.0,30335.0,15167.5,2493.965617244953,1.0,0.0,1.0,6.0,1.0,0.0,0.0,3.0,3.0,101.11666666666667,1.0,1,9
15287599-b182-4308-8be7-5f87c0ee498d,5,1,0.0,2.0,28762.0,14381.0,5615.84205618356,0.0,1.0,1.0,6.0,0.5,0.5,0.0,5.0,5.0,95.87333333333333,1.0,0,9
0fd76963-48a7-4dcd-be84-5f3a23f4ecfe,5,1,1.0,3.0,22560.0,7520.0,6971.209292511594,0.6666666666666667,1.0,1.0,49.0,0.3333333333333333,0.6666666666666666,0.0,7.0,6.0,150.4,0.0,1,7
1ea77475-db16-4dec-ac4b-cc6f1aa8cce2,4,0,1.0,3.0,96168.0,32056.0,7692.037896422508,0.33333333333333337,1.0,1.0,6.0,0.6666666666666666,0.3333333333333333,0.0,11.0,8.0,213.70666666666668,1.0,0,9
3bc7e2dd-9511-4d18-86c7-5a96cbad7ba5,4,0,1.0,3.0,36911.0,12303.666666666666,5130.584794478436,0.33333333333333337,1.0,1.0,4.0,1.0,0.0,0.0,6.0,7.0,123.03666666666668,1.0,1,5
31431843-ddac-4102-8140-1207fd87064d,4,0,1.0,2.0,38496.0,19248.0,6648.21795671592,0.0,1.0,1.0,17.0,1.0,0.0,0.0,7.0,7.0,384.96000000000004,0.0,0,2
df5dc5f0-6099-4d36-a9f0-2350566f0568,3,0,1.0,3.0,41693.0,13897.666666666666,9293.29566587297,0.33333333333333337,1.0,1.0,5.0,0.3333333333333333,0.0,0.6666666666666666,5.0,5.0,92.65111111111112,1.0,1,8
6c7ee0eb-f0df-48a8-a754-4287572804d8,3,0,1.0,1.0,11618.0,11618.0,0.0,1.0,0.0,1.0,47.0,0.0,1.0,0.0,10.0,9.0,232.36,0.0,0,6
730ec2f3-ba1d-400f-a72e-b3665f601bf2,3,0,1.0,2.0,24919.0,12459.5,7696.85731321557,0.5,1.0,1.0,5.0,0.5,0.0,0.5,9.0,9.0,83.06333333333333,1.0,1,8
0f29e400-9dcc-415f-a759-59f838a4ce69,3,0,1.0,1.0,20815.0,20815.0,0.0,1.0,0.0,1.0,3.0,0.0,1.0,0.0,4.0,4.0,138.76666666666668,1.0,0,4
06399b76-cfbc-48b2-9770-67a1dc8ab32b,3,0,1.0,1.0,17101.0,17101.0,0.0,1.0,0.0,1.0,3.0,0.0,1.0,0.0,6.0,6.0,114.00666666666666,1.0,0,4
95d9d557-91e9-440d-954b-fc322eb7700a,3,0,1.0,1.0,21086.0,21086.0,0.0,1.0,0.0,1.0,3.0,0.0,1.0,0.0,4.0,4.0,140.57333333333332,1.0,0,4
43760c07-5331-475a-a57e-3ab299e37fb9,3,0,1.0,1.0,55869.0,55869.0,0.0,1.0,0.0,1.0,3.0,0.0,0.0,1.0,6.0,6.0,372.46,1.0,0,4
5e5da461-2680-482b-9959-16830415c1a4,3,0,0.0,1.0,29202.0,29202.0,0.0,1.0,0.0,1.0,5.0,1.0,0.0,0.0,7.0,7.0,194.68,1.0,0,8
6bee491f-ce0e-4eea-b1f5-e83718c0eeab,2,0,1.0,1.0,10727.0,10727.0,0.0,1.0,0.0,1.0,2.0,1.0,0.0,0.0,1.0,1.0,107.27,1.0,1,3
504a6328-e0c5-4815-b394-4aad168c4f92,2,0,1.0,2.0,20266.0,10133.0,5299.058218211987,1.0,0.0,1.0,17.0,0.5,0.5,0.0,7.0,7.0,202.66000000000003,0.0,1,2
346da299-8628-45b5-8c5d-9a77a91a57bf,2,0,2.0,1.0,12864.0,12864.0,0.0,1.0,0.0,1.0,3.0,1.0,0.0,0.0,4.0,4.0,85.76,1.0,0,4
4af8e4db-ff35-449f-9503-16cffb12f8c0,2,0,2.0,1.0,13113.0,13113.0,0.0,1.0,0.0,1.0,3.0,1.0,0.0,0.0,5.0,5.0,87.42,1.0,1,4
5355e417-4917-4b25-94d2-4867d87d754c,2,0,1.0,2.0,31399.0,15699.5,6965.70890146868,0.5,1.0,1.0,2.0,0.5,0.0,0.5,5.0,5.0,156.995,1.0,1,3
958f0383-00fb-42a6-9d9a-869b41e77d17,2,0,2.0,1.0,10127.0,10127.0,0.0,1.0,0.0,1.0,3.0,1.0,0.0,0.0,2.0,1.0,67.51333333333334,1.0,1,4
60fbd5f4-c698-4688-b1cf-c8929dc01dfb,1,0,1.0,2.0,50704.0,25352.0,3027.8312370407966,1.0,0.0,1.0,6.0,1.0,0.0,0.0,8.0,8.0,169.01333333333332,1.0,0,9
aad2cc1c-149b-4e07-939b-bd25b8e79053,1,0,1.0,1.0,13578.0,13578.0,0.0,1.0,0.0,1.0,3.0,1.0,0.0,0.0,6.0,5.0,90.52,1.0,0,4
3ef3e4f6-b64c-4dad-aa50-6b5161359232,1,0,2.0,1.0,9410.0,9410.0,0.0,1.0,0.0,1.0,3.0,1.0,0.0,0.0,2.0,2.0,62.733333333333334,1.0,0,4
d1e650d5-1f5a-4a4a-9928-c802b77d3e41,1,0,1.0,3.0,18516.0,6172.0,1001.9361257086202,1.0,0.0,1.0,2.0,0.0,1.0,0.0,2.0,2.0,61.72,1.0,0,3
6adcfc78-aecd-414a-bc6e-c0b0a916ccee,0,0,1.0,1.0,29631.0,29631.0,0.0,1.0,0.0,1.0,47.0,0.0,1.0,0.0,7.0,7.0,592.62,0.0,0,6
3197288a-c660-4711-b97c-dd36d19b31f2,0,0,1.0,3.0,91494.0,30498.0,21095.142971783815,1.0,0.0,1.0,17.0,0.3333333333333333,0.0,0.6666666666666666,14.0,13.0,609.96,0.0,0,2
64c52823-ee4a-4fdc-ae19-0be2251cd6ca,0,0,1.0,2.0,19964.0,9982.0,2462.1458120915586,1.0,0.0,1.0,6.0,0.0,0.0,1.0,3.0,3.0,66.54666666666667,1.0,0,9
1d6c7716-d687-4ce9-a7f8-7f0143560f29,0,0,1.0,3.0,53454.0,17818.0,9874.537001804187,1.0,0.0,1.0,2.0,0.3333333333333333,0.0,0.6666666666666666,4.0,2.0,178.17999999999998,1.0,0,3
2e655846-a500-4dd2-9f29-3ada23974b26,0,0,2.0,2.0,59278.0,29639.0,1919.08780414029,1.0,0.0,1.0,6.0,0.0,1.0,0.0,7.0,9.0,197.5933333333333,1.0,1,9
4830f08b-f6ae-4e9c-9fbd-5d028eb6e31a,0,0,1.0,2.0,33802.0,16901.0,7850.299484733051,1.0,0.0,1.0,6.0,1.0,0.0,0.0,5.0,5.0,112.67333333333335,1.0,0,9
3d8af543-dfe0-421b-aae5-c17cf0c7fb7a,0,0,2.0,1.0,17992.0,17992.0,0.0,1.0,0.0,1.0,6.0,1.0,0.0,0.0,6.0,4.0,119.94666666666667,1.0,1,9
1a057341-bf8c-4a17-b835-93cfa487bcd5,0,0,1.0,3.0,111347.0,37115.666666666664,6692.13361592051,1.0,0.0,1.0,6.0,0.3333333333333333,0.3333333333333333,0.3333333333333333,7.0,5.0,247.4377777777778,1.0,1,9
2d00ec64-7b33-46ad-8b3c-f8a76ba8337b,0,0,1.0,2.0,50541.0,25270.5,2397.799095003583,1.0,0.0,1.0,4.0,0.5,0.5,0.0,13.0,12.0,252.705,1.0,1,5
dd633a9b-3063-4e9d-92c7-c633b590da19,0,0,1.0,3.0,82762.0,27587.333333333332,1054.8897256743628,1.0,0.0,1.0,3.0,0.0,1.0,0.0,19.0,20.0,183.91555555555556,1.0,0,4
e887898e-d09d-4a66-b231-c31cef0d0860,0,0,1.0,3.0,47555.0,15851.666666666666,13671.577316949692,1.0,0.0,1.0,2.0,0.6666666666666666,0.3333333333333333,0.0,4.0,3.0,158.51666666666665,1.0,1,3
58fb08df-2803-437b-b2c7-29b1e03a119b,0,0,0.0,3.0,139694.0,46564.666666666664,34553.1551863695,1.0,0.0,2.0,1.0,0.6666666666666666,0.0,0.3333333333333333,9.0,9.0,0.0,0.0,0,1
83b42e97-44c9-4615-9866-c4cf291e33d5,0,0,2.0,1.0,27371.0,27371.0,0.0,1.0,0.0,1.0,1.0,0.0,1.0,0.0,13.0,12.0,547.42,0.0,1,1
fb009975-ab31-402a-a461-5b9ed019e12c,5,1,1.0,3.0,50987.0,16995.666666666668,1480.4949622789443,0.6666666666666667,1.0,1.0,6.0,1.0,0.0,0.0,20.0,19.0,113.30444444444443,1.0,0,9
4dfd9945-6380-4926-b906-0e2426512318,5,1,1.0,1.0,26493.0,26493.0,0.0,0.0,1.0,1.0,3.0,1.0,0.0,0.0,6.0,6.0,176.62,1.0,0,4
39381102-4db2-4d0b-a592-f5aa14a2441c,5,1,0.0,1.0,26698.0,26698.0,0.0,0.0,1.0,1.0,49.0,1.0,0.0,0.0,3.0,3.0,533.96,0.0,0,7
e0101e53-92d9-4180-b4c3-90a5891fc5ea,4,0,1.0,3.0,76782.0,25594.0,1029.88931444112,0.33333333333333337,1.0,1.0,2.0,1.0,0.0,0.0,4.0,5.0,255.93999999999997,1.0,0,3
b1528407-f990-4cdc-a3a2-d946f729fb8e,4,0,1.0,2.0,50210.0,25105.0,2996.7185386685883,0.5,1.0,1.0,2.0,1.0,0.0,0.0,3.0,4.0,251.05,1.0,1,3
9ad01c7e-c0bf-46c0-bf64-5eec72b52e49,4,0,0.0,3.0,57310.0,19103.333333333332,14088.92615969483,0.33333333333333337,1.0,1.0,6.0,0.6666666666666666,0.0,0.3333333333333333,15.0,14.0,127.35555555555555,1.0,0,9
a88cb1ca-9ad0-4989-925a-67ca746dc19f,4,0,1.0,3.0,98193.0,32731.0,7986.0070122683965,0.33333333333333337,1.0,1.0,2.0,0.0,0.6666666666666666,0.3333333333333333,10.0,11.0,327.31,1.0,0,3
476ecf41-4230-4c23-afe1-5bb010fe29d4,4,0,2.0,1.0,30310.0,30310.0,0.0,0.0,1.0,1.0,3.0,1.0,0.0,0.0,2.0,3.0,202.06666666666666,1.0,0,4
351291b4-21c2-46fd-8cd7-b9593060890c,4,0,1.0,3.0,42695.0,14231.666666666666,3147.095857029673,0.33333333333333337,1.0,1.0,6.0,0.3333333333333333,0.0,0.6666666666666666,13.0,12.0,94.87777777777778,1.0,1,9
bdd04061-c665-433b-9937-983e84b91cbf,4,0,2.0,1.0,22518.0,22518.0,0.0,0.0,1.0,1.0,6.0,1.0,0.0,0.0,4.0,4.0,150.12,1.0,0,9
02a9d88d-ec8c-45f0-850a-d08a9f3d0286,4,0,1.0,2.0,51585.0,25792.5,10414.975780096658,0.0,1.0,1.0,3.0,1.0,0.0,0.0,6.0,5.0,171.95,1.0,0,4
d000b2cd-2b04-4cf1-89f3-edbf6bf6f76e,3,0,0.0,2.0,17889.0,8944.5,2530.7351698666535,1.0,0.0,1.0,1.0,0.5,0.5,0.0,4.0,4.0,178.89,0.0,1,1
4a88f615-89a5-436a-bacc-731e2aface2b,3,0,0.0,1.0,1003.0,1003.0,0.0,1.0,0.0,1.0,2.0,1.0,0.0,0.0,1.0,1.0,10.03,1.0,0,3
9cb508e4-8ae8-4f4c-a6ca-71a9c034a044,3,0,0.0,2.0,29165.0,14582.5,723.3702371538382,1.0,0.0,1.0,3.0,0.5,0.0,0.5,25.0,25.0,97.21666666666667,1.0,1,4
eb2e1015-28bd-421d-9960-9b182c1ecde7,3,0,1.0,3.0,89502.0,29834.0,1230.6612043938007,0.33333333333333337,1.0,1.0,6.0,0.3333333333333333,0.0,0.6666666666666666,19.0,18.0,198.89333333333332,1.0,0,9
d1aa5cf3-b202-404e-80ed-f125a28be7b1,3,0,1.0,1.0,10741.0,3580.3333333333335,4136.745137585023,1.0,0.0,3.0,2.0,0.6666666666666666,0.3333333333333333,0.0,5.0,5.0,33.22555555555556,0.0,0,3
8225f263-4536-4ca5-a4df-3d3cc1b22b65,3,0,1.0,2.0,59899.0,29949.5,35484.73960028451,0.5,1.0,1.0,3.0,0.5,0.5,0.0,11.0,10.0,199.66333333333333,1.0,1,4
dd74775a-49ff-48b2-915a-5261cc421632,3,0,1.0,1.0,11024.0,11024.0,0.0,1.0,0.0,1.0,2.0,0.0,1.0,0.0,2.0,2.0,110.24,1.0,1,3
f94361aa-359a-417c-906c-25ec2c6b6ef5,2,0,2.0,1.0,31846.0,31846.0,0.0,1.0,0.0,1.0,47.0,0.0,1.0,0.0,11.0,10.0,636.92,0.0,1,6
c9ca0635-4434-4358-8dc8-75b46b47f641,2,0,1.0,2.0,40234.0,20117.0,7362.395805714333,1.0,0.0,1.0,5.0,0.5,0.5,0.0,8.0,8.0,134.11333333333334,1.0,0,8
a5dce0d5-4bd2-4e5d-9c1b-1a65633eefcd,2,0,1.0,1.0,15652.0,15652.0,0.0,1.0,0.0,1.0,5.0,0.0,1.0,0.0,2.0,2.0,104.34666666666666,1.0,0,8
d1332ae6-00ba-4d58-b8b3-ae43f9f095b4,2,0,2.0,1.0,26079.0,26079.0,0.0,1.0,0.0,1.0,3.0,0.0,1.0,0.0,12.0,12.0,173.86,1.0,0,4
1ea5f9b4-302e-4f5f-b2b4-aeba4b9b3f08,2,0,1.0,2.0,40842.0,20421.0,7611.297392691998,1.0,0.0,1.0,5.0,0.5,0.5,0.0,11.0,11.0,136.14000000000001,1.0,0,8
3b68d10d-22d5-4032-8d5a-1ee0a6ed015e,1,0,1.0,2.0,15103.0,7551.5,1665.2364696943193,1.0,0.0,1.0,3.0,0.0,0.5,0.5,5.0,5.0,50.343333333333334,1.0,1,4
b66783be-ef40-42b6-a641-57b286ba35d4,1,0,0.0,2.0,20410.0,10205.0,4029.094439200948,1.0,0.0,1.0,17.0,1.0,0.0,0.0,5.0,5.0,204.1,0.0,1,2
164b1262-a60d-460a-a43d-ed95b793ff27,1,0,1.0,2.0,11920.0,5960.0,825.9007204258875,1.0,0.0,1.0,17.0,1.0,0.0,0.0,3.0,2.0,119.19999999999999,0.0,1,2
b05262f1-9d12-4dad-8759-fefc4dc84f01,1,0,1.0,1.0,9651.0,9651.0,0.0,1.0,0.0,1.0,2.0,0.0,0.0,1.0,1.0,1.0,96.51,1.0,1,3
c5afa559-16a9-45c9-b829-3e9ed88ce0e2,1,0,1.0,1.0,32931.0,32931.0,0.0,1.0,0.0,1.0,5.0,0.0,1.0,0.0,6.0,6.0,219.54,1.0,0,8
eab27975-08ff-41df-b6ed-2caddcb5c4ae,1,0,2.0,2.0,21401.0,10700.5,9112.485089151038,1.0,0.0,1.0,4.0,1.0,0.0,0.0,1.0,1.0,107.005,1.0,1,5
eb57b732-1f6f-4e3b-bb51-0622ebd2ebe0,1,0,1.0,3.0,42976.0,14325.333333333334,5938.320497694052,1.0,0.0,1.0,3.0,0.3333333333333333,0.6666666666666666,0.0,8.0,8.0,95.50222222222222,1.0,0,4
8c1e1cb3-9812-4882-8b83-c7ef062f3235,1,0,1.0,3.0,54924.0,18308.0,12917.680945123238,1.0,0.0,1.0,2.0,0.6666666666666666,0.3333333333333333,0.0,4.0,4.0,183.08,1.0,0,3
d072a53a-6e20-48f2-b988-68a167d3e7ef,1,0,1.0,1.0,6467.0,6467.0,0.0,1.0,0.0,1.0,17.0,1.0,0.0,0.0,1.0,1.0,129.34,0.0,0,2
6d9725f8-84ee-485a-93f1-b80e477d53b3,1,0,2.0,1.0,11747.0,11747.0,0.0,1.0,0.0,1.0,6.0,0.0,0.0,1.0,3.0,2.0,78.31333333333333,1.0,0,9
07659a6a-d34a-4700-a195-e58ef559371f,1,0,1.0,3.0,51978.0,17326.0,13095.38178137621,1.0,0.0,1.0,2.0,0.6666666666666666,0.3333333333333333,0.0,5.0,4.0,173.26,1.0,0,3
3f3c41b3-2699-458c-b836-7ab624f90759,0,0,1.0,3.0,10065.0,3355.0,197.65373763225426,1.0,0.0,1.0,1.0,0.0,1.0,0.0,3.0,2.0,67.10000000000001,0.0,1,1
0511bc58-d8b8-40ab-879e-3fe294a017b2,0,0,1.0,3.0,53834.0,17944.666666666668,3690.4295594596215,1.0,0.0,1.0,2.0,1.0,0.0,0.0,6.0,4.0,179.4466666666667,1.0,0,3
7a4434cf-7a16-47ae-ba31-803937c5fde2,0,0,1.0,2.0,14827.0,7413.5,1320.1683604752843,1.0,0.0,1.0,47.0,1.0,0.0,0.0,3.0,3.0,148.26999999999998,0.0,1,6
3e5c255b-bb55-4d3a-875d-5338661c545b,0,0,1.0,2.0,31873.0,15936.5,7042.076433836827,1.0,0.0,1.0,2.0,1.0,0.0,0.0,5.0,6.0,159.365,1.0,0,3
deb82b95-5e59-4992-b35e-144f86c93abe,0,0,2.0,1.0,6835.0,6835.0,0.0,1.0,0.0,1.0,1.0,1.0,0.0,0.0,1.0,1.0,136.7,0.0,1,1
44958fce-4e00-4c37-906f-44f6084af23c,0,0,1.0,1.0,228.0,228.0,0.0,1.0,0.0,1.0,5.0,0.0,0.0,1.0,1.0,1.0,1.52,1.0,0,8
7faa562f-b924-436f-b602-a950f56a8f5e,6,1,1.0,3.0,25383.0,8461.0,1811.5647932105549,1.0,0.0,1.0,5.0,0.0,0.0,1.0,4.0,4.0,56.406666666666666,1.0,1,8
d6dd89ba-dce4-4cf7-b35f-40f9359bfaf6,6,1,1.0,2.0,21515.0,10757.5,1755.7461376861975,1.0,0.0,1.0,17.0,1.0,0.0,0.0,4.0,3.0,215.14999999999998,0.0,0,2
0d076cc7-c4ef-409d-9db4-25a1d7db1270,5,1,1.0,1.0,6206.0,6206.0,0.0,0.0,1.0,1.0,6.0,0.0,1.0,0.0,1.0,1.0,41.373333333333335,1.0,0,9
76449c96-d9de-48c4-847a-8df70abf3a08,5,1,1.0,3.0,36591.0,12197.0,6194.507325042081,0.6666666666666667,1.0,1.0,49.0,0.3333333333333333,0.0,0.6666666666666666,6.0,6.0,243.93999999999997,0.0,1,7
f31438d1-6ebd-4b21-aaeb-31d53b2d1d7d,5,1,0.0,1.0,6701.0,6701.0,0.0,0.0,1.0,1.0,6.0,1.0,0.0,0.0,5.0,5.0,44.67333333333333,1.0,0,9
3cb4bc09-75d0-47bc-9ea1-d64053133c43,5,1,1.0,1.0,33214.0,33214.0,0.0,0.0,1.0,1.0,5.0,1.0,0.0,0.0,6.0,7.0,221.42666666666668,1.0,0,8
5eb45848-2a05-4f86-a72d-5a7c5a7514bc,5,1,1.0,3.0,31670.0,10556.666666666666,6836.819460343628,0.6666666666666667,1.0,1.0,49.0,0.3333333333333333,0.0,0.6666666666666666,5.0,4.0,211.13333333333335,0.0,1,7
b7c9480e-51a1-4725-90cd-316d4d5edc34,5,1,2.0,2.0,10018.0,5009.0,1533.0075016124351,1.0,0.0,1.0,2.0,0.0,0.0,1.0,1.0,0.0,50.09,1.0,1,3
530f30ae-20f4-4bc0-90f7-2cec8d558923,4,0,1.0,2.0,40188.0,20094.0,9041.067304251197,0.0,1.0,1.0,2.0,0.0,1.0,0.0,8.0,8.0,200.94,1.0,0,3
d21938fe-c797-41cf-8d33-ff33accf5ed8,4,0,1.0,2.0,33984.0,16992.0,541.6437943888955,0.0,1.0,1.0,3.0,1.0,0.0,0.0,7.0,6.0,113.28,1.0,1,4
102fb04d-2f62-47bb-8065-b6f56537f6db,4,0,0.0,2.0,35941.0,17970.5,6166.678238727881,0.5,1.0,1.0,3.0,0.5,0.0,0.5,14.0,15.0,119.80333333333334,1.0,1,4
e9e9391d-3424-4ff8-8de6-36dbedfe17db,3,0,1.0,2.0,20948.0,10474.0,155.56349186104046,0.5,1.0,1.0,3.0,1.0,0.0,0.0,6.0,5.0,69.82666666666667,1.0,1,4
05c361ab-53d0-41d0-93e8-84bbbc80c25f,3,0,1.0,3.0,59630.0,19876.666666666668,12494.124072272267,0.33333333333333337,1.0,1.0,2.0,0.6666666666666666,0.0,0.3333333333333333,4.0,4.0,198.76666666666668,1.0,0,3
60cf4eb3-2d9f-4841-8365-de83b04381ce,3,0,1.0,3.0,59550.0,19850.0,4139.680784794886,0.33333333333333337,1.0,1.0,3.0,0.6666666666666666,0.3333333333333333,0.0,7.0,7.0,132.33333333333334,1.0,1,4
7d37da2a-3e17-428d-91c0-536e7e3b8dd6,3,0,2.0,2.0,42079.0,21039.5,3646.5496705790256,0.0,1.0,1.0,3.0,0.5,0.5,0.0,7.0,7.0,140.26333333333335,1.0,1,4
c5206c34-6375-4529-804b-e12f4ee2a156,3,0,1.0,2.0,8108.0,4054.0,722.6631303726516,0.5,1.0,1.0,3.0,0.0,0.0,1.0,5.0,5.0,27.026666666666667,1.0,1,4
5e7c6479-5706-44ac-ab50-a8dc7fb9a738,3,0,1.0,1.0,10453.0,10453.0,0.0,1.0,0.0,1.0,3.0,1.0,0.0,0.0,3.0,3.0,69.68666666666667,1.0,0,4
c759aad8-6c96-4354-8421-e15589e9abab,3,0,1.0,1.0,11636.0,11636.0,0.0,1.0,0.0,1.0,6.0,1.0,0.0,0.0,4.0,4.0,77.57333333333334,1.0,0,9
3bfb2b59-a9b9-43a1-9ac5-7f1e9601dbbf,2,0,1.0,3.0,57253.0,19084.333333333332,6039.521862973371,0.6666666666666667,1.0,1.0,2.0,0.0,1.0,0.0,4.0,4.0,190.84333333333333,1.0,0,3
0ce558ad-e6cc-4e78-a9b4-29c0b826efa4,2,0,2.0,1.0,35191.0,35191.0,0.0,1.0,0.0,1.0,2.0,1.0,0.0,0.0,1.0,1.0,351.91,1.0,0,3
da57e71d-a892-4022-8c91-f6527ba4db66,2,0,1.0,2.0,29941.0,14970.5,15006.927217122098,1.0,0.0,1.0,3.0,0.0,0.0,1.0,4.0,4.0,99.80333333333333,1.0,0,4
a043adc3-e0d8-451d-bcfa-d3c9e11a0a0c,0,0,1.0,2.0,25979.0,12989.5,10255.169647548499,1.0,0.0,1.0,47.0,0.0,1.0,0.0,2.0,2.0,259.79,0.0,0,6
350dc5da-026d-4b48-9055-58efe0a1dea7,0,0,0.0,1.0,306.0,306.0,0.0,1.0,0.0,1.0,2.0,1.0,0.0,0.0,1.0,1.0,3.06,1.0,0,3
1ac5a147-5429-43db-86db-5a591f811b0b,0,0,2.0,1.0,418.0,418.0,0.0,1.0,0.0,1.0,1.0,1.0,0.0,0.0,1.0,1.0,8.36,0.0,0,1
7197558f-1642-48b5-8643-88ae89e4b3ce,0,0,2.0,2.0,30637.0,15318.5,15282.698861784851,1.0,0.0,1.0,6.0,0.0,0.0,1.0,2.0,1.0,102.12333333333333,1.0,1,9
c2c9df70-653b-48ab-8984-dec00e0076bd,0,0,1.0,1.0,22556.0,22556.0,0.0,1.0,0.0,1.0,2.0,1.0,0.0,0.0,2.0,1.0,225.56,1.0,0,3
b35a981a-a8f4-4b86-a1a7-5cf01baa78a3,0,0,1.0,1.0,13030.0,13030.0,0.0,1.0,0.0,1.0,6.0,1.0,0.0,0.0,2.0,2.0,86.86666666666666,1.0,0,9
22465e75-11ae-4f4a-9b72-cfb7dbbf2b28,0,0,1.0,2.0,36169.0,18084.5,3701.7039995115765,1.0,0.0,1.0,2.0,1.0,0.0,0.0,1.0,1.0,180.845,1.0,0,3
616f050b-1545-455a-ae4f-c9133158aba6,0,0,1.0,1.0,20580.0,20580.0,0.0,1.0,0.0,1.0,2.0,1.0,0.0,0.0,1.0,1.0,205.8,1.0,0,3
d7264fd5-8db6-43d8-859e-dc000635a7d6,0,0,1.0,2.0,25697.0,12848.5,8469.01791827128,1.0,0.0,1.0,6.0,0.5,0.0,0.5,6.0,7.0,85.65666666666667,1.0,1,9
46c197fd-1bc3-4600-ab41-bb1ddf49d013,0,0,1.0,1.0,10662.0,10662.0,0.0,1.0,0.0,1.0,6.0,1.0,0.0,0.0,5.0,5.0,71.08,1.0,0,9
94971a31-6eb9-4f12-a7f1-21a573d7a473,0,0,1.0,2.0,12215.0,6107.5,528.208765546351,1.0,0.0,1.0,2.0,1.0,0.0,0.0,2.0,2.0,61.075,1.0,0,3
485a725e-ad59-43af-900e-c30ad84e3a5a,0,0,1.0,1.0,12672.0,12672.0,0.0,1.0,0.0,1.0,3.0,1.0,0.0,0.0,3.0,3.0,84.48,1.0,0,4
103fd3cf-955b-4a66-a601-032d39b54bf2,0,0,1.0,3.0,102641.0,34213.666666666664,9334.093974957255,1.0,0.0,1.0,6.0,0.3333333333333333,0.0,0.6666666666666666,11.0,9.0,228.0911111111111,1.0,0,9
4a9ef72c-9c69-4f91-acfa-f186fef6169c,0,0,2.0,1.0,11217.0,11217.0,0.0,1.0,0.0,1.0,3.0,1.0,0.0,0.0,2.0,2.0,74.78,1.0,1,4
c9091bed-0725-4066-ad47-7cc38ab918f5,0,0,1.0,1.0,12821.0,12821.0,0.0,1.0,0.0,1.0,6.0,0.0,1.0,0.0,8.0,7.0,85.47333333333333,1.0,0,9
ddbf751b-1a58-4401-98e3-8b47bf57874f,0,0,1.0,3.0,105799.0,35266.333333333336,9608.234818806903,1.0,0.0,1.0,6.0,0.3333333333333333,0.0,0.6666666666666666,16.0,12.0,235.1088888888889,1.0,0,9
358e312f-6b82-421e-af36-73c6448bc895,0,0,1.0,3.0,56756.0,18918.666666666668,7203.667561272753,1.0,0.0,1.0,49.0,0.0,1.0,0.0,8.0,8.0,378.3733333333334,0.0,0,7
376861f4-64dd-4789-8739-dd28ae6faaa7,0,0,1.0,1.0,20599.0,20599.0,0.0,1.0,0.0,1.0,2.0,1.0,0.0,0.0,1.0,1.0,205.99,1.0,1,3
327f2aba-77fe-4864-a946-8ecc41a7f9fc,0,0,1.0,1.0,16597.0,16597.0,0.0,1.0,0.0,1.0,1.0,1.0,0.0,0.0,3.0,3.0,331.94,0.0,1,1
8484d02e-b1ab-440e-8560-9a3330251ac0,0,0,1.0,1.0,19318.0,19318.0,0.0,1.0,0.0,1.0,2.0,1.0,0.0,0.0,1.0,1.0,193.18,1.0,0,3
17de1b27-af69-4527-89c7-25eaf56b3fab,0,0,1.0,1.0,27835.0,27835.0,0.0,1.0,0.0,1.0,6.0,1.0,0.0,0.0,4.0,4.0,185.56666666666666,1.0,1,9
61d66e8e-bae9-411a-84f0-5613af05625b,0,0,1.0,1.0,12857.0,12857.0,0.0,1.0,0.0,1.0,6.0,1.0,0.0,0.0,2.0,2.0,85.71333333333334,1.0,0,9
328da17d-0a82-4b9d-95ca-696a5b48e21e,0,0,1.0,1.0,22080.0,22080.0,0.0,1.0,0.0,1.0,3.0,0.0,1.0,0.0,3.0,3.0,147.2,1.0,0,4
7e3c5a32-a1d1-459b-8694-ed87e5f6b2ca,0,0,1.0,1.0,10317.0,10317.0,0.0,1.0,0.0,1.0,49.0,1.0,0.0,0.0,4.0,4.0,206.34,0.0,0,7
be0a36a3-a424-41f8-86e2-f32ed66ac144,4,0,1.0,1.0,22710.0,22710.0,0.0,0.0,1.0,1.0,3.0,1.0,0.0,0.0,7.0,7.0,151.4,1.0,0,4
614d7f8d-77b5-43ac-85a6-215269ef7388,4,0,1.0,2.0,14592.0,7296.0,10206.379279646628,0.0,1.0,1.0,6.0,0.5,0.0,0.5,7.0,7.0,48.64,1.0,1,9
c9fc7f57-237a-4af6-8c58-8532c3f03982,4,0,1.0,2.0,25894.0,12947.0,2938.7357826112916,0.0,1.0,1.0,6.0,1.0,0.0,0.0,7.0,7.0,86.31333333333333,1.0,1,9
252e2d8e-3047-477b-bed1-97f00a9bd05e,3,0,1.0,2.0,10156.0,5078.0,2637.5082938258224,0.5,1.0,1.0,17.0,0.5,0.0,0.5,2.0,2.0,101.56,0.0,1,2
03f95534-babd-463b-a36d-1ffd5248b8bb,3,0,1.0,3.0,71978.0,23992.666666666668,7121.937400267805,0.33333333333333337,1.0,1.0,6.0,0.3333333333333333,0.3333333333333333,0.3333333333333333,15.0,15.0,159.95111111111112,1.0,1,9
0b9745f0-e54a-4cb3-951e-0b39d44fb5d3,3,0,2.0,2.0,34990.0,17495.0,3245.620125646253,0.0,1.0,1.0,6.0,0.0,1.0,0.0,5.0,5.0,116.63333333333333,1.0,0,9
9e9df553-d4bf-474f-8ec5-197aa3128c48,3,0,1.0,1.0,14059.0,14059.0,0.0,1.0,0.0,1.0,6.0,1.0,0.0,0.0,6.0,4.0,93.72666666666667,1.0,0,9
84a448e5-ce0d-444a-94d0-0677bb49023f,3,0,1.0,1.0,43642.0,43642.0,0.0,1.0,0.0,1.0,6.0,0.0,1.0,0.0,4.0,3.0,290.94666666666666,1.0,1,9
ec28eb06-fe51-48df-934d-78ece324fbba,3,0,2.0,2.0,34292.0,17146.0,3733.523804664971,0.0,1.0,1.0,6.0,0.0,1.0,0.0,6.0,6.0,114.30666666666667,1.0,0,9
7bcfaddc-8c87-4a7e-8fff-a6d7db4dd982,3,0,2.0,2.0,51561.0,25780.5,6868.128165664936,0.0,1.0,1.0,6.0,0.0,1.0,0.0,7.0,7.0,171.87,1.0,0,9
93e5e56d-4d38-494e-b15a-5ec25920794d,3,0,1.0,1.0,16372.0,16372.0,0.0,1.0,0.0,1.0,47.0,1.0,0.0,0.0,3.0,3.0,327.44,0.0,0,6
0dd027be-fdf6-42ad-913a-ad1231e6ba74,3,0,1.0,1.0,25261.0,25261.0,0.0,1.0,0.0,1.0,17.0,1.0,0.0,0.0,4.0,4.0,505.22,0.0,1,2
b237e4aa-d43b-4e2b-9582-fee045fa7cf7,3,0,1.0,2.0,63195.0,31597.5,25361.7989208179,0.5,1.0,1.0,6.0,0.5,0.5,0.0,6.0,3.0,210.64999999999998,1.0,1,9
08fb813e-ec5c-4f3b-baec-2b6df3d68a82,3,0,2.0,1.0,12945.0,12945.0,0.0,0.0,1.0,1.0,6.0,1.0,0.0,0.0,4.0,4.0,86.3,1.0,0,9
63f7f946-65ca-4c30-b203-dd7d480736c3,3,0,2.0,2.0,26109.0,13054.5,6631.9545007486295,0.0,1.0,1.0,17.0,1.0,0.0,0.0,3.0,3.0,261.09000000000003,0.0,0,2
a5a86fd2-2e5c-4b26-bf24-db2f24ddbf35,3,0,1.0,2.0,63421.0,31710.5,1051.4677836243961,0.5,1.0,1.0,17.0,0.0,1.0,0.0,10.0,9.0,634.21,0.0,0,2
b4ef0197-d649-429a-95a5-b42d5f47e023,2,0,1.0,1.0,26020.0,26020.0,0.0,1.0,0.0,1.0,2.0,1.0,0.0,0.0,3.0,4.0,260.2,1.0,0,3
ee6dbad3-bb77-4bfd-8ef6-01b02332f094,2,0,1.0,2.0,35375.0,17687.5,4446.994546882197,1.0,0.0,1.0,6.0,0.5,0.5,0.0,6.0,6.0,117.91666666666666,1.0,1,9
cb5ed3f0-e7fe-48ec-b543-152ded4d124c,2,0,1.0,3.0,20643.0,6881.0,8866.598727809893,0.6666666666666667,1.0,1.0,49.0,0.0,0.3333333333333333,0.6666666666666666,2.0,1.0,137.62,0.0,0,7
1a855cae-014f-4f56-923e-ca04836c1272,2,0,1.0,2.0,31032.0,15516.0,20347.704735424093,1.0,0.0,1.0,5.0,0.0,0.5,0.5,5.0,5.0,103.44000000000001,1.0,1,8
1e3a8aaf-c62f-4805-af4e-f44e4703cab6,2,0,1.0,2.0,54416.0,27208.0,5192.992201034005,1.0,0.0,1.0,1.0,0.0,0.0,1.0,11.0,11.0,544.1600000000001,0.0,0,1
7b271083-8bc9-4a19-9d10-2f34001a0e5b,2,0,1.0,3.0,49830.0,16610.0,10013.722784259608,0.6666666666666667,1.0,1.0,4.0,0.0,0.3333333333333333,0.6666666666666666,7.0,6.0,166.1,1.0,0,5
6fe99371-1e23-4afa-aa54-bd503230405c,1,0,2.0,1.0,7520.0,7520.0,0.0,1.0,0.0,1.0,17.0,1.0,0.0,0.0,3.0,2.0,150.4,0.0,0,2
7ddea60d-b143-446f-bb8e-eedb772e0842,1,0,1.0,1.0,8916.0,8916.0,0.0,1.0,0.0,1.0,6.0,0.0,0.0,1.0,5.0,5.0,59.44,1.0,1,9
72803d9f-1791-4851-b134-070a55595380,1,0,2.0,1.0,14696.0,14696.0,0.0,1.0,0.0,1.0,2.0,1.0,0.0,0.0,2.0,3.0,146.96,1.0,1,3
2f6d7e00-f2ff-4569-978c-5b43663d1eac,1,0,2.0,1.0,14687.0,14687.0,0.0,1.0,0.0,1.0,2.0,1.0,0.0,0.0,4.0,2.0,146.87,1.0,1,3
36a56307-8126-41fb-b984-7ef720e04c0c,1,0,0.0,3.0,86999.0,28999.666666666668,14205.129085416062,1.0,0.0,1.0,6.0,0.0,1.0,0.0,24.0,25.0,193.3311111111111,1.0,1,9
6308ad3e-d935-4a9e-9379-5cddb9def873,1,0,1.0,1.0,5290.0,5290.0,0.0,1.0,0.0,1.0,2.0,0.0,0.0,1.0,1.0,1.0,52.9,1.0,1,3
145b920f-b5c9-4138-860a-54c8dbd33b99,1,0,2.0,2.0,28763.0,14381.5,4940.555080150408,1.0,0.0,1.0,17.0,0.5,0.0,0.5,3.0,3.0,287.63,0.0,1,2
c8e86b62-f069-4e14-ae65-dcfd549eaa57,0,0,1.0,1.0,9609.0,9609.0,0.0,1.0,0.0,1.0,6.0,0.0,0.0,1.0,1.0,1.0,64.06,1.0,1,9
ade87d9e-4235-4ba9-9d8f-9c74f9adc58a,0,0,1.0,2.0,11892.0,5946.0,3594.9308755524075,1.0,0.0,1.0,47.0,0.0,0.0,1.0,3.0,3.0,118.91999999999999,0.0,0,6
67c430a3-5cc2-4b6f-81bc-0a3aae2de16a,0,0,1.0,2.0,49065.0,24532.5,12626.80579164818,1.0,0.0,1.0,49.0,0.0,0.5,0.5,7.0,7.0,490.65,0.0,0,7
f86552ac-c204-417b-b050-0b05c95adee2,0,0,1.0,1.0,36708.0,36708.0,0.0,1.0,0.0,1.0,6.0,0.0,0.0,1.0,4.0,4.0,244.72,1.0,0,9
d3cf5c0e-fd7c-4bd1-bcbc-e675524c0022,0,0,1.0,3.0,58042.0,19347.333333333332,13855.804283163548,1.0,0.0,1.0,3.0,0.0,1.0,0.0,9.0,9.0,128.98222222222222,1.0,0,4
1a8b1725-19a5-47ad-8c36-6eb985574e2e,0,0,1.0,3.0,58581.0,19527.0,3773.1274826064387,1.0,0.0,1.0,47.0,1.0,0.0,0.0,11.0,11.0,390.54,0.0,0,6
5c40f59f-56d5-4602-8124-af5a90809a07,4,0,0.0,1.0,68121.0,34060.5,39386.55481887188,1.0,0.0,2.0,1.0,0.0,0.0,1.0,5.0,6.0,639.8100000000001,0.0,0,1
8942a078-1237-4802-810b-5bfa313b55fc,4,0,1.0,2.0,27064.0,13532.0,4381.233616231849,0.5,1.0,1.0,3.0,0.5,0.5,0.0,8.0,9.0,90.21333333333334,1.0,0,4
1e0b2ded-9265-4984-b115-f749ca2afa23,4,0,1.0,3.0,85479.0,28493.0,5966.40603713827,0.33333333333333337,1.0,1.0,6.0,0.6666666666666666,0.3333333333333333,0.0,11.0,10.0,189.9533333333333,1.0,0,9
83c113bc-3973-4e4c-a246-ef08ba54036a,4,0,1.0,3.0,82369.0,27456.333333333332,1040.612479904663,0.33333333333333337,1.0,1.0,5.0,0.0,1.0,0.0,10.0,9.0,183.04222222222222,1.0,1,8
f5d98538-8558-4b81-b7d9-53368122b9f0,4,0,1.0,1.0,23833.0,23833.0,0.0,0.0,1.0,1.0,2.0,1.0,0.0,0.0,2.0,2.0,238.33,1.0,1,3
dc54d141-2c4b-4623-bab1-69a9588b839c,3,0,1.0,3.0,98228.0,32742.666666666668,2952.6370134734357,0.33333333333333337,1.0,1.0,17.0,0.6666666666666666,0.0,0.3333333333333333,17.0,11.0,0.0,0.0,0,2
76db08f2-f147-453a-951e-a9539e51a645,3,0,0.0,1.0,6468.0,6468.0,0.0,1.0,0.0,1.0,17.0,1.0,0.0,0.0,2.0,2.0,129.36,0.0,0,2
103ae2d4-faa4-4487-aef2-37fe3661f363,2,0,2.0,1.0,38966.0,38966.0,0.0,1.0,0.0,1.0,17.0,1.0,0.0,0.0,9.0,9.0,0.0,0.0,0,2
70632e62-0c45-499a-b900-51160b57097e,2,0,0.0,1.0,17927.0,17927.0,0.0,1.0,0.0,1.0,6.0,1.0,0.0,0.0,4.0,4.0,119.51333333333334,1.0,1,9
84ebdf7b-96bb-46f4-a9aa-1c884404aac8,2,0,1.0,1.0,6276.0,6276.0,0.0,1.0,0.0,1.0,3.0,0.0,0.0,1.0,2.0,2.0,41.84,1.0,0,4
36c50678-4af3-4588-86e3-751605b20ec0,2,0,1.0,2.0,35287.0,17643.5,7438.056231301293,1.0,0.0,1.0,5.0,0.0,0.5,0.5,13.0,13.0,117.62333333333333,1.0,1,8
1336e099-5459-4cee-beed-7dfdcb1f8b07,2,0,0.0,1.0,12626.0,12626.0,0.0,1.0,0.0,1.0,47.0,0.0,0.0,1.0,3.0,3.0,252.52,0.0,1,6
c2ccae7f-2956-4576-b7f2-ec0723d45f68,1,0,2.0,2.0,22478.0,11239.0,5456.035923635401,1.0,0.0,1.0,17.0,0.0,0.0,1.0,3.0,2.0,224.78,0.0,1,2
b247dfde-2648-4adf-aaee-aac6ff5be0c7,1,0,1.0,3.0,51874.0,17291.333333333332,1803.0253279788756,1.0,0.0,1.0,49.0,0.0,1.0,0.0,12.0,12.0,345.82666666666665,0.0,1,7
ac48269e-e7e8-4993-aa07-51c0c0891219,1,0,1.0,2.0,45468.0,22734.0,3572.3034585544383,1.0,0.0,1.0,6.0,0.5,0.5,0.0,12.0,11.0,151.56,1.0,0,9
3ef9f035-8245-4f22-852f-0449efb2fe29,1,0,0.0,1.0,14428.0,14428.0,0.0,1.0,0.0,1.0,6.0,1.0,0.0,0.0,5.0,5.0,96.18666666666667,1.0,1,9
5b12e1c8-47cb-4fcd-8ebf-13051c03e919,1,0,1.0,2.0,5926.0,2963.0,5.656854249492381,1.0,0.0,1.0,2.0,0.0,0.0,1.0,2.0,2.0,29.630000000000003,1.0,1,3
0befb2dc-5b7d-47d9-856a-6b8f94a5ecc9,0,0,1.0,2.0,82060.0,41030.0,8581.44789647994,1.0,0.0,1.0,6.0,0.0,1.0,0.0,13.0,11.0,273.53333333333336,1.0,0,9
8819c993-66f9-4454-9830-86db27abd66b,0,0,1.0,2.0,2313.0,1156.5,1447.4475810888628,1.0,0.0,1.0,47.0,0.5,0.0,0.5,4.0,4.0,23.130000000000003,0.0,1,6
0c0973ed-4682-4725-a1c8-9ba1fd744311,0,0,2.0,1.0,3095.0,3095.0,0.0,1.0,0.0,1.0,3.0,0.0,0.0,1.0,3.0,3.0,20.633333333333333,1.0,1,4
2efab0fc-7560-432e-ab4d-2fa6974f247e,0,0,1.0,3.0,33704.0,11234.666666666666,2136.4293419940973,1.0,0.0,1.0,17.0,0.0,1.0,0.0,6.0,6.0,224.69333333333336,0.0,1,2
aa04fcfb-548c-4d05-b4a0-e59560a512e8,0,0,1.0,2.0,24385.0,12192.5,1655.3369747577078,1.0,0.0,1.0,2.0,0.5,0.0,0.5,6.0,8.0,121.925,1.0,0,3
c43d7673-3164-4684-b9fb-80deee4220eb,5,1,0.0,1.0,26169.0,26169.0,0.0,0.0,1.0,1.0,2.0,1.0,0.0,0.0,2.0,2.0,261.69,1.0,0,3
5e88d589-506d-42a5-947c-2c5117f8f0f8,5,1,0.0,2.0,72762.0,36381.0,51362.82237182844,0.0,1.0,1.0,17.0,0.0,0.0,1.0,11.0,13.0,0.0,0.0,0,2
7a23997b-3db4-4ce7-bba1-ec1ffb914b05,4,0,2.0,2.0,55188.0,27594.0,20375.989006671552,0.5,1.0,1.0,6.0,0.5,0.5,0.0,7.0,7.0,183.95999999999998,1.0,0,9
0390591d-05de-48bf-8af8-4e0e3843fe9d,4,0,1.0,1.0,24989.0,24989.0,0.0,0.0,1.0,1.0,17.0,0.0,0.0,1.0,4.0,4.0,499.78,0.0,0,2
beed108c-1c1e-4c1b-98e5-b0de7f0d4dc0,4,0,1.0,3.0,56596.0,18865.333333333332,8868.523345706055,0.33333333333333337,1.0,1.0,47.0,0.6666666666666666,0.0,0.3333333333333333,9.0,8.0,377.3066666666667,0.0,1,6
1855cfc2-2f9e-4520-bd4b-18d110c76ec2,4,0,2.0,2.0,43073.0,21536.5,10331.537179916646,0.5,1.0,1.0,3.0,0.5,0.0,0.5,6.0,5.0,143.57666666666665,1.0,1,4
69d4f4bc-ed12-4e24-acac-fa94965db9b2,3,0,1.0,3.0,27677.0,9225.666666666666,8583.915268298804,0.33333333333333337,1.0,1.0,6.0,0.3333333333333333,0.0,0.6666666666666666,7.0,3.0,61.50444444444444,1.0,0,9
dbac52dd-90fc-4091-91ca-9ca7fd6df5ca,3,0,1.0,2.0,29615.0,14807.5,5079.148009262971,0.5,1.0,1.0,3.0,0.0,0.0,1.0,8.0,8.0,98.71666666666667,1.0,0,4
fad09c56-40fc-4feb-874b-e79f7b4772c9,3,0,1.0,1.0,7711.0,7711.0,0.0,1.0,0.0,1.0,1.0,0.0,1.0,0.0,2.0,2.0,154.22,0.0,1,1
7ee5d25e-9bed-449f-8c92-eb25a8c2f9ba,2,0,0.0,1.0,7157.0,7157.0,0.0,1.0,0.0,1.0,3.0,1.0,0.0,0.0,2.0,2.0,47.71333333333333,1.0,0,4
5e674ecf-7ec6-4f5d-8da8-5d465dbeaf1e,2,0,0.0,1.0,9872.0,9872.0,0.0,1.0,0.0,1.0,3.0,1.0,0.0,0.0,2.0,2.0,65.81333333333333,1.0,1,4
fce11605-ac01-464e-87a1-b71abe364be9,2,0,1.0,2.0,30594.0,15297.0,4975.203312428548,1.0,0.0,1.0,17.0,0.5,0.0,0.5,8.0,6.0,305.94,0.0,1,2
dbb0a155-b462-428d-b466-fc5509d534ba,1,0,1.0,1.0,25427.0,25427.0,0.0,1.0,0.0,1.0,6.0,0.0,1.0,0.0,9.0,9.0,169.51333333333332,1.0,0,9
9698e763-880f-4d7b-bb84-7d77a0820788,1,0,1.0,2.0,24321.0,12160.5,13975.965530152112,1.0,0.0,2.0,1.0,0.0,0.5,0.5,11.0,10.0,96.25666666666667,0.0,0,1
3849ca52-4b2a-44b0-9f9f-43118eef7dca,1,0,0.0,3.0,70917.0,23639.0,5205.59573920219,1.0,0.0,1.0,49.0,0.0,1.0,0.0,19.0,19.0,472.78,0.0,1,7
1ba0b133-7b39-46fc-a452-da54aceabff9,1,0,1.0,3.0,50827.0,16942.333333333332,10091.468541958267,1.0,0.0,1.0,49.0,0.0,1.0,0.0,8.0,7.0,338.84666666666664,0.0,1,7
99f226b3-f8e5-4123-91e3-0529b7a657ce,1,0,1.0,1.0,4162.0,4162.0,0.0,1.0,0.0,1.0,6.0,1.0,0.0,0.0,2.0,3.0,27.746666666666666,1.0,0,9
46c78d10-b63a-4486-b0c6-6ef27174883d,0,0,1.0,2.0,61091.0,30545.5,5220.569365500281,1.0,0.0,1.0,6.0,0.0,1.0,0.0,19.0,19.0,203.63666666666666,1.0,0,9
cb608cd0-787c-486b-bc52-fb6e7f35501b,0,0,2.0,1.0,22676.0,22676.0,0.0,1.0,0.0,1.0,3.0,0.0,1.0,0.0,8.0,8.0,151.17333333333335,1.0,0,4
25480e34-d0b8-4308-8263-d9dbf2754cf3,0,0,0.0,2.0,80945.0,40472.5,48822.18770702517,1.0,0.0,1.0,3.0,0.0,0.0,1.0,2.0,3.0,269.81666666666666,1.0,1,4
58b8b848-37fd-4390-ba71-dd60a8ff6dd1,0,0,1.0,3.0,53156.0,17718.666666666668,3119.4971282777824,1.0,0.0,1.0,49.0,1.0,0.0,0.0,5.0,5.0,354.3733333333333,0.0,0,7
14f483b2-287a-43a0-87e7-092eb433fd98,0,0,1.0,2.0,31597.0,15798.5,194.45436482630058,1.0,0.0,1.0,17.0,1.0,0.0,0.0,8.0,6.0,315.97,0.0,0,2
b2f82eda-f671-48f0-a53a-504fbdadcf7b,0,0,2.0,1.0,18784.0,18784.0,0.0,1.0,0.0,1.0,6.0,0.0,1.0,0.0,5.0,4.0,125.22666666666667,1.0,0,9
dd0a6d0f-1a17-4bd6-a7b0-c4e34b8675d1,0,0,1.0,1.0,3357.0,3357.0,0.0,1.0,0.0,1.0,3.0,0.0,1.0,0.0,1.0,1.0,22.38,1.0,1,4
b1a8fd70-ccee-42e4-9f6e-28d058f37254,0,0,1.0,2.0,8615.0,4307.5,307.59144981614816,1.0,0.0,1.0,49.0,0.0,0.0,1.0,2.0,2.0,86.15,0.0,1,7
a697e692-e9cf-49c1-b7e5-8a7dde6571a9,0,0,1.0,1.0,3450.0,3450.0,0.0,1.0,0.0,1.0,3.0,1.0,0.0,0.0,2.0,2.0,23.0,1.0,1,4
30b18cb3-0f05-4e43-b0fb-de5310fdd3e2,6,1,1.0,2.0,54756.0,27378.0,14279.31433928114,1.0,0.0,1.0,6.0,0.0,1.0,0.0,10.0,10.0,182.52,1.0,0,9
21ead1a0-2cf3-4e55-9e1f-f5bd4f723b76,6,1,2.0,2.0,40616.0,20308.0,12032.128988670293,1.0,0.0,1.0,6.0,0.0,1.0,0.0,3.0,3.0,135.38666666666666,1.0,0,9
123d2e4a-4af9-4e4c-ad24-55072609f70f,6,1,1.0,3.0,39316.0,13105.333333333334,4390.660238885871,1.0,0.0,1.0,3.0,0.3333333333333333,0.6666666666666666,0.0,9.0,9.0,87.36888888888889,1.0,0,4
1ab10842-40c8-45f3-a20f-df5aef512770,4,0,1.0,2.0,15544.0,7772.0,1302.4906909456206,0.0,1.0,1.0,17.0,0.5,0.0,0.5,3.0,3.0,155.44,0.0,1,2
1b48ada5-d46f-4e96-a245-f8522a85a039,4,0,1.0,3.0,40348.0,13449.333333333334,12151.973762863929,0.33333333333333337,1.0,1.0,3.0,0.0,0.3333333333333333,0.6666666666666666,11.0,11.0,89.66222222222223,1.0,1,4
1bf82448-cd05-4a5d-8278-5848070d6c9a,4,0,1.0,2.0,43138.0,21569.0,2647.407788762434,0.0,1.0,1.0,6.0,1.0,0.0,0.0,18.0,18.0,143.79333333333335,1.0,0,9
4d60f22d-cb28-49b1-a78f-7d22bee4b0ef,4,0,1.0,3.0,8202.0,2734.0,506.88460225183405,0.33333333333333337,1.0,1.0,6.0,0.0,0.0,1.0,2.0,2.0,18.22666666666667,1.0,1,9
3a6d0270-0245-4e62-aeeb-639e36d0dc55,4,0,1.0,2.0,32752.0,16376.0,11883.636564621118,0.5,1.0,1.0,6.0,0.0,0.5,0.5,7.0,6.0,109.17333333333333,1.0,1,9
80ad3308-c597-4e72-a99f-223b3ce9822e,4,0,1.0,2.0,40206.0,20103.0,271.5290039756342,0.0,1.0,1.0,2.0,0.0,1.0,0.0,5.0,5.0,201.03,1.0,1,3
ee1786bb-e6ce-49e5-98cb-16e67dff9bc1,4,0,1.0,2.0,39372.0,19686.0,10110.212757405256,0.5,1.0,1.0,6.0,0.5,0.5,0.0,6.0,7.0,131.24,1.0,1,9
593c2edd-9f65-4659-be3d-600265a0c25a,3,0,0.0,2.0,56432.0,28216.0,3402.597831069667,1.0,0.0,2.0,2.0,0.0,1.0,0.0,10.0,10.0,411.21000000000004,0.0,0,3
1f77a7e3-d2d6-4207-bbf9-c2de312308a3,3,0,2.0,1.0,11145.0,11145.0,0.0,0.0,1.0,1.0,2.0,1.0,0.0,0.0,2.0,1.0,111.45,1.0,1,3
99b04750-9efb-4fe1-971b-68c26dde9cc8,3,0,1.0,3.0,38541.0,12847.0,8397.313915770923,0.33333333333333337,1.0,2.0,5.0,1.0,0.0,0.0,7.0,7.0,105.12666666666667,0.0,1,8
03c1b85b-f7b2-4fd1-828a-309f3e576303,3,0,1.0,1.0,7524.0,7524.0,0.0,1.0,0.0,1.0,6.0,1.0,0.0,0.0,1.0,2.0,50.16,1.0,0,9
29787639-0033-4372-acb8-5400e40f9ddd,2,0,0.0,3.0,85009.0,28336.333333333332,3146.0048209329448,1.0,0.0,1.0,1.0,0.0,1.0,0.0,34.0,32.0,566.7266666666666,0.0,1,1
ad168fc2-fe78-4d39-a53f-82a72f8f9172,2,0,2.0,1.0,7174.0,7174.0,0.0,1.0,0.0,1.0,4.0,1.0,0.0,0.0,2.0,2.0,71.74,1.0,0,5
96bf904d-4ca5-4eb6-b5cf-f3656181fea1,2,0,1.0,1.0,8333.0,8333.0,0.0,1.0,0.0,1.0,6.0,0.0,1.0,0.0,1.0,2.0,55.553333333333335,1.0,1,9
b1706cd7-49d7-4e82-9c46-d043ee929990,2,0,0.0,2.0,75811.0,37905.5,25791.71984377932,1.0,0.0,1.0,17.0,0.0,0.5,0.5,9.0,12.0,0.0,0.0,1,2
8ab51a6b-e21d-4f9f-a50b-e7f0b6e324eb,2,0,1.0,2.0,61754.0,30877.0,19301.186699268,1.0,0.0,1.0,3.0,0.5,0.5,0.0,15.0,14.0,205.84666666666666,1.0,1,4
534123ae-c10e-42a7-bf0e-e64ed72e70d0,1,0,1.0,3.0,37061.0,12353.666666666666,2335.3777710112195,1.0,0.0,1.0,17.0,0.0,0.6666666666666666,0.3333333333333333,9.0,9.0,247.07333333333335,0.0,0,2
9f85fb45-a035-4661-9c19-60e2d82c5fb5,1,0,1.0,1.0,5223.0,5223.0,0.0,1.0,0.0,1.0,3.0,0.0,0.0,1.0,3.0,3.0,34.82,1.0,1,4
fa37333d-ef0e-4e8e-9344-9f947727e6aa,1,0,1.0,3.0,67183.0,22394.333333333332,864.2027154165473,1.0,0.0,1.0,1.0,0.3333333333333333,0.6666666666666666,0.0,8.0,10.0,447.8866666666667,0.0,1,1
828b3325-2326-453f-a8c3-c6fbbc8f8055,1,0,1.0,3.0,83186.0,27728.666666666668,10078.146125817651,1.0,0.0,1.0,2.0,0.0,0.0,1.0,2.0,1.0,277.28666666666663,1.0,0,3
651c01c1-1967-4ec7-80cf-82363b2921c5,1,0,1.0,2.0,22363.0,11181.5,9983.640643572864,1.0,0.0,1.0,5.0,1.0,0.0,0.0,5.0,4.0,74.54333333333334,1.0,1,8
4d1192f6-c206-4663-944b-04cc0f05f9fa,1,0,1.0,3.0,51672.0,17224.0,10111.484213506938,1.0,0.0,1.0,47.0,0.3333333333333333,0.3333333333333333,0.3333333333333333,7.0,7.0,344.48,0.0,1,6
eb117127-31c1-4dae-9d79-9166a9bc282c,1,0,1.0,2.0,9254.0,4627.0,1135.6134905855954,1.0,0.0,1.0,3.0,0.5,0.0,0.5,2.0,2.0,30.846666666666668,1.0,1,4
7aed94af-3648-451a-9807-b0b9d7f86e9b,1,0,1.0,3.0,95220.0,31740.0,6240.325552405098,1.0,0.0,1.0,6.0,0.0,1.0,0.0,20.0,17.0,211.6,1.0,0,9
cbc86038-f119-4016-9912-e040d1dca394,1,0,0.0,2.0,69797.0,34898.5,3266.126222300663,1.0,0.0,1.0,3.0,0.5,0.5,0.0,24.0,22.0,232.65666666666667,1.0,0,4
53f2bc35-1cb3-4ac3-bf03-a0442d51dd2c,1,0,1.0,3.0,79030.0,26343.333333333332,15488.653147815445,1.0,0.0,1.0,2.0,0.0,1.0,0.0,4.0,4.0,263.43333333333334,1.0,1,3
48948402-21ba-46a8-8875-665f3243fb87,1,0,1.0,3.0,132065.0,44021.666666666664,16270.471453935603,1.0,0.0,1.0,2.0,0.3333333333333333,0.0,0.6666666666666666,3.0,3.0,440.21666666666664,1.0,0,3
130e4060-0faa-4641-8559-9fb78526f9d4,0,0,1.0,2.0,7922.0,3961.0,2463.5600256539315,1.0,0.0,1.0,6.0,0.5,0.0,0.5,1.0,1.0,26.406666666666666,1.0,1,9
097f2865-79d5-46ba-aad7-0b2a60bcadd0,0,0,1.0,1.0,5317.0,5317.0,0.0,1.0,0.0,1.0,49.0,0.0,0.0,1.0,1.0,1.0,106.34,0.0,0,7
bb8af4ee-0b8e-48a4-b84d-4efb8260887d,0,0,1.0,2.0,40395.0,20197.5,5670.289278334924,1.0,0.0,1.0,6.0,1.0,0.0,0.0,19.0,19.0,134.65,1.0,1,9
a27b7f24-6721-4e0c-a3f8-6f001530be46,0,0,1.0,2.0,38825.0,19412.5,5139.959192445014,1.0,0.0,1.0,47.0,0.0,1.0,0.0,4.0,3.0,388.25,0.0,1,6
0983f7d8-4897-4cc3-b77d-9a007b089e56,0,0,1.0,3.0,86268.0,28756.0,3953.6043049349287,1.0,0.0,1.0,6.0,0.0,1.0,0.0,18.0,17.0,191.70666666666668,1.0,0,9
82e2fac6-af2f-4925-839c-97a50f82e737,0,0,1.0,2.0,8441.0,4220.5,269.4076836320746,1.0,0.0,1.0,5.0,0.0,0.0,1.0,4.0,4.0,28.136666666666667,1.0,1,8
cb057486-3a1d-4e9c-99fc-9897723c8725,0,0,1.0,3.0,128895.0,42965.0,30493.764133015786,1.0,0.0,1.0,6.0,0.0,0.6666666666666666,0.3333333333333333,16.0,18.0,286.43333333333334,1.0,0,9
1caa19dc-ccc2-409b-a05e-d6c27ab56382,0,0,2.0,1.0,24860.0,24860.0,0.0,1.0,0.0,1.0,49.0,1.0,0.0,0.0,4.0,3.0,497.2,0.0,0,7
00df832e-4a10-4306-8eae-d3c90796a943,0,0,1.0,3.0,85882.0,28627.333333333332,8822.976047419223,1.0,0.0,1.0,2.0,0.3333333333333333,0.3333333333333333,0.3333333333333333,9.0,8.0,286.2733333333333,1.0,0,3
9c6ac789-a8b5-4aad-ade0-c96d2b787d91,5,1,1.0,3.0,92413.0,30804.333333333332,1279.9977864564198,0.6666666666666667,1.0,1.0,3.0,0.6666666666666666,0.3333333333333333,0.0,22.0,22.0,205.36222222222224,1.0,0,4
5399b29c-3ee7-4eef-876e-91b71381a5b4,5,1,1.0,3.0,72865.0,24288.333333333332,7996.835457437732,0.6666666666666667,1.0,1.0,3.0,0.6666666666666666,0.3333333333333333,0.0,14.0,14.0,161.92222222222222,1.0,0,4
d44babe3-81aa-4459-b088-f2565c8aae2e,4,0,1.0,1.0,15261.0,15261.0,0.0,0.0,1.0,1.0,6.0,1.0,0.0,0.0,4.0,5.0,101.74,1.0,0,9
4ed6e06f-e628-4c5a-9213-f513c4a8df38,4,0,1.0,3.0,36459.0,12153.0,6456.2267618168435,0.33333333333333337,1.0,1.0,3.0,0.3333333333333333,0.3333333333333333,0.3333333333333333,5.0,6.0,81.02,1.0,0,4
59d9227b-8c2a-4887-81c4-18aa8607bb75,4,0,1.0,3.0,30568.0,10189.333333333334,1264.9396560047178,0.33333333333333337,1.0,1.0,3.0,0.3333333333333333,0.0,0.6666666666666666,4.0,4.0,67.92888888888889,1.0,0,4
09b0df53-5ec3-486d-9274-46306e8f01d6,4,0,1.0,2.0,33634.0,16817.0,1055.003317530329,0.0,1.0,1.0,6.0,1.0,0.0,0.0,11.0,10.0,112.11333333333334,1.0,0,9
5a8c9b6b-c2e4-4a25-a929-31e8ed7cace6,4,0,2.0,1.0,16024.0,16024.0,0.0,0.0,1.0,1.0,2.0,1.0,0.0,0.0,2.0,2.0,160.24,1.0,0,3
e2f19619-f802-457a-8731-b51021d4586e,3,0,1.0,3.0,76992.0,25664.0,14089.236210668058,0.33333333333333337,1.0,1.0,2.0,0.3333333333333333,0.6666666666666666,0.0,6.0,6.0,256.64,1.0,0,3
7f4f5832-759d-4b7a-abf3-d0a0bf4b0b63,3,0,1.0,3.0,88774.0,29591.333333333332,17319.82754917997,0.33333333333333337,1.0,1.0,6.0,0.0,0.3333333333333333,0.6666666666666666,11.0,10.0,197.27555555555557,1.0,0,9
48cbbcc9-fb41-4c9e-8b88-c2e6c98186bf,3,0,1.0,2.0,51069.0,25534.5,5678.774559709163,0.5,1.0,1.0,6.0,1.0,0.0,0.0,16.0,16.0,170.23000000000002,1.0,0,9
33131176-745f-4fa1-8920-44b763e02cd8,3,0,1.0,2.0,87126.0,43563.0,28359.224566267676,0.5,1.0,1.0,1.0,0.5,0.0,0.5,2.0,3.0,0.0,0.0,1,1
e746f906-bdb1-4ab7-baa3-19ae4cd5bce4,3,0,0.0,1.0,26580.0,26580.0,0.0,1.0,0.0,1.0,47.0,1.0,0.0,0.0,2.0,2.0,531.6,0.0,1,6
4881fc45-9403-4ea6-92a0-37e9b1bf6921,3,0,1.0,1.0,11243.0,11243.0,0.0,1.0,0.0,1.0,1.0,0.0,0.0,1.0,1.0,1.0,224.86,0.0,0,1
3a2f1fdc-03dd-4c56-9862-b93806739512,3,0,2.0,1.0,3777.0,3777.0,0.0,0.0,1.0,1.0,6.0,1.0,0.0,0.0,2.0,2.0,25.18,1.0,1,9
b2469e82-ac2d-4b8d-a2bc-ba06b09c8572,3,0,1.0,2.0,34186.0,17093.0,7500.988734826896,0.5,1.0,1.0,2.0,1.0,0.0,0.0,3.0,3.0,170.93,1.0,0,3
3af7585e-72e0-437a-8ae4-a86422e7255b,2,0,0.0,1.0,21995.0,21995.0,0.0,1.0,0.0,1.0,17.0,1.0,0.0,0.0,2.0,2.0,439.9,0.0,0,2
ae569804-0b41-4b8a-92d0-08f4bf5fdea4,2,0,1.0,3.0,77191.0,25730.333333333332,5111.189815819144,0.6666666666666667,1.0,1.0,6.0,1.0,0.0,0.0,12.0,9.0,171.53555555555556,1.0,0,9
49186de5-0182-4fde-b159-729e3d63650a,2,0,1.0,1.0,12264.0,12264.0,0.0,1.0,0.0,1.0,1.0,0.0,1.0,0.0,4.0,4.0,245.28,0.0,1,1
aa6e7939-87f2-4f06-aea4-0fb5f8737c5c,2,0,1.0,2.0,19480.0,9740.0,3594.9308755524075,0.5,1.0,1.0,1.0,0.5,0.5,0.0,4.0,4.0,194.8,0.0,1,1
41672b7a-cb9a-4ac7-ba99-6fd3e1a17ab9,2,0,1.0,2.0,23337.0,11668.5,2119.199023216083,1.0,0.0,2.0,1.0,0.0,0.0,1.0,9.0,9.0,145.59,0.0,0,1
86b8fe1e-38aa-4668-baea-f817893f74b4,2,0,1.0,1.0,10556.0,10556.0,0.0,1.0,0.0,1.0,1.0,0.0,0.0,1.0,3.0,3.0,211.12,0.0,1,1
b1edd087-aaf2-4370-8a77-b1e0f14c0fed,1,0,0.0,2.0,23474.0,11737.0,8920.859151449484,1.0,0.0,1.0,47.0,0.5,0.5,0.0,10.0,8.0,234.73999999999998,0.0,1,6
949f5267-82bb-4387-b3a7-ab35bc5c5f65,1,0,1.0,3.0,26758.0,8919.333333333334,997.5897620431621,1.0,0.0,2.0,3.0,0.3333333333333333,0.0,0.6666666666666666,5.0,5.0,104.14666666666666,0.0,1,4
5c229996-f6ec-4c39-bbab-40fe664d569b,1,0,2.0,2.0,42453.0,21226.5,5777.7695090752795,1.0,0.0,1.0,3.0,0.0,1.0,0.0,3.0,3.0,141.51,1.0,1,4
fbe20442-74e6-4a06-9b1c-1d4f1bff84b8,1,0,1.0,3.0,23869.0,7956.333333333333,3412.786154058489,1.0,0.0,1.0,49.0,0.3333333333333333,0.0,0.6666666666666666,4.0,4.0,159.12666666666667,0.0,1,7
b8b8b8e2-abf2-4ebb-a101-34dd067c23fb,1,0,2.0,1.0,29656.0,29656.0,0.0,1.0,0.0,1.0,6.0,0.0,1.0,0.0,4.0,5.0,197.70666666666668,1.0,0,9
3ee04e5d-5851-4e3f-aa51-c103215bea63,1,0,2.0,2.0,20405.0,10202.5,12061.12036669894,1.0,0.0,1.0,6.0,0.0,0.0,1.0,2.0,1.0,68.01666666666667,1.0,1,9
3c55846c-3ffb-4c2b-ad00-f67fab11fabf,1,0,1.0,2.0,51490.0,25745.0,733.9768388716363,1.0,0.0,1.0,6.0,1.0,0.0,0.0,13.0,13.0,171.63333333333333,1.0,0,9
2d15660d-a2e2-49c9-ba8f-d9d8b4444bfa,1,0,1.0,2.0,37814.0,18907.0,2723.7753211305812,1.0,0.0,1.0,2.0,1.0,0.0,0.0,2.0,2.0,189.07,1.0,1,3
fba7192e-8141-4aa9-bb54-355792ac318d,1,0,2.0,1.0,35606.0,35606.0,0.0,1.0,0.0,1.0,2.0,0.0,1.0,0.0,5.0,6.0,356.06,1.0,0,3
a9c7d67a-01b7-419c-a7fa-795dda52878a,1,0,1.0,1.0,12428.0,12428.0,0.0,1.0,0.0,1.0,4.0,1.0,0.0,0.0,3.0,3.0,124.28,1.0,0,5
d83f1e40-e0a0-4467-ab85-79dffd8de4b4,1,0,1.0,2.0,10511.0,5255.5,443.3559518039653,1.0,0.0,1.0,6.0,0.0,0.0,1.0,2.0,2.0,35.03666666666666,1.0,0,9
a6b78ad5-7a0d-4a92-946e-3ffd5ece461f,1,0,1.0,3.0,75242.0,25080.666666666668,3170.1678714751583,1.0,0.0,1.0,2.0,1.0,0.0,0.0,3.0,3.0,250.8066666666667,1.0,0,3
56954347-5f2b-4ed9-b1e5-0a0fbcb0d2f3,1,0,1.0,2.0,29903.0,14951.5,1997.5766568519969,1.0,0.0,1.0,49.0,1.0,0.0,0.0,6.0,6.0,299.03,0.0,1,7
06c0d79c-eb34-48cd-9d16-21835bcea829,1,0,1.0,1.0,14543.0,14543.0,0.0,1.0,0.0,1.0,4.0,1.0,0.0,0.0,5.0,6.0,145.43,1.0,0,5
486fd468-4bfb-4287-a4b5-2133a7cd2b37,1,0,0.0,1.0,13818.0,13818.0,0.0,1.0,0.0,1.0,2.0,1.0,0.0,0.0,1.0,1.0,138.18,1.0,0,3
e5342efd-4d7d-4521-a274-0bacdaed7932,1,0,0.0,1.0,7142.0,7142.0,0.0,1.0,0.0,1.0,49.0,0.0,0.0,1.0,2.0,2.0,142.84,0.0,1,7
eb0b1014-ff32-40e5-bf47-515346bab1b3,1,0,1.0,1.0,16739.0,16739.0,0.0,1.0,0.0,1.0,6.0,0.0,1.0,0.0,4.0,4.0,111.59333333333333,1.0,0,9
d3802826-cefc-4df7-82d9-286e357e78ea,1,0,1.0,3.0,82011.0,27337.0,3735.5844254948915,1.0,0.0,1.0,6.0,0.3333333333333333,0.6666666666666666,0.0,16.0,15.0,182.24666666666667,1.0,0,9
5dfb288f-2fb7-492c-8797-e9b0aface8ed,1,0,1.0,3.0,74028.0,24676.0,6887.547241217297,1.0,0.0,1.0,49.0,0.0,1.0,0.0,7.0,7.0,493.52,0.0,1,7
cfaa236b-b8e8-4bd4-b262-b306abad6593,5,1,1.0,2.0,36170.0,18085.0,5521.089747504563,0.5,1.0,1.0,6.0,0.0,1.0,0.0,9.0,9.0,120.56666666666666,1.0,0,9
82c7cd59-e012-487f-aba7-2b6138797cfc,5,1,1.0,2.0,13556.0,6778.0,149.90663761154806,0.5,1.0,1.0,5.0,1.0,0.0,0.0,3.0,3.0,45.18666666666667,1.0,0,8
758c2775-50d4-43ca-9587-ee967089d89b,5,1,1.0,1.0,26621.0,26621.0,0.0,0.0,1.0,1.0,49.0,0.0,1.0,0.0,3.0,3.0,532.42,0.0,0,7
1e0d1cec-a4d1-469e-bc28-38790ffd639a,5,1,0.0,1.0,1479.0,1479.0,0.0,0.0,1.0,1.0,1.0,0.0,0.0,1.0,3.0,3.0,29.58,0.0,0,1
d3ba7a82-275c-4609-94c5-84ce8b95802e,5,1,2.0,1.0,9898.0,9898.0,0.0,1.0,0.0,1.0,5.0,0.0,0.0,1.0,3.0,3.0,65.98666666666666,1.0,0,8
4e36c2ca-13aa-49cf-a213-2326c4bb9506,5,1,1.0,2.0,52484.0,26242.0,5424.923225263193,0.5,1.0,1.0,49.0,0.0,1.0,0.0,11.0,11.0,524.8399999999999,0.0,1,7
ca84da12-6eea-45ca-88e9-5f228f7a508d,5,1,0.0,3.0,44547.0,14849.0,3924.828786074623,0.33333333333333337,1.0,1.0,49.0,0.3333333333333333,0.0,0.6666666666666666,6.0,6.0,296.98,0.0,1,7
65114937-092b-490e-a6e1-6d591ebe60b5,4,0,1.0,2.0,21480.0,10740.0,4777.213413696315,0.5,1.0,1.0,49.0,1.0,0.0,0.0,1.0,1.0,214.8,0.0,1,7
daaf94db-fdf3-416e-84fe-61caa79fca4a,4,0,0.0,1.0,78214.0,39107.0,45590.00261022146,1.0,0.0,1.0,6.0,0.0,0.0,1.0,1.0,3.0,260.7133333333333,1.0,0,9
9088e94f-7a41-4add-b4c5-487606c68e6a,4,0,1.0,2.0,37605.0,18802.5,7394.215610867727,0.0,1.0,1.0,2.0,0.5,0.0,0.5,8.0,8.0,188.025,1.0,1,3
0f6745b3-eff3-4eeb-9f41-b81dfe550320,4,0,0.0,2.0,24622.0,12311.0,12641.655034053096,0.5,1.0,1.0,5.0,0.5,0.0,0.5,5.0,5.0,82.07333333333332,1.0,1,8
15364777-2810-415c-ba1f-9737fa9bd59f,4,0,1.0,2.0,17729.0,8864.5,4637.913377802565,0.5,1.0,1.0,3.0,0.5,0.0,0.5,5.0,5.0,59.096666666666664,1.0,1,4
74e41347-18f4-4b68-938d-d0120464977a,3,0,2.0,1.0,19843.0,19843.0,0.0,0.0,1.0,1.0,3.0,0.0,1.0,0.0,5.0,5.0,132.28666666666666,1.0,0,4
22f62ff5-4de3-41fd-b467-6ebe948208bd,3,0,1.0,1.0,8062.0,8062.0,0.0,1.0,0.0,1.0,3.0,1.0,0.0,0.0,5.0,5.0,53.74666666666667,1.0,1,4
5ebcd6ee-7fa3-46dd-af4b-708910cf68b5,3,0,1.0,2.0,41122.0,20561.0,422.8498551495554,0.5,1.0,1.0,3.0,0.5,0.0,0.5,10.0,10.0,137.07333333333332,1.0,1,4
20d2c946-29ec-43d0-8ceb-623f9e1696dc,3,0,1.0,1.0,21003.0,21003.0,0.0,1.0,0.0,1.0,1.0,1.0,0.0,0.0,3.0,3.0,420.06,0.0,0,1
d3ea6a28-9e93-4c68-a5ea-126dcd1d6389,3,0,1.0,1.0,2726.0,2726.0,0.0,1.0,0.0,1.0,3.0,0.0,0.0,1.0,1.0,1.0,18.173333333333332,1.0,0,4
983d7d1f-7fea-428b-8b31-9d78600b24f8,3,0,2.0,1.0,17594.0,17594.0,0.0,0.0,1.0,1.0,3.0,1.0,0.0,0.0,6.0,6.0,117.29333333333334,1.0,0,4
79258af3-bab3-45da-9ca7-07e1c4e162aa,3,0,1.0,2.0,11386.0,5693.0,2633.265653138703,0.5,1.0,1.0,2.0,0.5,0.5,0.0,5.0,6.0,56.93,1.0,0,3
de64e5ae-7ab8-4364-badd-9a622458e516,3,0,0.0,1.0,11170.0,11170.0,0.0,1.0,0.0,1.0,3.0,1.0,0.0,0.0,4.0,2.0,74.46666666666667,1.0,0,4
75d7cc8c-f714-4071-8040-0b8364b37a4f,2,0,1.0,1.0,6682.0,6682.0,0.0,1.0,0.0,1.0,6.0,1.0,0.0,0.0,2.0,2.0,44.54666666666667,1.0,1,9
dc6d0159-c573-4ff6-9734-26ff5a10dfc3,2,0,1.0,2.0,59972.0,29986.0,3428.0536751923823,1.0,0.0,1.0,47.0,0.0,0.5,0.5,13.0,13.0,599.72,0.0,1,6
04007220-ea3e-4fb5-9210-8cc4ebb95426,2,0,1.0,1.0,11547.0,11547.0,0.0,1.0,0.0,1.0,47.0,0.0,1.0,0.0,5.0,5.0,230.94,0.0,0,6
797078a7-a9e4-4d68-a522-eea50ee42388,1,0,1.0,2.0,11434.0,5717.0,772.1606050557099,1.0,0.0,1.0,1.0,0.5,0.0,0.5,2.0,2.0,114.34,0.0,0,1
2570b7cd-60c8-4223-99e4-edebc9092726,1,0,1.0,3.0,54125.0,18041.666666666668,7005.211084138246,1.0,0.0,1.0,1.0,0.6666666666666666,0.3333333333333333,0.0,8.0,7.0,360.8333333333333,0.0,1,1
3da72c5c-fafd-4310-9729-b88a980e218f,1,0,1.0,1.0,169.0,169.0,0.0,1.0,0.0,1.0,6.0,0.0,1.0,0.0,1.0,1.0,1.1266666666666667,1.0,0,9
6986a5ec-b02b-43e9-a722-be8cebc85c1a,1,0,0.0,2.0,13172.0,3293.0,2017.1744264358167,1.0,0.0,3.0,17.0,0.5,0.25,0.25,1.0,1.0,52.02666666666667,0.0,1,2
237f7cd0-97c9-4156-bfb5-faef58110ef0,1,0,2.0,1.0,4575.0,4575.0,0.0,1.0,0.0,1.0,17.0,1.0,0.0,0.0,3.0,2.0,91.5,0.0,0,2
347afd7a-30e4-4eae-92c4-8e4da847ed05,1,0,0.0,3.0,30632.0,7658.0,4439.9587835924785,1.0,0.0,1.0,3.0,0.0,0.0,1.0,12.0,11.0,51.053333333333335,1.0,0,4
68f7b808-bb9a-4180-bbf6-fecfcabf948f,1,0,2.0,1.0,21023.0,21023.0,0.0,1.0,0.0,1.0,6.0,0.0,1.0,0.0,3.0,5.0,140.15333333333334,1.0,0,9
bedcce64-c348-4aeb-8ed6-87189901bbd9,1,0,0.0,2.0,41609.0,20804.5,1156.119587240005,1.0,0.0,1.0,47.0,1.0,0.0,0.0,5.0,4.0,416.09000000000003,0.0,1,6
365c5d7d-f505-4e69-a8f1-c56cf9d129f4,1,0,2.0,1.0,21000.0,21000.0,0.0,1.0,0.0,1.0,6.0,0.0,1.0,0.0,6.0,4.0,140.0,1.0,0,9
3d2f8801-0fc8-4e80-8ed3-e4004c1bcddf,1,0,1.0,1.0,52852.0,52852.0,0.0,1.0,0.0,1.0,6.0,0.0,1.0,0.0,2.0,1.0,352.3466666666667,1.0,0,9
8b271f57-2ce2-4b32-80b8-0fabb98390a7,1,0,1.0,1.0,10530.0,10530.0,0.0,1.0,0.0,1.0,49.0,1.0,0.0,0.0,1.0,1.0,210.6,0.0,1,7
12593002-7422-4141-ae19-a7cae6f36f2d,0,0,1.0,1.0,8247.0,8247.0,0.0,1.0,0.0,1.0,17.0,0.0,0.0,1.0,1.0,1.0,164.94,0.0,1,2
92c640a2-6e32-4e67-826e-67ebbc7bb869,0,0,1.0,2.0,41724.0,20862.0,535.986940139403,1.0,0.0,1.0,49.0,1.0,0.0,0.0,5.0,4.0,417.24,0.0,0,7
1005de3c-fad9-4c9b-9965-1b7ec136cbb1,0,0,1.0,2.0,18943.0,9471.5,13062.383568859092,1.0,0.0,1.0,6.0,0.0,1.0,0.0,5.0,5.0,63.14333333333333,1.0,0,9
169675cd-f556-42b2-9018-aaa2ef97c3cd,0,0,1.0,1.0,20866.0,20866.0,0.0,1.0,0.0,1.0,47.0,1.0,0.0,0.0,4.0,3.0,417.32,0.0,0,6
14a74cff-e3f4-4381-977a-ab08845e8b5b,0,0,1.0,2.0,10402.0,5201.0,1651.801440851775,1.0,0.0,1.0,3.0,0.5,0.0,0.5,2.0,2.0,34.67333333333333,1.0,1,4
4590b773-ec63-46b5-8119-9083c7407603,0,0,1.0,1.0,3154.0,3154.0,0.0,1.0,0.0,1.0,49.0,0.0,0.0,1.0,1.0,1.0,63.08,0.0,1,7
550115bd-eee9-4d2a-b55a-0b5bd1d0b2c7,0,0,1.0,1.0,16384.0,16384.0,0.0,1.0,0.0,1.0,17.0,0.0,1.0,0.0,8.0,7.0,327.68,0.0,0,2
0dd7e2d0-b341-43fd-9f2d-f56115a51e13,0,0,2.0,1.0,28215.0,28215.0,0.0,1.0,0.0,1.0,1.0,1.0,0.0,0.0,7.0,8.0,564.3,0.0,0,1
278d3aa3-084d-4e4e-abdf-9458fda24d01,0,0,1.0,1.0,63.0,63.0,0.0,1.0,0.0,1.0,49.0,0.0,0.0,1.0,1.0,1.0,1.26,0.0,0,7
112374a9-ae24-42f7-a3ea-6c731672164b,0,0,0.0,1.0,23740.0,23740.0,0.0,1.0,0.0,1.0,49.0,1.0,0.0,0.0,2.0,2.0,474.8,0.0,0,7
86e2fe96-a7a0-491f-bd56-f9d87c85e798,0,0,2.0,1.0,12333.0,12333.0,0.0,1.0,0.0,1.0,49.0,0.0,1.0,0.0,3.0,3.0,246.66,0.0,1,7
0038199b-5063-4500-9f5a-f9ad5aed0847,0,0,1.0,2.0,32533.0,16266.5,16877.931760141702,1.0,0.0,1.0,2.0,0.0,0.5,0.5,11.0,15.0,162.665,1.0,0,3
1e1add66-ac5c-4d70-a2a5-61cf2bce6798,0,0,1.0,3.0,73925.0,24641.666666666668,7137.482072365109,1.0,0.0,1.0,3.0,1.0,0.0,0.0,15.0,14.0,164.2777777777778,1.0,1,4
5c445aa6-e91d-48e4-ab0a-33743237d1a5,0,0,2.0,2.0,71190.0,35595.0,547.3006486383878,1.0,0.0,1.0,3.0,1.0,0.0,0.0,5.0,5.0,237.3,1.0,0,4
8738a7dc-7d3b-4680-a5a5-62068f4e72b5,4,0,1.0,3.0,101599.0,33866.333333333336,22920.46128098938,0.33333333333333337,1.0,1.0,6.0,0.0,0.3333333333333333,0.6666666666666666,9.0,8.0,225.77555555555554,1.0,0,9
061de1b9-4783-4694-9ae1-965a1a36e04f,4,0,1.0,3.0,65714.0,21904.666666666668,5312.405889362497,0.33333333333333337,1.0,1.0,47.0,1.0,0.0,0.0,10.0,10.0,438.0933333333333,0.0,0,6
7abfee1a-2892-4f72-8bae-2b2b737bc124,4,0,1.0,1.0,16889.0,16889.0,0.0,0.0,1.0,1.0,17.0,0.0,1.0,0.0,8.0,6.0,337.78,0.0,0,2
2d3f3383-f77e-4be2-a198-620286406562,4,0,1.0,2.0,151548.0,75774.0,14463.162102389642,0.5,1.0,1.0,47.0,0.0,0.0,1.0,3.0,3.0,0.0,0.0,1,6
5032bba3-1f87-4692-a6c6-629f3f83a748,4,0,1.0,1.0,5321.0,5321.0,0.0,0.0,1.0,1.0,49.0,1.0,0.0,0.0,2.0,2.0,106.42,0.0,0,7
4726c8bf-bec3-41a9-9a61-9a3c5ea2e175,4,0,1.0,3.0,36894.0,12298.0,8013.605992310828,0.33333333333333337,1.0,1.0,6.0,0.3333333333333333,0.3333333333333333,0.3333333333333333,11.0,9.0,81.98666666666666,1.0,1,9
85b82c81-edaf-4078-9827-6f5a545680d5,4,0,0.0,2.0,34772.0,17386.0,5113.796241541112,0.5,1.0,2.0,6.0,0.5,0.5,0.0,14.0,13.0,255.92000000000002,0.0,0,9
0ed8949e-f781-4f90-bec9-80c00f77f361,4,0,1.0,3.0,171005.0,57001.666666666664,15228.95992290128,0.33333333333333337,1.0,1.0,3.0,0.3333333333333333,0.0,0.6666666666666666,11.0,11.0,380.0111111111111,1.0,0,4
7703c928-369a-4316-bae6-2d932287c9f6,4,0,1.0,2.0,84465.0,42232.5,2180.0102063981262,0.0,1.0,1.0,6.0,0.0,0.5,0.5,33.0,32.0,281.54999999999995,1.0,0,9
a0619fa8-aab7-4838-b746-05f3a0c7d78e,4,0,1.0,3.0,96257.0,32085.666666666668,21654.14912512919,0.33333333333333337,1.0,1.0,6.0,0.0,0.3333333333333333,0.6666666666666666,18.0,16.0,213.90444444444447,1.0,0,9
38349c22-081c-481a-a511-65999163dd30,4,0,2.0,1.0,11617.0,11617.0,0.0,0.0,1.0,1.0,1.0,1.0,0.0,0.0,4.0,4.0,232.34,0.0,0,1
f3e55aef-ae07-49e4-8df7-0f998569a832,4,0,1.0,3.0,102877.0,34292.333333333336,15071.797183260307,0.33333333333333337,1.0,1.0,47.0,0.3333333333333333,0.6666666666666666,0.0,28.0,20.0,0.0,0.0,0,6
fd8119da-86b2-40de-b845-8eb5f3e285aa,4,0,1.0,1.0,5910.0,5910.0,0.0,0.0,1.0,1.0,17.0,0.0,1.0,0.0,1.0,2.0,118.2,0.0,0,2
0b119bad-d517-4349-a231-b379a39cda94,3,0,0.0,1.0,231.0,231.0,0.0,1.0,0.0,1.0,3.0,1.0,0.0,0.0,2.0,2.0,1.54,1.0,0,4
f9c3a4c9-09fa-4578-8dbb-35b565b4ce13,2,0,1.0,2.0,19074.0,9537.0,10953.08404057962,1.0,0.0,1.0,6.0,0.0,1.0,0.0,10.0,11.0,63.580000000000005,1.0,1,9
02e8b6be-d79d-47d3-826b-f52377a9b219,2,0,1.0,3.0,53568.0,17856.0,12226.226932295998,0.6666666666666667,1.0,1.0,6.0,0.0,1.0,0.0,6.0,6.0,119.04,1.0,1,9
5b7b91b9-3a6b-4794-99b6-7fdd82b25686,2,0,1.0,2.0,72781.0,36390.5,9977.983789323373,1.0,0.0,1.0,2.0,0.5,0.5,0.0,5.0,5.0,363.905,1.0,0,3
dd9f000d-115b-4235-b348-65e0ae0cb64c,2,0,1.0,2.0,28953.0,14476.5,4893.886032592095,1.0,0.0,1.0,3.0,1.0,0.0,0.0,5.0,5.0,96.50999999999999,1.0,0,4
064b6da0-9627-4d7c-8a0a-51a3a98f3655,2,0,2.0,1.0,1689.0,1689.0,0.0,1.0,0.0,1.0,3.0,1.0,0.0,0.0,1.0,1.0,11.26,1.0,1,4
8cdb557f-2ef4-4aff-8daa-f3024f02becb,2,0,1.0,1.0,17073.0,17073.0,0.0,1.0,0.0,1.0,1.0,0.0,1.0,0.0,7.0,7.0,341.46,0.0,1,1
35ecb235-717b-421b-a9ba-d827628a0d85,2,0,1.0,1.0,9084.0,9084.0,0.0,1.0,0.0,1.0,3.0,0.0,0.0,1.0,2.0,2.0,60.56,1.0,0,4
53ca9306-ccc7-46ad-bb97-bcb26de41d13,2,0,0.0,2.0,50538.0,25269.0,6339.919400118585,1.0,0.0,1.0,3.0,1.0,0.0,0.0,15.0,15.0,168.45999999999998,1.0,0,4
aaf60dfd-1bc3-497f-880a-3f9a6f1f453f,2,0,1.0,2.0,87944.0,43972.0,32949.76178973074,1.0,0.0,1.0,2.0,0.5,0.0,0.5,2.0,5.0,439.72,1.0,0,3
791f8ffd-28c0-40bd-802f-7ffabedd8b44,2,0,1.0,1.0,14190.0,14190.0,0.0,1.0,0.0,1.0,47.0,1.0,0.0,0.0,3.0,3.0,283.8,0.0,0,6
51098b51-7246-422a-bd55-d18e551b7420,1,0,1.0,2.0,59544.0,29772.0,7858.784766107289,1.0,0.0,1.0,3.0,0.5,0.5,0.0,2.0,2.0,198.48000000000002,1.0,0,4
787da623-5a40-420d-adf1-b9f3dadf3c48,1,0,1.0,1.0,3225.0,3225.0,0.0,1.0,0.0,1.0,1.0,0.0,0.0,1.0,1.0,1.0,64.5,0.0,0,1
5598eaa7-9462-4044-8657-1eedc8487eb9,1,0,1.0,3.0,88629.0,29543.0,4275.5891991630815,1.0,0.0,1.0,6.0,0.3333333333333333,0.6666666666666666,0.0,19.0,16.0,196.95333333333335,1.0,0,9
974fe5e0-2a6d-45c1-8f68-fe4e56e8c33a,1,0,0.0,3.0,32443.0,10814.333333333334,4488.5425622726725,1.0,0.0,1.0,1.0,0.3333333333333333,0.0,0.6666666666666666,9.0,9.0,216.28666666666666,0.0,0,1
d4c8afcb-08fd-4cb5-9aa8-a19d0dd0774f,1,0,0.0,3.0,15467.0,5155.666666666667,4382.813289809793,1.0,0.0,1.0,6.0,1.0,0.0,0.0,7.0,8.0,34.37111111111111,1.0,1,9
0dd1d43b-95e6-4de8-bcd1-25d6ea911c24,0,0,1.0,1.0,30789.0,15394.5,18081.427501721206,1.0,0.0,1.0,4.0,0.0,1.0,0.0,10.0,10.0,153.945,1.0,0,5
bfc4ea22-bf51-4a3b-9333-14a0028f1ef3,0,0,1.0,2.0,8275.0,4137.5,1072.6809870599925,1.0,0.0,1.0,1.0,0.0,0.0,1.0,2.0,2.0,82.75,0.0,1,1
7a10cdbe-2ac2-4afa-9f0b-4cfd486a7ed2,0,0,1.0,1.0,3440.0,3440.0,0.0,1.0,0.0,1.0,2.0,0.0,0.0,1.0,1.0,1.0,34.4,1.0,1,3
97cc434d-d05f-417d-a431-9c9219ebb135,0,0,1.0,2.0,60715.0,30357.5,20813.688104226025,1.0,0.0,1.0,2.0,0.0,1.0,0.0,5.0,4.0,303.575,1.0,0,3
3c68627d-bc35-4d55-b81c-964060d5d254,0,0,2.0,1.0,6434.0,6434.0,0.0,1.0,0.0,1.0,5.0,1.0,0.0,0.0,1.0,1.0,42.89333333333333,1.0,0,8
e2463ba5-5549-43d8-b24e-fb49d2e464b2,0,0,1.0,2.0,31420.0,15710.0,3078.742925286228,1.0,0.0,1.0,4.0,1.0,0.0,0.0,6.0,6.0,157.10000000000002,1.0,0,5
ea22de4c-fe0b-47c7-a69e-b9bb06f7d768,0,0,1.0,1.0,6914.0,6914.0,0.0,1.0,0.0,1.0,17.0,0.0,0.0,1.0,1.0,1.0,138.28,0.0,1,2
aa8365fc-3d3c-42df-9407-13e10cedbde7,0,0,1.0,1.0,3842.0,3842.0,0.0,1.0,0.0,1.0,2.0,0.0,0.0,1.0,2.0,2.0,38.42,1.0,1,3
ccacff0b-54d1-4cd7-9942-92465142b67e,0,0,1.0,1.0,23087.0,23087.0,0.0,1.0,0.0,1.0,3.0,1.0,0.0,0.0,6.0,6.0,153.91333333333333,1.0,0,4
89c755e2-2ab5-4b20-8f0c-a5bd83005044,0,0,1.0,1.0,3241.0,3241.0,0.0,1.0,0.0,1.0,6.0,1.0,0.0,0.0,1.0,1.0,21.606666666666666,1.0,1,9
c71c20e4-b24d-44aa-b94d-4dbbdd9235a7,0,0,2.0,1.0,32771.0,32771.0,0.0,1.0,0.0,1.0,17.0,0.0,1.0,0.0,2.0,2.0,0.0,0.0,0,2
73322f61-96c7-4323-ba16-de5801848099,0,0,2.0,1.0,1896.0,1896.0,0.0,1.0,0.0,1.0,47.0,0.0,1.0,0.0,2.0,1.0,37.92,0.0,0,6
43f30aa2-239d-49d3-94d2-ba146094a11d,0,0,2.0,2.0,11062.0,5531.0,4159.202086939273,1.0,0.0,2.0,3.0,1.0,0.0,0.0,3.0,3.0,36.873333333333335,1.0,0,4
59f53bda-29a6-4725-a6ba-b1a2bb4c5622,0,0,1.0,1.0,10260.0,10260.0,0.0,1.0,0.0,1.0,5.0,0.0,1.0,0.0,1.0,1.0,68.4,1.0,0,8
a552e57a-a6d8-4c1f-b388-ec615aa3d9b3,0,0,1.0,3.0,43940.0,14646.666666666666,10331.351041046535,1.0,0.0,1.0,3.0,0.3333333333333333,0.0,0.6666666666666666,9.0,7.0,97.64444444444445,1.0,0,4
f4d682dc-b610-4459-a3cf-56bce840126b,0,0,1.0,2.0,26756.0,13378.0,7467.047609329942,1.0,0.0,1.0,6.0,0.0,0.0,1.0,9.0,8.0,89.18666666666667,1.0,0,9
ff1ca32f-476c-4ff8-8e1b-15feac39386f,0,0,1.0,3.0,91077.0,30359.0,4334.401804170905,1.0,0.0,1.0,2.0,0.6666666666666666,0.3333333333333333,0.0,3.0,3.0,303.59,1.0,1,3
bd2d5f7e-2074-4408-820e-0b10b8317606,0,0,0.0,3.0,41650.0,13883.333333333334,2914.5380994822035,1.0,0.0,2.0,17.0,0.3333333333333333,0.0,0.6666666666666666,13.0,13.0,231.17333333333332,0.0,1,2
ae709c4a-9003-44b7-8b98-26094685ecfb,6,1,0.0,3.0,56259.0,18753.0,8578.406670238943,0.6666666666666667,1.0,1.0,6.0,0.6666666666666666,0.0,0.3333333333333333,12.0,14.0,125.02,1.0,1,9
2c0946c9-28aa-4ef9-8ee6-e5e248739b93,4,0,1.0,2.0,43388.0,21694.0,16199.816356983803,0.0,1.0,1.0,2.0,0.0,0.0,1.0,3.0,4.0,216.94,1.0,0,3
49422ea0-d398-4c8e-b5ff-b1dba07151f3,4,0,1.0,2.0,81626.0,40813.0,4625.892562522394,0.0,1.0,1.0,2.0,0.0,0.5,0.5,4.0,4.0,408.13,1.0,0,3
ce9036a3-9856-4675-bcc6-e266c1204036,4,0,1.0,1.0,34800.0,34800.0,0.0,0.0,1.0,1.0,2.0,1.0,0.0,0.0,2.0,4.0,348.0,1.0,1,3
e5b5089b-cc9f-40ea-b86f-fd5307594856,3,0,1.0,1.0,3019.0,3019.0,0.0,1.0,0.0,1.0,1.0,0.0,0.0,1.0,1.0,1.0,60.38,0.0,1,1
a4f9ecb2-3445-4597-96df-c505f98f3ef8,3,0,1.0,2.0,21251.0,10625.5,465.98336880193483,0.5,1.0,1.0,1.0,0.0,0.0,1.0,10.0,11.0,212.51,0.0,1,1
947be57f-6505-4819-9598-eabf9bcc9a4a,3,0,1.0,2.0,37904.0,18952.0,7247.844507162112,0.5,1.0,1.0,3.0,0.5,0.5,0.0,12.0,13.0,126.34666666666666,1.0,1,4
4ea869ad-96f2-465e-9255-60a29255a379,3,0,1.0,1.0,27269.0,27269.0,0.0,1.0,0.0,1.0,3.0,0.0,1.0,0.0,8.0,7.0,181.79333333333332,1.0,0,4
fddf0304-120b-48dd-afa9-1b5d99e2af0b,3,0,1.0,1.0,22127.0,22127.0,0.0,1.0,0.0,1.0,3.0,0.0,1.0,0.0,8.0,7.0,147.51333333333332,1.0,0,4
12af8055-0f59-40d7-aacc-3c01d3d16431,3,0,2.0,1.0,8728.0,8728.0,0.0,0.0,1.0,1.0,17.0,1.0,0.0,0.0,3.0,3.0,174.56,0.0,0,2
df2d3724-9c8a-4888-b1fe-6ded6a44d042,3,0,1.0,1.0,19262.0,19262.0,0.0,1.0,0.0,1.0,3.0,1.0,0.0,0.0,4.0,3.0,128.41333333333333,1.0,0,4
12e2b253-5ca5-472c-9b97-e2527ec8dfc7,3,0,2.0,2.0,73610.0,36805.0,4376.990975544729,0.0,1.0,1.0,6.0,0.5,0.5,0.0,5.0,5.0,245.36666666666667,1.0,0,9
7af7fe5c-cb4e-4ef9-b3f8-2ddb1ba4a70e,3,0,1.0,3.0,42302.0,14100.666666666666,5450.403318409872,0.33333333333333337,1.0,1.0,2.0,0.6666666666666666,0.0,0.3333333333333333,2.0,3.0,141.00666666666666,1.0,0,3
d2e2e9b7-1b49-4fe8-9945-fa5b8128c62b,2,0,0.0,2.0,34490.0,17245.0,9520.485701895675,1.0,0.0,1.0,5.0,0.0,0.0,1.0,7.0,7.0,114.96666666666667,1.0,0,8
444cc3cf-601f-41cd-b7d7-fbd48cc5a75a,2,0,1.0,2.0,7810.0,3905.0,359.21024484276614,1.0,0.0,1.0,5.0,0.0,0.0,1.0,3.0,3.0,26.03333333333333,1.0,0,8
a63625b8-d0cb-4b47-b0a3-322316f80f09,2,0,1.0,1.0,180.0,180.0,0.0,1.0,0.0,1.0,2.0,1.0,0.0,0.0,1.0,1.0,1.8,1.0,0,3
2e4174da-ecac-473a-b9a0-ac4436a594a5,2,0,0.0,2.0,30077.0,15038.5,11666.554782796848,1.0,0.0,2.0,2.0,1.0,0.0,0.0,5.0,5.0,266.825,0.0,1,3
11bd1cb1-73f2-43bd-979e-15848539622e,2,0,0.0,2.0,29980.0,14990.0,5706.351724175439,1.0,0.0,1.0,3.0,0.5,0.5,0.0,10.0,8.0,99.93333333333334,1.0,0,4
d43fd6c5-9c4e-4629-b0b7-70e948884523,2,0,2.0,1.0,9127.0,9127.0,0.0,1.0,0.0,1.0,6.0,0.0,1.0,0.0,2.0,2.0,60.846666666666664,1.0,1,9
1a907b46-5255-42df-809e-c747ea426da0,1,0,1.0,3.0,99254.0,33084.666666666664,25848.053937063294,1.0,0.0,1.0,2.0,0.0,0.6666666666666666,0.3333333333333333,4.0,5.0,330.84666666666664,1.0,0,3
ee5abd10-985e-415a-a32f-16ee51a9dba3,1,0,1.0,1.0,7095.0,7095.0,0.0,1.0,0.0,1.0,6.0,0.0,1.0,0.0,1.0,1.0,47.3,1.0,0,9
9839891e-3d7e-455a-a33f-9c9b88b66479,1,0,1.0,1.0,7102.0,7102.0,0.0,1.0,0.0,1.0,6.0,0.0,1.0,0.0,1.0,1.0,47.346666666666664,1.0,0,9
e8720a05-a273-4b17-ac26-3ea8c52783fa,1,0,1.0,3.0,63893.0,21297.666666666668,10459.7135875383,1.0,0.0,1.0,17.0,0.6666666666666666,0.3333333333333333,0.0,10.0,9.0,425.9533333333334,0.0,0,2
7bd471d0-5d96-4c9a-a317-c33afddd2976,1,0,1.0,1.0,14922.0,14922.0,0.0,1.0,0.0,1.0,17.0,0.0,1.0,0.0,6.0,5.0,298.44,0.0,0,2
c30b0d7c-18c7-403d-a212-caf20172ecb9,1,0,1.0,3.0,10018.0,3339.3333333333335,123.50033738145555,1.0,0.0,1.0,3.0,0.3333333333333333,0.6666666666666666,0.0,4.0,4.0,22.26222222222222,1.0,0,4
e94fbc51-3308-4068-bbe5-215f91a2ed56,1,0,1.0,1.0,6365.0,6365.0,0.0,1.0,0.0,1.0,47.0,1.0,0.0,0.0,1.0,1.0,127.3,0.0,1,6
a5547d57-c1fb-4198-bfa7-994f3b2bda48,0,0,0.0,2.0,46683.0,23341.5,4817.518500223949,1.0,0.0,1.0,2.0,0.5,0.5,0.0,6.0,5.0,233.41500000000002,1.0,0,3
b05a5d21-eafd-4f74-ac0f-1e42d47bea8c,0,0,1.0,3.0,67115.0,22371.666666666668,10822.395776043923,1.0,0.0,1.0,17.0,0.0,0.0,1.0,6.0,5.0,447.43333333333334,0.0,1,2
ec731844-8a2e-450c-921f-8979e8efc082,0,0,1.0,1.0,13111.0,13111.0,0.0,1.0,0.0,1.0,3.0,0.0,0.0,1.0,4.0,4.0,87.40666666666667,1.0,1,4
212655f9-604f-4813-822f-b3e53c1a81a0,0,0,0.0,2.0,31660.0,15830.0,5301.886645336734,1.0,0.0,1.0,3.0,0.5,0.5,0.0,10.0,11.0,105.53333333333333,1.0,1,4
31918c05-f33e-44d8-a95e-bbee66c8b022,0,0,0.0,1.0,13578.0,13578.0,0.0,1.0,0.0,1.0,6.0,1.0,0.0,0.0,3.0,3.0,90.52,1.0,0,9
0a64c811-e79a-442f-a5cf-3edaade6cef5,0,0,0.0,1.0,23532.0,23532.0,0.0,1.0,0.0,1.0,17.0,1.0,0.0,0.0,6.0,4.0,470.64,0.0,0,2
d6844a1f-9872-4148-90c3-3d131ceef53c,0,0,2.0,2.0,22858.0,11429.0,4292.138161802343,1.0,0.0,1.0,4.0,0.5,0.0,0.5,6.0,6.0,114.28999999999999,1.0,1,5
5d4e9db8-7c50-432f-8593-58f450eecdb5,0,0,1.0,1.0,9814.0,9814.0,0.0,1.0,0.0,1.0,6.0,0.0,0.0,1.0,2.0,2.0,65.42666666666666,1.0,1,9
07e03883-8460-448e-991e-1695b7b82f29,0,0,1.0,1.0,3587.0,3587.0,0.0,1.0,0.0,1.0,47.0,1.0,0.0,0.0,1.0,1.0,71.74,0.0,0,6
c7621ccc-8f29-49be-9e16-b211c33b3ab6,0,0,1.0,3.0,41792.0,13930.666666666666,2081.641980104488,1.0,0.0,1.0,3.0,0.0,1.0,0.0,19.0,19.0,92.87111111111112,1.0,1,4
accdc3bb-fe08-4ca2-8951-71b6dc6dd43a,0,0,1.0,2.0,38407.0,19203.5,1967.8781720421619,1.0,0.0,1.0,47.0,1.0,0.0,0.0,8.0,8.0,384.07,0.0,0,6
9e12affd-14a7-4ede-8689-7b93284998cd,0,0,2.0,2.0,11139.0,5569.5,86.97413408594535,1.0,0.0,1.0,1.0,0.0,0.0,1.0,2.0,2.0,111.39,0.0,1,1
f7834ea1-dcd9-4fe1-a188-d71414c39592,0,0,1.0,3.0,26738.0,8912.666666666666,8726.811922651556,1.0,0.0,1.0,17.0,0.3333333333333333,0.3333333333333333,0.3333333333333333,7.0,7.0,178.25333333333333,0.0,0,2
1249d5c3-9db5-4cd8-b092-f811d96c0314,0,0,1.0,3.0,75589.0,25196.333333333332,4681.789437099166,1.0,0.0,1.0,3.0,0.3333333333333333,0.6666666666666666,0.0,15.0,15.0,167.97555555555556,1.0,1,4
ad49acee-5d55-49b7-919f-a14acd258621,0,0,1.0,1.0,3575.0,3575.0,0.0,1.0,0.0,1.0,47.0,1.0,0.0,0.0,3.0,1.0,71.5,0.0,0,6
6a882e93-65de-4476-b84f-886cb77d86f0,0,0,1.0,1.0,711.0,711.0,0.0,1.0,0.0,1.0,4.0,1.0,0.0,0.0,1.0,1.0,7.11,1.0,0,5
078343fb-d6ce-400b-b92b-78fdc2483c50,4,0,2.0,1.0,15416.0,15416.0,0.0,0.0,1.0,1.0,47.0,1.0,0.0,0.0,5.0,3.0,308.32,0.0,0,6
df1093d8-9cbe-4086-b010-93106f87005b,4,0,1.0,2.0,8351.0,4175.5,747.4118677141807,0.0,1.0,1.0,5.0,0.0,0.5,0.5,3.0,3.0,27.836666666666666,1.0,1,8
134ca3b7-9f10-402a-b532-5c3fbb1f9dc8,4,0,2.0,1.0,27120.0,27120.0,0.0,0.0,1.0,1.0,3.0,1.0,0.0,0.0,9.0,9.0,180.8,1.0,0,4
228b9c54-a4e8-4970-b6de-53f332d9e2b0,4,0,0.0,1.0,18621.0,18621.0,0.0,1.0,0.0,1.0,2.0,0.0,1.0,0.0,1.0,1.0,186.21,1.0,0,3
9b88bb08-03b7-4dcb-8798-729c019deee1,4,0,2.0,2.0,61675.0,30837.5,993.4850275670992,0.5,1.0,2.0,6.0,0.5,0.5,0.0,5.0,5.0,415.84999999999997,0.0,0,9
5fe7a96a-2902-4f02-9324-16cb491a7b33,4,0,1.0,2.0,91377.0,45688.5,854.8920984545359,0.0,1.0,1.0,6.0,0.0,1.0,0.0,2.0,2.0,304.59000000000003,1.0,1,9
b7ef639b-2e79-457e-ab8f-a917c8864b19,4,0,1.0,1.0,13169.0,13169.0,0.0,0.0,1.0,1.0,3.0,1.0,0.0,0.0,3.0,3.0,87.79333333333334,1.0,0,4
b9fe468d-9a20-44eb-b405-468dd871b53d,4,0,1.0,2.0,15520.0,5173.333333333333,4108.806923345673,0.33333333333333337,1.0,1.0,3.0,0.3333333333333333,0.0,0.6666666666666666,3.0,3.0,34.48888888888889,1.0,0,4
437924b6-3949-46d0-a1ff-adb202cd0ee0,3,0,1.0,1.0,1771.0,1771.0,0.0,1.0,0.0,1.0,1.0,1.0,0.0,0.0,1.0,1.0,35.42,0.0,1,1
ffd287bc-2797-4788-82fa-6268c82e7fa9,3,0,1.0,3.0,52855.0,17618.333333333332,7198.081017419388,0.33333333333333337,1.0,1.0,6.0,1.0,0.0,0.0,10.0,10.0,117.45555555555556,1.0,0,9
a2d8831f-ca93-4ae9-8c16-afe30f7b33bb,3,0,1.0,1.0,23402.0,23402.0,0.0,1.0,0.0,1.0,5.0,0.0,1.0,0.0,5.0,3.0,156.01333333333332,1.0,0,8
b0373237-d3f8-41f5-9c8b-96a3ff81889d,3,0,1.0,3.0,88999.0,29666.333333333332,2996.894114468066,0.33333333333333337,1.0,1.0,6.0,0.3333333333333333,0.6666666666666666,0.0,20.0,19.0,197.77555555555557,1.0,0,9
0c338c8f-aa05-48ea-8b38-d84e41751da5,3,0,1.0,1.0,5478.0,5478.0,0.0,1.0,0.0,1.0,1.0,1.0,0.0,0.0,1.0,1.0,109.56,0.0,0,1
e4960835-6e59-4f31-be49-10de9379e243,2,0,1.0,2.0,14687.0,7343.5,4356.484878890319,0.5,1.0,1.0,3.0,0.5,0.5,0.0,1.0,1.0,48.95666666666667,1.0,1,4
b561a90d-cad2-4e26-a972-86f959b563ad,2,0,1.0,2.0,30476.0,15238.0,1227.5373721398464,1.0,0.0,1.0,6.0,1.0,0.0,0.0,11.0,10.0,101.58666666666667,1.0,0,9
4efcb5f0-ce0d-4516-8328-e6443904fbd5,2,0,1.0,2.0,19943.0,9971.5,4244.762007462845,1.0,0.0,2.0,1.0,0.0,0.0,1.0,5.0,5.0,199.43,0.0,1,1
9644a574-e63d-417d-9b6f-34dee9cab1bf,2,0,1.0,2.0,18629.0,9314.5,4637.913377802565,1.0,0.0,1.0,4.0,1.0,0.0,0.0,3.0,3.0,93.145,1.0,1,5
74a970af-9f58-49ed-9e62-e06d7ca4b74a,1,0,1.0,2.0,30941.0,15470.5,4308.401617769634,1.0,0.0,2.0,6.0,1.0,0.0,0.0,12.0,12.0,185.96333333333334,0.0,0,9
6d24f3ce-af14-47a8-97ab-f683dc632920,1,0,2.0,1.0,3619.0,3619.0,0.0,1.0,0.0,1.0,3.0,0.0,0.0,1.0,2.0,2.0,24.126666666666665,1.0,1,4
ee78401b-7ab0-4576-b07c-8fc258173203,1,0,2.0,2.0,89873.0,44936.5,24081.93564687025,1.0,0.0,1.0,2.0,0.0,0.5,0.5,4.0,3.0,449.365,1.0,1,3
6602be90-ba30-496b-8d1a-8e08fa8dd2a9,1,0,0.0,1.0,586.0,586.0,0.0,1.0,0.0,1.0,5.0,1.0,0.0,0.0,1.0,1.0,3.9066666666666667,1.0,1,8
cb046e7c-c497-42f3-a58d-68433a99025c,1,0,2.0,1.0,5286.0,5286.0,0.0,1.0,0.0,1.0,6.0,1.0,0.0,0.0,2.0,1.0,35.24,1.0,0,9
746ae34d-398c-4a89-bbae-223649998dce,0,0,2.0,1.0,6007.0,6007.0,0.0,1.0,0.0,1.0,4.0,1.0,0.0,0.0,1.0,1.0,60.07,1.0,0,5
976ea1a9-28a2-4f24-b321-89ebb6888b13,0,0,1.0,2.0,5842.0,2921.0,707.1067811865476,1.0,0.0,1.0,5.0,0.0,0.0,1.0,1.0,1.0,19.473333333333336,1.0,1,8
1eb8de58-7044-4ad7-9b83-a6cc67d0ba6d,0,0,1.0,1.0,35427.0,35427.0,0.0,1.0,0.0,1.0,2.0,0.0,1.0,0.0,4.0,4.0,354.27,1.0,1,3
9d8dc316-86c7-4887-b86e-a2b87f0f17b7,0,0,1.0,2.0,54447.0,27223.5,14674.587029964421,1.0,0.0,1.0,4.0,1.0,0.0,0.0,4.0,3.0,272.235,1.0,1,5
3c793cb0-a6d1-42a2-89fb-2553a19f5ae8,0,0,0.0,3.0,29123.0,9707.666666666666,8708.434436414695,1.0,0.0,1.0,2.0,0.3333333333333333,0.6666666666666666,0.0,4.0,4.0,97.07666666666667,1.0,0,3
c514b382-b28f-470f-a92a-69b4570814f3,0,0,1.0,3.0,29108.0,9702.666666666666,6693.4902953043365,1.0,0.0,1.0,6.0,0.0,0.0,1.0,4.0,2.0,64.68444444444445,1.0,1,9
8f02bd28-29b5-4fe9-a3c2-b479aab73636,0,0,1.0,1.0,2711.0,2711.0,0.0,1.0,0.0,1.0,47.0,0.0,0.0,1.0,1.0,2.0,54.22,0.0,0,6
e06bef43-d7ee-4b8a-8aa8-929037efc20b,0,0,0.0,3.0,72591.0,24197.0,5984.8581436822715,1.0,0.0,1.0,47.0,0.0,0.3333333333333333,0.6666666666666666,13.0,12.0,483.94,0.0,0,6
11477455-b559-466d-81b7-ef38ca52bcbc,0,0,1.0,3.0,57684.0,19228.0,15410.421571131661,1.0,0.0,1.0,47.0,0.0,0.3333333333333333,0.6666666666666666,10.0,9.0,384.55999999999995,0.0,0,6
026f81dc-2ede-485d-b0b6-d70c3c46118b,0,0,1.0,1.0,10384.0,10384.0,0.0,1.0,0.0,1.0,2.0,0.0,1.0,0.0,3.0,4.0,103.84,1.0,1,3
0f0d8125-5fe7-4e8c-b0c6-f5e0f200da9c,0,0,1.0,1.0,20066.0,20066.0,0.0,1.0,0.0,1.0,2.0,0.0,1.0,0.0,2.0,2.0,200.66,1.0,0,3
8508871c-612a-4ead-847c-4a458564f691,6,1,1.0,2.0,35812.0,17906.0,5238.247035029944,1.0,0.0,1.0,3.0,1.0,0.0,0.0,12.0,11.0,119.37333333333333,1.0,0,4
65506270-423a-45fd-a874-bae189c368d9,5,1,0.0,3.0,42720.0,14240.0,6634.74468235214,0.33333333333333337,1.0,1.0,5.0,0.6666666666666666,0.0,0.3333333333333333,13.0,14.0,94.93333333333334,1.0,1,8
9989a69c-f40d-4b4c-8963-970a93e5c913,4,0,0.0,1.0,19728.0,19728.0,0.0,1.0,0.0,1.0,6.0,1.0,0.0,0.0,5.0,4.0,131.52,1.0,0,9
05ddc4b7-8fe4-417a-bcdb-5624f676de2a,3,0,1.0,1.0,9969.0,9969.0,0.0,1.0,0.0,1.0,1.0,1.0,0.0,0.0,1.0,1.0,199.38,0.0,1,1
a3a4a6c6-8d72-457c-ad86-7eb51e856780,3,0,2.0,1.0,10353.0,10353.0,0.0,0.0,1.0,1.0,5.0,1.0,0.0,0.0,4.0,4.0,69.02,1.0,1,8
1529d0ee-fe75-46f2-be80-647d39d684d8,2,0,2.0,2.0,24691.0,12345.5,7971.21474431595,0.5,1.0,1.0,47.0,0.5,0.0,0.5,2.0,2.0,246.91,0.0,1,6
048b9443-acdf-47dd-93e5-1611e07c0648,2,0,1.0,3.0,29785.0,9928.333333333334,8403.5465330617,0.6666666666666667,1.0,1.0,2.0,0.3333333333333333,0.0,0.6666666666666666,1.0,1.0,99.28333333333332,1.0,0,3
b10ed8e2-3359-4164-a84a-3e052f7077f8,2,0,0.0,1.0,15380.0,15380.0,0.0,1.0,0.0,1.0,5.0,1.0,0.0,0.0,5.0,5.0,102.53333333333333,1.0,0,8
8177b2ef-ba75-4223-a31c-a37c791fb53f,2,0,2.0,1.0,5036.0,5036.0,0.0,1.0,0.0,1.0,2.0,0.0,1.0,0.0,1.0,1.0,50.36,1.0,0,3
e79e0984-2c2a-4632-ad83-378f326b5f7d,2,0,1.0,3.0,31075.0,10358.333333333334,6832.32495811882,0.6666666666666667,1.0,1.0,2.0,0.0,0.0,1.0,4.0,5.0,103.58333333333333,1.0,1,3
c021d941-3606-4172-85c4-67a92739ae73,2,0,2.0,1.0,18487.0,18487.0,0.0,1.0,0.0,1.0,6.0,1.0,0.0,0.0,3.0,3.0,123.24666666666667,1.0,0,9
252893a3-0829-4e0c-8ca0-343062e98d83,1,0,1.0,3.0,11764.0,3921.3333333333335,1360.4897402528743,1.0,0.0,1.0,5.0,0.0,0.3333333333333333,0.6666666666666666,4.0,4.0,26.14222222222222,1.0,0,8
d520c816-20dc-4496-884b-b67fe77658d7,1,0,2.0,1.0,13446.0,13446.0,0.0,1.0,0.0,1.0,17.0,1.0,0.0,0.0,5.0,4.0,268.92,0.0,0,2
e70ad5de-4172-40f9-809c-bf93564ad6dc,1,0,1.0,1.0,18905.0,18905.0,0.0,1.0,0.0,1.0,3.0,1.0,0.0,0.0,8.0,7.0,126.03333333333333,1.0,0,4
74480182-b2e2-4d08-acc7-333fc737683b,1,0,0.0,1.0,16801.0,16801.0,0.0,1.0,0.0,1.0,6.0,1.0,0.0,0.0,5.0,5.0,112.00666666666666,1.0,0,9
2b80cf55-3e54-45ad-8b94-95df0f831ad5,1,0,1.0,3.0,5715.0,1905.0,599.1602456772312,1.0,0.0,1.0,5.0,0.0,0.3333333333333333,0.6666666666666666,2.0,2.0,12.700000000000001,1.0,0,8
514bb658-f84d-48c2-99f9-a6f29ec36298,1,0,0.0,1.0,8816.0,8816.0,0.0,1.0,0.0,1.0,3.0,0.0,1.0,0.0,3.0,3.0,58.77333333333333,1.0,0,4
f2ab0c84-4dfc-4d22-a180-75926e280578,1,0,1.0,3.0,38465.0,12821.666666666666,450.29027674749244,1.0,0.0,1.0,47.0,0.0,0.0,1.0,8.0,6.0,256.43333333333334,0.0,1,6
24ece089-1f18-4265-b326-f7032e8a3cf3,0,0,0.0,1.0,10354.0,10354.0,0.0,1.0,0.0,1.0,4.0,0.0,1.0,0.0,5.0,5.0,103.54,1.0,1,5
c07624ad-447e-4e51-b10f-5d987e762d23,0,0,0.0,1.0,21.0,21.0,0.0,1.0,0.0,1.0,6.0,1.0,0.0,0.0,1.0,1.0,0.14,1.0,0,9
a90c83bc-a8e6-46f2-b04b-0bde8dbcd53a,0,0,2.0,2.0,12261.0,6130.5,4868.43018846938,1.0,0.0,1.0,2.0,0.5,0.0,0.5,1.0,1.0,61.305,1.0,0,3
e3bd7d1b-5b84-4b68-a121-08eee3936387,0,0,1.0,1.0,891.0,891.0,0.0,1.0,0.0,1.0,1.0,1.0,0.0,0.0,1.0,1.0,17.82,0.0,0,1
8d807009-a100-49ca-b50d-7b6624fc0571,0,0,1.0,3.0,80652.0,26884.0,4162.997838096964,1.0,0.0,1.0,5.0,0.6666666666666666,0.0,0.3333333333333333,12.0,10.0,179.22666666666666,1.0,1,8
7207e0ba-46b4-4011-88bf-f30b5373e300,0,0,1.0,3.0,36553.0,12184.333333333334,2107.694079636163,1.0,0.0,1.0,47.0,1.0,0.0,0.0,8.0,8.0,243.68666666666664,0.0,0,6
ba3a558e-13ce-4e5b-85d6-9b129466650f,0,0,1.0,2.0,69044.0,34522.0,9755.245153249609,1.0,0.0,1.0,6.0,0.5,0.5,0.0,14.0,14.0,230.14666666666665,1.0,1,9
41073d18-ab94-41a2-91c7-cb6cb3251ef9,0,0,1.0,3.0,116430.0,38810.0,16141.293101855254,1.0,0.0,1.0,47.0,0.0,0.3333333333333333,0.6666666666666666,14.0,10.0,0.0,0.0,0,6
4041a592-60e7-4b26-b5e5-f1f3ce7354c6,0,0,1.0,2.0,11300.0,5650.0,3514.320702497141,1.0,0.0,1.0,6.0,0.5,0.5,0.0,2.0,2.0,37.66666666666667,1.0,1,9
d936b403-884c-4ff2-8454-4614ce2eed69,0,0,1.0,3.0,120890.0,40296.666666666664,12703.61780491421,1.0,0.0,1.0,3.0,0.0,1.0,0.0,9.0,9.0,268.64444444444445,1.0,0,4
91dfdc91-530b-4c70-bb92-114de885c0cf,4,0,2.0,2.0,29716.0,14858.0,825.9007204258875,0.5,1.0,1.0,1.0,0.5,0.0,0.5,3.0,3.0,297.15999999999997,0.0,1,1
a83d1e39-28b5-4fe1-bb39-e407c464a081,4,0,1.0,2.0,40872.0,20436.0,2582.3539648932715,0.0,1.0,1.0,6.0,1.0,0.0,0.0,7.0,7.0,136.24,1.0,0,9
87c09fad-891b-44d1-bfd5-8b1e7392a0f8,4,0,1.0,3.0,86232.0,28744.0,2859.527233652444,0.33333333333333337,1.0,1.0,6.0,1.0,0.0,0.0,19.0,20.0,191.62666666666667,1.0,0,9
b2e007a5-8fb7-4668-8ee1-970bf736b386,4,0,1.0,2.0,53878.0,26939.0,1798.8796513385769,0.0,1.0,1.0,6.0,1.0,0.0,0.0,8.0,10.0,179.59333333333333,1.0,0,9
70b9f22e-0111-4b1f-bb69-42144f69f277,4,0,1.0,2.0,27000.0,13500.0,1278.449060385278,0.0,1.0,1.0,4.0,1.0,0.0,0.0,5.0,5.0,135.0,1.0,0,5
70c1932e-e11b-41ad-aac9-fb0f398466e7,4,0,1.0,3.0,46575.0,15525.0,6187.427656142737,0.33333333333333337,1.0,1.0,3.0,1.0,0.0,0.0,11.0,10.0,103.5,1.0,0,4
d6fc4609-6a5a-4bba-9c5a-f83dca0f96c9,3,0,1.0,1.0,20430.0,20430.0,0.0,1.0,0.0,1.0,6.0,1.0,0.0,0.0,2.0,4.0,136.2,1.0,1,9
a0507f91-1794-43e6-a712-1d1708849607,2,0,2.0,1.0,9122.0,9122.0,0.0,1.0,0.0,1.0,6.0,1.0,0.0,0.0,2.0,2.0,60.81333333333333,1.0,0,9
f5461739-a8a8-429d-bbb9-51b506ec32bf,2,0,1.0,2.0,35090.0,17545.0,1855.4481938335007,0.5,1.0,1.0,6.0,1.0,0.0,0.0,2.0,2.0,116.96666666666667,1.0,0,9
5b71e20c-acb8-44fc-b14f-50bec0050ca5,2,0,0.0,1.0,6696.0,6696.0,0.0,1.0,0.0,1.0,17.0,0.0,0.0,1.0,13.0,14.0,133.92,0.0,0,2
f1feeb14-58d2-4b9e-92c9-176d1bb23d5b,2,0,2.0,1.0,5542.0,5542.0,0.0,1.0,0.0,1.0,6.0,0.0,0.0,1.0,1.0,1.0,36.946666666666665,1.0,1,9
c5529a5b-0ea4-4775-9a8e-607da0088fc1,2,0,1.0,3.0,65870.0,21956.666666666668,1098.6283872781253,0.6666666666666667,1.0,1.0,4.0,1.0,0.0,0.0,12.0,12.0,219.5666666666667,1.0,1,5
917a46cd-1f72-439f-bf2e-92dc6bb818f2,1,0,1.0,1.0,41568.0,41568.0,0.0,1.0,0.0,1.0,6.0,0.0,0.0,1.0,6.0,7.0,277.12,1.0,1,9
df7f8877-a7ca-4889-8cd4-9c6b1fc269f9,1,0,1.0,2.0,59729.0,29864.5,4813.275859536829,1.0,0.0,1.0,6.0,0.0,1.0,0.0,10.0,9.0,199.09666666666666,1.0,0,9
54d65a0c-d0c9-4b6f-84aa-128633b99253,1,0,0.0,3.0,85002.0,28334.0,31989.008878050598,1.0,0.0,1.0,17.0,0.3333333333333333,0.3333333333333333,0.3333333333333333,7.0,8.0,566.68,0.0,0,2
3f5b1c08-a8a8-405e-9fb9-fa7a479c1fe4,1,0,1.0,3.0,62327.0,20775.666666666668,5921.199906550472,1.0,0.0,1.0,5.0,0.6666666666666666,0.3333333333333333,0.0,13.0,13.0,138.50444444444443,1.0,0,8
0da5fb37-d56b-48c7-9c51-6808619f76ea,1,0,1.0,1.0,14295.0,14295.0,0.0,1.0,0.0,1.0,47.0,1.0,0.0,0.0,5.0,5.0,285.9,0.0,0,6
3d81103b-c32b-4b18-9845-635c61203154,1,0,1.0,1.0,12379.0,12379.0,0.0,1.0,0.0,1.0,47.0,1.0,0.0,0.0,4.0,6.0,247.58,0.0,0,6
79790bad-575d-49c6-8d03-792a7205cead,0,0,2.0,1.0,30367.0,30367.0,0.0,1.0,0.0,1.0,2.0,0.0,1.0,0.0,3.0,3.0,303.67,1.0,0,3
da581a7a-8cbb-4cf8-abe9-eb49e9bf302e,0,0,2.0,1.0,72040.0,72040.0,0.0,1.0,0.0,1.0,2.0,0.0,0.0,1.0,0.0,2.0,0.0,1.0,0,3
63ce35d4-5475-4c02-b5bc-69517ddd3588,0,0,1.0,1.0,8381.0,8381.0,0.0,1.0,0.0,1.0,6.0,1.0,0.0,0.0,4.0,4.0,55.873333333333335,1.0,0,9
036229f3-3bdb-441c-ae9f-a9f21971679f,0,0,1.0,2.0,21902.0,10951.0,6372.446312053166,1.0,0.0,1.0,17.0,0.0,1.0,0.0,2.0,1.0,219.01999999999998,0.0,1,2
e29ef930-35ec-44dd-a609-4f7f21437c7a,0,0,1.0,3.0,43099.0,14366.333333333334,5167.643595811666,1.0,0.0,1.0,2.0,0.3333333333333333,0.0,0.6666666666666666,5.0,5.0,143.66333333333333,1.0,1,3
0856f0a0-38f6-4122-bc83-8d52ac86beb5,0,0,1.0,3.0,52816.0,17605.333333333332,5030.575745710757,1.0,0.0,1.0,6.0,1.0,0.0,0.0,7.0,7.0,117.36888888888889,1.0,1,9
fd38d2be-d3c9-4a55-95c7-be327b83916b,0,0,1.0,3.0,50687.0,16895.666666666668,3249.092539976867,1.0,0.0,1.0,6.0,0.0,0.0,1.0,5.0,4.0,112.63777777777777,1.0,1,9
170562d7-5cc4-4d1a-9099-62466847b4ed,0,0,2.0,2.0,16239.0,8119.5,10467.301681904462,1.0,0.0,2.0,3.0,0.5,0.0,0.5,5.0,3.0,54.129999999999995,1.0,0,4
88033b69-1c27-4da8-b0bb-2e9c79e90673,0,0,1.0,1.0,12588.0,12588.0,0.0,1.0,0.0,1.0,3.0,1.0,0.0,0.0,2.0,2.0,83.92,1.0,0,4
ee162253-c886-4a4b-9f49-394007a7e864,0,0,1.0,2.0,6347.0,3173.5,3352.3932496054217,1.0,0.0,1.0,17.0,0.5,0.5,0.0,3.0,3.0,63.47,0.0,1,2
4787835c-379d-43c1-8a60-9305544fa0aa,0,0,1.0,2.0,28916.0,14458.0,10236.077764456462,1.0,0.0,2.0,6.0,1.0,0.0,0.0,5.0,7.0,144.51999999999998,0.0,1,9
7f8bb403-9586-4484-bc20-f2fe69b9c07a,0,0,1.0,2.0,31954.0,15977.0,5859.086788911733,1.0,0.0,1.0,47.0,0.0,1.0,0.0,12.0,12.0,319.53999999999996,0.0,1,6
14b5bb1c-f7b4-4472-9c6d-5c3658790f56,0,0,1.0,2.0,22719.0,11359.5,2751.3524855968562,1.0,0.0,1.0,6.0,1.0,0.0,0.0,1.0,1.0,75.73,1.0,0,9
b6271e4a-a780-48a3-b33f-a10e97d58f9f,0,0,1.0,3.0,115313.0,38437.666666666664,20923.65222262436,1.0,0.0,1.0,3.0,0.3333333333333333,0.0,0.6666666666666666,6.0,5.0,256.25111111111113,1.0,1,4
67093f47-c5d0-45ab-abe4-4830492b44c4,0,0,1.0,3.0,50013.0,16671.0,988.8574214718723,1.0,0.0,1.0,2.0,0.6666666666666666,0.0,0.3333333333333333,6.0,7.0,166.71,1.0,1,3
f82ecddc-b918-42e8-9da1-48cc67a913ca,0,0,1.0,2.0,33177.0,16588.5,13693.122817677493,1.0,0.0,1.0,6.0,0.0,0.0,1.0,7.0,7.0,110.58999999999999,1.0,0,9
9e6d3959-69f3-4226-9e72-e0579d45910d,0,0,1.0,2.0,14603.0,7301.5,1215.5165568596751,1.0,0.0,1.0,17.0,0.0,0.0,1.0,2.0,3.0,146.03,0.0,1,2
5efabb34-9f0b-48f0-aa0c-7f22ee84fc7c,6,1,1.0,3.0,62439.0,20813.0,7237.499844559584,1.0,0.0,1.0,2.0,1.0,0.0,0.0,2.0,2.0,208.13,1.0,0,3
4f1bf710-722e-4e72-b9eb-47c47e0d6e3d,6,1,0.0,1.0,11443.0,11443.0,0.0,0.0,1.0,1.0,6.0,1.0,0.0,0.0,3.0,3.0,76.28666666666666,1.0,0,9
f275b302-4a20-482d-aaa9-6dd388d4aeee,4,0,1.0,1.0,9463.0,9463.0,0.0,0.0,1.0,1.0,6.0,1.0,0.0,0.0,1.0,1.0,63.086666666666666,1.0,1,9
6a9b7edc-da98-44a6-ab6a-3ccca2d2baba,4,0,1.0,2.0,14140.0,7070.0,2541.3417715844516,0.0,1.0,1.0,6.0,0.0,0.0,1.0,7.0,7.0,47.13333333333334,1.0,1,9
f855deb8-c350-4492-a524-81f715e766d1,4,0,1.0,2.0,53708.0,26854.0,8844.491619081336,0.0,1.0,1.0,47.0,1.0,0.0,0.0,13.0,13.0,537.0799999999999,0.0,1,6
e99fedbe-9dac-4038-991c-45e0281eb7e5,4,0,1.0,1.0,6337.0,6337.0,0.0,0.0,1.0,1.0,1.0,0.0,1.0,0.0,1.0,1.0,126.74,0.0,0,1
06c38d4e-716e-4faa-b6ab-cf94da3e37b1,4,0,1.0,3.0,73028.0,24342.666666666668,15892.931300843571,0.33333333333333337,1.0,1.0,3.0,0.3333333333333333,0.3333333333333333,0.3333333333333333,13.0,13.0,162.28444444444446,1.0,0,4
13628c3b-f2d3-4614-8f57-35aabe9c3814,4,0,1.0,2.0,37962.0,18981.0,6361.1326035541815,0.0,1.0,1.0,6.0,1.0,0.0,0.0,10.0,11.0,126.53999999999999,1.0,0,9
20abad0d-149f-4d69-9c92-4bd0a07039f0,4,0,1.0,3.0,83577.0,27859.0,7835.972881525306,0.33333333333333337,1.0,1.0,3.0,0.6666666666666666,0.3333333333333333,0.0,9.0,9.0,185.7266666666667,1.0,0,4
f7cded88-a72b-45c0-8f9c-6ae31095b07a,4,0,1.0,2.0,30858.0,15429.0,21097.237923481833,0.0,1.0,1.0,17.0,0.5,0.0,0.5,11.0,11.0,308.58000000000004,0.0,0,2
84a5d41b-7906-4c16-8bc8-e47a6c23eac1,3,0,0.0,2.0,54234.0,27117.0,1013.9911242215092,1.0,0.0,1.0,3.0,0.5,0.5,0.0,19.0,19.0,180.78,1.0,0,4
a2d03ac0-3f14-44b2-bc15-4a3959be3a47,3,0,2.0,2.0,16924.0,8462.0,11634.734977643453,0.0,1.0,1.0,17.0,0.0,0.0,1.0,7.0,7.0,169.23999999999998,0.0,1,2
4f83b73d-b274-46cb-993d-e4638ccd966f,3,0,1.0,1.0,17242.0,17242.0,0.0,1.0,0.0,1.0,6.0,1.0,0.0,0.0,5.0,4.0,114.94666666666667,1.0,1,9
8d7e7f0d-54b7-45c1-b4ef-02f308a57390,3,0,1.0,1.0,3062.0,3062.0,0.0,1.0,0.0,1.0,5.0,1.0,0.0,0.0,2.0,1.0,20.413333333333334,1.0,1,8
203444b7-63b3-47fc-883b-ee2d1571b4d6,3,0,2.0,2.0,26913.0,13456.5,6293.957459341459,0.0,1.0,1.0,1.0,0.5,0.5,0.0,1.0,1.0,269.13,0.0,0,1
adcf6542-671d-4747-b7ea-817dce8388c0,3,0,1.0,1.0,2657.0,2657.0,0.0,1.0,0.0,1.0,5.0,0.0,1.0,0.0,5.0,5.0,17.713333333333335,1.0,0,8
11506737-1aeb-411d-afdf-ebc958c3a39e,3,0,1.0,1.0,31504.0,31504.0,0.0,1.0,0.0,1.0,17.0,0.0,1.0,0.0,3.0,3.0,630.08,0.0,0,2
876aa492-3942-4303-b4bc-9623c09eb5ce,3,0,0.0,2.0,28605.0,14302.5,3961.919294988226,1.0,0.0,1.0,1.0,0.0,0.0,1.0,7.0,7.0,286.05,0.0,1,1
c9569246-2148-49e2-99d6-b75796c5bd80,2,0,1.0,3.0,55317.0,18439.0,2909.6083928941366,0.6666666666666667,1.0,1.0,3.0,0.6666666666666666,0.3333333333333333,0.0,10.0,10.0,122.92666666666666,1.0,1,4
6febd13e-b683-44ab-b754-4d58bcfc168f,2,0,1.0,1.0,35810.0,35810.0,0.0,1.0,0.0,1.0,6.0,1.0,0.0,0.0,7.0,8.0,238.73333333333332,1.0,0,9
c3dc26a4-c3fa-4525-806c-9f4851da9e8a,2,0,1.0,1.0,26397.0,26397.0,0.0,1.0,0.0,1.0,6.0,1.0,0.0,0.0,7.0,7.0,175.98,1.0,0,9
1dc98730-f841-447f-bc63-e21423f4c0df,2,0,1.0,3.0,51396.0,17132.0,5444.216013348479,0.6666666666666667,1.0,1.0,6.0,0.3333333333333333,0.6666666666666666,0.0,6.0,5.0,114.21333333333332,1.0,1,9
c344a56f-7e85-4c05-8490-e6264b1f5cac,2,0,2.0,1.0,7843.0,7843.0,0.0,1.0,0.0,1.0,2.0,1.0,0.0,0.0,1.0,1.0,78.43,1.0,1,3
02ec3988-0170-4d3f-89dd-1c4f1b8ace57,2,0,1.0,1.0,25867.0,25867.0,0.0,1.0,0.0,1.0,5.0,0.0,1.0,0.0,4.0,4.0,172.44666666666666,1.0,0,8
f0428889-a8e4-4695-bb68-ea786ee95863,2,0,2.0,1.0,15251.0,15251.0,0.0,1.0,0.0,1.0,17.0,0.0,1.0,0.0,7.0,5.0,305.02,0.0,0,2
fbba132d-b986-4ed0-81e2-465d5ffd1826,2,0,1.0,3.0,66592.0,22197.333333333332,10587.571078077035,0.6666666666666667,1.0,1.0,17.0,0.3333333333333333,0.0,0.6666666666666666,14.0,13.0,443.94666666666666,0.0,1,2
91ac52a4-2c32-4ef6-810d-2d99071f05ac,2,0,1.0,3.0,38463.0,12821.0,7735.974599234411,0.6666666666666667,1.0,1.0,17.0,0.3333333333333333,0.0,0.6666666666666666,3.0,3.0,256.42,0.0,0,2
36a41de4-ea3b-4313-9069-5f51f55d76d0,1,0,2.0,1.0,13457.0,13457.0,0.0,1.0,0.0,1.0,6.0,0.0,0.0,1.0,4.0,2.0,89.71333333333334,1.0,1,9
785e26bd-b127-4ac1-9b3d-3f206a4f115f,1,0,2.0,1.0,2969.0,2969.0,0.0,1.0,0.0,1.0,5.0,1.0,0.0,0.0,2.0,2.0,19.793333333333333,1.0,1,8
7644e385-a0aa-4141-b888-2df9cae0fab3,1,0,1.0,3.0,34059.0,11353.0,10533.23070097679,1.0,0.0,1.0,6.0,0.0,0.0,1.0,5.0,5.0,75.68666666666667,1.0,0,9
0503e3ee-a438-4282-a7b3-7d9e702a1c0a,1,0,1.0,1.0,9119.0,9119.0,0.0,1.0,0.0,1.0,47.0,1.0,0.0,0.0,3.0,3.0,182.38,0.0,0,6
3ee5b628-c02b-4363-8fb6-5a0d96de2b54,1,0,1.0,2.0,37963.0,18981.5,14203.653913694181,1.0,0.0,2.0,3.0,0.0,1.0,0.0,7.0,6.0,320.04333333333335,0.0,1,4
0ce00a84-82df-4599-8a1b-ad90fb241b55,0,0,1.0,3.0,56526.0,18842.0,12904.899534672868,1.0,0.0,1.0,3.0,1.0,0.0,0.0,7.0,7.0,125.61333333333334,1.0,1,4
ed4a327f-72dc-4437-a7b1-a7867d09d67f,0,0,1.0,2.0,10332.0,5166.0,3565.2323907425725,1.0,0.0,2.0,1.0,1.0,0.0,0.0,1.0,1.0,85.68666666666667,0.0,0,1
7612d116-f08d-4337-aa88-e777bd362a86,0,0,1.0,1.0,15077.0,15077.0,0.0,1.0,0.0,1.0,6.0,0.0,0.0,1.0,1.0,1.0,100.51333333333334,1.0,0,9
12b64b01-8de0-4fcc-8262-b3d4898eb79b,0,0,2.0,1.0,12313.0,12313.0,0.0,1.0,0.0,1.0,17.0,1.0,0.0,0.0,4.0,4.0,246.26,0.0,1,2
03e51c59-8138-4189-a247-d582b0245951,0,0,2.0,1.0,3092.0,3092.0,0.0,1.0,0.0,1.0,1.0,1.0,0.0,0.0,4.0,1.0,61.84,0.0,0,1
fc2a9776-bfcf-43db-afce-f0b47f1ff27b,0,0,2.0,2.0,24780.0,12390.0,6083.9467453290545,1.0,0.0,1.0,6.0,0.0,0.0,1.0,1.0,1.0,82.6,1.0,0,9
4d65d199-b93f-48da-8e5c-a4a00319fa2c,0,0,1.0,1.0,15080.0,15080.0,0.0,1.0,0.0,1.0,6.0,0.0,0.0,1.0,1.0,1.0,100.53333333333333,1.0,0,9
f88bf0c8-7a7c-402a-82d9-d1a81444ef65,0,0,1.0,1.0,3309.0,3309.0,0.0,1.0,0.0,1.0,6.0,0.0,0.0,1.0,1.0,2.0,22.06,1.0,1,9
4cfb8dd5-ffc8-4dbb-b498-f79bc4bd5f69,0,0,1.0,1.0,10203.0,10203.0,0.0,1.0,0.0,1.0,2.0,0.0,1.0,0.0,2.0,2.0,102.03,1.0,0,3
e7d365ab-c7ef-4b5c-8d03-663cf4c5d1f1,0,0,1.0,2.0,41865.0,20932.5,842.1641763931781,1.0,0.0,1.0,17.0,1.0,0.0,0.0,9.0,8.0,418.65,0.0,1,2
aeb718ee-19d7-46ed-84e3-96bd3e3a2a06,0,0,1.0,2.0,8909.0,4454.5,2773.979902594826,1.0,0.0,1.0,6.0,0.0,0.0,1.0,3.0,4.0,29.696666666666665,1.0,1,9
e14bb4dd-f4bd-414c-ba3b-770ab5a202ef,4,0,1.0,3.0,80392.0,26797.333333333332,7055.951128893492,0.33333333333333337,1.0,1.0,3.0,0.3333333333333333,0.0,0.6666666666666666,13.0,12.0,178.6488888888889,1.0,0,4
d4b2b5b0-8d3c-489e-b691-404c20b975a0,4,0,1.0,1.0,15773.0,15773.0,0.0,0.0,1.0,1.0,6.0,0.0,1.0,0.0,4.0,5.0,105.15333333333334,1.0,0,9
92977a1b-cdbd-4215-ac33-71d4e939df77,3,0,1.0,3.0,39037.0,13012.333333333334,8150.4969378151,0.33333333333333337,1.0,1.0,3.0,0.3333333333333333,0.0,0.6666666666666666,6.0,6.0,86.74888888888889,1.0,1,4
5af11a8f-c961-4870-8092-e04b41524eb7,3,0,0.0,1.0,65293.0,65293.0,0.0,1.0,0.0,1.0,2.0,0.0,0.0,1.0,2.0,3.0,0.0,1.0,0,3
7b641ffe-cdad-4c82-92c7-37df4ac6336e,3,0,0.0,1.0,8646.0,8646.0,0.0,1.0,0.0,1.0,6.0,1.0,0.0,0.0,3.0,2.0,57.64,1.0,0,9
d463a9b6-339f-4df7-906e-d4a049380010,3,0,1.0,1.0,2385.0,2385.0,0.0,1.0,0.0,1.0,6.0,1.0,0.0,0.0,1.0,2.0,15.9,1.0,0,9
e8800d4a-cebb-4492-b093-b0bb366567a1,3,0,1.0,2.0,16320.0,8160.0,818.829652614022,0.5,1.0,1.0,4.0,1.0,0.0,0.0,8.0,7.0,81.6,1.0,1,5
bca6fe1e-eaf2-4855-8103-4b679412e673,2,0,1.0,1.0,1713.0,1713.0,0.0,1.0,0.0,1.0,2.0,0.0,0.0,1.0,1.0,1.0,17.13,1.0,0,3
d1604b42-47aa-465f-9f6a-8c6e2ef3330f,2,0,1.0,1.0,23743.0,23743.0,0.0,1.0,0.0,1.0,2.0,1.0,0.0,0.0,3.0,4.0,237.43,1.0,0,3
dba31a05-4000-4a24-a8d8-9f37a506dd79,2,0,1.0,1.0,16225.0,16225.0,0.0,1.0,0.0,1.0,2.0,1.0,0.0,0.0,1.0,2.0,162.25,1.0,0,3
afc63433-fa8e-4709-a04b-c63c8b911cdf,2,0,0.0,1.0,22006.0,22006.0,0.0,1.0,0.0,1.0,2.0,1.0,0.0,0.0,2.0,3.0,220.06,1.0,0,3
137c3861-59a4-4ed4-aa06-e00118950edc,2,0,0.0,1.0,61441.0,30720.5,2318.6031355106893,1.0,0.0,1.0,6.0,0.0,0.5,0.5,10.0,11.0,204.80333333333334,1.0,0,9
017ba0bd-0619-422a-83b2-f4d70cba62e2,2,0,0.0,2.0,32884.0,16442.0,3445.0242379408596,1.0,0.0,1.0,2.0,0.5,0.5,0.0,6.0,6.0,164.42000000000002,1.0,0,3
05eff4fb-0d3b-4995-aef1-f2db8429909d,2,0,0.0,1.0,9140.0,9140.0,0.0,1.0,0.0,1.0,2.0,1.0,0.0,0.0,1.0,2.0,91.4,1.0,0,3
14f7529d-b93d-424d-ba27-891e78ef60af,2,0,1.0,3.0,74035.0,24678.333333333332,6926.988547221175,0.6666666666666667,1.0,1.0,6.0,0.6666666666666666,0.0,0.3333333333333333,13.0,11.0,164.5222222222222,1.0,0,9
3e0e0ce7-f1fa-4f82-8f44-82f043fb923c,2,0,1.0,3.0,98081.0,32693.666666666668,10063.332963453675,0.6666666666666667,1.0,1.0,17.0,0.6666666666666666,0.3333333333333333,0.0,5.0,5.0,0.0,0.0,0,2
e34ddcbe-c1f7-4c77-bb3f-a277d81b640b,2,0,2.0,1.0,3200.0,3200.0,0.0,1.0,0.0,1.0,3.0,1.0,0.0,0.0,2.0,2.0,21.333333333333332,1.0,0,4
92616b77-fe41-4477-a32f-51eb1e07d38f,2,0,1.0,1.0,3352.0,3352.0,0.0,1.0,0.0,1.0,2.0,1.0,0.0,0.0,1.0,1.0,33.52,1.0,1,3
796f93ec-9015-4858-8a0a-4293579db736,2,0,1.0,2.0,35637.0,17818.5,1038.7398615630384,1.0,0.0,1.0,2.0,1.0,0.0,0.0,2.0,2.0,178.185,1.0,0,3
c7f4e403-163e-4f14-a00c-b0e645f53e5b,2,0,1.0,2.0,34745.0,17372.5,1775.5451275594207,1.0,0.0,1.0,2.0,1.0,0.0,0.0,4.0,4.0,173.725,1.0,0,3
a8f226d5-45db-496f-aa55-b51f12b9fe53,1,0,0.0,1.0,420.0,420.0,0.0,1.0,0.0,1.0,2.0,1.0,0.0,0.0,1.0,1.0,4.2,1.0,0,3
e3419ae4-c6e2-4b05-ab83-3959f7197cc4,1,0,0.0,3.0,25102.0,8367.333333333334,6713.282232509917,1.0,0.0,1.0,4.0,1.0,0.0,0.0,9.0,9.0,83.67333333333333,1.0,1,5
a9ccae39-27d3-499e-957f-a802a9d07a79,1,0,0.0,1.0,10632.0,10632.0,0.0,1.0,0.0,1.0,47.0,1.0,0.0,0.0,1.0,1.0,212.64,0.0,1,6
ba956d0d-b4d0-4a79-bfad-160c849bdbb4,1,0,1.0,1.0,8553.0,8553.0,0.0,1.0,0.0,1.0,3.0,0.0,0.0,1.0,4.0,4.0,57.02,1.0,0,4
4dd66db0-0a9b-4855-a678-05bb2e1bdae0,0,0,1.0,1.0,15027.0,15027.0,0.0,1.0,0.0,1.0,3.0,1.0,0.0,0.0,7.0,7.0,100.18,1.0,1,4
7c910857-0cf6-4858-a97e-0a3bcc6a2dbc,0,0,1.0,1.0,13544.0,13544.0,0.0,1.0,0.0,1.0,47.0,1.0,0.0,0.0,2.0,2.0,270.88,0.0,0,6
4e92d4cc-bfc9-4584-8656-3942ae40b42d,0,0,1.0,2.0,12432.0,6216.0,823.0722933011414,1.0,0.0,1.0,6.0,1.0,0.0,0.0,2.0,2.0,41.44,1.0,0,9
32f16ac3-f508-4a2a-9fb8-3ea142fae30e,0,0,2.0,1.0,21103.0,21103.0,0.0,1.0,0.0,1.0,6.0,0.0,1.0,0.0,7.0,8.0,140.68666666666667,1.0,0,9
d251469a-57dd-4e63-b3ea-9e5c0d8f980d,0,0,1.0,1.0,2726.0,2726.0,0.0,1.0,0.0,1.0,1.0,0.0,0.0,1.0,1.0,1.0,54.52,0.0,1,1
d8ba4c1b-e997-40cd-97db-a0a37fcba0f9,0,0,2.0,2.0,16240.0,8120.0,6911.261679317316,1.0,0.0,1.0,1.0,0.5,0.5,0.0,1.0,1.0,162.39999999999998,0.0,0,1
fe639874-2f62-47bc-ad38-ab4eba848645,0,0,1.0,3.0,18939.0,6313.0,1247.4822644029855,1.0,0.0,1.0,3.0,0.0,0.0,1.0,3.0,3.0,42.086666666666666,1.0,1,4
9be855ca-14b5-425e-a4d2-a98907a25a4e,0,0,2.0,2.0,23995.0,11997.5,3058.236828631818,1.0,0.0,1.0,47.0,0.5,0.5,0.0,5.0,5.0,239.95,0.0,0,6
5727abc1-19b8-4c45-a1d2-2a4a98b99070,0,0,1.0,3.0,57182.0,19060.666666666668,4873.324566795581,1.0,0.0,3.0,1.0,1.0,0.0,0.0,8.0,9.0,193.8977777777778,0.0,0,1
3e0ee111-c30c-4889-8c95-dfac2dbf0077,0,0,2.0,1.0,28536.0,28536.0,0.0,1.0,0.0,1.0,6.0,0.0,1.0,0.0,4.0,3.0,190.24,1.0,0,9
aeee6920-9163-4457-9814-f04e8f09081a,0,0,1.0,2.0,3719.0,1859.5,246.7802666341051,1.0,0.0,1.0,4.0,0.5,0.5,0.0,1.0,1.0,18.595,1.0,1,5
5df277de-1ca9-4f79-a284-e76ba888c6ba,0,0,2.0,2.0,13508.0,6754.0,6808.0240892640795,1.0,0.0,1.0,2.0,0.0,0.0,1.0,1.0,0.0,67.54,1.0,0,3
929bea65-222a-4e3a-96e8-c27246f4efcd,0,0,2.0,2.0,39742.0,19871.0,15414.927829866736,1.0,0.0,1.0,6.0,0.0,0.5,0.5,3.0,2.0,132.47333333333333,1.0,0,9
8a7b9849-c5cc-45d7-91fb-1105db12a8de,0,0,1.0,2.0,10610.0,5305.0,2957.1205589221418,1.0,0.0,1.0,3.0,0.5,0.5,0.0,3.0,3.0,35.36666666666667,1.0,0,4
337973e1-17d9-4ae2-a1f7-94d1424f6b0d,0,0,1.0,1.0,23971.0,23971.0,0.0,1.0,0.0,1.0,1.0,0.0,1.0,0.0,3.0,3.0,479.42,0.0,0,1
9303f19c-1d5d-4476-86b6-67e197bcd81a,0,0,1.0,3.0,8676.0,2892.0,144.4056785587049,1.0,0.0,1.0,6.0,1.0,0.0,0.0,2.0,2.0,19.28,1.0,1,9
2cdaff62-08b2-444b-a01b-922e14f29563,0,0,2.0,1.0,9112.0,9112.0,0.0,1.0,0.0,1.0,2.0,1.0,0.0,0.0,3.0,2.0,91.12,1.0,0,3
10d4d92d-3f1c-43ba-95ea-686d29e3a27b,0,0,1.0,3.0,68443.0,22814.333333333332,13978.873535923178,1.0,0.0,1.0,17.0,0.0,1.0,0.0,4.0,3.0,456.2866666666667,0.0,0,2
b77613cc-62f8-4889-a933-e50fdba9b85a,5,1,0.0,1.0,5933.0,5933.0,0.0,0.0,1.0,1.0,1.0,1.0,0.0,0.0,1.0,1.0,118.66,0.0,0,1
353b6567-f21c-497b-b40a-6c9cefbf6b74,5,1,0.0,1.0,5131.0,5131.0,0.0,0.0,1.0,1.0,1.0,1.0,0.0,0.0,3.0,4.0,102.62,0.0,0,1
10631df0-b3c3-46b0-835c-90237d3a2920,4,0,1.0,1.0,16368.0,16368.0,0.0,0.0,1.0,1.0,5.0,1.0,0.0,0.0,1.0,1.0,109.12,1.0,1,8
a2d6415f-5c7b-49d0-92df-2e9bcca12e2d,4,0,0.0,2.0,5018.0,2509.0,885.2976900455575,0.5,1.0,1.0,47.0,1.0,0.0,0.0,3.0,3.0,50.18,0.0,0,6
800388c1-474c-4ca6-bca5-893d03db43bb,4,0,2.0,1.0,2527.0,2527.0,0.0,0.0,1.0,1.0,3.0,0.0,0.0,1.0,3.0,3.0,16.846666666666668,1.0,0,4
811316f4-d277-4118-851f-8869e92a6ecc,4,0,1.0,2.0,90407.0,45203.5,47638.49095531889,0.5,1.0,1.0,6.0,0.0,0.0,1.0,3.0,3.0,301.3566666666666,1.0,0,9
3b9d8d25-789c-44b9-b19a-ebf628c07473,4,0,1.0,2.0,18025.0,9012.5,2414.7696577520596,0.0,1.0,1.0,6.0,0.5,0.0,0.5,9.0,8.0,60.083333333333336,1.0,0,9
9eae7d66-c2a0-441d-957d-a4ab59f71532,3,0,1.0,1.0,13856.0,13856.0,0.0,1.0,0.0,1.0,4.0,1.0,0.0,0.0,2.0,2.0,138.56,1.0,0,5
befd17a8-ada0-4c70-942d-f99d870f597d,3,0,1.0,1.0,30177.0,30177.0,0.0,1.0,0.0,1.0,2.0,0.0,1.0,0.0,2.0,1.0,301.77,1.0,0,3
6a14af91-7a3a-4e10-bff6-cd5b35d0ae8d,3,0,2.0,2.0,17677.0,8838.5,354.26049737446033,0.0,1.0,1.0,4.0,1.0,0.0,0.0,1.0,1.0,88.38499999999999,1.0,1,5
bb233289-0277-4947-b41e-9cb15016df90,3,0,1.0,1.0,25102.0,25102.0,0.0,1.0,0.0,1.0,2.0,0.0,1.0,0.0,7.0,7.0,251.02,1.0,0,3
88f64adc-fbcc-4978-acbe-c42d2ab83128,3,0,1.0,3.0,76681.0,25560.333333333332,5133.522215139751,0.33333333333333337,1.0,1.0,2.0,0.6666666666666666,0.3333333333333333,0.0,4.0,4.0,255.60333333333332,1.0,1,3
070ff794-9409-447c-9889-f463e1acb1a3,3,0,0.0,0.0,0.0,0.0,0.0,0.0,0.0,0.0,0.0,0.0,0.0,0.0,0.0,1.0,0.0,0.0,0,0
d9e43df7-6489-43bf-9014-8139e9897cdb,3,0,1.0,1.0,27387.0,27387.0,0.0,1.0,0.0,1.0,2.0,0.0,1.0,0.0,3.0,3.0,273.87,1.0,0,3
d978341d-511c-442a-82e3-a988cb3621cc,3,0,1.0,1.0,28684.0,28684.0,0.0,1.0,0.0,1.0,2.0,0.0,1.0,0.0,2.0,2.0,286.84,1.0,0,3
5fff6155-24fb-4457-8450-61f1f3111427,3,0,1.0,2.0,18353.0,9176.5,4036.872613794,0.5,1.0,1.0,17.0,0.5,0.0,0.5,3.0,3.0,183.53,0.0,0,2
c4f23e8d-73dd-4e6d-986d-9fb62130f023,3,0,1.0,1.0,3482.0,3482.0,0.0,1.0,0.0,1.0,2.0,1.0,0.0,0.0,1.0,1.0,34.82,1.0,0,3
4a5d2818-98f3-44b7-bb08-efa7a98e5e14,3,0,2.0,2.0,43694.0,21847.0,11187.843491933554,0.0,1.0,1.0,17.0,0.0,0.0,1.0,2.0,1.0,436.94,0.0,0,2
4906cee4-d3be-4d62-a424-c56218690dbe,3,0,1.0,1.0,28266.0,28266.0,0.0,1.0,0.0,1.0,17.0,0.0,1.0,0.0,7.0,7.0,565.32,0.0,0,2
13eafa9d-2a98-412a-b3f0-3f806d3c0711,3,0,1.0,1.0,29550.0,29550.0,0.0,1.0,0.0,1.0,2.0,0.0,1.0,0.0,1.0,1.0,295.5,1.0,0,3
7abd98f8-cca1-48cb-be64-0c89c7471685,3,0,1.0,2.0,41012.0,20506.0,16105.064048304806,0.5,1.0,1.0,6.0,0.5,0.0,0.5,3.0,3.0,136.70666666666668,1.0,0,9
8910c50a-82e8-4dff-bfba-493b799f7ee7,3,0,1.0,3.0,50789.0,16929.666666666668,9907.043369912808,0.33333333333333337,1.0,1.0,3.0,0.3333333333333333,0.3333333333333333,0.3333333333333333,10.0,9.0,112.86444444444446,1.0,0,4
eb9558aa-e4b2-43ec-ad29-bcdacce8f719,2,0,0.0,1.0,9727.0,9727.0,0.0,1.0,0.0,1.0,6.0,1.0,0.0,0.0,5.0,3.0,64.84666666666666,1.0,0,9
4f531185-3ba9-4dfa-9be6-3b6cce43faa5,1,0,2.0,2.0,68648.0,34324.0,1525.9364338005696,1.0,0.0,1.0,4.0,0.0,1.0,0.0,5.0,5.0,343.24,1.0,0,5
57e0e444-ad05-4d0b-b044-19ce05cf462c,1,0,2.0,2.0,61702.0,20567.333333333332,9050.78037151125,1.0,0.0,2.0,47.0,0.3333333333333333,0.3333333333333333,0.3333333333333333,6.0,7.0,286.2088888888889,0.0,0,6
4d1f97c9-a53e-48f9-b142-bb5b4bbad28e,1,0,1.0,3.0,66650.0,22216.666666666668,5817.14915859421,1.0,0.0,1.0,5.0,0.3333333333333333,0.6666666666666666,0.0,15.0,14.0,148.11111111111111,1.0,0,8
8f0449b8-cc86-4643-ac75-952998b759c0,1,0,1.0,3.0,81646.0,27215.333333333332,3086.0337544060235,1.0,0.0,2.0,6.0,1.0,0.0,0.0,11.0,11.0,316.3511111111111,0.0,1,9
ea365040-cfa5-4252-ba9f-fb5940d3488a,1,0,1.0,3.0,47332.0,15777.333333333334,13483.69275581928,1.0,0.0,1.0,6.0,1.0,0.0,0.0,12.0,12.0,105.18222222222221,1.0,1,9
ee898357-c4bc-40a1-b260-ac0f2278da8f,1,0,1.0,3.0,75478.0,18869.5,12842.318832671925,1.0,0.0,1.0,6.0,0.5,0.25,0.25,16.0,16.0,125.79666666666667,1.0,0,9
4c80118c-009f-413a-a268-d75c23e418ba,1,0,2.0,2.0,69737.0,34868.5,1946.6649686065653,1.0,0.0,1.0,1.0,0.0,1.0,0.0,5.0,5.0,0.0,0.0,0,1
7d0001c1-a2e9-48e4-aa34-5aa53142c1e0,1,0,0.0,3.0,48604.0,16201.333333333334,15830.935453514214,1.0,0.0,1.0,3.0,0.6666666666666666,0.3333333333333333,0.0,17.0,17.0,108.00888888888888,1.0,1,4
dc84b0b9-d6a7-468e-86d9-9234510aa201,1,0,0.0,1.0,20223.0,20223.0,0.0,1.0,0.0,1.0,6.0,0.0,1.0,0.0,11.0,11.0,134.82,1.0,0,9
d2b93a20-bf52-4cb1-8e06-d8e8eb47386f,1,0,1.0,1.0,23936.0,23936.0,0.0,1.0,0.0,1.0,3.0,0.0,1.0,0.0,3.0,4.0,159.57333333333332,1.0,1,4
11288b9a-bf23-43be-9091-8403c41c118a,0,0,1.0,3.0,114942.0,38314.0,11195.898758027422,1.0,0.0,1.0,17.0,0.3333333333333333,0.0,0.6666666666666666,25.0,23.0,0.0,0.0,1,2
3314bd40-f29b-4989-84a2-480092cb6d68,0,0,1.0,3.0,32744.0,10914.666666666666,5494.432667103432,1.0,0.0,1.0,5.0,0.6666666666666666,0.3333333333333333,0.0,6.0,6.0,72.76444444444444,1.0,1,8
ca458682-4ea2-4c1f-8ed7-29b14ee1676b,0,0,1.0,2.0,15160.0,7580.0,3952.7269068328005,1.0,0.0,1.0,47.0,1.0,0.0,0.0,3.0,3.0,151.6,0.0,0,6
424c57ef-76e3-4210-90d6-9c2b8c8644e6,0,0,1.0,2.0,55020.0,27510.0,12734.993129169721,1.0,0.0,1.0,1.0,0.5,0.0,0.5,10.0,10.0,550.2,0.0,1,1
0100f736-2460-461f-b587-b191342c9364,0,0,2.0,1.0,22600.0,22600.0,0.0,1.0,0.0,1.0,47.0,1.0,0.0,0.0,2.0,2.0,452.0,0.0,0,6
73a79f2a-593e-4d03-a690-6492039040a1,0,0,1.0,1.0,28157.0,28157.0,0.0,1.0,0.0,1.0,2.0,0.0,1.0,0.0,2.0,2.0,281.57,1.0,0,3
a6687013-f3e2-472a-8785-34ca02de7d2f,0,0,0.0,3.0,20359.0,6786.333333333333,3692.5071879866846,1.0,0.0,1.0,47.0,0.6666666666666666,0.0,0.3333333333333333,5.0,5.0,135.72666666666666,0.0,1,6
da94b91b-4633-4905-86c9-cbb0af4f59d4,0,0,1.0,3.0,9676.0,3225.3333333333335,200.50020781369108,1.0,0.0,1.0,3.0,0.3333333333333333,0.6666666666666666,0.0,7.0,7.0,21.502222222222226,1.0,0,4
e051a504-2cb7-4b67-826f-24e08060ec11,0,0,2.0,1.0,399.0,399.0,0.0,1.0,0.0,1.0,47.0,1.0,0.0,0.0,1.0,1.0,7.98,0.0,1,6
8617ccf5-50c8-4b5e-aee3-22a686dcaa93,0,0,1.0,2.0,48237.0,24118.5,2708.9260787256635,1.0,0.0,1.0,6.0,1.0,0.0,0.0,6.0,8.0,160.79000000000002,1.0,0,9
fc724a7f-3774-480f-90de-8044bc2b2a9d,0,0,1.0,1.0,7021.0,3510.5,2735.7961364107523,1.0,0.0,2.0,6.0,1.0,0.0,0.0,3.0,3.0,23.403333333333332,1.0,0,9
a1d97ccf-3cb5-45b1-b9ca-2267afa614f6,0,0,1.0,1.0,14425.0,14425.0,0.0,1.0,0.0,1.0,2.0,1.0,0.0,0.0,3.0,3.0,144.25,1.0,0,3
820d832d-5da8-4f5b-b227-2526f4204732,0,0,1.0,3.0,55732.0,18577.333333333332,2163.502792541146,1.0,0.0,1.0,47.0,1.0,0.0,0.0,5.0,5.0,371.5466666666666,0.0,0,6
d55387ce-fabd-4131-a309-91b8f6409a8d,0,0,2.0,2.0,29570.0,14785.0,3140.9683220306442,1.0,0.0,1.0,47.0,1.0,0.0,0.0,2.0,2.0,295.7,0.0,0,6
cad2587d-faf4-459c-8e4d-bbfb12a21393,4,0,2.0,1.0,18044.0,18044.0,0.0,0.0,1.0,1.0,5.0,1.0,0.0,0.0,3.0,3.0,120.29333333333334,1.0,1,8
52f70458-fd3b-40a9-bccf-ab23a034c902,4,0,1.0,3.0,39817.0,13272.333333333334,1842.4484615134647,0.33333333333333337,1.0,1.0,2.0,0.3333333333333333,0.0,0.6666666666666666,4.0,4.0,132.72333333333333,1.0,0,3
03fa1e41-b292-42a7-84dd-08c1db3bdcc8,4,0,1.0,3.0,56329.0,18776.333333333332,7774.7595032472445,0.33333333333333337,1.0,1.0,5.0,0.3333333333333333,0.0,0.6666666666666666,11.0,10.0,125.17555555555555,1.0,1,8
9332f9a2-85e4-42e1-9ab2-7f0a18e3b549,4,0,1.0,3.0,35272.0,11757.333333333334,1979.8447750602402,0.33333333333333337,1.0,1.0,17.0,1.0,0.0,0.0,7.0,7.0,235.14666666666668,0.0,0,2
9034bb54-2794-42f0-970e-b1c1b299c7b9,4,0,2.0,1.0,6927.0,6927.0,0.0,0.0,1.0,1.0,47.0,1.0,0.0,0.0,3.0,3.0,138.54,0.0,0,6
0d00b88f-feea-4963-ae32-4205b5392d5d,3,0,1.0,2.0,11010.0,5505.0,1009.7484835343898,0.5,1.0,1.0,4.0,1.0,0.0,0.0,5.0,5.0,55.05,1.0,0,5
b48c77d2-415f-4715-b01b-34fead86f515,3,0,0.0,2.0,53381.0,26690.5,12922.376426184155,0.5,1.0,1.0,47.0,0.5,0.0,0.5,7.0,7.0,533.81,0.0,0,6
fa5a1281-9760-4690-8010-23dae6b6206d,3,0,2.0,1.0,11355.0,11355.0,0.0,0.0,1.0,1.0,4.0,1.0,0.0,0.0,3.0,3.0,113.55,1.0,0,5
9ba1eb81-d7ff-46e1-b02d-ccf67020b24c,3,0,0.0,1.0,17503.0,17503.0,0.0,1.0,0.0,1.0,47.0,0.0,0.0,1.0,2.0,2.0,350.06,0.0,0,6
8acf6d18-5f9f-4303-b814-c6b8ad7e9ec4,3,0,2.0,1.0,6821.0,6821.0,0.0,0.0,1.0,1.0,3.0,1.0,0.0,0.0,4.0,4.0,45.473333333333336,1.0,0,4
e8f839d1-cfd5-4a8d-ac3d-61eaa9524187,3,0,2.0,2.0,52344.0,26172.0,7978.992918909003,0.0,1.0,1.0,6.0,1.0,0.0,0.0,6.0,6.0,174.48000000000002,1.0,0,9
4021445d-2e47-4851-8d34-fc7c4d5e09ac,3,0,1.0,1.0,8432.0,8432.0,0.0,1.0,0.0,1.0,6.0,0.0,0.0,1.0,1.0,1.0,56.21333333333333,1.0,0,9
7c45f71a-18a6-47da-b073-ae1c97276963,2,0,1.0,1.0,3953.0,3953.0,0.0,1.0,0.0,1.0,4.0,0.0,0.0,1.0,1.0,1.0,39.53,1.0,0,5
948ff142-dc51-4339-a202-05cbf7aef23b,2,0,1.0,3.0,28489.0,9496.333333333334,4360.940303802992,0.6666666666666667,1.0,1.0,1.0,0.3333333333333333,0.6666666666666666,0.0,8.0,8.0,189.92666666666665,0.0,0,1
0aa19434-b2fa-4b24-a96f-8151349be67a,2,0,1.0,1.0,8986.0,8986.0,0.0,1.0,0.0,1.0,5.0,1.0,0.0,0.0,2.0,2.0,59.906666666666666,1.0,0,8
89d1696a-30b5-4c28-b1c0-93f672273845,2,0,0.0,3.0,56226.0,18742.0,9385.664547595978,1.0,0.0,1.0,6.0,1.0,0.0,0.0,12.0,11.0,124.94666666666666,1.0,0,9
b64e6252-0e1b-467a-a874-c2a4adbf0c02,1,0,1.0,3.0,58861.0,19620.333333333332,2692.6036346505457,1.0,0.0,1.0,5.0,0.0,1.0,0.0,10.0,10.0,130.8022222222222,1.0,0,8
041895c4-d756-40a5-8d65-792d097041fd,1,0,1.0,2.0,41345.0,20672.5,11471.39331118936,1.0,0.0,1.0,6.0,0.0,1.0,0.0,8.0,9.0,137.81666666666666,1.0,0,9
f392d816-b739-4bef-8842-42a01ca6cfe0,1,0,1.0,3.0,32288.0,10762.666666666666,2439.0730479699323,1.0,0.0,1.0,1.0,0.6666666666666666,0.3333333333333333,0.0,5.0,5.0,215.25333333333333,0.0,0,1
b96e7bc3-80b9-4927-a285-3e38f5165213,1,0,1.0,1.0,14534.0,14534.0,0.0,1.0,0.0,1.0,1.0,1.0,0.0,0.0,3.0,3.0,290.68,0.0,0,1
53dcaabb-6019-4c31-8f9b-2619c6dab9d3,1,0,1.0,1.0,17399.0,17399.0,0.0,1.0,0.0,1.0,6.0,1.0,0.0,0.0,2.0,2.0,115.99333333333334,1.0,0,9
4942790f-e51b-4df3-99b4-8578c932aa66,1,0,1.0,3.0,54096.0,18032.0,5003.6814446964945,1.0,0.0,1.0,47.0,0.3333333333333333,0.6666666666666666,0.0,10.0,10.0,360.64000000000004,0.0,1,6
c0aa710d-8116-4718-9268-014fbcdd0152,1,0,1.0,2.0,18855.0,9427.5,144.95689014324225,1.0,0.0,1.0,17.0,0.0,0.0,1.0,3.0,3.0,188.55,0.0,0,2
60025fea-dab7-41b8-9282-0547acd8fba0,1,0,1.0,3.0,65910.0,21970.0,3085.118636292614,1.0,0.0,1.0,6.0,0.6666666666666666,0.3333333333333333,0.0,11.0,11.0,146.46666666666667,1.0,1,9
fb176fbd-c711-471b-b721-a3e5de32d7c3,1,0,1.0,3.0,98676.0,32892.0,5907.230061543227,1.0,0.0,1.0,2.0,0.0,1.0,0.0,5.0,5.0,328.92,1.0,0,3
98f37084-1b23-4e36-90de-9ff04177bcdc,1,0,1.0,1.0,18885.0,18885.0,0.0,1.0,0.0,1.0,5.0,0.0,1.0,0.0,7.0,6.0,125.9,1.0,0,8
a5957630-f0ce-4d5c-8dbc-a68695cb9ff7,1,0,2.0,2.0,30589.0,15294.5,641.3458505361986,1.0,0.0,1.0,3.0,0.5,0.5,0.0,7.0,7.0,101.96333333333334,1.0,0,4
c0c506f7-eefe-4c72-b817-81cd2706c2ed,1,0,0.0,2.0,9993.0,4996.5,2322.8457761978084,1.0,0.0,1.0,1.0,0.5,0.5,0.0,3.0,3.0,99.93,0.0,1,1
8f7cdc04-4389-47d8-9edd-bad5bf1f5f3e,1,0,1.0,1.0,19133.0,19133.0,0.0,1.0,0.0,1.0,6.0,1.0,0.0,0.0,3.0,3.0,127.55333333333333,1.0,0,9
f131b595-216a-4b0d-b1c1-f576d050e93f,0,0,2.0,1.0,27724.0,27724.0,0.0,1.0,0.0,1.0,6.0,0.0,1.0,0.0,4.0,4.0,184.82666666666665,1.0,0,9
4dbda271-c673-475c-a61a-da1ecad85b52,0,0,2.0,1.0,21457.0,21457.0,0.0,1.0,0.0,1.0,2.0,1.0,0.0,0.0,2.0,2.0,214.57,1.0,0,3
209a0b2b-6cec-4158-b5bd-e3c39e3713d5,0,0,1.0,2.0,29443.0,14721.5,440.5275246792191,1.0,0.0,1.0,3.0,0.0,0.0,1.0,8.0,8.0,98.14333333333333,1.0,0,4
d939bd67-f26a-4b56-8ac1-c7c2d43528fe,0,0,2.0,1.0,7556.0,7556.0,0.0,1.0,0.0,1.0,3.0,0.0,0.0,1.0,3.0,3.0,50.373333333333335,1.0,1,4
63c2073b-8000-43a0-a379-185b35335b8e,0,0,1.0,3.0,29163.0,9721.0,3165.6909198467242,1.0,0.0,1.0,47.0,0.0,0.0,1.0,3.0,4.0,194.42,0.0,1,6
b2d4c028-2c0d-401b-8ca4-75e702f7844f,0,0,1.0,2.0,25558.0,12779.0,5338.656197958434,1.0,0.0,1.0,47.0,1.0,0.0,0.0,4.0,4.0,255.57999999999998,0.0,0,6
171e2bf6-67f8-4b62-9ae4-52e129278df2,0,0,0.0,3.0,36593.0,7318.6,5920.3373468071895,1.0,0.0,1.0,3.0,0.0,0.0,1.0,7.0,8.0,48.79066666666667,1.0,1,4
6003d720-3c5c-4301-931d-8fa3878ca18f,0,0,2.0,1.0,39955.0,39955.0,0.0,1.0,0.0,1.0,47.0,0.0,1.0,0.0,2.0,2.0,0.0,0.0,1,6
3bc38ea1-3849-41f8-b7d4-57e11df11265,0,0,1.0,3.0,65138.0,21712.666666666668,3135.476093567503,1.0,0.0,1.0,3.0,0.0,1.0,0.0,12.0,12.0,144.7511111111111,1.0,0,4
4ebdca5c-c8db-4c4b-9a43-b456c4a6e946,0,0,1.0,1.0,2095.0,2095.0,0.0,1.0,0.0,1.0,2.0,1.0,0.0,0.0,1.0,1.0,20.95,1.0,1,3
f13cf5cd-0e2d-4814-995f-7b5d00f9044a,0,0,2.0,1.0,18199.0,18199.0,0.0,1.0,0.0,1.0,6.0,1.0,0.0,0.0,2.0,2.0,121.32666666666667,1.0,0,9
cc97d1b9-3e0d-43d9-921d-f92355b0260b,0,0,1.0,2.0,31161.0,15580.5,6743.677372176104,1.0,0.0,1.0,17.0,1.0,0.0,0.0,4.0,4.0,311.61,0.0,1,2
541d91ab-1cbc-4444-b9b7-c2b920bbdaa5,4,0,2.0,2.0,34507.0,17253.5,9863.43249077115,0.5,1.0,1.0,6.0,1.0,0.0,0.0,6.0,6.0,115.02333333333334,1.0,0,9
44f48341-4440-4be7-b0dc-2714ca22c72c,4,0,0.0,1.0,3265.0,3265.0,0.0,1.0,0.0,1.0,5.0,1.0,0.0,0.0,1.0,1.0,21.766666666666666,1.0,1,8
0e692746-af91-460b-b35d-3303da28b614,4,0,1.0,2.0,53933.0,26966.5,280.72139213105936,0.0,1.0,1.0,6.0,1.0,0.0,0.0,3.0,3.0,179.77666666666667,1.0,0,9
fedb3006-ca06-4677-b5db-86f5baa81684,4,0,0.0,1.0,64904.0,64904.0,0.0,1.0,0.0,1.0,5.0,0.0,0.0,1.0,0.0,1.0,432.6933333333333,1.0,1,8
f675b454-f276-491a-bf1f-bb5583d5e277,4,0,2.0,1.0,13629.0,13629.0,0.0,0.0,1.0,1.0,6.0,1.0,0.0,0.0,1.0,1.0,90.86,1.0,0,9
111450de-b4b2-44c1-a8e5-84e85068590a,4,0,1.0,3.0,55991.0,18663.666666666668,6212.313927461597,0.33333333333333337,1.0,1.0,6.0,0.6666666666666666,0.3333333333333333,0.0,8.0,8.0,124.42444444444443,1.0,1,9
13922a70-2abf-406b-ace9-256ddcf834ea,3,0,1.0,1.0,24695.0,24695.0,0.0,1.0,0.0,1.0,1.0,1.0,0.0,0.0,3.0,3.0,493.9,0.0,0,1
82c5986b-594a-4a7f-97c0-19b831c8c97e,3,0,1.0,1.0,27808.0,27808.0,0.0,1.0,0.0,1.0,2.0,0.0,1.0,0.0,2.0,2.0,278.08,1.0,0,3
bf2838f5-c8cd-412f-b608-28187950f7d1,2,0,2.0,1.0,4900.0,4900.0,0.0,1.0,0.0,1.0,3.0,0.0,0.0,1.0,6.0,6.0,32.666666666666664,1.0,0,4
975e85ca-5d84-4b75-aea0-e0e841856e4e,2,0,1.0,2.0,50271.0,25135.5,1420.577523403774,1.0,0.0,1.0,2.0,1.0,0.0,0.0,5.0,5.0,251.355,1.0,1,3
ad8fb7d7-676e-4d24-b9c8-0801e177b928,2,0,1.0,2.0,21443.0,10721.5,48.79036790187178,1.0,0.0,1.0,17.0,1.0,0.0,0.0,2.0,2.0,214.43,0.0,1,2
85dedd63-a7e8-4aea-a341-4972246021fb,2,0,1.0,3.0,77389.0,25796.333333333332,3407.9685053317808,0.6666666666666667,1.0,1.0,3.0,0.3333333333333333,0.6666666666666666,0.0,18.0,17.0,171.97555555555553,1.0,1,4
c8131e57-f358-428b-bdcf-c5c2a7d1e4b6,2,0,1.0,3.0,66533.0,22177.666666666668,13620.52335019963,0.6666666666666667,1.0,1.0,1.0,0.6666666666666666,0.0,0.3333333333333333,7.0,6.0,443.5533333333333,0.0,1,1
566950db-9329-4b24-bbde-0253462f4221,2,0,1.0,1.0,1554.0,1554.0,0.0,1.0,0.0,1.0,17.0,1.0,0.0,0.0,1.0,1.0,31.08,0.0,0,2
be6cc701-60dc-4e8d-a5e4-fc4b1c370a48,2,0,1.0,1.0,4926.0,4926.0,0.0,1.0,0.0,1.0,6.0,1.0,0.0,0.0,1.0,1.0,32.84,1.0,0,9
d2dadcf8-028b-4de3-8722-ffe4d9057829,2,0,1.0,3.0,21490.0,7163.333333333333,2208.3125533613515,0.6666666666666667,1.0,1.0,47.0,0.0,0.0,1.0,2.0,3.0,143.26666666666668,0.0,1,6
fe9a51b6-6649-4a6b-9003-aed08df21135,2,0,2.0,1.0,20185.0,20185.0,0.0,1.0,0.0,1.0,1.0,1.0,0.0,0.0,6.0,6.0,403.7,0.0,0,1
07f165ef-6ac4-4e5b-9741-2ab9f8f63692,2,0,2.0,2.0,42275.0,21137.5,3905.350752493302,0.5,1.0,1.0,2.0,1.0,0.0,0.0,1.0,2.0,211.375,1.0,1,3
86173e10-7d5f-4c7f-af84-98698f09cda1,1,0,2.0,2.0,15220.0,7610.0,391.7371567773473,1.0,0.0,1.0,6.0,0.0,1.0,0.0,2.0,2.0,50.733333333333334,1.0,0,9
c0a65868-c6f6-4cdf-b8a4-80516ff4e1e6,1,0,1.0,3.0,48203.0,16067.666666666666,3974.1345389069725,1.0,0.0,1.0,47.0,1.0,0.0,0.0,8.0,6.0,321.35333333333335,0.0,0,6
e6a89c8e-1048-4193-98f5-8945f7e38339,1,0,1.0,3.0,102855.0,34285.0,7808.980663313234,1.0,0.0,1.0,2.0,0.0,1.0,0.0,4.0,4.0,342.8500000000001,1.0,1,3
4c9bc6d7-048c-443f-a7f6-6e7465eaf550,1,0,1.0,1.0,4423.0,4423.0,0.0,1.0,0.0,1.0,1.0,1.0,0.0,0.0,2.0,2.0,88.46,0.0,0,1
e84d76e7-0bdc-4813-9cb5-b859ba01ebc7,1,0,1.0,1.0,3579.0,3579.0,0.0,1.0,0.0,1.0,2.0,1.0,0.0,0.0,1.0,1.0,35.79,1.0,0,3
2dc36110-2869-4429-8699-4e57bbf2cc04,1,0,1.0,1.0,34346.0,34346.0,0.0,1.0,0.0,1.0,6.0,0.0,1.0,0.0,7.0,7.0,228.97333333333333,1.0,0,9
d383830c-d061-47b9-8020-889a6379ab84,1,0,1.0,2.0,43262.0,21631.0,4235.56961930742,1.0,0.0,1.0,3.0,1.0,0.0,0.0,12.0,12.0,144.20666666666668,1.0,0,4
a5835b45-5950-4101-901f-ce6e28caeaf9,0,0,1.0,2.0,38449.0,19224.5,5444.015108355229,1.0,0.0,1.0,2.0,1.0,0.0,0.0,3.0,3.0,192.245,1.0,0,3
8799a450-28cc-4a9d-a4bb-5ec71b2827f3,0,0,2.0,2.0,33068.0,16534.0,21248.558774655754,1.0,0.0,1.0,3.0,0.0,0.5,0.5,10.0,18.0,110.22666666666667,1.0,0,4
1e2c167a-d2bd-49b7-b0c2-14f7ed88f7de,0,0,1.0,2.0,50376.0,25188.0,784.8885271170677,1.0,0.0,1.0,3.0,1.0,0.0,0.0,6.0,6.0,167.92000000000002,1.0,1,4
c054cb24-ac93-4ef2-b570-c57979d3f5fb,0,0,1.0,2.0,43128.0,21564.0,668.9230150024739,1.0,0.0,1.0,1.0,0.0,1.0,0.0,5.0,5.0,431.28,0.0,0,1
ac01ea23-9d55-48a6-9f7e-e91443265a0d,0,0,1.0,2.0,5693.0,2846.5,566.3925317304246,1.0,0.0,1.0,5.0,0.0,0.0,1.0,1.0,1.0,18.976666666666667,1.0,1,8
54c7dfa3-3dfe-4f19-8467-9ac80d618f8d,0,0,1.0,2.0,9855.0,4927.5,2690.5413024148133,1.0,0.0,1.0,17.0,0.0,1.0,0.0,1.0,1.0,98.55,0.0,0,2
e263ba61-ba93-4ce1-8549-968a406d86b4,0,0,1.0,1.0,10587.0,10587.0,0.0,1.0,0.0,1.0,17.0,0.0,1.0,0.0,3.0,3.0,211.74,0.0,0,2
a1bbea88-9d62-4d08-9457-454667695e2a,0,0,1.0,3.0,54305.0,18101.666666666668,4841.225292561103,1.0,0.0,1.0,47.0,0.6666666666666666,0.3333333333333333,0.0,10.0,10.0,362.03333333333336,0.0,0,6
f027850e-5624-4f0a-b43c-176060d28ff3,6,1,1.0,2.0,50038.0,25019.0,8998.640897380004,1.0,0.0,1.0,17.0,0.0,1.0,0.0,15.0,15.0,500.38,0.0,0,2
b35cc456-b732-49fc-a093-128d46806092,6,1,1.0,2.0,50788.0,25394.0,8452.754462303988,1.0,0.0,1.0,17.0,0.0,1.0,0.0,10.0,10.0,507.88,0.0,0,2
f970ce0b-0606-4d4c-993f-093930c711a9,5,1,0.0,3.0,101337.0,33779.0,30096.371425804806,0.33333333333333337,1.0,1.0,17.0,0.0,0.0,1.0,10.0,11.0,0.0,0.0,1,2
c917f266-354a-4fd7-b207-04771e904f83,4,0,0.0,1.0,26058.0,26058.0,0.0,1.0,0.0,1.0,4.0,0.0,1.0,0.0,6.0,6.0,260.58,1.0,1,5
d1281179-1eb8-4d70-b08e-f197268cc508,4,0,0.0,1.0,41278.0,41278.0,0.0,1.0,0.0,1.0,3.0,1.0,0.0,0.0,1.0,0.0,275.18666666666667,1.0,0,4
eac5eea0-3044-4b90-a442-d200327e3cac,4,0,0.0,1.0,3716.0,3716.0,0.0,1.0,0.0,1.0,3.0,1.0,0.0,0.0,3.0,3.0,24.773333333333333,1.0,0,4
2e6761c9-6c57-42b3-b88b-ed5c6af899cc,4,0,1.0,1.0,11289.0,11289.0,0.0,0.0,1.0,1.0,3.0,1.0,0.0,0.0,5.0,5.0,75.26,1.0,0,4
53c0a5d6-8622-4ec9-8800-f731df46ecec,4,0,0.0,1.0,13346.0,3336.5,217.69933394477812,1.0,0.0,1.0,17.0,1.0,0.0,0.0,7.0,7.0,66.73,0.0,0,2
fa1beecd-1d8d-4925-8192-c03db38a039d,4,0,1.0,2.0,42945.0,21472.5,822.3651865199548,0.5,1.0,1.0,6.0,0.0,0.5,0.5,5.0,4.0,143.15,1.0,0,9
4b92ebb1-05e4-4021-a219-bc17454ba0f5,4,0,1.0,1.0,14406.0,14406.0,0.0,0.0,1.0,1.0,6.0,0.0,0.0,1.0,2.0,2.0,96.04,1.0,0,9
658d070e-102f-4453-b678-ca85329cb078,4,0,1.0,3.0,87359.0,29119.666666666668,23480.73048977253,0.33333333333333337,1.0,1.0,2.0,0.0,0.6666666666666666,0.3333333333333333,3.0,2.0,291.1966666666667,1.0,0,3
12ab615b-450d-402b-b3b6-d84503ddc246,4,0,2.0,1.0,21260.0,21260.0,0.0,0.0,1.0,1.0,3.0,1.0,0.0,0.0,2.0,2.0,141.73333333333332,1.0,0,4
0e1047cd-4ee2-4d54-85d5-2f79b7babea7,4,0,2.0,2.0,41139.0,20569.5,44.54772721475249,0.5,1.0,1.0,3.0,0.5,0.0,0.5,3.0,3.0,137.13,1.0,1,4
7437de25-d62a-4c62-9aa5-28622d3295c1,4,0,1.0,2.0,29547.0,14773.5,8456.289996209922,0.0,1.0,1.0,17.0,1.0,0.0,0.0,2.0,2.0,295.47,0.0,0,2
6a88014b-fbbd-4e73-8036-04435c062a97,4,0,1.0,2.0,15955.0,7977.5,2621.244837858532,0.5,1.0,1.0,6.0,1.0,0.0,0.0,3.0,3.0,53.18333333333334,1.0,1,9
1bc9e529-bb39-4286-bbab-cbf00f7435ee,3,0,0.0,1.0,5686.0,5686.0,0.0,1.0,0.0,1.0,2.0,1.0,0.0,0.0,2.0,2.0,56.86,1.0,0,3
f5f2bef6-dbc1-475a-9730-1ac0522c5a97,3,0,0.0,2.0,13216.0,6608.0,5864.743643161225,0.5,1.0,1.0,1.0,0.5,0.0,0.5,4.0,4.0,132.16,0.0,0,1
8194b3be-f046-496e-99a7-54937ee6a53e,3,0,1.0,2.0,33003.0,16501.5,3433.003422660688,0.5,1.0,1.0,6.0,1.0,0.0,0.0,4.0,5.0,110.00999999999999,1.0,1,9
4041129b-44bd-4050-9541-e115201d3bf5,3,0,1.0,1.0,27136.0,27136.0,0.0,1.0,0.0,1.0,17.0,0.0,1.0,0.0,8.0,7.0,542.72,0.0,0,2
20fe9082-e951-407a-b784-b51581fee1f3,3,0,1.0,1.0,3416.0,3416.0,0.0,1.0,0.0,1.0,1.0,1.0,0.0,0.0,1.0,1.0,68.32,0.0,1,1
f2f2af5a-2d07-4b23-8b79-f0c80e00a1b4,2,0,0.0,2.0,34975.0,8743.75,5150.081447576015,1.0,0.0,1.0,1.0,0.25,0.5,0.25,13.0,13.0,174.875,0.0,1,1
a89f3518-db5a-4abf-a396-b4956a1b0fca,2,0,1.0,1.0,19279.0,19279.0,0.0,1.0,0.0,1.0,1.0,1.0,0.0,0.0,5.0,5.0,385.58,0.0,1,1
742aeffa-aff0-4d21-9f6a-6660e2bbdac6,2,0,1.0,1.0,7953.0,7953.0,0.0,1.0,0.0,1.0,1.0,0.0,0.0,1.0,2.0,1.0,159.06,0.0,1,1
47e8c3d3-6b7d-455f-9158-37c1dbe69d1d,2,0,1.0,3.0,27706.0,9235.333333333334,4145.536917376727,0.6666666666666667,1.0,1.0,3.0,1.0,0.0,0.0,5.0,5.0,61.568888888888885,1.0,1,4
953b0899-c660-4711-8677-9fe88d220e4f,2,0,1.0,2.0,6504.0,3252.0,142.8355697996826,1.0,0.0,1.0,6.0,0.0,1.0,0.0,2.0,3.0,21.68,1.0,1,9
179278b2-c5d5-4ade-9a6e-aad5e0556ca5,2,0,1.0,1.0,7274.0,7274.0,0.0,1.0,0.0,1.0,6.0,0.0,0.0,1.0,1.0,1.0,48.49333333333333,1.0,0,9
0bb66fc6-b027-4c1c-9821-b2c34017cc1c,2,0,1.0,1.0,31006.0,31006.0,0.0,1.0,0.0,1.0,3.0,0.0,1.0,0.0,7.0,7.0,206.70666666666668,1.0,0,4
1647793e-94cb-4c95-93a1-51ed86b3d6d8,2,0,1.0,1.0,21985.0,21985.0,0.0,1.0,0.0,1.0,2.0,0.0,1.0,0.0,2.0,2.0,219.85,1.0,0,3
fbdfe7a8-27ef-46ca-a19a-d970dfa6b9b7,2,0,1.0,1.0,11245.0,11245.0,0.0,1.0,0.0,1.0,6.0,1.0,0.0,0.0,4.0,3.0,74.96666666666667,1.0,0,9
313601cc-f4d6-4331-bd40-7cacf4a85cdc,2,0,1.0,2.0,37565.0,18782.5,2027.2751416618316,1.0,0.0,1.0,2.0,0.0,1.0,0.0,4.0,4.0,187.825,1.0,0,3
48ad3007-669c-493b-855a-bfb708f89a52,2,0,2.0,1.0,1877.0,1877.0,0.0,1.0,0.0,1.0,2.0,0.0,0.0,1.0,1.0,1.0,18.77,1.0,0,3
989380fe-ed95-47eb-a824-203f24279a28,2,0,2.0,1.0,7855.0,7855.0,0.0,1.0,0.0,1.0,6.0,0.0,0.0,1.0,1.0,1.0,52.36666666666667,1.0,1,9
554919a5-fafc-47fb-ab4c-4cf8bfb2a829,2,0,1.0,2.0,28866.0,14433.0,4992.173875177025,1.0,0.0,1.0,4.0,0.5,0.5,0.0,15.0,15.0,144.32999999999998,1.0,1,5
9a60495d-e09c-48ea-8831-5c3a9ad12546,1,0,0.0,2.0,60195.0,30097.5,8665.59360344114,1.0,0.0,1.0,6.0,0.5,0.5,0.0,11.0,11.0,200.65,1.0,0,9
dfe2c903-f235-412d-ac7f-2c41da63f345,0,0,1.0,3.0,41976.0,13992.0,997.5184208825419,1.0,0.0,1.0,1.0,0.0,0.0,1.0,6.0,6.0,279.84,0.0,0,1
4b532fed-6ab2-4b22-b77a-45500d0489a8,0,0,1.0,3.0,50730.0,16910.0,4514.684817348826,1.0,0.0,1.0,5.0,1.0,0.0,0.0,12.0,12.0,112.73333333333333,1.0,0,8
5aab271d-5de1-446c-b984-43160d29d869,0,0,1.0,1.0,25065.0,25065.0,0.0,1.0,0.0,1.0,6.0,0.0,1.0,0.0,4.0,4.0,167.1,1.0,0,9
f9c4368b-3b2d-47dd-8230-fa5189fc3b36,0,0,1.0,1.0,12498.0,12498.0,0.0,1.0,0.0,1.0,3.0,1.0,0.0,0.0,2.0,2.0,83.32,1.0,0,4
460727ab-0d45-4257-9fee-dc7f140a3959,0,0,1.0,3.0,104781.0,34927.0,10478.945223637731,1.0,0.0,1.0,6.0,0.0,1.0,0.0,23.0,17.0,232.84666666666666,1.0,1,9
626fadb1-50d4-49cf-839c-9e683324043b,0,0,2.0,1.0,3542.0,3542.0,0.0,1.0,0.0,1.0,47.0,1.0,0.0,0.0,2.0,2.0,70.84,0.0,0,6
352e541f-7e2d-479b-8b4e-28b3a9e9a792,0,0,1.0,3.0,49281.0,16427.0,2757.9472438754156,1.0,0.0,1.0,4.0,0.3333333333333333,0.6666666666666666,0.0,5.0,5.0,164.27,1.0,0,5
88b9e1df-dd85-4101-b9f5-22db69d3a224,0,0,2.0,1.0,6243.0,6243.0,0.0,1.0,0.0,1.0,17.0,0.0,0.0,1.0,1.0,1.0,124.86,0.0,1,2
832101e8-c746-427c-9541-06f00e5a9ec0,0,0,0.0,1.0,81464.0,81464.0,0.0,1.0,0.0,1.0,5.0,0.0,0.0,1.0,4.0,3.0,543.0933333333334,1.0,0,8
346adbf3-0f68-43ee-9f15-32b9b07370c4,0,0,1.0,3.0,52431.0,17477.0,3827.10112225951,1.0,0.0,1.0,4.0,0.3333333333333333,0.0,0.6666666666666666,6.0,6.0,174.76999999999998,1.0,0,5
64259411-1612-4fb2-8b5a-61ed5ba9581c,0,0,1.0,3.0,77244.0,25748.0,4506.586180247749,1.0,0.0,1.0,4.0,0.0,1.0,0.0,15.0,16.0,257.48,1.0,0,5
db5d239e-ea3f-43c8-a62d-ca220a62561e,4,0,2.0,2.0,22793.0,11396.5,1475.7318523363247,0.5,1.0,1.0,6.0,0.5,0.5,0.0,2.0,3.0,75.97666666666666,1.0,0,9
50621e98-dc84-4bb4-bc10-c6cfbb8ba1df,4,0,2.0,1.0,11041.0,11041.0,0.0,0.0,1.0,1.0,4.0,1.0,0.0,0.0,1.0,1.0,110.41,1.0,0,5
044a5bdc-83a4-40af-9b0c-3b45859d533d,4,0,1.0,2.0,33279.0,16639.5,2492.55140368258,0.5,1.0,1.0,2.0,1.0,0.0,0.0,4.0,4.0,166.395,1.0,0,3
02f122d1-f818-4684-a674-c0cd62374ea2,4,0,1.0,1.0,18495.0,18495.0,0.0,0.0,1.0,1.0,4.0,1.0,0.0,0.0,4.0,4.0,184.95,1.0,1,5
fc88c0a0-76ab-45c0-be2f-f026f19b2393,4,0,2.0,1.0,21202.0,21202.0,0.0,0.0,1.0,1.0,47.0,1.0,0.0,0.0,2.0,2.0,424.04,0.0,0,6
e97b3d40-a304-4e24-b73a-a294986dcb38,4,0,1.0,3.0,80316.0,26772.0,13822.307947661997,0.33333333333333337,1.0,1.0,2.0,0.3333333333333333,0.3333333333333333,0.3333333333333333,3.0,3.0,267.71999999999997,1.0,0,3
fe6b69eb-47d0-4c2c-af59-100d287cc0b3,4,0,2.0,1.0,1561.0,1561.0,0.0,0.0,1.0,1.0,6.0,1.0,0.0,0.0,1.0,1.0,10.406666666666666,1.0,0,9
ea2257a7-1e82-46ad-872b-8a0bbb9bf75b,4,0,1.0,2.0,58309.0,29154.5,963.7865427572643,0.0,1.0,1.0,17.0,1.0,0.0,0.0,28.0,27.0,583.09,0.0,1,2
7efd400b-b05c-4db4-a55d-cdc0180875a6,4,0,2.0,1.0,10379.0,10379.0,0.0,0.0,1.0,1.0,6.0,1.0,0.0,0.0,1.0,1.0,69.19333333333333,1.0,0,9
f60f83ec-b023-4888-8d13-1e0ee45f8017,3,0,1.0,2.0,6852.0,3426.0,86.2670273047588,0.5,1.0,1.0,1.0,0.5,0.0,0.5,2.0,2.0,68.52,0.0,1,1
23bd8f33-d40e-41df-8ccd-52a1270add60,3,0,0.0,2.0,20775.0,10387.5,11643.927365798878,0.5,1.0,1.0,1.0,1.0,0.0,0.0,6.0,6.0,207.75,0.0,1,1
511f69dd-3dcd-4e6c-8dbd-7e66a4c14f45,3,0,0.0,1.0,11604.0,11604.0,0.0,1.0,0.0,1.0,1.0,1.0,0.0,0.0,2.0,2.0,232.08,0.0,0,1
e983c0e0-3f41-4481-ac48-cf5c9bd70b53,3,0,0.0,1.0,8686.0,8686.0,0.0,1.0,0.0,1.0,6.0,0.0,0.0,1.0,4.0,3.0,57.906666666666666,1.0,0,9
3c7c5c32-98fa-4b7f-ac6a-a68aebb2bda8,3,0,0.0,3.0,89809.0,29936.333333333332,3715.596093944192,0.6666666666666667,1.0,1.0,17.0,1.0,0.0,0.0,10.0,9.0,598.7266666666667,0.0,1,2
1c0c373f-f1a7-4eda-aa11-b8dad6448b85,3,0,2.0,1.0,3920.0,3920.0,0.0,0.0,1.0,1.0,1.0,0.0,0.0,1.0,1.0,1.0,78.4,0.0,0,1
2760ce8a-4844-40ca-a5b1-cd80e4b67a47,3,0,1.0,3.0,66260.0,22086.666666666668,3573.7297510211006,0.33333333333333337,1.0,1.0,6.0,0.0,1.0,0.0,8.0,7.0,147.24444444444444,1.0,1,9
d4f4e655-c8da-4917-a621-ec0cc6c4b876,3,0,2.0,1.0,3604.0,3604.0,0.0,0.0,1.0,1.0,5.0,1.0,0.0,0.0,1.0,1.0,24.026666666666667,1.0,0,8
9d785724-6a5a-4133-8eb5-3eefcdf15f09,3,0,0.0,2.0,98178.0,49089.0,34528.024125339114,1.0,0.0,1.0,6.0,0.0,0.5,0.5,15.0,17.0,327.26,1.0,1,9
71b15dca-41f1-4a73-8b0a-f807e06157c7,3,0,0.0,1.0,18687.0,18687.0,0.0,1.0,0.0,1.0,1.0,1.0,0.0,0.0,1.0,1.0,373.74,0.0,0,1
2fc0cd71-f031-4491-9103-217e8ce2d0ba,2,0,1.0,1.0,24766.0,24766.0,0.0,1.0,0.0,1.0,6.0,1.0,0.0,0.0,5.0,5.0,165.10666666666665,1.0,0,9
f7bafac4-5a41-4fa8-a171-fc693fb4599b,2,0,2.0,1.0,3637.0,3637.0,0.0,1.0,0.0,1.0,47.0,0.0,1.0,0.0,1.0,1.0,72.74,0.0,0,6
d29b6249-1d79-4bda-8dfe-ea2905014b72,2,0,1.0,3.0,49347.0,16449.0,17982.08344436206,0.6666666666666667,1.0,1.0,5.0,0.6666666666666666,0.0,0.3333333333333333,5.0,3.0,109.66000000000001,1.0,0,8
44f57724-ed64-48a6-a844-52b6b7c2c584,2,0,1.0,2.0,37379.0,18689.5,9748.88119221893,1.0,0.0,1.0,2.0,1.0,0.0,0.0,3.0,3.0,186.895,1.0,1,3
4aaaa873-f1f6-48f5-ade8-ed2c02d99768,2,0,1.0,2.0,42211.0,21105.5,4903.7855275287075,1.0,0.0,1.0,3.0,1.0,0.0,0.0,13.0,13.0,140.70333333333332,1.0,0,4
c9d4b966-4a95-4e4f-a613-0049e258f121,2,0,1.0,2.0,18468.0,9234.0,3620.3867196751235,1.0,0.0,1.0,47.0,1.0,0.0,0.0,4.0,4.0,184.68,0.0,1,6
be0e19e6-5dfd-4ce4-a469-f3f6601eb22b,2,0,0.0,1.0,19978.0,19978.0,0.0,1.0,0.0,1.0,2.0,0.0,0.0,1.0,1.0,1.0,199.78,1.0,0,3
52eb44fb-fce3-43e8-a8d9-ee2aae9cf06c,1,0,1.0,2.0,32626.0,16313.0,9831.612685617756,1.0,0.0,1.0,5.0,1.0,0.0,0.0,9.0,7.0,108.75333333333333,1.0,0,8
408c22ab-1696-4418-b9f1-68146929c057,1,0,0.0,1.0,31689.0,31689.0,0.0,1.0,0.0,1.0,2.0,0.0,0.0,1.0,2.0,1.0,316.89,1.0,1,3
c7100840-76f1-4e39-a832-7ef2d0a65260,1,0,1.0,3.0,39392.0,13130.666666666666,5671.578821927218,1.0,0.0,1.0,6.0,0.6666666666666666,0.3333333333333333,0.0,6.0,6.0,87.53777777777778,1.0,1,9
5dd48193-a6bc-47cb-a67e-02f08b04a715,1,0,1.0,3.0,36377.0,12125.666666666666,812.9835996705798,1.0,0.0,1.0,6.0,0.0,0.0,1.0,4.0,4.0,80.83777777777777,1.0,0,9
4adf2790-bf31-4354-9063-a5cb0c4a30d1,1,0,0.0,2.0,36995.0,18497.5,6153.950316666523,1.0,0.0,1.0,3.0,0.5,0.0,0.5,12.0,11.0,123.31666666666666,1.0,1,4
61d3ebfc-abf9-45a9-8d24-28272bda7f78,1,0,2.0,1.0,22316.0,22316.0,0.0,1.0,0.0,1.0,5.0,0.0,1.0,0.0,9.0,9.0,148.77333333333334,1.0,1,8
e2d6466c-8944-464f-8c27-e20a1a412d2d,1,0,2.0,1.0,18216.0,18216.0,0.0,1.0,0.0,1.0,47.0,1.0,0.0,0.0,4.0,4.0,364.32,0.0,1,6
630ac4e9-ca60-4c8c-a183-1485b8dd0257,1,0,1.0,1.0,3577.0,3577.0,0.0,1.0,0.0,1.0,1.0,0.0,1.0,0.0,1.0,1.0,71.54,0.0,0,1
7b907668-0be5-445d-87a1-6f3cc476b099,1,0,1.0,2.0,22603.0,11301.5,410.82903986938413,1.0,0.0,1.0,3.0,0.5,0.5,0.0,4.0,4.0,75.34333333333333,1.0,0,4
6de76b3c-28a0-4cff-99aa-c7697a412606,1,0,0.0,2.0,18962.0,9481.0,13166.328265693515,1.0,0.0,1.0,6.0,0.0,0.0,1.0,3.0,3.0,63.20666666666666,1.0,0,9
5e4a7011-bc85-468d-9b97-c8467f979618,0,0,1.0,1.0,2977.0,2977.0,0.0,1.0,0.0,1.0,2.0,1.0,0.0,0.0,1.0,1.0,29.77,1.0,0,3
e02b4f16-05cb-40b9-9d0a-1a7469b07bda,0,0,1.0,2.0,28428.0,14214.0,5085.51197029365,1.0,0.0,2.0,1.0,0.5,0.5,0.0,3.0,3.0,284.28,0.0,0,1
3c313092-4853-4690-869d-549ade1ae370,0,0,1.0,2.0,6125.0,3062.5,4151.42391234622,1.0,0.0,1.0,3.0,0.0,0.0,1.0,1.0,1.0,20.416666666666664,1.0,1,4
d45ab41e-de98-47fc-9693-0e55ece42be7,0,0,1.0,1.0,12295.0,12295.0,0.0,1.0,0.0,1.0,5.0,1.0,0.0,0.0,5.0,4.0,81.96666666666667,1.0,0,8
898ad97e-26f9-4a3d-8348-f9e79fb7f3db,0,0,2.0,1.0,8371.0,8371.0,0.0,1.0,0.0,1.0,47.0,0.0,1.0,0.0,1.0,1.0,167.42,0.0,1,6
8ec8c19a-d93b-4fa1-bbdd-a1a5f8b27a49,0,0,1.0,2.0,63505.0,31752.5,7836.864455890506,1.0,0.0,1.0,2.0,0.5,0.0,0.5,4.0,4.0,317.525,1.0,0,3
e2122b55-766e-429d-8f1a-09353010bcd8,0,0,2.0,2.0,10501.0,5250.5,249.60869375885127,1.0,0.0,1.0,3.0,0.0,0.5,0.5,6.0,5.0,35.00333333333333,1.0,1,4
588cf79b-c93b-4fc5-96b1-e6ee5edeebb3,0,0,1.0,2.0,41153.0,20576.5,1528.0577541441291,1.0,0.0,1.0,6.0,1.0,0.0,0.0,10.0,10.0,137.17666666666668,1.0,0,9
24db3c73-74a6-4dd3-9a10-24c2896d569c,0,0,0.0,3.0,56323.0,14080.75,6281.786920667292,1.0,0.0,1.0,4.0,0.5,0.5,0.0,13.0,13.0,140.8075,1.0,0,5
7c2236ad-2017-4ca0-b197-03461f8aed83,0,0,1.0,3.0,14669.0,4889.666666666667,3622.7962036710446,1.0,0.0,1.0,6.0,0.3333333333333333,0.3333333333333333,0.3333333333333333,5.0,5.0,32.59777777777778,1.0,1,9
130c4d1d-c150-4fc4-8acf-01786212d466,0,0,1.0,3.0,46164.0,15388.0,7204.583818653233,1.0,0.0,1.0,2.0,1.0,0.0,0.0,4.0,3.0,153.88,1.0,0,3
c327d496-a257-43c6-b62a-de97c2a6d9ad,0,0,2.0,2.0,61395.0,30697.5,842.1641763931781,1.0,0.0,1.0,3.0,1.0,0.0,0.0,5.0,8.0,204.65,1.0,1,4
1755af68-5b61-4b63-98cc-dbaef695192d,0,0,1.0,1.0,15970.0,15970.0,0.0,1.0,0.0,1.0,4.0,1.0,0.0,0.0,1.0,1.0,159.7,1.0,0,5
84126f57-a490-4f87-b23d-f6e73cabe884,0,0,1.0,3.0,13371.0,4457.0,2104.3599977190215,1.0,0.0,1.0,3.0,0.3333333333333333,0.0,0.6666666666666666,6.0,6.0,29.71333333333334,1.0,1,4
7df5a725-076d-4a97-b7d1-b2a5776439b2,0,0,1.0,1.0,16453.0,16453.0,0.0,1.0,0.0,1.0,3.0,0.0,1.0,0.0,8.0,8.0,109.68666666666667,1.0,0,4
86935f3a-2eea-4545-98cc-ff7bb57aecd0,0,0,1.0,2.0,23999.0,11999.5,4789.2342289764865,1.0,0.0,1.0,5.0,0.5,0.5,0.0,9.0,9.0,79.99666666666667,1.0,1,8
67dfcce5-4bfe-4ef2-b0fb-9e77725e978a,0,0,1.0,2.0,52352.0,26176.0,482.2468247692254,1.0,0.0,1.0,6.0,0.5,0.5,0.0,13.0,12.0,174.50666666666666,1.0,0,9
009d918a-eacc-4615-aae2-b033ad383641,0,0,2.0,1.0,16291.0,16291.0,0.0,1.0,0.0,1.0,5.0,1.0,0.0,0.0,3.0,3.0,108.60666666666667,1.0,0,8
60115706-3f06-4d8f-b158-396e9a066773,0,0,1.0,1.0,23314.0,23314.0,0.0,1.0,0.0,1.0,1.0,1.0,0.0,0.0,3.0,3.0,466.28,0.0,0,1
ad8a05b5-58f8-4739-96ea-5afc548fbcd8,0,0,1.0,3.0,24316.0,8105.333333333333,1624.1275606716774,1.0,0.0,1.0,3.0,0.0,0.0,1.0,5.0,5.0,54.035555555555554,1.0,1,4
3624d133-98ea-4e77-b643-28dff0627007,5,1,1.0,1.0,36143.0,36143.0,0.0,0.0,1.0,1.0,6.0,0.0,1.0,0.0,12.0,12.0,240.95333333333335,1.0,1,9
bfda8f51-b252-4fbc-9895-2fde854d99d5,4,0,0.0,3.0,51111.0,17037.0,6820.436056440966,0.33333333333333337,1.0,1.0,5.0,1.0,0.0,0.0,11.0,11.0,113.57999999999998,1.0,1,8
d2cfaf04-46ec-4942-a0e4-6b043cae2335,4,0,1.0,2.0,29896.0,14948.0,12498.819464253414,0.0,1.0,2.0,2.0,0.0,1.0,0.0,3.0,3.0,139.29666666666668,1.0,0,3
f28d8412-f0f8-43ce-be12-fd3e67f645a9,4,0,2.0,2.0,31842.0,15921.0,7263.400856348217,0.5,1.0,1.0,3.0,0.5,0.0,0.5,4.0,3.0,106.14,1.0,1,4
97539bfd-71ec-4a5c-bcd8-51f512ab0985,4,0,1.0,3.0,62102.0,20700.666666666668,8883.70695899709,0.33333333333333337,1.0,2.0,5.0,1.0,0.0,0.0,6.0,6.0,197.75555555555556,0.0,1,8
070d264b-fe98-458c-a2e0-a2dcb2831d6f,4,0,0.0,1.0,15268.0,15268.0,0.0,1.0,0.0,1.0,6.0,1.0,0.0,0.0,3.0,3.0,101.78666666666666,1.0,1,9
e356331f-096a-4d0f-90f9-631f4cb15ec4,4,0,1.0,1.0,18490.0,18490.0,0.0,0.0,1.0,1.0,6.0,1.0,0.0,0.0,3.0,4.0,123.26666666666667,1.0,1,9
da922d7a-d6d4-4a42-abcf-c9c565eece87,3,0,0.0,1.0,30595.0,30595.0,0.0,1.0,0.0,1.0,17.0,0.0,1.0,0.0,4.0,4.0,611.9,0.0,1,2
348b7421-bbb2-4c6c-b439-4535cd46208d,3,0,1.0,3.0,70339.0,23446.333333333332,22038.910189329537,0.33333333333333337,1.0,1.0,6.0,0.3333333333333333,0.3333333333333333,0.3333333333333333,13.0,10.0,156.3088888888889,1.0,0,9
758d0bbc-db75-4ffb-93f7-dd5675cbfe11,3,0,0.0,2.0,65458.0,32729.0,42820.97245509495,0.5,1.0,2.0,17.0,0.0,0.5,0.5,6.0,7.0,638.2466666666667,0.0,1,2
5ec9bb18-1033-4400-9788-eb22d84ed631,3,0,1.0,2.0,33079.0,16539.5,3431.589209098315,0.5,1.0,1.0,6.0,0.0,0.0,1.0,8.0,10.0,110.26333333333334,1.0,0,9
194c65d9-c6b7-4d71-b05a-3b6502adf2b6,3,0,1.0,2.0,27837.0,13918.5,161.92745289171938,0.5,1.0,1.0,5.0,0.5,0.0,0.5,2.0,2.0,92.78999999999999,1.0,1,8
2216d560-bb9b-4424-9fd0-067966445f20,2,0,2.0,1.0,12318.0,12318.0,0.0,1.0,0.0,1.0,5.0,0.0,1.0,0.0,3.0,4.0,82.12,1.0,1,8
dc2d5c08-1f07-4a6c-a311-c0b7f39eec3f,2,0,2.0,1.0,9696.0,9696.0,0.0,1.0,0.0,1.0,5.0,0.0,0.0,1.0,1.0,1.0,64.64,1.0,1,8
ff8a1149-3a19-468e-aa95-2fce11ca4570,2,0,2.0,1.0,9674.0,9674.0,0.0,1.0,0.0,1.0,6.0,1.0,0.0,0.0,1.0,1.0,64.49333333333334,1.0,0,9
77baa199-e904-42f9-a95d-2710302999c3,2,0,2.0,1.0,37173.0,37173.0,0.0,1.0,0.0,1.0,2.0,1.0,0.0,0.0,1.0,1.0,371.73,1.0,0,3
a52a8aff-ebeb-4778-b1b3-3a339068d130,2,0,0.0,3.0,40309.0,13436.333333333334,3816.7159094348817,1.0,0.0,1.0,3.0,1.0,0.0,0.0,5.0,5.0,89.57555555555554,1.0,0,4
4b585466-beb4-481f-807e-ce35a0d522e2,2,0,1.0,1.0,36740.0,36740.0,0.0,1.0,0.0,1.0,2.0,0.0,1.0,0.0,1.0,1.0,367.4,1.0,0,3
44d76902-c778-4cd1-87a0-dc9d56272970,2,0,1.0,2.0,31425.0,15712.5,2632.558546357516,0.5,1.0,1.0,17.0,0.0,0.0,1.0,8.0,5.0,314.25,0.0,1,2
50520639-c8d6-4c97-bb60-4156cc6971c7,2,0,1.0,3.0,68783.0,22927.666666666668,6781.795067187842,0.6666666666666667,1.0,1.0,6.0,0.0,0.0,1.0,11.0,10.0,152.85111111111112,1.0,0,9
51c3ca05-38a3-430d-93d2-9d8d7ab3f4ec,2,0,1.0,2.0,28042.0,14021.0,4459.015362162369,0.5,1.0,1.0,2.0,1.0,0.0,0.0,2.0,2.0,140.21,1.0,0,3
7c4f54a3-0c93-4938-a2ad-d18b6c5f0c3b,2,0,2.0,1.0,22545.0,22545.0,0.0,1.0,0.0,1.0,47.0,0.0,1.0,0.0,5.0,5.0,450.9,0.0,0,6
56210ab2-a3b9-4c4a-be17-5bac8fc0c8ae,2,0,1.0,3.0,36557.0,12185.666666666666,4997.918199944186,0.6666666666666667,1.0,1.0,5.0,0.3333333333333333,0.6666666666666666,0.0,13.0,12.0,81.23777777777778,1.0,1,8
3567a613-1303-4ca9-b9c2-05fb48b43e3f,2,0,0.0,1.0,66860.0,66860.0,0.0,1.0,0.0,1.0,6.0,0.0,0.0,1.0,0.0,1.0,445.73333333333335,1.0,0,9
09b3f489-eb13-4a20-9efb-ac6a6bd1dbd1,2,0,1.0,2.0,22424.0,11212.0,1459.468396369034,1.0,0.0,1.0,1.0,0.0,0.0,1.0,4.0,3.0,224.24,0.0,0,1
8864ae22-d31e-41a4-bcf1-20e2aa060f8f,2,0,0.0,2.0,95399.0,47699.5,47905.777318607405,1.0,0.0,1.0,6.0,0.5,0.0,0.5,5.0,4.0,317.99666666666667,1.0,0,9
88e462c4-5233-41b1-bc2f-b3d85202e2c1,2,0,1.0,2.0,48941.0,24470.5,6913.382999660875,1.0,0.0,1.0,3.0,0.5,0.5,0.0,9.0,9.0,163.13666666666666,1.0,1,4
c7afaf91-7e60-465a-9918-c5420dced28b,2,0,1.0,2.0,11511.0,5755.5,8070.209693682067,1.0,0.0,1.0,2.0,1.0,0.0,0.0,3.0,3.0,57.555,1.0,0,3
79082714-c165-40cd-9415-a5aee9ce415c,2,0,0.0,2.0,96215.0,48107.5,28368.4169544231,1.0,0.0,1.0,6.0,0.5,0.0,0.5,10.0,7.0,320.7166666666667,1.0,0,9
5c8fc1a0-301e-401e-913b-423dc810048f,2,0,2.0,1.0,27364.0,27364.0,0.0,1.0,0.0,1.0,6.0,1.0,0.0,0.0,26.0,19.0,182.42666666666668,1.0,0,9
d77f9b6d-8085-411d-8da6-8df4398e3bd0,2,0,1.0,1.0,3413.0,3413.0,0.0,1.0,0.0,1.0,6.0,0.0,0.0,1.0,1.0,1.0,22.753333333333334,1.0,0,9
2e8a9dba-497e-4056-8400-6beab828fd5e,2,0,1.0,2.0,26792.0,13396.0,1841.3060582097698,0.5,1.0,1.0,1.0,0.0,0.5,0.5,1.0,1.0,267.91999999999996,0.0,1,1
3c82953e-c92e-4ff5-8d84-f11e228a5d50,2,0,1.0,1.0,27842.0,27842.0,0.0,1.0,0.0,1.0,4.0,1.0,0.0,0.0,4.0,4.0,278.42,1.0,0,5
501f9e4f-378a-4134-a3a5-a12621be42c1,2,0,1.0,3.0,60086.0,20028.666666666668,4445.671190420332,0.6666666666666667,1.0,1.0,6.0,0.3333333333333333,0.6666666666666666,0.0,20.0,20.0,133.52444444444444,1.0,0,9
edd6ba15-5edd-46f7-89d3-bd144e85fcc7,2,0,1.0,1.0,451.0,451.0,0.0,1.0,0.0,1.0,4.0,0.0,0.0,1.0,1.0,1.0,4.51,1.0,0,5
e528eea0-0b91-4c5d-ae56-cefd2e1a2243,2,0,1.0,2.0,23070.0,11535.0,241.83051916579925,0.5,1.0,1.0,6.0,0.5,0.0,0.5,1.0,1.0,76.9,1.0,1,9
7c9e702c-1eae-490f-a8d3-69cf542cb52b,0,0,0.0,1.0,11848.0,11848.0,0.0,1.0,0.0,1.0,17.0,1.0,0.0,0.0,1.0,1.0,236.96,0.0,0,2
af7d7119-aed0-4f49-88dd-3ff56a99f3b3,0,0,0.0,2.0,15378.0,7689.0,5525.332388191682,1.0,0.0,1.0,17.0,1.0,0.0,0.0,3.0,3.0,153.78,0.0,0,2
ef401093-cc16-410d-aa08-13a6343588bf,0,0,0.0,2.0,56912.0,28456.0,7339.768388716363,1.0,0.0,1.0,47.0,0.0,1.0,0.0,10.0,10.0,569.12,0.0,0,6
84d43bbb-28a9-40d2-a70e-f1671c9bd817,6,1,0.0,3.0,70723.0,23574.333333333332,8746.676244913455,0.6666666666666667,1.0,1.0,17.0,0.6666666666666666,0.0,0.3333333333333333,9.0,9.0,471.4866666666667,0.0,0,2
653a7cbe-b5ee-43dc-b031-aba4e10143e5,4,0,1.0,2.0,14443.0,7221.5,8275.270660226166,0.0,1.0,1.0,47.0,0.0,0.0,1.0,5.0,6.0,144.42999999999998,0.0,0,6
2d170092-c322-4a3d-80be-116075360470,4,0,0.0,1.0,30650.0,30650.0,0.0,1.0,0.0,1.0,6.0,0.0,1.0,0.0,6.0,6.0,204.33333333333334,1.0,0,9
2b53d2d1-579f-4546-8935-363955bee8ab,4,0,0.0,3.0,81052.0,27017.333333333332,10090.168796077365,0.33333333333333337,1.0,1.0,47.0,0.3333333333333333,0.0,0.6666666666666666,12.0,12.0,540.3466666666667,0.0,0,6
cdc4b222-4b2e-4269-9c38-c5800dfdcf30,4,0,2.0,2.0,53316.0,26658.0,8523.465140422644,0.5,1.0,1.0,2.0,0.0,1.0,0.0,1.0,2.0,266.58000000000004,1.0,1,3
4af7e0dc-b55e-40ea-b957-472029e24ba5,4,0,0.0,2.0,11445.0,5722.5,4015.6594103584034,1.0,0.0,1.0,5.0,1.0,0.0,0.0,2.0,2.0,38.15,1.0,1,8
956e12ae-8362-4201-9108-b694f5eed5e0,4,0,2.0,1.0,8053.0,8053.0,0.0,0.0,1.0,1.0,6.0,1.0,0.0,0.0,5.0,5.0,53.68666666666667,1.0,0,9
938b7a2e-4894-473d-87c4-9d0a5fbce57e,4,0,1.0,3.0,31233.0,10411.0,2267.4273968530943,0.33333333333333337,1.0,1.0,47.0,0.3333333333333333,0.6666666666666666,0.0,6.0,7.0,208.22000000000003,0.0,0,6
f17cfc39-d3e5-4e1b-add1-236d7a9f7f35,4,0,1.0,2.0,6714.0,3357.0,2490.4300833390203,0.5,1.0,1.0,17.0,0.0,0.5,0.5,4.0,4.0,67.14,0.0,0,2
dceba5c8-20c2-497a-829a-74099f7ee5a8,3,0,1.0,2.0,35751.0,17875.5,6221.832567660432,0.5,1.0,1.0,6.0,0.5,0.5,0.0,14.0,12.0,119.17,1.0,1,9
f22ee9db-e310-4d73-915a-288c2f5c5722,2,0,1.0,1.0,149.0,149.0,0.0,1.0,0.0,1.0,47.0,0.0,0.0,1.0,1.0,1.0,2.98,0.0,1,6
2566bb03-d86a-479b-8719-2d25fcca1723,2,0,0.0,1.0,8769.0,8769.0,0.0,1.0,0.0,1.0,3.0,1.0,0.0,0.0,7.0,5.0,58.46,1.0,1,4
2b54a30c-0083-4f40-bd4f-97f54616c3df,2,0,1.0,2.0,41836.0,20918.0,11124.203881626765,1.0,0.0,1.0,3.0,0.5,0.5,0.0,15.0,15.0,139.45333333333335,1.0,1,4
81c470dd-c024-4c65-85ec-e9442ced55fd,2,0,1.0,2.0,16571.0,8285.5,4120.311213974012,0.5,1.0,1.0,17.0,0.5,0.0,0.5,1.0,1.0,165.70999999999998,0.0,1,2
b6e74e0d-0f5c-4719-b247-94b045e8ebee,2,0,2.0,1.0,7768.0,7768.0,0.0,1.0,0.0,1.0,3.0,1.0,0.0,0.0,4.0,2.0,51.78666666666667,1.0,0,4
39322eb7-1632-4223-b925-ad844f0516a0,2,0,1.0,2.0,19169.0,9584.5,8754.689057870644,1.0,0.0,1.0,3.0,0.0,0.0,1.0,2.0,2.0,63.89666666666667,1.0,1,4
a50adaf0-319c-4534-a0de-3f85468136ca,2,0,2.0,1.0,12195.0,12195.0,0.0,1.0,0.0,1.0,3.0,1.0,0.0,0.0,6.0,6.0,81.3,1.0,0,4
247012ab-9abc-4b9e-8607-b193adeac04b,2,0,0.0,1.0,7185.0,7185.0,0.0,1.0,0.0,1.0,17.0,1.0,0.0,0.0,3.0,3.0,143.7,0.0,0,2
de2713be-19ff-41f3-9dab-89e6a0aac650,2,0,1.0,2.0,51990.0,25995.0,2426.790473032231,1.0,0.0,1.0,1.0,0.0,1.0,0.0,25.0,21.0,519.9,0.0,1,1
d2ba2f0c-d821-40e7-bf64-4e38ad36910b,1,0,1.0,1.0,15952.0,15952.0,0.0,1.0,0.0,1.0,6.0,1.0,0.0,0.0,2.0,2.0,106.34666666666666,1.0,0,9
681fccd0-d12f-43a7-920e-447ee4b4236d,1,0,1.0,2.0,35367.0,17683.5,5077.7337957005975,1.0,0.0,1.0,2.0,1.0,0.0,0.0,9.0,9.0,176.835,1.0,1,3
1534bb74-6195-4947-be07-dfb4eba0bda0,1,0,1.0,1.0,6896.0,6896.0,0.0,1.0,0.0,1.0,2.0,0.0,0.0,1.0,1.0,1.0,68.96,1.0,0,3
98a05ce6-d34b-491b-bd38-22f796517f73,0,0,1.0,2.0,47629.0,23814.5,21868.691421756354,1.0,0.0,1.0,5.0,0.5,0.5,0.0,3.0,2.0,158.76333333333335,1.0,0,8
a66a6f94-c885-43a0-8a2b-17170ceb7cf1,0,0,1.0,1.0,7416.0,7416.0,0.0,1.0,0.0,1.0,17.0,0.0,0.0,1.0,2.0,2.0,148.32,0.0,0,2
e7d7e461-5b80-406e-ad7b-0632d4d5eb8c,0,0,1.0,2.0,12192.0,6096.0,7871.512688168647,1.0,0.0,1.0,17.0,0.5,0.5,0.0,9.0,8.0,121.92,0.0,0,2
ea9a3324-e8d3-4642-8c0a-486204956117,0,0,1.0,2.0,19714.0,9857.0,2087.3792180626883,1.0,0.0,2.0,1.0,0.0,1.0,0.0,4.0,4.0,197.14,0.0,1,1
e2fd6d84-9c3d-447e-b1d9-056569164474,0,0,1.0,2.0,17771.0,8885.5,724.7844507162113,1.0,0.0,1.0,2.0,1.0,0.0,0.0,3.0,2.0,88.855,1.0,0,3
78f6173c-73d5-4c36-8b42-ab6e64c8e576,0,0,1.0,1.0,23135.0,23135.0,0.0,1.0,0.0,1.0,17.0,1.0,0.0,0.0,7.0,9.0,462.7,0.0,0,2
b32389a7-4e86-451a-a660-2d8702a0e6ec,0,0,1.0,1.0,3405.0,3405.0,0.0,1.0,0.0,1.0,3.0,0.0,0.0,1.0,1.0,1.0,22.7,1.0,1,4
13319ff0-8ccb-437a-bb60-72db0f3073d9,0,0,1.0,3.0,85947.0,28649.0,9099.721039680282,1.0,0.0,1.0,2.0,0.3333333333333333,0.6666666666666666,0.0,3.0,3.0,286.48999999999995,1.0,0,3
7e087f5d-da3a-4595-9829-13e27b27086e,0,0,2.0,1.0,2797.0,2797.0,0.0,1.0,0.0,1.0,1.0,1.0,0.0,0.0,1.0,1.0,55.94,0.0,0,1
28a53381-79d4-45f3-8173-5d67c01bb79a,0,0,1.0,3.0,77216.0,25738.666666666668,2945.8717442097395,1.0,0.0,1.0,6.0,0.0,1.0,0.0,13.0,13.0,171.5911111111111,1.0,0,9
7fc361b4-e359-42bb-ab4a-aa372975e0fa,0,0,0.0,1.0,16593.0,16593.0,0.0,1.0,0.0,1.0,6.0,1.0,0.0,0.0,6.0,6.0,110.62,1.0,0,9
b058185f-9319-43e5-bc37-7d804f539f8b,0,0,1.0,2.0,16088.0,8044.0,1298.2480502585013,1.0,0.0,1.0,1.0,0.0,0.0,1.0,4.0,4.0,160.88,0.0,1,1
53e2bbc2-5e49-4dc6-abcf-f2a1d6d56ac3,0,0,1.0,1.0,17033.0,17033.0,0.0,1.0,0.0,1.0,2.0,0.0,1.0,0.0,3.0,3.0,170.33,1.0,1,3
18ecd116-f086-4e99-9579-03937b128a5d,0,0,0.0,1.0,6309.0,6309.0,0.0,1.0,0.0,1.0,5.0,1.0,0.0,0.0,1.0,1.0,42.06,1.0,1,8
7d061add-c5df-4f0b-ae0e-85df503ebc11,0,0,1.0,3.0,28586.0,9528.666666666666,5118.097921428754,1.0,0.0,1.0,4.0,0.0,1.0,0.0,7.0,7.0,95.28666666666668,1.0,1,5
8319e554-12b2-449d-86c5-8097cd91880d,4,0,0.0,2.0,34328.0,17164.0,3360.1714241984737,0.5,1.0,2.0,2.0,1.0,0.0,0.0,4.0,4.0,139.07333333333332,1.0,0,3
e44c1be9-9c31-4490-adec-0052e5665f07,4,0,1.0,3.0,47200.0,15733.333333333334,11363.349212856803,0.33333333333333337,1.0,1.0,3.0,0.0,0.6666666666666666,0.3333333333333333,6.0,6.0,104.8888888888889,1.0,1,4
c4686b59-81ed-48e3-91f0-7c8c5c11236c,3,0,1.0,2.0,35511.0,17755.5,3138.8470016870847,0.5,1.0,1.0,47.0,0.0,1.0,0.0,4.0,4.0,355.11,0.0,1,6
970f45e2-637a-4460-9c72-bbaab8d3be0d,3,0,1.0,2.0,28776.0,14388.0,4307.694510988447,0.5,1.0,1.0,2.0,1.0,0.0,0.0,5.0,5.0,143.88,1.0,0,3
3d973e63-94ae-4707-a0bd-e32d1e4b9b39,3,0,1.0,1.0,19712.0,19712.0,0.0,1.0,0.0,1.0,2.0,1.0,0.0,0.0,2.0,2.0,197.12,1.0,0,3
aa05e03a-fbb8-422d-8858-59b1cc1bb581,3,0,1.0,1.0,23069.0,23069.0,0.0,1.0,0.0,1.0,1.0,1.0,0.0,0.0,3.0,4.0,461.38,0.0,0,1
ef7263b3-018e-4968-a63f-f055965cf5bf,3,0,1.0,2.0,19407.0,9703.5,1791.101476745525,0.5,1.0,1.0,5.0,1.0,0.0,0.0,1.0,1.0,64.69,1.0,1,8
83043375-01fa-4a88-8d51-df9f31436f49,3,0,1.0,1.0,2806.0,2806.0,0.0,1.0,0.0,1.0,17.0,0.0,1.0,0.0,2.0,2.0,56.12,0.0,0,2
aa83b0bf-238d-4a9e-964f-874f8e80fa1f,3,0,1.0,2.0,37864.0,18932.0,3750.494367413448,0.5,1.0,1.0,2.0,0.5,0.5,0.0,3.0,4.0,189.32,1.0,0,3
6f759793-040f-44fd-b428-27f421162b6b,2,0,2.0,1.0,15460.0,15460.0,0.0,1.0,0.0,1.0,6.0,1.0,0.0,0.0,3.0,4.0,103.06666666666666,1.0,0,9
11b39d3d-af58-47b8-b5ce-d5e446ea5df5,2,0,1.0,1.0,6813.0,6813.0,0.0,1.0,0.0,1.0,3.0,0.0,1.0,0.0,6.0,6.0,45.42,1.0,1,4
89a3fa25-6cd8-4e6d-9b62-342cbb0790d4,2,0,2.0,1.0,11792.0,11792.0,0.0,1.0,0.0,1.0,3.0,0.0,1.0,0.0,10.0,10.0,78.61333333333333,1.0,0,4
2c9dcf8e-6815-4fb5-b2c9-bbbfd29430af,2,0,1.0,3.0,61985.0,20661.666666666668,13176.207395655752,0.6666666666666667,1.0,1.0,17.0,0.3333333333333333,0.3333333333333333,0.3333333333333333,6.0,6.0,413.2333333333333,0.0,0,2
28b9e2ec-325b-432e-b605-3ec941d5e9f8,2,0,1.0,1.0,3861.0,3861.0,0.0,1.0,0.0,1.0,17.0,1.0,0.0,0.0,1.0,1.0,77.22,0.0,0,2
2cec7c67-7582-41b5-8ba8-2bf5d14d67ca,2,0,1.0,1.0,3855.0,3855.0,0.0,1.0,0.0,1.0,17.0,1.0,0.0,0.0,1.0,1.0,77.1,0.0,0,2
059532b2-a7cc-4f65-8ee9-c2f894183d84,2,0,0.0,1.0,13308.0,13308.0,0.0,1.0,0.0,1.0,6.0,0.0,1.0,0.0,2.0,3.0,88.72,1.0,0,9
eea161e4-0feb-4103-8073-d2f48ad3332d,2,0,0.0,1.0,1995.0,1995.0,0.0,1.0,0.0,1.0,6.0,1.0,0.0,0.0,1.0,1.0,13.3,1.0,1,9
f6625776-4f04-4b90-af3d-c39e409d117b,2,0,1.0,2.0,52028.0,26014.0,3023.588596353677,1.0,0.0,1.0,5.0,1.0,0.0,0.0,11.0,11.0,173.42666666666668,1.0,0,8
fe3177d9-6662-43b6-829f-669bebc8bbb0,2,0,2.0,2.0,38586.0,19293.0,9724.132454877401,0.5,1.0,1.0,3.0,1.0,0.0,0.0,3.0,4.0,128.62,1.0,1,4
98b93a55-c88b-42f2-bb6e-370e37e56118,2,0,1.0,2.0,72594.0,36297.0,25679.28986557066,1.0,0.0,1.0,2.0,0.5,0.0,0.5,4.0,4.0,362.96999999999997,1.0,1,3
dedc6346-d776-4299-9151-b8692372350e,2,0,1.0,2.0,18863.0,9431.5,11946.56906814672,1.0,0.0,1.0,3.0,0.0,0.0,1.0,3.0,3.0,62.876666666666665,1.0,0,4
3ab2fe9c-b1d0-4c40-b23c-6b0e23377852,1,0,1.0,3.0,109252.0,36417.333333333336,7049.207213107962,1.0,0.0,1.0,6.0,0.3333333333333333,0.3333333333333333,0.3333333333333333,10.0,9.0,242.7822222222222,1.0,0,9
650159ad-7e44-4af9-981d-815e67e37ac1,1,0,2.0,1.0,9503.0,9503.0,0.0,1.0,0.0,1.0,2.0,1.0,0.0,0.0,1.0,1.0,95.03,1.0,0,3
bb828cb9-a4d0-4769-8bfa-4f1ab9161c15,1,0,1.0,3.0,81326.0,27108.666666666668,12862.277183039298,1.0,0.0,1.0,6.0,0.3333333333333333,0.0,0.6666666666666666,6.0,5.0,180.72444444444446,1.0,0,9
2fb3419a-17c4-4ec1-bc99-a19fe41706ec,1,0,1.0,1.0,1924.0,1924.0,0.0,1.0,0.0,1.0,6.0,1.0,0.0,0.0,1.0,1.0,12.826666666666666,1.0,1,9
b3134293-a0f7-476a-9a6d-51d90d518f68,1,0,0.0,1.0,18013.0,18013.0,0.0,1.0,0.0,1.0,1.0,0.0,0.0,1.0,2.0,2.0,360.26,0.0,1,1
0563c265-e2e2-4bc9-ba7d-70dfeee006ee,1,0,0.0,3.0,99764.0,33254.666666666664,27649.776316153686,1.0,0.0,1.0,3.0,0.6666666666666666,0.0,0.3333333333333333,8.0,9.0,221.6977777777778,1.0,1,4
ad94ba74-dd68-4cc1-843f-1971874c9c5f,1,0,1.0,3.0,56427.0,18809.0,4196.454574995421,1.0,0.0,2.0,6.0,0.3333333333333333,0.0,0.6666666666666666,8.0,6.0,200.23333333333332,0.0,1,9
82c0ed6d-16ea-4792-8f1b-615a57b68dbd,0,0,1.0,1.0,1931.0,1931.0,0.0,1.0,0.0,1.0,6.0,1.0,0.0,0.0,2.0,2.0,12.873333333333333,1.0,1,9
63d0d7a1-eddf-4c43-bfda-7d7ec04c7f8d,0,0,1.0,2.0,38021.0,19010.5,6097.381774171599,1.0,0.0,1.0,6.0,0.0,1.0,0.0,9.0,8.0,126.73666666666666,1.0,0,9
bad26d9c-15ca-4176-8c0e-efaff0ac0bfb,0,0,1.0,3.0,47419.0,15806.333333333334,5574.177816802522,1.0,0.0,1.0,2.0,1.0,0.0,0.0,9.0,6.0,158.06333333333333,1.0,0,3
b3e63584-a461-419d-ac89-2bee9dcc1594,0,0,1.0,3.0,22753.0,7584.333333333333,6783.222562568129,1.0,0.0,1.0,2.0,0.0,0.0,1.0,3.0,3.0,75.84333333333333,1.0,1,3
3cb55ed8-36f6-4af6-99a9-a3be619560f1,0,0,1.0,3.0,24480.0,8160.0,1388.3112043054323,1.0,0.0,1.0,3.0,0.0,1.0,0.0,6.0,6.0,54.400000000000006,1.0,1,4
b314a7b0-9941-4188-9c57-bd152cd8b8db,0,0,1.0,1.0,16310.0,16310.0,0.0,1.0,0.0,1.0,17.0,1.0,0.0,0.0,2.0,2.0,326.2,0.0,0,2
635ee167-04a4-41c8-b91d-9eea1b7c4764,0,0,2.0,1.0,3074.0,3074.0,0.0,1.0,0.0,1.0,6.0,0.0,0.0,1.0,1.0,1.0,20.493333333333332,1.0,0,9
08159317-8a5c-4774-a8d8-97dac9146f86,0,0,0.0,3.0,36674.0,12224.666666666666,3482.0553317449353,1.0,0.0,3.0,47.0,1.0,0.0,0.0,10.0,9.0,244.49333333333334,0.0,0,6
9bbbbd6c-8038-4cae-8b74-a19595791ae5,0,0,1.0,3.0,51741.0,17247.0,1050.3804072810954,1.0,0.0,1.0,5.0,0.0,0.6666666666666666,0.3333333333333333,6.0,5.0,114.98,1.0,1,8
21582350-96af-45ea-a868-5848571c4903,0,0,1.0,2.0,38276.0,19138.0,364.8670990922585,1.0,0.0,1.0,17.0,0.0,1.0,0.0,4.0,4.0,382.76,0.0,1,2
8f194d5c-9d55-47d4-8706-ed92ab5bba28,0,0,2.0,1.0,2177.0,2177.0,0.0,1.0,0.0,1.0,5.0,0.0,0.0,1.0,1.0,1.0,14.513333333333334,1.0,1,8
b282ddd5-bec0-483d-8aad-fd0e7902c963,0,0,2.0,2.0,10866.0,5433.0,91.92388155425118,1.0,0.0,1.0,1.0,0.0,0.0,1.0,2.0,1.0,108.66,0.0,1,1
a81659ec-5bc5-49fd-9d00-4b43891e86b5,0,0,1.0,1.0,11610.0,11610.0,0.0,1.0,0.0,1.0,2.0,1.0,0.0,0.0,1.0,1.0,116.1,1.0,0,3
d4a2c427-fafa-4095-9fc3-d1e3271def24,0,0,1.0,2.0,12932.0,6466.0,2110.006635060658,1.0,0.0,1.0,1.0,0.5,0.0,0.5,1.0,1.0,129.32,0.0,1,1
fdea403e-14b2-44d8-bf2c-c07707a80898,0,0,1.0,1.0,9282.0,9282.0,0.0,1.0,0.0,1.0,47.0,0.0,1.0,0.0,4.0,4.0,185.64,0.0,0,6
c3e85315-c12d-4401-82a2-6767d0b65713,0,0,1.0,3.0,41285.0,13761.666666666666,9819.825677339355,1.0,0.0,1.0,1.0,0.3333333333333333,0.6666666666666666,0.0,8.0,7.0,275.2333333333333,0.0,1,1
3fb1f48f-2d27-42b3-bf7f-8068064120d5,0,0,1.0,3.0,70137.0,23379.0,10363.707782449292,1.0,0.0,1.0,2.0,0.6666666666666666,0.0,0.3333333333333333,4.0,4.0,233.79,1.0,1,3
9c7b7ce3-4d06-42e0-851e-b327a69c8ba6,0,0,1.0,2.0,17380.0,8690.0,2634.679866701076,1.0,0.0,1.0,47.0,0.5,0.5,0.0,2.0,3.0,173.8,0.0,1,6
c5b2a280-ccb1-4fd6-90c0-574892978569,0,0,0.0,1.0,6433.0,6433.0,0.0,1.0,0.0,1.0,47.0,1.0,0.0,0.0,1.0,1.0,128.66,0.0,1,6
3c16f55f-e8be-4990-88bd-b18754652b77,0,0,0.0,3.0,46182.0,15394.0,2641.2701490002873,1.0,0.0,1.0,6.0,1.0,0.0,0.0,9.0,8.0,102.62666666666667,1.0,1,9
b608626d-60c2-4a28-8d6e-1e7ca44d7d43,4,0,2.0,1.0,10688.0,10688.0,0.0,0.0,1.0,1.0,47.0,1.0,0.0,0.0,2.0,3.0,213.76,0.0,1,6
e3e37146-bf7f-4c31-8b0a-57d15758289a,4,0,1.0,3.0,47636.0,15878.666666666666,10765.449239736043,0.33333333333333337,1.0,1.0,6.0,0.6666666666666666,0.3333333333333333,0.0,8.0,8.0,105.85777777777777,1.0,0,9
1266d28d-4361-4675-8f01-496bbc12f9d6,4,0,0.0,2.0,33954.0,16977.0,387.49451609022805,0.5,1.0,2.0,4.0,0.5,0.0,0.5,5.0,4.0,141.93166666666667,1.0,0,5
3b6dcbff-0379-4f6e-a796-db96796ce4fc,4,0,1.0,1.0,28667.0,28667.0,0.0,0.0,1.0,1.0,2.0,1.0,0.0,0.0,3.0,2.0,286.67,1.0,0,3
8fbc8eb9-0933-45c9-8c23-9be81f7832ee,4,0,1.0,3.0,38792.0,12930.666666666666,2606.638895845248,0.33333333333333337,1.0,1.0,5.0,0.6666666666666666,0.3333333333333333,0.0,12.0,10.0,86.20444444444445,1.0,0,8
79f5eb24-92f5-4b38-9fac-e23c4708f377,4,0,1.0,3.0,35605.0,11868.333333333334,1399.7965328337305,0.33333333333333337,1.0,1.0,6.0,1.0,0.0,0.0,4.0,4.0,79.12222222222222,1.0,0,9
002606d9-38ca-48f3-910c-cbfada9a9109,4,0,1.0,2.0,25024.0,12512.0,250.31580054003783,0.0,1.0,1.0,17.0,1.0,0.0,0.0,4.0,4.0,250.24,0.0,0,2
c77bc315-e9ba-4f47-a1d8-724fc5be69eb,4,0,1.0,3.0,18366.0,6122.0,3004.8946736949033,0.33333333333333337,1.0,2.0,17.0,0.6666666666666666,0.3333333333333333,0.0,3.0,3.0,91.27333333333333,0.0,0,2
8107fc1f-3368-4a90-b6ce-aedb412d9936,4,0,1.0,2.0,12266.0,6133.0,4555.181884403739,0.0,1.0,2.0,2.0,0.5,0.5,0.0,3.0,3.0,75.89,0.0,0,3
1773b504-d24e-4638-b683-8de8dafe644f,3,0,1.0,1.0,25565.0,25565.0,0.0,1.0,0.0,1.0,1.0,1.0,0.0,0.0,7.0,7.0,511.3,0.0,0,1
f9f844d5-cc8d-450e-93a8-8e1a9c857475,3,0,0.0,1.0,1698.0,1698.0,0.0,1.0,0.0,1.0,1.0,0.0,1.0,0.0,1.0,1.0,33.96,0.0,0,1
b88dbcbd-27c6-42e5-8b83-dce605f1bb11,3,0,1.0,3.0,35889.0,11963.0,7706.566745315322,0.33333333333333337,1.0,1.0,1.0,0.6666666666666666,0.3333333333333333,0.0,4.0,3.0,239.26,0.0,1,1
b360ee27-776c-4af6-a773-e8d1cbdcefbc,3,0,1.0,2.0,22133.0,11066.5,358.5031380615796,0.5,1.0,1.0,47.0,0.5,0.0,0.5,5.0,5.0,221.32999999999998,0.0,1,6
3bc444fa-12e5-4530-b150-2b5325f6f88b,3,0,0.0,3.0,67156.0,22385.333333333332,16409.937517654762,0.6666666666666667,1.0,1.0,3.0,0.3333333333333333,0.0,0.6666666666666666,12.0,11.0,149.23555555555555,1.0,1,4
3e4d6263-b1cc-4fd1-b6ae-5e25bf34fdd0,3,0,1.0,3.0,48909.0,16303.0,9702.509005406797,0.33333333333333337,1.0,1.0,6.0,0.3333333333333333,0.0,0.6666666666666666,6.0,5.0,108.68666666666667,1.0,0,9
b8ea2ccf-40be-4d51-93e2-09c678d20219,2,0,0.0,2.0,13988.0,6994.0,5084.097756731277,0.5,1.0,1.0,1.0,0.0,0.5,0.5,1.0,1.0,139.88,0.0,1,1
a32de425-138a-403d-a062-97a4fa9e2dc8,2,0,1.0,2.0,22847.0,11423.5,3251.984086676932,1.0,0.0,1.0,1.0,0.5,0.5,0.0,7.0,7.0,228.46999999999997,0.0,1,1
ba9b7343-1711-4e69-b220-105b3e442720,2,0,1.0,3.0,76928.0,25642.666666666668,13146.929616200632,0.6666666666666667,1.0,1.0,17.0,0.0,0.6666666666666666,0.3333333333333333,11.0,9.0,512.8533333333334,0.0,1,2
37c20d48-6c96-4646-84e1-282ee1020e44,2,0,1.0,1.0,3637.0,3637.0,0.0,1.0,0.0,1.0,47.0,1.0,0.0,0.0,2.0,1.0,72.74,0.0,0,6
48c96ac1-219f-4282-9ff1-8525f92e27c5,2,0,1.0,2.0,17468.0,8734.0,3338.9582207628773,0.5,1.0,1.0,47.0,0.0,0.0,1.0,2.0,2.0,174.68,0.0,0,6
20bf03c1-662d-412e-a8b1-beda695279eb,2,0,1.0,2.0,30506.0,15253.0,5917.069544969029,0.5,1.0,1.0,47.0,0.5,0.0,0.5,1.0,1.0,305.06,0.0,0,6
b3571919-62b7-4694-bccc-f3e9614f1197,2,0,2.0,2.0,34531.0,17265.5,3126.1190796257265,0.5,1.0,1.0,6.0,0.5,0.0,0.5,5.0,5.0,115.10333333333332,1.0,1,9
0b334e63-081a-4657-8d45-bb91d026af84,1,0,1.0,1.0,5572.0,5572.0,0.0,1.0,0.0,1.0,47.0,0.0,0.0,1.0,1.0,2.0,111.44,0.0,1,6
db9e1722-159c-45f9-8bc1-451ef353eeaf,1,0,1.0,3.0,54830.0,18276.666666666668,5982.246595831146,1.0,0.0,1.0,17.0,0.0,1.0,0.0,7.0,7.0,365.5333333333333,0.0,1,2
c511c877-d890-444a-b3b3-b4421f916b9f,1,0,1.0,2.0,40655.0,20327.5,890.2474375138634,1.0,0.0,1.0,17.0,0.0,1.0,0.0,7.0,8.0,406.54999999999995,0.0,0,2
10fe90da-6d15-4077-8a5f-486ebda37e53,1,0,1.0,2.0,29894.0,9964.666666666666,9989.32101463024,1.0,0.0,2.0,1.0,0.6666666666666666,0.3333333333333333,0.0,11.0,12.0,158.4311111111111,0.0,0,1
4b3b90d0-91c9-4d28-a16f-264b393ed6e0,1,0,1.0,2.0,25739.0,12869.5,3608.365904394952,1.0,0.0,1.0,6.0,0.0,0.5,0.5,5.0,5.0,85.79666666666667,1.0,0,9
1a15b449-0a65-459d-8f54-74b9944d8d56,1,0,0.0,3.0,43924.0,14641.333333333334,8157.643430141657,1.0,0.0,1.0,4.0,0.0,1.0,0.0,19.0,21.0,146.41333333333333,1.0,1,5
5d298b6a-9dd0-407e-85c3-629b3220995e,1,0,1.0,1.0,6976.0,6976.0,0.0,1.0,0.0,1.0,1.0,1.0,0.0,0.0,3.0,2.0,139.52,0.0,0,1
deb2e680-e3e9-4ff1-b031-9bf91d5987f0,1,0,1.0,2.0,25275.0,12637.5,12557.509327091897,1.0,0.0,1.0,17.0,1.0,0.0,0.0,7.0,6.0,252.75,0.0,0,2
e3e489aa-6699-4820-a47b-82e8ace354ae,1,0,1.0,3.0,57711.0,19237.0,780.1352446851764,1.0,0.0,1.0,2.0,0.0,1.0,0.0,4.0,4.0,192.37,1.0,1,3
1a6da0ac-adb7-49ed-99b9-c7e9c0a47215,1,0,1.0,2.0,12957.0,6478.5,1853.3268734899411,1.0,0.0,1.0,1.0,1.0,0.0,0.0,5.0,5.0,129.57,0.0,0,1
d837a679-e77c-4f52-949a-147e8de1d7e7,1,0,2.0,1.0,8847.0,8847.0,0.0,1.0,0.0,1.0,2.0,1.0,0.0,0.0,1.0,1.0,88.47,1.0,0,3
9a3f37fc-20b8-444c-81f1-8a08abfd57a1,1,0,1.0,2.0,49540.0,24770.0,1992.6269093836909,1.0,0.0,1.0,3.0,0.0,1.0,0.0,12.0,12.0,165.13333333333333,1.0,0,4
c07f8649-c548-4a24-b001-f1cc0d668b0d,0,0,1.0,3.0,119568.0,39856.0,25157.82854302016,1.0,0.0,1.0,6.0,0.3333333333333333,0.3333333333333333,0.3333333333333333,12.0,13.0,265.70666666666665,1.0,0,9
a50cbff3-abcf-461a-b2f8-3825371e4cc9,0,0,1.0,2.0,32557.0,16278.5,13620.997925996466,1.0,0.0,1.0,6.0,1.0,0.0,0.0,7.0,6.0,108.52333333333333,1.0,0,9
1d8e87f2-4f16-4557-99f9-b145bdc1a2c6,0,0,0.0,3.0,54330.0,18110.0,2059.7320214047263,1.0,0.0,1.0,4.0,0.0,1.0,0.0,10.0,10.0,181.1,1.0,1,5
b8a9d3c3-9b39-49d1-84b0-46da526fefa5,0,0,1.0,2.0,12027.0,6013.5,4719.937764420205,1.0,0.0,1.0,3.0,0.0,0.0,1.0,4.0,4.0,40.09,1.0,1,4
2b460e59-dc7f-4fce-bea3-3b808d1c5fe3,0,0,1.0,1.0,6530.0,6530.0,0.0,1.0,0.0,1.0,3.0,0.0,0.0,1.0,1.0,1.0,43.53333333333333,1.0,0,4
3ca98493-828b-4743-b94c-32438be5f69b,0,0,1.0,1.0,11775.0,11775.0,0.0,1.0,0.0,1.0,6.0,0.0,0.0,1.0,2.0,2.0,78.5,1.0,1,9
e6e70d19-9864-403f-8f6c-ce53ac5fb0d1,0,0,0.0,3.0,102938.0,34312.666666666664,27868.8134001671,1.0,0.0,2.0,2.0,0.0,0.6666666666666666,0.3333333333333333,5.0,8.0,559.7166666666666,0.0,0,3
16fd073b-fc0b-452b-a521-ce24f438ec36,0,0,0.0,3.0,125992.0,41997.333333333336,3802.443468788634,1.0,0.0,1.0,47.0,0.3333333333333333,0.6666666666666666,0.0,25.0,24.0,0.0,0.0,0,6
b780379c-4038-424c-b4fd-296505fee773,0,0,1.0,2.0,78384.0,39192.0,4323.250860174551,1.0,0.0,1.0,6.0,0.0,0.5,0.5,17.0,17.0,261.28000000000003,1.0,0,9
945cff3f-f1a9-495a-9fd4-690c7baeada9,0,0,2.0,2.0,46158.0,23079.0,7991.72084097036,1.0,0.0,2.0,2.0,0.0,0.5,0.5,7.0,7.0,182.90666666666667,1.0,0,3
94c2314f-2857-4381-aa35-4565bde36708,0,0,1.0,1.0,16184.0,16184.0,0.0,1.0,0.0,1.0,6.0,1.0,0.0,0.0,5.0,5.0,107.89333333333333,1.0,0,9
a4dc3b08-91cc-4ce2-a4df-644eed865a83,4,0,1.0,2.0,7276.0,3638.0,370.5239533417509,0.5,1.0,1.0,2.0,0.0,0.0,1.0,1.0,1.0,36.379999999999995,1.0,1,3
fc11b51b-d14b-407a-9912-ec99c4f8ad5b,4,0,1.0,2.0,28985.0,14492.5,1382.3937572197003,0.0,1.0,1.0,17.0,1.0,0.0,0.0,3.0,4.0,289.85,0.0,0,2
4ba2d750-eaa6-4455-a709-ee4fa3cf536c,4,0,1.0,1.0,27132.0,27132.0,0.0,0.0,1.0,1.0,6.0,1.0,0.0,0.0,2.0,3.0,180.88,1.0,0,9
c107ad11-1239-4983-8540-e2668c024af1,4,0,2.0,1.0,10926.0,10926.0,0.0,0.0,1.0,1.0,47.0,0.0,0.0,1.0,3.0,3.0,218.52,0.0,0,6
d8375ffb-cf21-45b7-babe-112a5570bd18,4,0,1.0,1.0,13494.0,13494.0,0.0,0.0,1.0,1.0,17.0,1.0,0.0,0.0,3.0,3.0,269.88,0.0,0,2
e3e97fd7-5aa8-4194-b352-689c76f7c07e,3,0,0.0,3.0,46629.0,15543.0,6413.714056613376,0.6666666666666667,1.0,1.0,4.0,1.0,0.0,0.0,22.0,21.0,155.43,1.0,0,5
c6343588-e538-4a9c-9c63-7c6d77b5d361,3,0,1.0,1.0,25412.0,25412.0,0.0,1.0,0.0,1.0,6.0,0.0,1.0,0.0,11.0,10.0,169.41333333333333,1.0,0,9
8ff36c36-8874-4be9-a6d4-ad59890c5028,3,0,1.0,1.0,14311.0,14311.0,0.0,1.0,0.0,1.0,6.0,1.0,0.0,0.0,2.0,2.0,95.40666666666667,1.0,1,9
08bbd28c-fb64-496a-a8e3-eb4e1c08ad0f,3,0,1.0,1.0,8449.0,8449.0,0.0,1.0,0.0,1.0,17.0,1.0,0.0,0.0,3.0,3.0,168.98,0.0,1,2
56d99328-0cae-49f3-a756-6ac68e191524,3,0,1.0,1.0,14851.0,14851.0,0.0,1.0,0.0,1.0,5.0,1.0,0.0,0.0,4.0,4.0,99.00666666666666,1.0,1,8
1fcf9365-d6d3-4d80-8dca-76578a1aaf8d,3,0,1.0,1.0,14120.0,14120.0,0.0,1.0,0.0,1.0,1.0,1.0,0.0,0.0,3.0,3.0,282.4,0.0,0,1
6bd73a74-29af-4c06-8ab9-b486a5019dbb,3,0,0.0,1.0,9398.0,4699.0,1151.1698397716993,1.0,0.0,1.0,3.0,0.0,0.0,1.0,2.0,2.0,31.326666666666664,1.0,1,4
00a103a4-f03f-444f-a6fd-244809c31d18,3,0,0.0,2.0,45334.0,22667.0,3371.4851326974585,1.0,0.0,1.0,6.0,1.0,0.0,0.0,6.0,6.0,151.11333333333334,1.0,1,9
06927619-6661-48dd-b92c-d7633800f0c6,3,0,1.0,3.0,80466.0,26822.0,17937.739015829167,0.33333333333333337,1.0,1.0,2.0,0.6666666666666666,0.3333333333333333,0.0,3.0,3.0,268.21999999999997,1.0,0,3
ac2ca441-c61f-4ec3-9ff4-90524a8442dc,3,0,1.0,1.0,7721.0,7721.0,0.0,1.0,0.0,1.0,6.0,0.0,0.0,1.0,4.0,4.0,51.473333333333336,1.0,0,9
e3941cf8-0053-4e04-9ed5-4e6048852053,3,0,1.0,1.0,23854.0,23854.0,0.0,1.0,0.0,1.0,5.0,0.0,1.0,0.0,5.0,4.0,159.02666666666667,1.0,1,8
f2448885-d9ab-4a7f-beac-2ba74d91e0f6,2,0,1.0,1.0,2856.0,2856.0,0.0,1.0,0.0,1.0,1.0,0.0,0.0,1.0,1.0,1.0,57.12,0.0,0,1
f3b9171f-5218-48bd-b8f6-87e3422dda40,2,0,1.0,1.0,2842.0,2842.0,0.0,1.0,0.0,1.0,1.0,0.0,0.0,1.0,1.0,1.0,56.84,0.0,0,1
d8c6f33c-7a43-4f8b-a16b-9a4c364b352f,2,0,0.0,1.0,9203.0,9203.0,0.0,1.0,0.0,1.0,3.0,1.0,0.0,0.0,3.0,3.0,61.35333333333333,1.0,0,4
f9d4d781-cc9f-4088-8c0f-9ce13829b5c1,2,0,1.0,1.0,7388.0,7388.0,0.0,1.0,0.0,1.0,4.0,0.0,1.0,0.0,3.0,3.0,73.88,1.0,0,5
795d11fb-38c3-4395-ad21-0f7bfbdf6b62,2,0,0.0,2.0,36483.0,18241.5,3667.762874014622,1.0,0.0,1.0,1.0,0.5,0.5,0.0,6.0,6.0,364.83,0.0,1,1
30a72919-9ffb-440c-bdb3-dc0d5ce806fb,2,0,1.0,2.0,9072.0,4536.0,3132.4830406564056,1.0,0.0,1.0,3.0,0.5,0.0,0.5,5.0,6.0,30.240000000000002,1.0,1,4
ef33537c-67c2-407f-8ddd-fd545ae255c0,1,0,0.0,1.0,9694.0,9694.0,0.0,1.0,0.0,1.0,47.0,1.0,0.0,0.0,2.0,2.0,193.88,0.0,0,6
5a97558c-9be0-4542-a166-ee26df54e3fa,1,0,0.0,1.0,9668.0,9668.0,0.0,1.0,0.0,1.0,47.0,1.0,0.0,0.0,3.0,2.0,193.36,0.0,0,6
dcb99b18-f8d3-468d-8a37-6a321271988b,1,0,1.0,2.0,38524.0,19262.0,1796.0512242138307,1.0,0.0,1.0,1.0,1.0,0.0,0.0,6.0,6.0,385.24,0.0,1,1
7b58ee35-051e-423d-bfa3-a76136d29f68,1,0,1.0,2.0,53031.0,26515.5,5319.564314866397,1.0,0.0,1.0,3.0,1.0,0.0,0.0,16.0,16.0,176.76999999999998,1.0,1,4
d720db74-ac6f-4fff-a105-155069d89c66,1,0,1.0,3.0,97743.0,32581.0,7318.456872866028,1.0,0.0,1.0,4.0,0.3333333333333333,0.3333333333333333,0.3333333333333333,10.0,11.0,325.81,1.0,0,5
3d02194b-a102-4dbe-b33e-48ab2797551e,1,0,1.0,1.0,17968.0,17968.0,0.0,1.0,0.0,1.0,6.0,1.0,0.0,0.0,3.0,3.0,119.78666666666666,1.0,0,9
9253e81b-95ab-4f6c-a441-e7bd15c7ff4e,1,0,1.0,1.0,13024.0,13024.0,0.0,1.0,0.0,1.0,2.0,1.0,0.0,0.0,1.0,1.0,130.24,1.0,0,3
1a6422ef-7c5b-4ac8-b6b1-5102b5d16bb6,0,0,2.0,1.0,4501.0,4501.0,0.0,1.0,0.0,1.0,3.0,1.0,0.0,0.0,4.0,4.0,30.006666666666668,1.0,0,4
23ab18e0-a26a-43b2-84d8-c832d38d4060,0,0,2.0,1.0,22093.0,22093.0,0.0,1.0,0.0,1.0,17.0,0.0,1.0,0.0,6.0,6.0,441.86,0.0,1,2
1fe24b08-3a0c-4333-bc73-5aa108a9d1d4,0,0,1.0,2.0,24758.0,12379.0,7195.5186053543075,1.0,0.0,1.0,1.0,0.5,0.5,0.0,5.0,5.0,247.57999999999998,0.0,0,1
92c08485-bdce-44e4-bf11-d985dda7b7e4,0,0,0.0,2.0,42249.0,14083.0,10440.099472706186,1.0,0.0,2.0,3.0,0.3333333333333333,0.6666666666666666,0.0,6.0,5.0,93.88666666666666,1.0,1,4
cf8eef6d-0c13-40b5-8f1e-25cf76445df8,0,0,1.0,2.0,61296.0,30648.0,1436.8409793710646,1.0,0.0,1.0,2.0,0.0,1.0,0.0,4.0,4.0,306.48,1.0,0,3
ba202916-fc19-4bc7-99e1-be895dc1de55,0,0,1.0,1.0,6199.0,6199.0,0.0,1.0,0.0,1.0,6.0,0.0,0.0,1.0,2.0,2.0,41.32666666666667,1.0,0,9
6acb90e2-efde-478b-a0bc-685c7d2cccef,0,0,0.0,3.0,65320.0,21773.333333333332,18974.692865322835,1.0,0.0,1.0,1.0,0.3333333333333333,0.3333333333333333,0.3333333333333333,9.0,9.0,435.4666666666667,0.0,1,1
6d4e59c5-ac88-4fd0-95c3-e452d191ad49,0,0,1.0,2.0,26345.0,13172.5,229.80970388562795,1.0,0.0,1.0,2.0,1.0,0.0,0.0,3.0,3.0,131.725,1.0,0,3
ac60c3e6-1fa1-4488-bcf5-bdf22d375bd0,0,0,0.0,1.0,18640.0,18640.0,0.0,1.0,0.0,1.0,5.0,0.0,0.0,1.0,5.0,4.0,124.26666666666667,1.0,0,8
23c4f375-046e-4e93-8760-62ca8b7d48d0,0,0,0.0,1.0,15748.0,15748.0,0.0,1.0,0.0,1.0,17.0,0.0,1.0,0.0,3.0,3.0,314.96,0.0,0,2
70eaff9a-3ec0-4e2c-97c3-1631e318c405,0,0,1.0,1.0,14880.0,14880.0,0.0,1.0,0.0,1.0,2.0,1.0,0.0,0.0,1.0,1.0,148.8,1.0,0,3
1b62e7fe-06be-4b3d-a3e9-f5ed53cb97d1,0,0,2.0,1.0,4474.0,4474.0,0.0,1.0,0.0,1.0,3.0,1.0,0.0,0.0,5.0,5.0,29.826666666666668,1.0,0,4
a8e1daaa-914f-4ef7-aeaf-ded764d6a1ba,0,0,0.0,1.0,14136.0,14136.0,0.0,1.0,0.0,1.0,2.0,1.0,0.0,0.0,1.0,1.0,141.36,1.0,0,3
0a712716-2110-4620-a991-191a1c375162,0,0,1.0,1.0,3159.0,3159.0,0.0,1.0,0.0,1.0,2.0,0.0,0.0,1.0,1.0,1.0,31.59,1.0,0,3
351979ce-62c9-4170-ae4f-3fe60a2492ed,0,0,0.0,3.0,88517.0,29505.666666666668,1370.0329679731556,1.0,0.0,1.0,4.0,0.0,1.0,0.0,13.0,13.0,295.0566666666667,1.0,0,5
b98f35d1-b9b0-4501-9d17-86661f3325b8,0,0,1.0,2.0,4302.0,2151.0,619.4255403194156,1.0,0.0,1.0,17.0,1.0,0.0,0.0,2.0,2.0,43.019999999999996,0.0,1,2
bb9caf82-39b2-4e89-8cb8-1074c7ba24fe,0,0,1.0,2.0,20347.0,10173.5,10242.44172548714,1.0,0.0,1.0,17.0,1.0,0.0,0.0,2.0,2.0,203.47,0.0,1,2
1b0f95b3-4290-44a8-a981-43a5aa5d7efb,0,0,1.0,1.0,3227.0,3227.0,0.0,1.0,0.0,1.0,6.0,1.0,0.0,0.0,1.0,1.0,21.513333333333332,1.0,0,9
12ccaa3f-e185-4214-8036-8e5637e13711,0,0,1.0,1.0,4561.0,4561.0,0.0,1.0,0.0,1.0,1.0,0.0,0.0,1.0,1.0,1.0,91.22,0.0,0,1
3a7ceee6-0d2e-4b0c-adf3-5c7b79f9c042,0,0,1.0,3.0,19748.0,6582.666666666667,5652.37758233943,1.0,0.0,1.0,3.0,0.0,0.0,1.0,1.0,1.0,43.88444444444445,1.0,1,4
b3c4a865-a75a-4613-a33b-8509a1122f66,0,0,1.0,1.0,9760.0,9760.0,0.0,1.0,0.0,1.0,1.0,0.0,0.0,1.0,1.0,1.0,195.2,0.0,1,1
e00a7e48-c491-490c-adb5-a88d5ab01f82,0,0,1.0,3.0,49489.0,16496.333333333332,8686.371010573595,1.0,0.0,1.0,3.0,1.0,0.0,0.0,8.0,8.0,109.97555555555556,1.0,0,4
0a47c947-a9f9-47ce-8989-418c854ed4ff,0,0,1.0,2.0,62021.0,31010.5,11032.987106853701,1.0,0.0,1.0,3.0,0.0,1.0,0.0,20.0,20.0,206.73666666666668,1.0,1,4
9613a015-482c-4757-8ce1-ba8573aca946,0,0,1.0,2.0,61954.0,30977.0,500.63160108007565,1.0,0.0,1.0,2.0,0.5,0.5,0.0,5.0,5.0,309.77,1.0,0,3
72d7834c-c968-4952-9901-d6da97aa0056,0,0,1.0,3.0,9744.0,3248.0,1596.0830178909869,1.0,0.0,1.0,47.0,0.3333333333333333,0.0,0.6666666666666666,3.0,2.0,64.96,0.0,1,6
0d70f5c7-5ec9-4930-8ad0-437b96e1508c,0,0,0.0,1.0,17767.0,17767.0,0.0,1.0,0.0,1.0,3.0,1.0,0.0,0.0,3.0,3.0,118.44666666666667,1.0,0,4
b8850eef-bc86-43e1-871e-88dbc5936d63,4,0,1.0,2.0,30581.0,15290.5,6405.680330768934,0.5,1.0,1.0,47.0,0.5,0.0,0.5,2.0,2.0,305.81,0.0,0,6
376b66d9-fa5b-48a8-b0d7-e5520c197910,4,0,1.0,1.0,6831.0,6831.0,0.0,0.0,1.0,1.0,47.0,0.0,1.0,0.0,1.0,1.0,136.62,0.0,0,6
b091e45d-fc04-42a3-9963-2fc1e64138d3,4,0,2.0,1.0,17112.0,17112.0,0.0,0.0,1.0,1.0,5.0,0.0,1.0,0.0,2.0,2.0,114.08,1.0,1,8
da92348d-5c3d-46b4-8bf2-e3e4481b7db0,4,0,2.0,1.0,20328.0,20328.0,0.0,0.0,1.0,1.0,47.0,1.0,0.0,0.0,5.0,5.0,406.56,0.0,0,6
f60bf76f-1f22-417c-8500-ff664f432eb5,3,0,0.0,3.0,40626.0,13542.0,13139.111727967002,0.6666666666666667,1.0,1.0,6.0,0.3333333333333333,0.0,0.6666666666666666,23.0,20.0,90.28000000000002,1.0,1,9
5288381d-8ade-4295-9761-16ed9d556493,3,0,1.0,1.0,10576.0,10576.0,0.0,1.0,0.0,1.0,3.0,1.0,0.0,0.0,4.0,4.0,70.50666666666666,1.0,0,4
be1c5929-faca-4041-8a1c-f0be783d5b0e,3,0,1.0,1.0,24104.0,24104.0,0.0,1.0,0.0,1.0,1.0,0.0,1.0,0.0,6.0,7.0,482.08,0.0,1,1
fae55862-2cce-4720-a8cc-bc898f618ffb,3,0,1.0,3.0,77021.0,25673.666666666668,3407.29545729943,0.33333333333333337,1.0,1.0,6.0,1.0,0.0,0.0,10.0,10.0,171.1577777777778,1.0,0,9
1ea01eb3-fd5a-4cc5-971e-e4434605b356,3,0,0.0,1.0,8991.0,8991.0,0.0,1.0,0.0,1.0,47.0,1.0,0.0,0.0,3.0,2.0,179.82,0.0,1,6
33441bd9-603c-48e5-896a-6d653d8b741f,2,0,2.0,1.0,6474.0,6474.0,0.0,1.0,0.0,1.0,2.0,1.0,0.0,0.0,2.0,1.0,64.74,1.0,1,3
b93a9cfa-3c92-46f2-8dae-e3bc6e8aed1f,2,0,1.0,2.0,44756.0,22378.0,2098.692926561673,1.0,0.0,1.0,47.0,0.5,0.5,0.0,13.0,12.0,447.56,0.0,0,6
fe80298a-c265-4b98-8017-dbcd8061da05,2,0,1.0,1.0,28287.0,28287.0,0.0,1.0,0.0,1.0,3.0,0.0,1.0,0.0,7.0,7.0,188.58,1.0,0,4
957d07e0-de5d-4ee6-b5c4-52cb5e33af54,2,0,1.0,1.0,22877.0,22877.0,0.0,1.0,0.0,1.0,4.0,0.0,1.0,0.0,5.0,5.0,228.77,1.0,1,5
87bcaf61-9aa0-4725-902b-8b0b87c453b1,1,0,0.0,3.0,67715.0,16928.75,10232.8597623864,1.0,0.0,2.0,47.0,0.75,0.0,0.25,11.0,11.0,295.565,0.0,1,6
135ae082-e003-44a6-924d-97464fe723ce,1,0,1.0,3.0,57165.0,19055.0,1240.1499909285167,1.0,0.0,1.0,47.0,1.0,0.0,0.0,9.0,9.0,381.09999999999997,0.0,1,6
221ffc6e-3859-44da-b3e0-dfa736d08740,1,0,2.0,2.0,26315.0,13157.5,822.3651865199548,1.0,0.0,1.0,3.0,1.0,0.0,0.0,3.0,3.0,87.71666666666667,1.0,0,4
c69f5616-652b-410d-a1c7-a3ebe246acd1,1,0,0.0,2.0,23184.0,11592.0,2254.2564184227135,1.0,0.0,1.0,17.0,1.0,0.0,0.0,5.0,5.0,231.84000000000003,0.0,0,2
6adc2734-cf4f-49ff-a9b9-3faa3b88d9cd,1,0,1.0,1.0,7608.0,7608.0,0.0,1.0,0.0,1.0,1.0,0.0,1.0,0.0,1.0,1.0,152.16,0.0,1,1
1924cf03-d75f-4dcb-ae7a-44bec5a9f606,1,0,2.0,1.0,20296.0,20296.0,0.0,1.0,0.0,1.0,4.0,1.0,0.0,0.0,6.0,6.0,202.96,1.0,0,5
ea6e9ffe-2ba0-4a5e-b99e-40b83ab69dcb,1,0,2.0,2.0,49962.0,24981.0,25066.93539306311,1.0,0.0,1.0,47.0,0.0,0.5,0.5,1.0,1.0,499.62,0.0,1,6
1a4c0a58-56a9-407e-8c42-9f7ddf9424fa,1,0,0.0,1.0,20326.0,20326.0,0.0,1.0,0.0,1.0,47.0,1.0,0.0,0.0,2.0,3.0,406.52,0.0,1,6
74f5faf3-cf17-4238-83d0-7d700e4dbdd9,1,0,0.0,2.0,27834.0,13917.0,478.0041840821061,1.0,0.0,1.0,17.0,1.0,0.0,0.0,5.0,5.0,278.34000000000003,0.0,0,2
472c0af8-fd5d-4692-92cf-bf6fbb6c77e0,0,0,1.0,3.0,16760.0,5586.666666666667,4724.969876447186,1.0,0.0,1.0,6.0,0.3333333333333333,0.0,0.6666666666666666,5.0,5.0,37.24444444444445,1.0,1,9
2be30823-ac60-42e1-9fff-87a69a4166ec,0,0,1.0,1.0,15374.0,15374.0,0.0,1.0,0.0,1.0,47.0,1.0,0.0,0.0,3.0,3.0,307.48,0.0,0,6
91199cad-d967-42cd-99c5-4dfbdc01fcd6,0,0,1.0,1.0,11636.0,11636.0,0.0,1.0,0.0,1.0,3.0,1.0,0.0,0.0,3.0,3.0,77.57333333333334,1.0,0,4
f54baf30-7fde-4e9a-a420-1f575f7195aa,0,0,2.0,2.0,66890.0,33445.0,2592.253459829883,1.0,0.0,1.0,2.0,1.0,0.0,0.0,1.0,1.0,334.45,1.0,0,3
d1103ecb-8c51-4fdd-a861-13eeb09a7e85,0,0,0.0,1.0,16796.0,16796.0,0.0,1.0,0.0,1.0,6.0,1.0,0.0,0.0,2.0,2.0,111.97333333333333,1.0,0,9
f4516635-3547-41cb-8a41-70d47cdb1e57,0,0,0.0,2.0,52612.0,26306.0,18069.406686441034,1.0,0.0,2.0,1.0,0.0,0.5,0.5,7.0,7.0,435.9266666666666,0.0,1,1
9d4105dd-afb3-42e8-a5e9-bfd64fd26628,0,0,1.0,2.0,25233.0,12616.5,477.29707730091957,1.0,0.0,1.0,3.0,0.0,0.0,1.0,6.0,7.0,84.11,1.0,0,4
469dca80-8221-4b02-a72c-1e29d00251cd,0,0,1.0,2.0,41472.0,20736.0,1387.3435046880063,1.0,0.0,1.0,6.0,0.0,1.0,0.0,11.0,11.0,138.24,1.0,1,9
13fbe77d-8c51-4cd3-ba23-613e512d580f,0,0,2.0,2.0,21079.0,10539.5,1269.2566722298527,1.0,0.0,1.0,47.0,0.0,0.0,1.0,2.0,2.0,210.79000000000002,0.0,1,6
d2c5f67d-5562-4047-9ecb-56fca9289b3d,0,0,1.0,2.0,26922.0,13461.0,3618.97250611275,1.0,0.0,1.0,3.0,0.0,1.0,0.0,9.0,9.0,89.74000000000001,1.0,1,4
94ec80c2-b0c4-4c61-a68c-2b8ceeb9a14e,6,1,0.0,1.0,68312.0,68312.0,0.0,0.0,1.0,1.0,3.0,0.0,0.0,1.0,4.0,7.0,455.41333333333336,1.0,1,4
cbd2494e-f832-4993-afbe-b93259147a01,4,0,1.0,2.0,6095.0,3047.5,289.20667350529794,0.0,1.0,1.0,47.0,1.0,0.0,0.0,5.0,5.0,60.95,0.0,0,6
1efec812-afa8-40a8-88fd-7941ffbf5c09,4,0,2.0,1.0,14223.0,14223.0,0.0,0.0,1.0,1.0,6.0,1.0,0.0,0.0,7.0,8.0,94.82,1.0,1,9
3b49ec4c-4b18-44c6-a351-91bd768e50c4,4,0,2.0,2.0,6732.0,3366.0,19.79898987322333,0.5,1.0,1.0,47.0,0.5,0.0,0.5,1.0,1.0,67.32,0.0,0,6
ad50bdcc-03ef-4d0f-893a-8f3803583cfc,3,0,2.0,2.0,41232.0,20616.0,674.5798692519663,0.0,1.0,1.0,1.0,0.0,0.0,1.0,2.0,1.0,412.32,0.0,1,1
96ef285b-26ff-4c07-8a00-e83398d3feea,2,0,0.0,2.0,31010.0,15505.0,7708.878128495741,1.0,0.0,2.0,6.0,0.5,0.5,0.0,5.0,5.0,243.07333333333332,0.0,0,9
0722c80c-75bc-4e00-b3dc-7a3388b87410,2,0,1.0,1.0,2483.0,2483.0,0.0,1.0,0.0,1.0,1.0,0.0,1.0,0.0,1.0,1.0,49.66,0.0,0,1
851f83c4-cc5e-4737-8962-1fdff02afe94,2,0,2.0,2.0,22303.0,11151.5,8252.643243228196,0.5,1.0,1.0,17.0,0.0,0.0,1.0,2.0,2.0,223.03,0.0,0,2
7c596b83-2607-47d3-92fc-79206591bb5e,2,0,1.0,3.0,27351.0,9117.0,1871.5223749664335,0.6666666666666667,1.0,1.0,4.0,0.6666666666666666,0.0,0.3333333333333333,5.0,4.0,91.17,1.0,1,5
37a61945-7d6d-4b11-8bfd-115d806978bf,2,0,0.0,1.0,22646.0,22646.0,0.0,1.0,0.0,1.0,47.0,1.0,0.0,0.0,1.0,1.0,452.92,0.0,0,6
596e7b1c-20e1-4aa7-bc07-0ae37644c7ca,2,0,1.0,2.0,47073.0,23536.5,4360.727519577438,1.0,0.0,1.0,3.0,1.0,0.0,0.0,13.0,13.0,156.91,1.0,1,4
54fd12f6-6200-45a0-b2de-abeb1bcb4aba,2,0,1.0,3.0,91082.0,30360.666666666668,15059.026872056951,0.6666666666666667,1.0,1.0,3.0,0.3333333333333333,0.3333333333333333,0.3333333333333333,21.0,21.0,202.40444444444447,1.0,0,4
596789cc-8801-4ec2-8d01-e8ac531803b0,2,0,1.0,3.0,72295.0,24098.333333333332,4619.034675485055,0.6666666666666667,1.0,1.0,1.0,1.0,0.0,0.0,7.0,7.0,481.9666666666667,0.0,1,1
469c8dc8-b54a-49af-846b-ca2bafa65b4c,2,0,1.0,1.0,5206.0,5206.0,0.0,1.0,0.0,1.0,6.0,0.0,0.0,1.0,1.0,1.0,34.70666666666666,1.0,0,9
6df1001b-1df4-492e-89b5-50683469c131,2,0,0.0,1.0,25822.0,25822.0,0.0,1.0,0.0,1.0,6.0,1.0,0.0,0.0,10.0,6.0,172.14666666666668,1.0,1,9
c2961e92-c4ca-42e9-a0ec-a1f56dd964e1,2,0,0.0,3.0,98594.0,32864.666666666664,20385.89115867475,1.0,0.0,1.0,3.0,0.0,0.3333333333333333,0.6666666666666666,20.0,18.0,219.09777777777776,1.0,1,4
2ef78fbc-af69-41cb-8015-dade65ddcc7c,1,0,1.0,3.0,47156.0,15718.666666666666,3892.83307288321,1.0,0.0,1.0,6.0,1.0,0.0,0.0,5.0,5.0,104.7911111111111,1.0,0,9
e3714c5a-3156-4917-81d3-2989e4c6b4f3,1,0,1.0,1.0,37533.0,37533.0,0.0,1.0,0.0,1.0,6.0,0.0,1.0,0.0,6.0,6.0,250.22,1.0,0,9
a3775eeb-ff06-4db0-9371-4e000189e6cf,1,0,1.0,2.0,2784.0,1392.0,1787.5659428395923,1.0,0.0,1.0,47.0,0.0,0.0,1.0,1.0,1.0,27.84,0.0,0,6
8f52d273-23eb-491d-a465-2564fb756813,1,0,1.0,3.0,55542.0,18514.0,9615.314399435933,1.0,0.0,1.0,3.0,0.0,0.6666666666666666,0.3333333333333333,13.0,12.0,123.42666666666668,1.0,1,4
99f41a6b-8b7b-402f-a311-18bccaf3732b,1,0,1.0,3.0,33216.0,11072.0,7538.683505758814,1.0,0.0,1.0,6.0,0.3333333333333333,0.6666666666666666,0.0,5.0,5.0,73.81333333333333,1.0,1,9
9943268e-dcf0-41d5-936d-c1280d6b048f,1,0,0.0,2.0,25676.0,12838.0,1595.2328983568511,1.0,0.0,1.0,47.0,1.0,0.0,0.0,10.0,10.0,256.76,0.0,0,6
a9b532dc-71f5-4231-af0f-4cad71aa26b2,1,0,1.0,3.0,77629.0,25876.333333333332,8183.349945672208,1.0,0.0,1.0,6.0,1.0,0.0,0.0,4.0,3.0,172.5088888888889,1.0,0,9
ca1dc668-53fc-4f3c-8450-74e5d4ebfb3e,1,0,0.0,1.0,3321.0,1660.5,282.13560569343247,1.0,0.0,2.0,1.0,0.0,0.0,1.0,3.0,3.0,20.81,0.0,1,1
dc680774-36be-4711-a33e-081bddc37735,0,0,1.0,2.0,24812.0,12406.0,5820.903022727659,1.0,0.0,1.0,6.0,0.0,0.0,1.0,4.0,4.0,82.70666666666666,1.0,1,9
ce9e3d8b-633a-48c4-815a-22fd77ecffaa,0,0,1.0,2.0,14794.0,7397.0,5535.231883128294,1.0,0.0,1.0,47.0,0.0,0.0,1.0,5.0,4.0,147.94,0.0,1,6
2a5be705-61a8-4e50-b202-dc5b1bc8bebf,0,0,1.0,1.0,6740.0,6740.0,0.0,1.0,0.0,1.0,6.0,0.0,0.0,1.0,3.0,3.0,44.93333333333333,1.0,0,9
85409209-5deb-4c96-a2f7-bb9a50442f84,0,0,1.0,3.0,24513.0,8171.0,5160.102421464132,1.0,0.0,1.0,6.0,0.0,0.0,1.0,4.0,2.0,54.473333333333336,1.0,0,9
0ac97d44-4b92-4009-aefb-1cc808eda874,0,0,1.0,1.0,10812.0,10812.0,0.0,1.0,0.0,1.0,6.0,0.0,1.0,0.0,3.0,3.0,72.08,1.0,0,9
698c4780-48d1-48be-8c56-f2cc5132062a,0,0,1.0,3.0,15252.0,5084.0,1741.6569696699748,1.0,0.0,1.0,3.0,1.0,0.0,0.0,6.0,6.0,33.89333333333333,1.0,1,4
8da6d086-0398-46bc-b12a-78f2e1943373,0,0,2.0,1.0,9878.0,9878.0,0.0,1.0,0.0,1.0,47.0,0.0,1.0,0.0,3.0,2.0,197.56,0.0,0,6
460cd6cf-8074-4596-8197-42078487b400,0,0,2.0,2.0,46685.0,23342.5,8116.878741240379,1.0,0.0,1.0,3.0,1.0,0.0,0.0,4.0,4.0,155.61666666666667,1.0,0,4
7c85944c-1d05-4ad8-8b53-0374f44c4ca0,0,0,1.0,1.0,9038.0,9038.0,0.0,1.0,0.0,1.0,47.0,0.0,0.0,1.0,1.0,1.0,180.76,0.0,0,6
d0ff1e1c-f06d-4ec9-ad27-89282b9e5029,0,0,0.0,1.0,17524.0,17524.0,0.0,1.0,0.0,1.0,6.0,0.0,0.0,1.0,4.0,4.0,116.82666666666667,1.0,0,9
20f95b51-e1a0-4815-a1a3-a7fea6c008fa,0,0,1.0,1.0,11773.0,11773.0,0.0,1.0,0.0,1.0,6.0,0.0,1.0,0.0,4.0,4.0,78.48666666666666,1.0,0,9
4c77fefe-3df4-4a04-acaa-f66c0d9cf6e7,0,0,1.0,1.0,635.0,635.0,0.0,1.0,0.0,1.0,47.0,0.0,0.0,1.0,1.0,2.0,12.7,0.0,0,6
dca55b93-02b2-4992-a03a-444acc5e796e,0,0,1.0,3.0,42823.0,14274.333333333334,9737.964486140487,1.0,0.0,1.0,47.0,0.3333333333333333,0.0,0.6666666666666666,11.0,12.0,285.4866666666666,0.0,0,6
066ae72b-6aa3-4c07-ad91-cfefb0577b89,0,0,1.0,2.0,44869.0,22434.5,1907.0669888601187,1.0,0.0,1.0,2.0,0.0,1.0,0.0,4.0,4.0,224.34500000000003,1.0,0,3
1f7b861d-91e2-4432-b502-25ce98ae5cd0,0,0,1.0,1.0,9551.0,9551.0,0.0,1.0,0.0,1.0,6.0,0.0,1.0,0.0,4.0,4.0,63.67333333333333,1.0,0,9
75b71e25-4a68-4d53-a7f2-75115c4f06d8,0,0,2.0,1.0,21671.0,21671.0,0.0,1.0,0.0,1.0,3.0,1.0,0.0,0.0,9.0,9.0,144.47333333333333,1.0,1,4
39278de8-0f6e-4af1-bf1e-71f1f18beeeb,0,0,2.0,2.0,7230.0,3615.0,3802.8202692212526,1.0,0.0,1.0,47.0,0.0,0.0,1.0,7.0,8.0,72.3,0.0,0,6
293f1f60-3ed4-4f8b-a82c-72b2856f46b1,0,0,2.0,1.0,3215.0,3215.0,0.0,1.0,0.0,1.0,5.0,1.0,0.0,0.0,4.0,4.0,21.433333333333334,1.0,0,8
ca36fa22-29f8-48bc-b8a2-45d8fab7ba3d,0,0,1.0,1.0,12915.0,12915.0,0.0,1.0,0.0,1.0,47.0,0.0,0.0,1.0,3.0,3.0,258.3,0.0,1,6
4eff1949-0a8f-4b69-b6c5-b8d2796c5de2,0,0,0.0,3.0,67087.0,22362.333333333332,4907.0871536313,1.0,0.0,1.0,1.0,0.3333333333333333,0.0,0.6666666666666666,11.0,9.0,447.24666666666667,0.0,0,1
eaab0fee-78b4-473b-be44-d186c044d544,0,0,1.0,1.0,15824.0,15824.0,0.0,1.0,0.0,1.0,47.0,1.0,0.0,0.0,5.0,5.0,316.48,0.0,0,6
9b87004a-69a3-495e-a097-4483258dedad,5,1,0.0,1.0,23332.0,23332.0,0.0,0.0,1.0,1.0,47.0,1.0,0.0,0.0,5.0,4.0,466.64,0.0,0,6
b45e8130-6c19-4e01-b251-977c45f9d101,5,1,0.0,3.0,56619.0,18873.0,8627.22950894434,0.33333333333333337,1.0,1.0,17.0,0.6666666666666666,0.0,0.3333333333333333,19.0,17.0,377.46000000000004,0.0,0,2
13ae9eaa-ae75-4360-bd88-391e23e28b5c,4,0,2.0,1.0,10203.0,10203.0,0.0,0.0,1.0,1.0,47.0,1.0,0.0,0.0,4.0,4.0,204.06,0.0,1,6
a384c05c-5882-41ce-8ff3-f4b6e88be887,4,0,1.0,1.0,13821.0,13821.0,0.0,0.0,1.0,1.0,47.0,1.0,0.0,0.0,4.0,4.0,276.42,0.0,0,6
1b7288c1-fb56-43ee-b072-76bfc74f04e5,4,0,1.0,2.0,21528.0,10764.0,4722.059084763764,0.0,1.0,1.0,47.0,0.0,0.0,1.0,3.0,3.0,215.28,0.0,0,6
c631ad46-c274-441e-aee5-fcedafd64a81,4,0,1.0,1.0,3974.0,3974.0,0.0,0.0,1.0,1.0,47.0,0.0,0.0,1.0,2.0,2.0,79.48,0.0,0,6
f53cdc98-f507-4e7b-abaf-cf55156ead32,4,0,1.0,1.0,11770.0,11770.0,0.0,0.0,1.0,1.0,47.0,1.0,0.0,0.0,1.0,2.0,235.4,0.0,0,6
051c2bb0-dcdf-494d-b10c-d72f2c23fccb,4,0,0.0,3.0,18503.0,6167.666666666667,2633.9220438982875,0.33333333333333337,1.0,1.0,47.0,0.3333333333333333,0.0,0.6666666666666666,7.0,5.0,123.35333333333334,0.0,1,6
671e95f3-7eba-4e6e-ac17-4dc911d29f14,4,0,0.0,1.0,56.0,56.0,0.0,1.0,0.0,1.0,47.0,0.0,1.0,0.0,2.0,1.0,1.12,0.0,0,6
bd0e3230-bb79-4861-a95e-dc09a371a8b8,4,0,0.0,1.0,11970.0,11970.0,0.0,1.0,0.0,1.0,47.0,1.0,0.0,0.0,3.0,3.0,239.4,0.0,0,6
d896bd15-1315-4eb5-be52-c19690d834e9,4,0,1.0,2.0,49968.0,24984.0,2250.0137777355944,0.0,1.0,1.0,47.0,0.5,0.0,0.5,10.0,10.0,499.68,0.0,1,6
6de54ea2-5853-4e25-ab49-e4c28c81e20a,4,0,0.0,2.0,16012.0,8006.0,8176.982817641236,0.5,1.0,1.0,1.0,0.0,0.0,1.0,6.0,7.0,160.12,0.0,0,1
6bc99cf5-25b5-4b75-8735-61c5cde05c7e,4,0,1.0,1.0,22383.0,22383.0,0.0,0.0,1.0,1.0,47.0,1.0,0.0,0.0,5.0,5.0,447.66,0.0,0,6
22022428-73d2-42d6-96a9-a00c1a465004,4,0,0.0,1.0,20998.0,20998.0,0.0,1.0,0.0,1.0,1.0,1.0,0.0,0.0,5.0,5.0,419.96,0.0,0,1
9df883da-a9a1-4242-8278-c877c79cd143,4,0,1.0,3.0,48049.0,16016.333333333334,10812.082331046751,0.33333333333333337,1.0,1.0,2.0,0.6666666666666666,0.3333333333333333,0.0,7.0,7.0,160.16333333333333,1.0,1,3
edcc43cb-3792-49f9-9f11-47289f91e93e,3,0,1.0,1.0,33001.0,33001.0,0.0,1.0,0.0,1.0,47.0,0.0,1.0,0.0,11.0,10.0,0.0,0.0,1,6
b683518f-e7f8-44b5-b60b-9435871fe36f,3,0,2.0,1.0,7183.0,7183.0,0.0,0.0,1.0,1.0,47.0,1.0,0.0,0.0,2.0,2.0,143.66,0.0,0,6
96dd9832-81a2-4a1e-8962-d6ac231f6e84,3,0,1.0,1.0,18005.0,18005.0,0.0,1.0,0.0,1.0,47.0,1.0,0.0,0.0,4.0,3.0,360.1,0.0,0,6
e6b533fb-aef9-4a61-9fee-b79bad22047f,3,0,2.0,2.0,26509.0,13254.5,18698.024614915877,0.0,1.0,1.0,47.0,1.0,0.0,0.0,2.0,1.0,265.09,0.0,0,6
acb708bc-cc7d-4ef7-9a3b-d844c39cb125,3,0,1.0,1.0,10201.0,10201.0,0.0,1.0,0.0,1.0,47.0,1.0,0.0,0.0,2.0,2.0,204.02,0.0,1,6
b5c6f5cc-e401-48bd-aae3-6feccaf01474,3,0,2.0,1.0,3770.0,3770.0,0.0,0.0,1.0,1.0,47.0,0.0,0.0,1.0,1.0,1.0,75.4,0.0,0,6
9e826eed-98a2-4a6c-a8bf-bf8b7d8a575d,3,0,2.0,1.0,1236.0,1236.0,0.0,0.0,1.0,1.0,47.0,0.0,0.0,1.0,2.0,2.0,24.72,0.0,0,6
45b54de2-8417-412c-8306-e4bac653c0f8,3,0,1.0,1.0,11111.0,11111.0,0.0,1.0,0.0,1.0,47.0,0.0,1.0,0.0,5.0,4.0,222.22,0.0,1,6
f9846326-9467-432b-a539-4d7f310f406c,3,0,1.0,1.0,191.0,191.0,0.0,1.0,0.0,1.0,47.0,1.0,0.0,0.0,1.0,1.0,3.82,0.0,0,6
0f3b3a32-061d-4066-885a-0789d661d1e3,3,0,1.0,1.0,9142.0,9142.0,0.0,1.0,0.0,1.0,47.0,1.0,0.0,0.0,2.0,1.0,182.84,0.0,1,6
b6b76179-a6df-4b9c-afdb-9ee2ffe91a3c,3,0,2.0,1.0,4167.0,4167.0,0.0,0.0,1.0,1.0,47.0,1.0,0.0,0.0,3.0,2.0,83.34,0.0,0,6
a5cb1c39-3388-4b86-bead-8fea55208e2a,3,0,1.0,1.0,21046.0,21046.0,0.0,1.0,0.0,1.0,47.0,0.0,1.0,0.0,4.0,3.0,420.92,0.0,1,6
ff438674-584a-4b71-a175-65efb0ef9fca,3,0,1.0,2.0,69379.0,34689.5,101.1162697096763,0.5,1.0,1.0,47.0,1.0,0.0,0.0,5.0,5.0,0.0,0.0,0,6
848029f0-1370-45a9-a3d5-52d50fa88913,3,0,2.0,1.0,13212.0,13212.0,0.0,0.0,1.0,1.0,47.0,0.0,0.0,1.0,1.0,1.0,264.24,0.0,1,6
4c3d0146-7a19-4e16-920a-e2a352f02a3b,3,0,1.0,1.0,11541.0,11541.0,0.0,1.0,0.0,1.0,47.0,0.0,1.0,0.0,1.0,1.0,230.82,0.0,1,6
7f2cc6c9-4208-4974-a106-fbea88fddc20,3,0,1.0,2.0,47695.0,15898.333333333334,13384.498845057044,0.6666666666666667,1.0,2.0,2.0,0.6666666666666666,0.0,0.3333333333333333,8.0,7.0,177.38,0.0,1,3
a920af41-3be0-4f08-a3a8-b7369cfa9a1a,3,0,2.0,1.0,3555.0,3555.0,0.0,0.0,1.0,1.0,47.0,1.0,0.0,0.0,2.0,2.0,71.1,0.0,0,6
d061bed6-8e4b-4733-8aab-1499f4364a04,3,0,1.0,3.0,62130.0,20710.0,5553.517083794737,0.33333333333333337,1.0,1.0,47.0,0.3333333333333333,0.6666666666666666,0.0,13.0,13.0,414.2,0.0,1,6
0f752efa-86c2-4e37-8fbb-e9f91b395d76,3,0,1.0,3.0,70748.0,23582.666666666668,4506.393717079471,0.33333333333333337,1.0,1.0,47.0,0.3333333333333333,0.6666666666666666,0.0,5.0,4.0,471.65333333333336,0.0,0,6
8df32267-e6d7-4713-a933-43aa5b0ce7ea,3,0,1.0,1.0,1123.0,1123.0,0.0,1.0,0.0,1.0,47.0,1.0,0.0,0.0,1.0,1.0,22.46,0.0,0,6
80d56c42-168a-43eb-98c9-bb40cfcbddb6,3,0,0.0,3.0,72644.0,24214.666666666668,5712.9051570399215,0.6666666666666667,1.0,1.0,2.0,0.6666666666666666,0.3333333333333333,0.0,7.0,7.0,242.14666666666668,1.0,0,3
6e307baf-fe11-4a3d-8c55-61c0377bde13,3,0,0.0,3.0,79899.0,26633.0,3757.78804617823,0.6666666666666667,1.0,1.0,2.0,0.6666666666666666,0.0,0.3333333333333333,8.0,8.0,266.33,1.0,0,3
14b5f71c-6213-4b6c-b143-0fd379a21320,3,0,2.0,1.0,5815.0,5815.0,0.0,0.0,1.0,1.0,47.0,1.0,0.0,0.0,4.0,4.0,116.3,0.0,1,6
3c717d67-77df-4165-9ff8-f5166e2cc0cd,3,0,1.0,2.0,2609.0,1304.5,927.0169901355638,0.5,1.0,1.0,47.0,1.0,0.0,0.0,3.0,2.0,26.090000000000003,0.0,1,6
5cff1038-fa10-4874-ba45-ae01c09591dd,3,0,1.0,1.0,22722.0,22722.0,0.0,1.0,0.0,1.0,47.0,1.0,0.0,0.0,2.0,2.0,454.44,0.0,0,6
6d272b5c-a0e7-4729-9b54-a051186c33fe,3,0,1.0,1.0,4819.0,4819.0,0.0,1.0,0.0,1.0,47.0,1.0,0.0,0.0,2.0,2.0,96.38,0.0,0,6
2aec314b-c9e9-4c24-9b76-3311ae7408d1,3,0,2.0,2.0,8711.0,4355.5,4142.938630971982,0.0,1.0,1.0,47.0,0.0,1.0,0.0,3.0,3.0,87.11,0.0,0,6
1f25e194-400b-476f-8f43-cbb1b7bcee87,3,0,2.0,1.0,4155.0,4155.0,0.0,0.0,1.0,1.0,47.0,1.0,0.0,0.0,2.0,2.0,83.1,0.0,0,6
79d4b62d-5bb9-4443-9b5e-ddf1e3a8da99,3,0,2.0,1.0,3473.0,3473.0,0.0,0.0,1.0,1.0,47.0,0.0,0.0,1.0,1.0,1.0,69.46,0.0,1,6
c437ca3d-7224-4871-bcaa-a8d4effe12ee,3,0,1.0,2.0,50487.0,25243.5,3119.048011813861,0.5,1.0,1.0,47.0,0.0,1.0,0.0,5.0,5.0,504.87,0.0,0,6
0c0e458f-55e4-4a4b-a5da-d50a4a03d69f,3,0,1.0,2.0,2362.0,1181.0,1274.2064196981587,0.5,1.0,1.0,47.0,0.0,0.0,1.0,1.0,1.0,23.62,0.0,0,6
7237da8c-f995-4566-9ce2-0417f508066f,3,0,1.0,1.0,4721.0,4721.0,0.0,1.0,0.0,1.0,47.0,1.0,0.0,0.0,1.0,1.0,94.42,0.0,1,6
c441fe8b-c8c5-4a6f-b80d-69dc1cf0caac,3,0,1.0,1.0,11918.0,11918.0,0.0,1.0,0.0,1.0,47.0,0.0,0.0,1.0,3.0,3.0,238.36,0.0,1,6
42649ece-0533-422f-bc01-7eb408dbb59a,3,0,1.0,2.0,12331.0,6165.5,8657.1083220669,0.5,1.0,1.0,47.0,0.0,0.0,1.0,3.0,2.0,123.31,0.0,0,6
082c9b0c-824d-4e86-a736-be36d437c934,3,0,2.0,1.0,2500.0,2500.0,0.0,0.0,1.0,1.0,47.0,1.0,0.0,0.0,1.0,1.0,50.0,0.0,0,6
046c7343-9dcc-4182-a33c-744fca035a8d,3,0,1.0,1.0,13732.0,13732.0,0.0,1.0,0.0,1.0,47.0,1.0,0.0,0.0,4.0,4.0,274.64,0.0,1,6
7a4555e7-7bb0-4095-a303-16ebdbffd9ad,3,0,1.0,1.0,5992.0,5992.0,0.0,1.0,0.0,1.0,47.0,1.0,0.0,0.0,2.0,1.0,119.84,0.0,0,6
2948d557-fd1c-4316-954c-56e62decf5ed,3,0,2.0,1.0,10442.0,10442.0,0.0,0.0,1.0,1.0,1.0,0.0,0.0,1.0,2.0,2.0,208.84,0.0,0,1
0d85cd8a-abc4-4ad5-96fa-b3279f8b9deb,3,0,1.0,1.0,6331.0,6331.0,0.0,1.0,0.0,1.0,47.0,0.0,0.0,1.0,2.0,2.0,126.62,0.0,0,6
33cb6a24-1d05-49f7-a7c6-1e32f5fb57c0,3,0,1.0,2.0,3670.0,1835.0,2153.8472554942236,0.5,1.0,1.0,47.0,0.5,0.0,0.5,2.0,2.0,36.699999999999996,0.0,0,6
be859a3f-8986-44c3-86ed-fa49a65f30ac,3,0,1.0,3.0,29509.0,9836.333333333334,3997.9041175762754,0.33333333333333337,1.0,1.0,47.0,0.6666666666666666,0.0,0.3333333333333333,3.0,3.0,196.7266666666667,0.0,1,6
35516a64-e234-4b4c-859e-053a5732f6fe,3,0,1.0,3.0,23697.0,7899.0,2357.380537800378,0.33333333333333337,1.0,1.0,47.0,0.3333333333333333,0.0,0.6666666666666666,4.0,4.0,157.98000000000002,0.0,1,6
26c29dbf-8fe6-45ec-9a7d-611d2a353266,3,0,1.0,1.0,13979.0,13979.0,0.0,1.0,0.0,1.0,47.0,0.0,0.0,1.0,2.0,2.0,279.58,0.0,0,6
bd92fcb8-dee1-45e7-9e03-5820133961d2,3,0,1.0,1.0,2659.0,2659.0,0.0,1.0,0.0,1.0,47.0,0.0,0.0,1.0,2.0,3.0,53.18,0.0,0,6
c7f9b7fe-98ca-43fc-98a2-9a4017363ae0,3,0,2.0,2.0,11402.0,5701.0,5893.027914408687,0.0,1.0,1.0,47.0,0.0,1.0,0.0,2.0,2.0,114.02000000000001,0.0,0,6
47f0a730-c70d-4120-bd85-e6c16fc634cb,3,0,1.0,2.0,3685.0,1842.5,2155.968575837783,0.5,1.0,1.0,47.0,0.5,0.0,0.5,2.0,2.0,36.85,0.0,0,6
8fa41995-e06f-41d0-b32e-6c419f7d56d3,3,0,1.0,3.0,44689.0,14896.333333333334,7288.667527973363,0.33333333333333337,1.0,1.0,47.0,0.0,0.3333333333333333,0.6666666666666666,9.0,8.0,297.9266666666667,0.0,1,6
e191ee56-9486-4013-91ad-ec30b62a3a49,3,0,2.0,1.0,11508.0,11508.0,0.0,0.0,1.0,1.0,47.0,1.0,0.0,0.0,4.0,6.0,230.16,0.0,0,6
80776781-f719-4d63-b043-738ea9bbced6,3,0,1.0,1.0,37403.0,37403.0,0.0,1.0,0.0,1.0,47.0,1.0,0.0,0.0,5.0,4.0,0.0,0.0,0,6
4fa17afa-e20c-496a-9344-cf1929290277,3,0,1.0,2.0,12915.0,6457.5,8563.770226950277,0.5,1.0,1.0,47.0,0.0,0.0,1.0,3.0,3.0,129.15,0.0,0,6
ac9462eb-9e08-4f9c-bf45-1ed5d3e20e28,3,0,1.0,1.0,18543.0,18543.0,0.0,1.0,0.0,1.0,47.0,1.0,0.0,0.0,2.0,2.0,370.86,0.0,0,6
11fb8a7a-d367-48f8-b3d8-15e5ec82bc17,3,0,1.0,1.0,33103.0,33103.0,0.0,1.0,0.0,1.0,47.0,0.0,1.0,0.0,6.0,8.0,0.0,0.0,0,6
ba422962-311c-455c-825d-fdb040c8e2a4,3,0,2.0,1.0,87.0,87.0,0.0,0.0,1.0,1.0,47.0,0.0,0.0,1.0,1.0,1.0,1.74,0.0,1,6
08b0d3f4-b7f9-4b5f-b6aa-f990a26fd76d,3,0,2.0,1.0,3483.0,3483.0,0.0,0.0,1.0,1.0,47.0,0.0,0.0,1.0,1.0,1.0,69.66,0.0,0,6
64a21b7c-dc97-4226-a21b-223f02f290a9,3,0,1.0,1.0,6847.0,6847.0,0.0,1.0,0.0,1.0,47.0,1.0,0.0,0.0,2.0,3.0,136.94,0.0,0,6
19d947de-8b99-4783-a053-fa02c491e1f5,3,0,1.0,1.0,1616.0,1616.0,0.0,1.0,0.0,1.0,47.0,0.0,1.0,0.0,2.0,1.0,32.32,0.0,1,6
6ad31dbb-65a9-42fd-8507-90db7eddf4f4,3,0,1.0,1.0,67.0,67.0,0.0,1.0,0.0,1.0,47.0,1.0,0.0,0.0,1.0,1.0,1.34,0.0,0,6
0e57731c-8a56-4907-b5eb-9acaadc3072d,3,0,1.0,1.0,15425.0,15425.0,0.0,1.0,0.0,1.0,47.0,1.0,0.0,0.0,2.0,2.0,308.5,0.0,0,6
af59c256-bf24-40e0-a295-691b9b2d47f7,3,0,1.0,1.0,6607.0,6607.0,0.0,1.0,0.0,1.0,47.0,1.0,0.0,0.0,1.0,3.0,132.14,0.0,0,6
d129f539-785b-4d43-8618-c3aabdfeefe4,3,0,2.0,1.0,14844.0,14844.0,0.0,0.0,1.0,1.0,47.0,1.0,0.0,0.0,2.0,2.0,296.88,0.0,1,6
18ca222f-aae3-49be-8ac8-fc8aaea5e003,3,0,1.0,1.0,33924.0,33924.0,0.0,1.0,0.0,1.0,47.0,0.0,1.0,0.0,6.0,6.0,0.0,0.0,0,6
f1c830a7-7ba8-4e54-81d9-14cecd0ecff6,3,0,1.0,1.0,12425.0,12425.0,0.0,1.0,0.0,1.0,47.0,1.0,0.0,0.0,3.0,2.0,248.5,0.0,1,6
3b9823a8-b8fb-4459-bc34-3128f2c8dab6,3,0,1.0,1.0,7740.0,7740.0,0.0,1.0,0.0,1.0,47.0,1.0,0.0,0.0,1.0,1.0,154.8,0.0,1,6
74a2ce9a-a041-4ba6-a465-5fe583935408,3,0,1.0,1.0,10841.0,10841.0,0.0,1.0,0.0,1.0,47.0,0.0,1.0,0.0,2.0,2.0,216.82,0.0,0,6
098b999b-e7c3-468c-80f2-7536b3a9a637,2,0,1.0,3.0,71470.0,23823.333333333332,19654.766249775992,0.6666666666666667,1.0,1.0,4.0,0.6666666666666666,0.0,0.3333333333333333,6.0,5.0,238.23333333333332,1.0,1,5
66da8a6b-3a0a-4075-8821-3a5ed42f5dc1,2,0,1.0,2.0,55204.0,27602.0,4173.344222563003,1.0,0.0,1.0,17.0,0.0,0.0,1.0,5.0,3.0,552.04,0.0,0,2
f12ba745-aa56-45fb-adde-473f0d3fbce3,2,0,1.0,2.0,20864.0,10432.0,3756.1512216629403,1.0,0.0,1.0,4.0,0.0,1.0,0.0,3.0,3.0,104.32,1.0,1,5
61eec2cd-ad5e-4ac0-9fd5-3965390e3811,2,0,2.0,1.0,27971.0,27971.0,0.0,1.0,0.0,1.0,5.0,0.0,1.0,0.0,6.0,6.0,186.47333333333333,1.0,1,8
fa55ec7a-641b-4d2a-9d41-4e0b0c51c3ec,1,0,1.0,3.0,27992.0,9330.666666666666,5928.562164077673,1.0,0.0,1.0,6.0,0.6666666666666666,0.3333333333333333,0.0,3.0,3.0,62.20444444444445,1.0,1,9
3a17c7ba-78ca-46cc-b542-0fd394ea7a02,1,0,1.0,1.0,20301.0,20301.0,0.0,1.0,0.0,1.0,1.0,0.0,1.0,0.0,7.0,6.0,406.02,0.0,0,1
6210b023-22d7-4b61-b8d1-a00cb1a51c57,1,0,1.0,2.0,50551.0,25275.5,4483.764099503898,1.0,0.0,1.0,1.0,0.0,1.0,0.0,13.0,12.0,505.51,0.0,0,1
030bdbe0-4ea5-4108-a111-12184f4de02a,1,0,1.0,2.0,53664.0,26832.0,48.08326112068523,1.0,0.0,1.0,1.0,0.0,1.0,0.0,10.0,10.0,536.6400000000001,0.0,0,1
f13f2d28-d280-4fe9-8ed0-dd4f5d1ca33a,0,0,2.0,2.0,10333.0,5166.5,5466.642525353199,1.0,0.0,1.0,1.0,0.0,0.0,1.0,1.0,0.0,103.33,0.0,0,1
78f30305-4196-4609-8f98-17e364a57c0f,0,0,1.0,3.0,53875.0,17958.333333333332,9040.638491463606,1.0,0.0,1.0,3.0,0.6666666666666666,0.3333333333333333,0.0,7.0,7.0,119.72222222222223,1.0,1,4
9b192c07-70b1-441d-9119-144f10b31a47,0,0,1.0,1.0,12261.0,12261.0,0.0,1.0,0.0,1.0,1.0,1.0,0.0,0.0,2.0,2.0,245.22,0.0,1,1
3a17acc8-eed2-40dd-b40a-f35371857998,0,0,1.0,2.0,38020.0,19010.0,9646.350708946882,1.0,0.0,1.0,6.0,1.0,0.0,0.0,4.0,4.0,126.73333333333335,1.0,1,9
ee2bd92e-0607-4111-9915-dfdcf040dc5c,0,0,1.0,2.0,9842.0,4921.0,879.6408357960652,1.0,0.0,1.0,6.0,0.5,0.5,0.0,4.0,4.0,32.806666666666665,1.0,1,9
9ca29016-101c-4e50-948b-d22ff314011a,0,0,1.0,3.0,77249.0,25749.666666666668,3382.5981631481636,1.0,0.0,1.0,4.0,0.0,1.0,0.0,14.0,15.0,257.49666666666667,1.0,1,5
a912353d-c838-44dc-8f5d-315db41da6e5,0,0,2.0,2.0,34293.0,17146.5,7747.769001461002,1.0,0.0,1.0,3.0,0.5,0.5,0.0,2.0,2.0,114.31,1.0,1,4
b5ca3df4-708b-467f-815a-129a307a3f31,0,0,1.0,3.0,35052.0,11684.0,10712.236041088714,1.0,0.0,1.0,6.0,0.3333333333333333,0.0,0.6666666666666666,2.0,2.0,77.89333333333333,1.0,1,9
acc2ef0e-bbb5-4f82-b2c7-1fc0e9d20548,0,0,1.0,3.0,94896.0,31632.0,9649.049124136533,1.0,0.0,1.0,3.0,0.0,1.0,0.0,18.0,18.0,210.88,1.0,1,4
50fc581d-bdc2-4bf2-9748-5a8d83693c50,0,0,0.0,1.0,37809.0,37809.0,0.0,1.0,0.0,1.0,6.0,0.0,0.0,1.0,6.0,7.0,252.06,1.0,0,9
22271bba-a0ec-4c6b-b02c-bc5109564465,4,0,1.0,1.0,3940.0,3940.0,0.0,0.0,1.0,1.0,6.0,1.0,0.0,0.0,1.0,1.0,26.266666666666666,1.0,0,9
e309c661-20f0-437e-a9c4-05a8e5e76fbf,4,0,0.0,3.0,70531.0,23510.333333333332,14058.297917363016,0.6666666666666667,1.0,1.0,6.0,0.3333333333333333,0.3333333333333333,0.3333333333333333,9.0,9.0,156.73555555555558,1.0,1,9
09a62842-6dac-4e59-b2d1-4745cf2a8ea2,4,0,2.0,2.0,28121.0,14060.5,3997.2746340475533,0.5,1.0,1.0,17.0,0.5,0.0,0.5,1.0,1.0,281.21000000000004,0.0,0,2
b94215a6-9370-4b64-8ef6-8f2c27c7b949,4,0,1.0,1.0,16852.0,16852.0,0.0,0.0,1.0,1.0,3.0,1.0,0.0,0.0,4.0,4.0,112.34666666666666,1.0,1,4
a51284b9-339d-43ce-8224-209e9e22d65a,4,0,1.0,1.0,2989.0,2989.0,0.0,0.0,1.0,1.0,3.0,1.0,0.0,0.0,1.0,1.0,19.926666666666666,1.0,0,4
15153a7c-4970-48f5-9dc8-1cde314675b7,3,0,1.0,3.0,52655.0,17551.666666666668,4840.325643315058,0.33333333333333337,1.0,1.0,1.0,0.6666666666666666,0.3333333333333333,0.0,4.0,4.0,351.0333333333333,0.0,1,1
4411d37d-921a-49f2-87f1-c61b2ce6f40e,3,0,1.0,1.0,14448.0,14448.0,0.0,1.0,0.0,1.0,3.0,0.0,1.0,0.0,4.0,4.0,96.32,1.0,0,4
a225b572-7077-4d80-95bd-b9c6cc574fd7,3,0,1.0,1.0,10942.0,10942.0,0.0,1.0,0.0,1.0,1.0,1.0,0.0,0.0,3.0,2.0,218.84,0.0,1,1
26d34eb9-f68a-43bd-a943-5be024380ea8,3,0,1.0,1.0,10840.0,10840.0,0.0,1.0,0.0,1.0,1.0,1.0,0.0,0.0,2.0,2.0,216.8,0.0,1,1
5699cda6-fae3-4072-a0d2-c2abd2f09953,2,0,1.0,2.0,24287.0,12143.5,3515.027809278328,1.0,0.0,1.0,3.0,0.0,1.0,0.0,6.0,5.0,80.95666666666668,1.0,1,4
b1e72e41-ee82-442b-8565-1e9ee10645ad,2,0,0.0,3.0,9489.0,3163.0,449.480811603788,1.0,0.0,1.0,1.0,1.0,0.0,0.0,3.0,3.0,63.25999999999999,0.0,1,1
0e3112a6-dfb3-4bf5-bcad-0e4538cd99a4,2,0,1.0,2.0,23045.0,11522.5,1014.6982310026957,1.0,0.0,1.0,1.0,0.0,0.5,0.5,6.0,6.0,230.45,0.0,1,1
f81d4909-6274-4338-a6b7-b71e4fb21333,2,0,1.0,1.0,21178.0,21178.0,0.0,1.0,0.0,1.0,3.0,1.0,0.0,0.0,7.0,7.0,141.18666666666667,1.0,0,4
4ba8f39d-3966-408d-806b-cd3807d6af51,2,0,2.0,1.0,2096.0,1048.0,1138.4419177103416,1.0,0.0,2.0,6.0,1.0,0.0,0.0,2.0,3.0,19.34,0.0,0,9
9d94cc6c-652d-4fb7-9e0d-113647265796,2,0,1.0,2.0,34601.0,11533.666666666666,7983.676241765653,1.0,0.0,2.0,3.0,1.0,0.0,0.0,13.0,13.0,138.80666666666667,0.0,1,4
e210768c-7f3e-4e33-bc26-5d233e32966a,2,0,1.0,1.0,23773.0,23773.0,0.0,1.0,0.0,1.0,3.0,0.0,1.0,0.0,9.0,9.0,158.48666666666668,1.0,0,4
17c85628-21a4-4f72-be39-602d37a23f3f,1,0,1.0,1.0,3469.0,3469.0,0.0,1.0,0.0,1.0,17.0,0.0,0.0,1.0,1.0,1.0,69.38,0.0,1,2
9fbdda85-4f2d-4d5f-8d59-4ef4fbe7d001,1,0,1.0,3.0,48266.0,16088.666666666666,12443.328346279917,1.0,0.0,1.0,2.0,0.3333333333333333,0.3333333333333333,0.3333333333333333,3.0,4.0,160.88666666666666,1.0,1,3
7a113fb4-3ad4-4380-9fcc-49d14b7d5392,0,0,1.0,3.0,48618.0,16206.0,3029.936798020711,1.0,0.0,1.0,4.0,0.6666666666666666,0.3333333333333333,0.0,6.0,6.0,162.05999999999997,1.0,1,5
cdd9407a-6bd3-4123-a18f-01e9a02ca1f0,0,0,0.0,3.0,39338.0,13112.666666666666,11483.642990503202,1.0,0.0,1.0,6.0,0.0,0.0,1.0,16.0,14.0,87.41777777777777,1.0,1,9
e77f8879-3566-4783-9c36-6f925762017e,0,0,1.0,2.0,16208.0,8104.0,3252.6911934581185,1.0,0.0,1.0,3.0,1.0,0.0,0.0,3.0,3.0,54.02666666666667,1.0,1,4
8fb485ad-5e0d-4c1a-b795-7d0a7b6982e6,0,0,1.0,1.0,5833.0,5833.0,0.0,1.0,0.0,1.0,17.0,1.0,0.0,0.0,2.0,2.0,116.66,0.0,0,2
bb3042e3-bfb4-47e2-8709-8685321551c0,0,0,1.0,3.0,55890.0,18630.0,10715.898422437569,1.0,0.0,1.0,17.0,0.3333333333333333,0.3333333333333333,0.3333333333333333,8.0,8.0,372.59999999999997,0.0,1,2
c05fb3fb-8ed7-4751-b8a8-055f5e305d6b,0,0,1.0,2.0,44963.0,22481.5,10864.695692931302,1.0,0.0,1.0,17.0,0.5,0.5,0.0,6.0,6.0,449.63,0.0,1,2
6247cf90-2b3a-4e7a-bb4a-de9c8d78bc9a,0,0,2.0,2.0,15747.0,7873.5,1110.8647532440662,1.0,0.0,1.0,2.0,0.0,0.5,0.5,1.0,1.0,78.735,1.0,1,3
679b9c05-099d-40cf-8d69-bc2a8d0864f4,5,1,0.0,2.0,27226.0,13613.0,3705.239533417509,0.0,1.0,1.0,5.0,0.0,0.0,1.0,4.0,4.0,90.75333333333333,1.0,0,8
2ff7fbca-9357-4bd2-92e5-274336c048cc,4,0,1.0,1.0,13818.0,13818.0,0.0,0.0,1.0,1.0,6.0,1.0,0.0,0.0,5.0,5.0,92.12,1.0,0,9
2fa849e0-2680-4c68-9f62-929a0985240c,4,0,2.0,2.0,16143.0,8071.5,9849.290355147421,0.5,1.0,1.0,17.0,1.0,0.0,0.0,1.0,1.0,161.43,0.0,1,2
f2608480-eb55-4378-a1cd-6b24c70babc1,4,0,1.0,2.0,106826.0,53413.0,15757.167511961025,0.0,1.0,1.0,1.0,0.0,0.5,0.5,6.0,7.0,0.0,0.0,0,1
676279ae-7139-4198-b74d-c35960758c7a,4,0,0.0,1.0,8559.0,8559.0,0.0,1.0,0.0,1.0,1.0,1.0,0.0,0.0,2.0,2.0,171.18,0.0,1,1
98d4beb8-4b76-40be-ac7a-51969f2a381f,4,0,1.0,2.0,89025.0,44512.5,40806.42523549447,0.0,1.0,1.0,1.0,0.5,0.0,0.5,8.0,8.0,0.0,0.0,1,1
638a66fa-5842-4754-b2ea-d4ca3b597999,4,0,0.0,1.0,33028.0,33028.0,0.0,1.0,0.0,1.0,1.0,1.0,0.0,0.0,3.0,3.0,0.0,0.0,0,1
547c95a5-23a6-4d4b-aba3-16b7a3c0d41d,3,0,1.0,1.0,7049.0,7049.0,0.0,1.0,0.0,1.0,1.0,0.0,1.0,0.0,2.0,2.0,140.98,0.0,1,1
8e19d795-db99-4465-b082-c2128c8d0893,3,0,0.0,1.0,16578.0,16578.0,0.0,1.0,0.0,1.0,2.0,1.0,0.0,0.0,1.0,1.0,165.78,1.0,0,3
301e1ff4-82ed-4ffb-874d-a4f717138172,3,0,2.0,2.0,51520.0,25760.0,8594.175818541298,0.0,1.0,1.0,3.0,1.0,0.0,0.0,9.0,8.0,171.73333333333335,1.0,1,4
f6aafa32-1047-4c0d-92ce-1bb24976ff38,2,0,2.0,1.0,12142.0,12142.0,0.0,1.0,0.0,1.0,2.0,1.0,0.0,0.0,7.0,7.0,121.42,1.0,0,3
9e8ca921-5d38-4f2e-801d-92b0ea6aa01a,2,0,0.0,1.0,18815.0,18815.0,0.0,1.0,0.0,1.0,5.0,1.0,0.0,0.0,5.0,5.0,125.43333333333334,1.0,1,8
d4d340d8-6a1e-424e-95b2-a44c631887fc,2,0,0.0,1.0,6848.0,6848.0,0.0,1.0,0.0,1.0,1.0,1.0,0.0,0.0,2.0,2.0,136.96,0.0,0,1
a7c89561-e13d-4259-83e2-ddb4da7f55c5,2,0,1.0,3.0,75831.0,25277.0,11956.598638408836,0.6666666666666667,1.0,1.0,4.0,0.3333333333333333,0.6666666666666666,0.0,8.0,8.0,252.77,1.0,1,5
0851d430-7ce5-4088-9efb-86aa8dc0f60a,1,0,1.0,2.0,38616.0,19308.0,11125.618095189138,1.0,0.0,1.0,6.0,0.5,0.0,0.5,11.0,9.0,128.72,1.0,0,9
4d7ce8fa-dd1c-4c80-9491-00683757f083,1,0,1.0,3.0,53179.0,17726.333333333332,7592.703493047344,1.0,0.0,1.0,2.0,0.3333333333333333,0.0,0.6666666666666666,2.0,2.0,177.26333333333332,1.0,1,3
131aad45-7825-47ad-b2ca-a1570c3bfcb0,1,0,1.0,3.0,69262.0,23087.333333333332,8183.501532555202,1.0,0.0,2.0,1.0,0.6666666666666666,0.3333333333333333,0.0,6.0,6.0,344.78666666666663,0.0,1,1
b67a8a32-23d5-4aa0-b98c-b3d32aa6a60b,1,0,1.0,3.0,46142.0,15380.666666666666,1554.2027967203423,1.0,0.0,1.0,1.0,1.0,0.0,0.0,7.0,7.0,307.61333333333334,0.0,1,1
6a7047ba-d35f-4199-82b9-4eea7ac00f6e,1,0,1.0,2.0,24870.0,12435.0,593.9696961966999,1.0,0.0,1.0,3.0,0.5,0.5,0.0,12.0,11.0,82.9,1.0,1,4
0104ad6c-fad3-4e7b-863e-64301b38e703,0,0,1.0,2.0,29843.0,14921.5,16050.616826153442,1.0,0.0,1.0,6.0,0.5,0.0,0.5,8.0,8.0,99.47666666666666,1.0,1,9
1a480642-220d-4174-b629-10f5ebe89fc7,0,0,1.0,3.0,22587.0,7529.0,330.1136168048813,1.0,0.0,1.0,17.0,0.0,1.0,0.0,2.0,2.0,150.58,0.0,1,2
00795b35-7dbc-492b-8858-99329bd7508b,0,0,1.0,2.0,35923.0,11974.333333333334,9115.170943725265,1.0,0.0,3.0,3.0,0.0,1.0,0.0,5.0,5.0,163.99777777777777,0.0,0,4
57a4cd31-bc3e-4109-bbf7-affe08d34e37,0,0,2.0,1.0,27729.0,27729.0,0.0,1.0,0.0,1.0,6.0,0.0,1.0,0.0,8.0,8.0,184.86,1.0,1,9
d4a7ceff-e85f-4888-a9fc-ae0f5a73a947,5,1,0.0,2.0,42100.0,21050.0,10373.256480006652,0.0,1.0,1.0,3.0,0.5,0.0,0.5,11.0,10.0,140.33333333333331,1.0,1,4
405ea002-809c-4534-a93d-e64ec7de097f,5,1,0.0,2.0,53086.0,26543.0,4094.1482630701103,0.0,1.0,1.0,6.0,0.5,0.0,0.5,9.0,7.0,176.95333333333332,1.0,0,9
8d524721-e360-4fda-816a-53468c0c37ef,4,0,1.0,1.0,9831.0,9831.0,0.0,0.0,1.0,1.0,17.0,1.0,0.0,0.0,3.0,3.0,196.62,0.0,1,2
311c941d-be64-4d08-93d2-f8fcb12230ff,3,0,1.0,1.0,13430.0,13430.0,0.0,1.0,0.0,1.0,6.0,0.0,1.0,0.0,6.0,4.0,89.53333333333333,1.0,1,9
fe787f37-fd8f-42ef-b017-63ef58db95eb,3,0,1.0,3.0,57612.0,19204.0,12704.414311569031,0.33333333333333337,1.0,2.0,3.0,0.3333333333333333,0.0,0.6666666666666666,8.0,7.0,275.2711111111111,0.0,0,4
98cf6231-a45f-4f01-9fcd-87e6642e1421,3,0,1.0,1.0,5905.0,5905.0,0.0,1.0,0.0,1.0,5.0,1.0,0.0,0.0,2.0,2.0,39.36666666666667,1.0,1,8
bc65a348-83f3-4d7f-9e03-f0177757d934,3,0,1.0,2.0,13239.0,6619.5,8310.625999285494,0.5,1.0,1.0,2.0,0.5,0.5,0.0,2.0,2.0,66.195,1.0,1,3
50de9283-0e28-40a3-93be-d4b54c3ffb76,3,0,0.0,1.0,20182.0,20182.0,0.0,1.0,0.0,1.0,1.0,1.0,0.0,0.0,4.0,4.0,403.64,0.0,1,1
33d998c8-2bab-4618-b017-5f8fbe4d3874,3,0,1.0,1.0,22968.0,22968.0,0.0,1.0,0.0,1.0,3.0,0.0,1.0,0.0,3.0,3.0,153.12,1.0,0,4
7f1d07ea-845e-48bf-a37a-88c23ae4b6bf,3,0,1.0,2.0,52911.0,26455.5,1545.0283168926064,0.5,1.0,1.0,4.0,0.0,1.0,0.0,7.0,6.0,264.555,1.0,1,5
0bf311c0-f37c-41e6-acc8-ee3f1c141bf5,3,0,0.0,2.0,30417.0,15208.5,4196.67874634216,1.0,0.0,1.0,5.0,0.5,0.0,0.5,2.0,2.0,101.39,1.0,1,8
ad9d0d83-d1f5-4b0b-b8a7-35e1bec63af6,3,0,1.0,3.0,46817.0,15605.666666666666,15090.428301851918,0.33333333333333337,1.0,2.0,3.0,0.3333333333333333,0.0,0.6666666666666666,8.0,8.0,250.73555555555558,0.0,1,4
27184a14-69f2-4e9f-821a-040c005c70dc,2,0,2.0,1.0,23688.0,23688.0,0.0,1.0,0.0,1.0,4.0,0.0,1.0,0.0,6.0,6.0,236.88,1.0,0,5
0c94bf36-8626-430c-8bdf-3771d66c2b02,2,0,2.0,1.0,17918.0,17918.0,0.0,1.0,0.0,1.0,2.0,1.0,0.0,0.0,4.0,4.0,179.18,1.0,0,3
0dd12e3a-5a2a-40de-b1b3-16b25bd617ba,2,0,2.0,1.0,17014.0,17014.0,0.0,1.0,0.0,1.0,2.0,0.0,1.0,0.0,2.0,2.0,170.14,1.0,0,3
24ccea81-aafd-49eb-b970-81ce6ad0ca42,2,0,1.0,2.0,27228.0,13614.0,427.0924958366747,1.0,0.0,2.0,2.0,1.0,0.0,0.0,3.0,3.0,113.95333333333333,1.0,0,3
b2c32fde-dd98-46b6-a033-cc42b78666d8,2,0,1.0,1.0,10136.0,10136.0,0.0,1.0,0.0,1.0,6.0,1.0,0.0,0.0,4.0,3.0,67.57333333333334,1.0,1,9
884594d9-0ee1-48eb-a512-3e683539e265,2,0,2.0,1.0,21505.0,21505.0,0.0,1.0,0.0,1.0,2.0,0.0,1.0,0.0,3.0,5.0,215.05,1.0,0,3
d32d57c0-1117-469c-b463-7ccd7b4206cc,2,0,2.0,1.0,17898.0,17898.0,0.0,1.0,0.0,1.0,2.0,1.0,0.0,0.0,2.0,2.0,178.98,1.0,0,3
3b685194-51fb-40ba-82e0-494e86ea6991,1,0,2.0,1.0,23943.0,23943.0,0.0,1.0,0.0,1.0,1.0,1.0,0.0,0.0,6.0,5.0,478.86,0.0,0,1
4c90c881-f6c7-4174-9a73-80a3be006bfa,1,0,0.0,1.0,14250.0,14250.0,0.0,1.0,0.0,1.0,17.0,1.0,0.0,0.0,3.0,4.0,285.0,0.0,1,2
9107138a-91e2-4d8c-a4e1-087b152cfda1,0,0,1.0,3.0,56635.0,18878.333333333332,7681.247576620177,1.0,0.0,1.0,2.0,1.0,0.0,0.0,4.0,5.0,188.78333333333333,1.0,1,3
02831207-8096-4451-89a5-fcac9fa073ec,0,0,1.0,1.0,15761.0,15761.0,0.0,1.0,0.0,1.0,2.0,1.0,0.0,0.0,1.0,1.0,157.61,1.0,0,3
0822ddaf-38f2-4914-9fbd-a6f280dbf22d,0,0,1.0,1.0,19639.0,19639.0,0.0,1.0,0.0,1.0,6.0,0.0,1.0,0.0,7.0,7.0,130.92666666666668,1.0,1,9
f895ac2b-519b-480c-8f23-f021635155c1,0,0,1.0,3.0,63224.0,21074.666666666668,6517.175947704138,1.0,0.0,1.0,6.0,0.0,1.0,0.0,10.0,10.0,140.49777777777777,1.0,0,9
c092b95f-11c0-4b78-bce2-64da247322e9,0,0,1.0,1.0,19710.0,19710.0,0.0,1.0,0.0,1.0,6.0,0.0,1.0,0.0,9.0,9.0,131.4,1.0,1,9
cf02c68f-8643-4f93-bc60-d706c181e5e7,0,0,1.0,1.0,2211.0,2211.0,0.0,1.0,0.0,1.0,1.0,1.0,0.0,0.0,1.0,1.0,44.22,0.0,0,1
0d9a3ee3-b59a-473d-a489-4331b0687c3c,0,0,2.0,1.0,4378.0,4378.0,0.0,1.0,0.0,1.0,2.0,1.0,0.0,0.0,2.0,2.0,43.78,1.0,0,3
87dc0db5-cb87-4376-97b7-a8c0ef684ea6,0,0,1.0,3.0,62665.0,20888.333333333332,4553.331783796711,1.0,0.0,1.0,2.0,0.6666666666666666,0.0,0.3333333333333333,2.0,1.0,208.88333333333333,1.0,1,3
ab3eefd6-bc1d-4b6e-9344-28b0eaadc54f,0,0,1.0,2.0,15338.0,7669.0,920.6530291048849,1.0,0.0,1.0,2.0,0.0,0.5,0.5,3.0,3.0,76.69,1.0,1,3
5f747ad2-a4b5-4039-855e-e5e0e425b7ff,0,0,2.0,1.0,6139.0,6139.0,0.0,1.0,0.0,1.0,6.0,0.0,0.0,1.0,3.0,3.0,40.92666666666667,1.0,1,9
a4ba0e6c-8a9d-43d6-8318-500942f70519,0,0,2.0,2.0,17761.0,8880.5,1842.0131649909563,1.0,0.0,1.0,6.0,0.0,0.0,1.0,3.0,3.0,59.20333333333333,1.0,1,9
3fbacbbc-2442-46cd-b0d5-edebbaa249ce,5,1,1.0,2.0,56561.0,28280.5,4463.965109630674,0.5,1.0,1.0,3.0,0.5,0.5,0.0,4.0,3.0,188.5366666666667,1.0,1,4
f6470e72-4a35-4a2c-ad50-1060a15cbbe0,4,0,1.0,2.0,22593.0,7531.0,5027.395349482672,0.6666666666666667,1.0,2.0,6.0,0.3333333333333333,0.3333333333333333,0.3333333333333333,3.0,3.0,62.96666666666667,0.0,1,9
d8a1aa93-35a4-4695-91f7-6b4c736c0e88,4,0,0.0,2.0,37545.0,18772.5,6426.893534204531,0.5,1.0,1.0,2.0,1.0,0.0,0.0,2.0,2.0,187.725,1.0,0,3
5362444c-e276-489d-9c86-720a412e06fd,4,0,0.0,1.0,27482.0,27482.0,0.0,1.0,0.0,1.0,17.0,0.0,1.0,0.0,7.0,8.0,549.64,0.0,0,2
bd556597-0c4c-4703-a55a-48b997a2d47b,4,0,2.0,1.0,13356.0,13356.0,0.0,0.0,1.0,1.0,17.0,0.0,0.0,1.0,3.0,2.0,267.12,0.0,1,2
27904298-0d14-432b-8cd6-82ba0410f347,4,0,1.0,2.0,41827.0,20913.5,3810.5984438143046,0.5,1.0,1.0,5.0,0.0,1.0,0.0,5.0,5.0,139.42333333333332,1.0,1,8
6eccf972-5289-4631-a513-085ec2ad25dd,4,0,1.0,1.0,1053.0,1053.0,0.0,0.0,1.0,1.0,3.0,1.0,0.0,0.0,3.0,3.0,7.02,1.0,0,4
b111e3d3-70b4-47fd-9c73-a0c79db2450b,4,0,1.0,2.0,18633.0,9316.5,8922.980471793044,0.5,1.0,1.0,1.0,1.0,0.0,0.0,2.0,2.0,186.32999999999998,0.0,1,1
81af7519-6f19-407b-a4eb-0fbeea88a338,4,0,1.0,1.0,10511.0,10511.0,0.0,0.0,1.0,1.0,2.0,1.0,0.0,0.0,1.0,1.0,105.11,1.0,1,3
8b957c4d-80ab-4ec9-a8b9-3c4143588195,4,0,1.0,2.0,34097.0,17048.5,2049.9025586598013,0.5,1.0,1.0,6.0,0.0,1.0,0.0,4.0,4.0,113.65666666666667,1.0,0,9
76f59212-1d1c-4b61-89b0-85d94aaf3a2c,4,0,0.0,1.0,11261.0,11261.0,0.0,1.0,0.0,1.0,17.0,0.0,1.0,0.0,3.0,3.0,225.22,0.0,0,2
fc4dee43-02eb-4683-b81d-c34a8423e1f2,4,0,1.0,3.0,32148.0,8037.0,6638.323533342837,0.25,1.0,3.0,17.0,0.25,0.0,0.75,7.0,7.0,127.9975,0.0,1,2
3637f36b-9d82-42ff-b21d-bfc8d8f19df5,3,0,2.0,1.0,3011.0,3011.0,0.0,0.0,1.0,1.0,3.0,0.0,1.0,0.0,1.0,1.0,20.073333333333334,1.0,0,4
0125ad79-46e9-44ab-97db-e1d1841a4fa7,3,0,1.0,1.0,9992.0,9992.0,0.0,1.0,0.0,1.0,1.0,0.0,1.0,0.0,2.0,3.0,199.84,0.0,0,1
2917c9ba-3642-4c9f-aa93-43e678e76252,3,0,1.0,1.0,23872.0,23872.0,0.0,1.0,0.0,1.0,1.0,0.0,1.0,0.0,14.0,14.0,477.44,0.0,1,1
f338a909-0853-4714-b7b7-df08313b1f93,3,0,1.0,1.0,3376.0,3376.0,0.0,1.0,0.0,1.0,3.0,0.0,1.0,0.0,4.0,4.0,22.506666666666668,1.0,0,4
1a57b04a-2916-4cd7-9257-293ace5dd271,3,0,1.0,1.0,3517.0,3517.0,0.0,1.0,0.0,1.0,4.0,1.0,0.0,0.0,1.0,1.0,35.17,1.0,1,5
0815f0ea-1b64-41c8-99fd-3730c5d8e464,3,0,2.0,2.0,16529.0,8264.5,249.60869375885127,0.0,1.0,1.0,6.0,0.5,0.5,0.0,4.0,4.0,55.096666666666664,1.0,0,9
a3f6c6b9-242c-4925-a51a-8a5aa3e68afe,3,0,1.0,2.0,34439.0,17219.5,4413.053421385243,0.5,1.0,1.0,3.0,1.0,0.0,0.0,6.0,6.0,114.79666666666667,1.0,0,4
8e71352d-5825-4866-bad9-2ddc463d335e,3,0,1.0,1.0,4679.0,4679.0,0.0,1.0,0.0,1.0,17.0,1.0,0.0,0.0,1.0,1.0,93.58,0.0,1,2
8d9af803-1770-462b-ae60-40189936a4c7,2,0,1.0,2.0,53555.0,26777.5,8968.235305788981,1.0,0.0,1.0,6.0,0.0,1.0,0.0,17.0,17.0,178.51666666666665,1.0,0,9
3f7210b3-c7cf-46dd-a1dd-1df276654cb4,2,0,1.0,2.0,49583.0,24791.5,6880.856087726294,1.0,0.0,1.0,6.0,0.5,0.5,0.0,8.0,8.0,165.27666666666667,1.0,0,9
f0e4b325-44f1-4212-85c7-b89cbf03cb84,2,0,1.0,1.0,7161.0,7161.0,0.0,1.0,0.0,1.0,17.0,0.0,0.0,1.0,2.0,2.0,143.22,0.0,1,2
87d35691-0412-4239-9916-68308c2bd43e,1,0,1.0,1.0,1952.0,1952.0,0.0,1.0,0.0,1.0,1.0,1.0,0.0,0.0,1.0,1.0,39.04,0.0,0,1
45d937eb-b96c-4aa6-9f04-433bda42980c,1,0,1.0,1.0,21429.0,21429.0,0.0,1.0,0.0,1.0,3.0,1.0,0.0,0.0,4.0,5.0,142.86,1.0,0,4
6b4ab078-789e-4a62-85cf-0336fe3e03c8,1,0,1.0,3.0,41287.0,13762.333333333334,5970.007146841061,1.0,0.0,1.0,17.0,0.6666666666666666,0.0,0.3333333333333333,6.0,6.0,275.24666666666667,0.0,0,2
e9b7af74-e9e4-47bb-b9bb-184bb5326629,1,0,1.0,3.0,46024.0,15341.333333333334,6169.430794922117,1.0,0.0,1.0,3.0,1.0,0.0,0.0,7.0,7.0,102.27555555555556,1.0,1,4
590d2c76-0cdd-4204-a18f-590032527b1a,1,0,1.0,1.0,28205.0,28205.0,0.0,1.0,0.0,1.0,3.0,0.0,1.0,0.0,5.0,5.0,188.03333333333333,1.0,0,4
f50da557-b4c0-4de1-adaf-2ff5365ad716,0,0,1.0,3.0,47213.0,15737.666666666666,8988.01364781637,1.0,0.0,1.0,5.0,0.0,0.0,1.0,9.0,8.0,104.91777777777777,1.0,1,8
3a7a5775-4ab8-4b9f-9261-67d4eac566f2,0,0,1.0,3.0,72714.0,18178.5,9980.27569759473,1.0,0.0,3.0,5.0,0.25,0.0,0.75,12.0,11.0,219.5066666666667,0.0,0,8
01f34380-e3f2-4f43-9e1c-32a28cfef3b1,0,0,1.0,3.0,43812.0,14604.0,3021.2965759752883,1.0,0.0,2.0,3.0,0.6666666666666666,0.0,0.3333333333333333,6.0,6.0,160.32444444444442,0.0,1,4
ed4cfedc-3ba7-4f8a-b14c-4bdf687a519b,0,0,2.0,1.0,55518.0,55518.0,0.0,1.0,0.0,1.0,3.0,0.0,0.0,1.0,2.0,4.0,370.12,1.0,1,4
f59503e9-4787-4f69-9df3-f80ca2430b6a,5,1,1.0,1.0,16012.0,16012.0,0.0,0.0,1.0,1.0,3.0,0.0,1.0,0.0,2.0,2.0,106.74666666666667,1.0,0,4
98f6bf2a-f62d-45f6-99c5-cf00dace7ee2,5,1,1.0,2.0,24222.0,12111.0,2684.1773413841343,0.5,1.0,1.0,6.0,1.0,0.0,0.0,10.0,10.0,80.74000000000001,1.0,0,9
8630f331-ac4d-4ff1-8e5c-d52c08d88986,5,1,1.0,2.0,17195.0,8597.5,3725.745630071919,0.5,1.0,1.0,2.0,1.0,0.0,0.0,1.0,1.0,85.975,1.0,0,3
97a2e302-ac0e-403b-9584-bb8ff6436f64,5,1,2.0,1.0,14335.0,14335.0,0.0,1.0,0.0,1.0,2.0,1.0,0.0,0.0,1.0,1.0,143.35,1.0,0,3
eaeea2a6-e4fb-42c6-b9ee-78fe88e569a8,3,0,1.0,1.0,15297.0,15297.0,0.0,1.0,0.0,1.0,6.0,1.0,0.0,0.0,6.0,6.0,101.98,1.0,0,9
1d838852-90e0-49b3-a0af-d6fda3a5b3d3,3,0,0.0,3.0,73787.0,24595.666666666668,9608.158737933783,0.6666666666666667,1.0,1.0,6.0,0.6666666666666666,0.3333333333333333,0.0,14.0,14.0,163.97111111111113,1.0,0,9
4e3bf68d-9ca7-459d-9e3e-f08d7799f67b,3,0,1.0,3.0,15572.0,5190.666666666667,1809.6298884946982,0.33333333333333337,1.0,1.0,5.0,0.6666666666666666,0.0,0.3333333333333333,3.0,3.0,34.60444444444445,1.0,1,8
36429798-a914-44d1-95b8-96810f32cfa7,3,0,1.0,2.0,27811.0,13905.5,927.0169901355638,0.5,1.0,1.0,17.0,1.0,0.0,0.0,9.0,9.0,278.11,0.0,0,2
d5fe9a76-b031-4a9f-b901-07b718012a27,3,0,1.0,1.0,25359.0,25359.0,0.0,1.0,0.0,1.0,1.0,0.0,1.0,0.0,5.0,5.0,507.18,0.0,0,1
dec33be5-a4fa-4942-9b8a-7d802d414b2d,3,0,1.0,2.0,40122.0,20061.0,3809.891337033118,0.5,1.0,1.0,17.0,1.0,0.0,0.0,8.0,8.0,401.22,0.0,0,2
20ee5379-c821-4c19-a510-7b03643aa2f7,2,0,0.0,1.0,140.0,140.0,0.0,1.0,0.0,1.0,17.0,1.0,0.0,0.0,2.0,1.0,2.8,0.0,0,2
21ee94bc-61e2-4847-ae4e-a81015e65fe9,2,0,1.0,2.0,42418.0,21209.0,3303.60288170355,0.5,1.0,1.0,2.0,1.0,0.0,0.0,1.0,1.0,212.08999999999997,1.0,0,3
c9af56e5-e4c9-4074-ae9a-cd968631c8aa,2,0,1.0,2.0,20613.0,10306.5,4816.104286661575,0.5,1.0,1.0,6.0,0.0,0.5,0.5,4.0,5.0,68.71,1.0,0,9
c735c9f9-05ca-44fd-a782-73b62f42fe83,2,0,1.0,2.0,49558.0,24779.0,13975.258423370926,1.0,0.0,1.0,5.0,0.5,0.0,0.5,15.0,16.0,165.19333333333333,1.0,0,8
6f97017e-3dbb-4d72-948d-44b4a276a958,2,0,1.0,1.0,12120.0,12120.0,0.0,1.0,0.0,1.0,1.0,1.0,0.0,0.0,5.0,5.0,242.4,0.0,1,1
a8d17e68-81c9-4096-93c0-e646be8869bf,2,0,1.0,2.0,35010.0,17505.0,981.4642122869279,1.0,0.0,1.0,2.0,0.0,1.0,0.0,4.0,6.0,175.05,1.0,0,3
9cab8ae0-4690-47c0-acea-ebb01fa017cf,2,0,1.0,2.0,45743.0,22871.5,3918.0786745546598,1.0,0.0,1.0,1.0,1.0,0.0,0.0,7.0,7.0,457.43,0.0,0,1
148c0685-9b09-4bb5-966a-618ecb7f617d,2,0,1.0,2.0,21604.0,10802.0,3126.826186406913,0.5,1.0,1.0,6.0,0.0,0.5,0.5,5.0,5.0,72.01333333333334,1.0,0,9
22e04770-e56c-4b77-bb07-27737ab09652,1,0,1.0,3.0,56194.0,18731.333333333332,7576.105353896112,1.0,0.0,1.0,3.0,1.0,0.0,0.0,17.0,16.0,124.87555555555555,1.0,0,4
003e68d8-5f45-4549-b00d-3da0a10833ae,1,0,1.0,1.0,3867.0,3867.0,0.0,1.0,0.0,1.0,6.0,1.0,0.0,0.0,1.0,1.0,25.78,1.0,0,9
b4461dae-f11b-4ed4-b63e-edc52bbb1f60,1,0,1.0,3.0,13184.0,4394.666666666667,4016.187910610425,1.0,0.0,1.0,3.0,0.0,0.0,1.0,3.0,3.0,29.297777777777778,1.0,1,4
31f1b78d-5468-422a-8d1e-855437870e0b,1,0,1.0,1.0,31215.0,31215.0,0.0,1.0,0.0,1.0,6.0,0.0,1.0,0.0,6.0,6.0,208.1,1.0,0,9
672ec185-4801-45f3-a7be-b15e3285d874,1,0,2.0,1.0,3049.0,3049.0,0.0,1.0,0.0,1.0,6.0,0.0,1.0,0.0,2.0,2.0,20.326666666666668,1.0,0,9
188e42df-b358-4668-bcde-e228594dbe8c,1,0,2.0,1.0,4304.0,4304.0,0.0,1.0,0.0,1.0,6.0,0.0,1.0,0.0,3.0,3.0,28.69333333333333,1.0,0,9
d28fc949-a76c-4dbf-b5ca-8e3d592a3cd2,1,0,0.0,2.0,30854.0,15427.0,6358.304176429436,1.0,0.0,1.0,2.0,0.5,0.5,0.0,1.0,1.0,154.26999999999998,1.0,1,3
09250eef-a682-4365-9e89-0276002ed43e,1,0,2.0,1.0,5104.0,5104.0,0.0,1.0,0.0,1.0,6.0,0.0,1.0,0.0,2.0,2.0,34.026666666666664,1.0,0,9
98ca78da-21d2-42ad-9bbd-f2394ea6bf62,1,0,1.0,1.0,134.0,134.0,0.0,1.0,0.0,1.0,17.0,1.0,0.0,0.0,1.0,1.0,2.68,0.0,0,2
0961299c-305e-4d9f-bdd9-6b32560fe9d0,1,0,2.0,1.0,6120.0,6120.0,0.0,1.0,0.0,1.0,6.0,0.0,1.0,0.0,3.0,2.0,40.8,1.0,0,9
601bdbf9-d4f5-4650-9098-0139c6196c95,1,0,2.0,1.0,4667.0,4667.0,0.0,1.0,0.0,1.0,6.0,0.0,1.0,0.0,1.0,1.0,31.113333333333333,1.0,1,9
2b7e6d80-a1c3-4ad9-869c-9bed81c95726,1,0,1.0,3.0,13133.0,4377.666666666667,1789.472641124567,1.0,0.0,1.0,4.0,0.0,1.0,0.0,2.0,2.0,43.776666666666664,1.0,1,5
2e03d603-7c7c-4c91-991d-0f34f7b55b53,0,0,1.0,3.0,33871.0,11290.333333333334,8214.470484050285,1.0,0.0,1.0,3.0,0.0,0.6666666666666666,0.3333333333333333,7.0,5.0,75.2688888888889,1.0,1,4
fd37c223-1543-46cf-8f76-b918cc1a8be0,0,0,2.0,2.0,9994.0,4997.0,2487.601656214274,1.0,0.0,1.0,6.0,1.0,0.0,0.0,1.0,1.0,33.31333333333333,1.0,1,9
007ffab4-0b86-4683-a6c1-cff33a587503,0,0,1.0,3.0,68123.0,22707.666666666668,8835.386654433032,1.0,0.0,1.0,6.0,0.0,0.0,1.0,7.0,6.0,151.38444444444445,1.0,0,9
c291d4ab-992d-4355-b85e-1b150a9fac87,0,0,1.0,1.0,2107.0,2107.0,0.0,1.0,0.0,1.0,17.0,0.0,0.0,1.0,1.0,1.0,42.14,0.0,0,2
5173e897-6e68-4fee-a198-44665a3226ad,0,0,0.0,3.0,17692.0,5897.333333333333,3224.8498156244937,1.0,0.0,1.0,2.0,0.0,0.3333333333333333,0.6666666666666666,2.0,1.0,58.973333333333336,1.0,0,3
d9272900-e922-454f-ab9f-840df8c7fece,0,0,1.0,2.0,25499.0,12749.5,900.146932450475,1.0,0.0,1.0,1.0,0.5,0.5,0.0,5.0,5.0,254.99,0.0,1,1
e134c0b2-ebbf-4a95-8331-697d088aaa7f,0,0,0.0,1.0,17108.0,17108.0,0.0,1.0,0.0,1.0,2.0,0.0,0.0,1.0,1.0,1.0,171.08,1.0,0,3
46782643-c874-4824-915a-f09bb17b9b0f,0,0,1.0,2.0,30436.0,15218.0,3890.5015100883843,1.0,0.0,1.0,17.0,1.0,0.0,0.0,3.0,3.0,304.36,0.0,1,2
e82f5fc7-fd1b-4ef2-bcc9-924f7d9137f0,0,0,2.0,2.0,30827.0,15413.5,1153.2911601152591,1.0,0.0,1.0,4.0,0.0,1.0,0.0,4.0,4.0,154.135,1.0,0,5
3a3ea784-d5c2-4ec2-9bbd-76b584c9e2da,0,0,2.0,2.0,15139.0,7569.5,2510.9361799934304,1.0,0.0,1.0,3.0,0.0,0.0,1.0,6.0,6.0,50.46333333333333,1.0,1,4
83743962-578b-428b-a7fa-a14cd0f68957,0,0,0.0,3.0,42488.0,14162.666666666666,6778.805671601254,1.0,0.0,1.0,6.0,1.0,0.0,0.0,8.0,8.0,94.41777777777777,1.0,1,9
fd16dd3d-7f41-400d-b7a9-780b9a5b8a59,0,0,1.0,1.0,18659.0,18659.0,0.0,1.0,0.0,1.0,4.0,1.0,0.0,0.0,4.0,4.0,186.59,1.0,1,5
4b0a49de-e418-45b0-9de7-683575363ed0,0,0,1.0,3.0,40418.0,13472.666666666666,4861.903570962029,1.0,0.0,1.0,17.0,0.3333333333333333,0.0,0.6666666666666666,5.0,5.0,269.4533333333333,0.0,0,2
b5198aca-8316-47d8-8495-0dc695740259,0,0,1.0,3.0,76424.0,25474.666666666668,11855.30313122922,1.0,0.0,1.0,6.0,0.3333333333333333,0.3333333333333333,0.3333333333333333,9.0,8.0,169.8311111111111,1.0,0,9
d1bc8935-99fe-453e-b5f1-fc660539570e,0,0,0.0,3.0,16949.0,5649.666666666667,1968.7601005031906,1.0,0.0,1.0,17.0,0.0,0.0,1.0,5.0,5.0,112.99333333333334,0.0,1,2
8b1a6ff7-dea4-4401-8112-e086caf68c57,0,0,1.0,2.0,28927.0,14463.5,4456.8940418188095,1.0,0.0,1.0,1.0,1.0,0.0,0.0,6.0,6.0,289.27,0.0,0,1
be152cfb-2c02-4467-9f4a-d1fe5199e9f1,0,0,1.0,2.0,24329.0,12164.5,3892.6228304319443,1.0,0.0,1.0,4.0,0.0,0.0,1.0,5.0,5.0,121.645,1.0,1,5
f653cda9-de70-428b-83b7-1b350032f64c,0,0,1.0,2.0,30171.0,15085.5,1410.6780284671622,1.0,0.0,1.0,2.0,0.5,0.0,0.5,1.0,1.0,150.85500000000002,1.0,0,3
c78b698f-a3c6-40b4-af0f-3ce01fa28091,0,0,1.0,1.0,5086.0,5086.0,0.0,1.0,0.0,1.0,2.0,0.0,0.0,1.0,1.0,1.0,50.86,1.0,0,3
dd789cbd-b2a3-4e94-910a-69b8e1b182cb,0,0,1.0,3.0,80014.0,26671.333333333332,4185.161207568154,1.0,0.0,1.0,3.0,0.3333333333333333,0.6666666666666666,0.0,9.0,9.0,177.8088888888889,1.0,1,4
23fce42b-53b3-4eec-b7bf-86619f2ff793,5,1,0.0,2.0,22206.0,11103.0,9693.019756505193,0.0,1.0,1.0,4.0,1.0,0.0,0.0,4.0,3.0,111.03,1.0,1,5
d5ff6702-37b5-4ef3-9b8f-e4f68e013e39,4,0,0.0,1.0,17560.0,17560.0,0.0,1.0,0.0,1.0,4.0,0.0,1.0,0.0,3.0,3.0,175.6,1.0,0,5
f403edba-bc21-4710-ba91-a32cb7e91763,4,0,1.0,1.0,42849.0,42849.0,0.0,0.0,1.0,1.0,2.0,0.0,0.0,1.0,1.0,1.0,428.49,1.0,0,3
8be02767-1215-49de-af02-33f7e7a4f6c2,4,0,0.0,1.0,22575.0,22575.0,0.0,1.0,0.0,1.0,2.0,1.0,0.0,0.0,3.0,2.0,225.75,1.0,1,3
34ead03b-6069-44ca-ae1a-692f2880f43b,4,0,2.0,2.0,42702.0,21351.0,23400.991816587604,0.5,1.0,1.0,6.0,0.0,0.0,1.0,2.0,1.0,142.34,1.0,0,9
465d47ef-8933-497a-9096-66a3baf02484,3,0,1.0,2.0,33893.0,16946.5,4437.0950519455855,0.5,1.0,1.0,4.0,1.0,0.0,0.0,2.0,2.0,169.465,1.0,0,5
d8973bfb-4ac0-4f4a-954a-1454a02b4f67,3,0,1.0,3.0,56631.0,18877.0,2736.95396380721,0.33333333333333337,1.0,3.0,1.0,0.6666666666666666,0.3333333333333333,0.0,12.0,12.0,306.0288888888889,0.0,0,1
a445ef24-12c8-43dd-b395-7bfef0ab4a83,3,0,0.0,3.0,57280.0,19093.333333333332,7477.316252060852,0.6666666666666667,1.0,1.0,2.0,1.0,0.0,0.0,4.0,5.0,190.9333333333333,1.0,1,3
e5697742-1308-4d19-ab5a-92c1d61d609e,3,0,1.0,1.0,3616.0,3616.0,0.0,1.0,0.0,1.0,5.0,1.0,0.0,0.0,1.0,1.0,24.106666666666666,1.0,1,8
4bce0e88-6e54-49c2-9dc1-f796e300b8c4,3,0,1.0,3.0,60762.0,20254.0,11249.311223359411,0.33333333333333337,1.0,1.0,2.0,0.3333333333333333,0.0,0.6666666666666666,3.0,3.0,202.54,1.0,0,3
ec8f03af-a61d-4399-93e6-87c3f436e3c8,3,0,2.0,1.0,12212.0,12212.0,0.0,0.0,1.0,1.0,6.0,1.0,0.0,0.0,1.0,1.0,81.41333333333333,1.0,1,9
7013c2c8-15c4-4203-9a13-1411d45f0767,2,0,1.0,3.0,44395.0,14798.333333333334,6671.615721347665,0.6666666666666667,1.0,1.0,6.0,1.0,0.0,0.0,6.0,6.0,98.65555555555555,1.0,0,9
13ccfd3b-862f-4a5f-ac46-cea46680a4f6,2,0,2.0,1.0,23600.0,23600.0,0.0,1.0,0.0,1.0,17.0,1.0,0.0,0.0,10.0,9.0,472.0,0.0,0,2
f0aa75c7-a7ea-4e95-9d81-077141bdb808,2,0,0.0,1.0,37808.0,37808.0,0.0,1.0,0.0,1.0,4.0,0.0,0.0,1.0,0.0,2.0,378.08,1.0,0,5
096d970a-d36b-4882-889b-9dbeead5e24c,2,0,1.0,2.0,17863.0,8931.5,6217.589926973313,0.5,1.0,1.0,1.0,1.0,0.0,0.0,1.0,1.0,178.63,0.0,1,1
5224be0f-31c8-4c40-afb5-62d37348763d,2,0,0.0,1.0,54965.0,27482.5,27621.712193490104,1.0,0.0,1.0,1.0,0.5,0.5,0.0,8.0,8.0,549.65,0.0,0,1
539c08fb-0724-4868-abd0-f124664f775c,2,0,1.0,1.0,12167.0,12167.0,0.0,1.0,0.0,1.0,6.0,1.0,0.0,0.0,4.0,4.0,81.11333333333333,1.0,0,9
1b3a4d7b-c26d-4564-ad88-b1218940259c,2,0,1.0,1.0,7280.0,7280.0,0.0,1.0,0.0,1.0,2.0,1.0,0.0,0.0,1.0,1.0,72.8,1.0,0,3
35e16423-b4a1-4d66-8b2e-e9f519251286,2,0,1.0,1.0,4789.0,4789.0,0.0,1.0,0.0,1.0,3.0,0.0,1.0,0.0,1.0,1.0,31.926666666666666,1.0,0,4
57563041-76d6-43ed-826b-759e28be2013,2,0,1.0,1.0,3424.0,3424.0,0.0,1.0,0.0,1.0,6.0,0.0,1.0,0.0,2.0,2.0,22.826666666666668,1.0,1,9
e9b3dcb9-0524-453d-bd83-14305ebfd1c4,2,0,1.0,1.0,2958.0,2958.0,0.0,1.0,0.0,1.0,6.0,0.0,0.0,1.0,1.0,1.0,19.72,1.0,1,9
98972ea7-c203-4758-81a9-0af83df1f16b,2,0,2.0,2.0,34801.0,17400.5,22483.874321388652,0.5,1.0,1.0,2.0,0.0,0.0,1.0,1.0,0.0,174.005,1.0,0,3
657860b4-b3a0-4340-86b9-d982f3583c6c,2,0,1.0,3.0,95564.0,31854.666666666668,3383.566510848181,0.6666666666666667,1.0,1.0,17.0,0.3333333333333333,0.6666666666666666,0.0,11.0,11.0,637.0933333333334,0.0,1,2
b5f4e463-e5f4-4f8b-be59-0f17184bcecc,1,0,1.0,1.0,14167.0,14167.0,0.0,1.0,0.0,1.0,17.0,1.0,0.0,0.0,2.0,2.0,283.34,0.0,0,2
48ae157e-dc07-41b6-af93-893ae0383498,1,0,1.0,2.0,13542.0,6771.0,130.10764773832474,1.0,0.0,1.0,6.0,0.0,0.0,1.0,3.0,4.0,45.14,1.0,1,9
7d3928f8-aed5-4fcd-8d51-49b13694fc66,1,0,1.0,1.0,4026.0,4026.0,0.0,1.0,0.0,1.0,6.0,0.0,0.0,1.0,1.0,1.0,26.84,1.0,1,9
961ad685-7311-43d2-96bf-e44848a7980c,1,0,1.0,1.0,3933.0,3933.0,0.0,1.0,0.0,1.0,6.0,0.0,0.0,1.0,2.0,2.0,26.22,1.0,1,9
55ac2403-6680-4de9-86c7-534c3f7b1fa0,1,0,1.0,1.0,6911.0,6911.0,0.0,1.0,0.0,1.0,3.0,0.0,0.0,1.0,2.0,2.0,46.07333333333333,1.0,1,4
447d05c7-f088-4312-835d-f0f6a10e78a6,0,0,1.0,1.0,4136.0,4136.0,0.0,1.0,0.0,1.0,6.0,0.0,0.0,1.0,2.0,2.0,27.573333333333334,1.0,1,9
6bdfeb28-f8d9-4b97-a297-54becea014e7,0,0,0.0,2.0,7045.0,3522.5,1215.5165568596751,1.0,0.0,1.0,17.0,0.0,1.0,0.0,3.0,3.0,70.45,0.0,1,2
c0888ab5-df37-4937-8946-18f806e2c249,0,0,0.0,2.0,29899.0,14949.5,15928.994459789355,1.0,0.0,1.0,6.0,0.5,0.0,0.5,3.0,3.0,99.66333333333333,1.0,1,9
85d774e6-2ba8-4fdf-aae3-473373134e33,0,0,2.0,1.0,8575.0,8575.0,0.0,1.0,0.0,1.0,1.0,0.0,0.0,1.0,1.0,1.0,171.5,0.0,0,1
88edee7e-f6c0-43cf-9d2d-e0cb58dd0a9f,0,0,1.0,1.0,3940.0,3940.0,0.0,1.0,0.0,1.0,1.0,1.0,0.0,0.0,1.0,1.0,78.8,0.0,1,1
f647337f-5311-4075-9aad-2edebc61d68d,0,0,0.0,1.0,13574.0,13574.0,0.0,1.0,0.0,1.0,1.0,1.0,0.0,0.0,2.0,2.0,271.48,0.0,0,1
43efac51-0c63-446b-ab33-0b1e04596daa,0,0,2.0,1.0,3660.0,3660.0,0.0,1.0,0.0,1.0,4.0,1.0,0.0,0.0,2.0,2.0,36.6,1.0,0,5
19d60089-0225-4d5a-960b-675f77b3a4f2,0,0,1.0,3.0,50287.0,16762.333333333332,1840.9645116985105,1.0,0.0,1.0,4.0,1.0,0.0,0.0,3.0,3.0,167.62333333333333,1.0,1,5
c7a04ea5-1958-4b73-aa53-566498d1728e,0,0,1.0,3.0,37910.0,12636.666666666666,9843.505591674813,1.0,0.0,1.0,17.0,0.6666666666666666,0.3333333333333333,0.0,7.0,7.0,252.73333333333335,0.0,0,2
4bef4229-e20f-47ab-bc00-a82a23c2fb1f,0,0,1.0,1.0,2803.0,2803.0,0.0,1.0,0.0,1.0,17.0,0.0,0.0,1.0,1.0,1.0,56.06,0.0,0,2
d39ac96f-7956-42ce-98d6-72bb141714b8,0,0,2.0,1.0,41971.0,41971.0,0.0,1.0,0.0,1.0,3.0,0.0,1.0,0.0,5.0,5.0,279.8066666666667,1.0,0,4
babf60f9-f495-4e2f-b2c4-1e3efc776299,0,0,2.0,2.0,37214.0,18607.0,2237.2858556742362,1.0,0.0,1.0,1.0,0.0,0.5,0.5,5.0,5.0,372.14,0.0,1,1
701c4682-2eea-4231-bf28-d8866a936985,0,0,2.0,1.0,21031.0,21031.0,0.0,1.0,0.0,1.0,17.0,1.0,0.0,0.0,2.0,3.0,420.62,0.0,0,2
b8a997d6-4237-4223-b7d3-d231e595d08c,0,0,1.0,2.0,36605.0,18302.5,11479.878592563598,1.0,0.0,1.0,17.0,0.5,0.0,0.5,10.0,9.0,366.04999999999995,0.0,0,2
1f6d76ef-fcc8-4a87-b8c6-aadfa2879834,4,0,1.0,2.0,10450.0,5225.0,1663.1151493507598,0.5,1.0,1.0,17.0,0.5,0.5,0.0,6.0,6.0,104.5,0.0,0,2
53c53976-d2b1-4478-970a-72d3f206a3f2,4,0,1.0,3.0,53568.0,17856.0,8258.122789108915,0.33333333333333337,1.0,1.0,17.0,0.6666666666666666,0.3333333333333333,0.0,13.0,13.0,357.12000000000006,0.0,0,2
4b80c135-5137-4c0e-97a0-f89c1948e326,4,0,1.0,3.0,25142.0,8380.666666666666,3891.0777855670444,0.33333333333333337,1.0,1.0,6.0,0.3333333333333333,0.0,0.6666666666666666,3.0,3.0,55.87111111111111,1.0,1,9
f3bf9704-09bf-4d49-8ecf-93d1625b542a,4,0,1.0,1.0,2621.0,2621.0,0.0,0.0,1.0,1.0,17.0,1.0,0.0,0.0,3.0,3.0,52.42,0.0,0,2
7a99a8df-db4c-4d22-923c-f18e7181b3de,4,0,0.0,1.0,7147.0,7147.0,0.0,1.0,0.0,1.0,1.0,1.0,0.0,0.0,1.0,2.0,142.94,0.0,0,1
0ef1acb4-4197-44e2-9c24-9ee3e58f157d,4,0,0.0,1.0,7145.0,7145.0,0.0,1.0,0.0,1.0,1.0,1.0,0.0,0.0,1.0,1.0,142.9,0.0,0,1
4aa66c5c-1c8c-4e5e-9ff6-139048b3c069,4,0,1.0,1.0,10657.0,10657.0,0.0,0.0,1.0,1.0,1.0,1.0,0.0,0.0,5.0,5.0,213.14,0.0,1,1
b5338612-85b0-4c75-b224-3fa7dc7d31df,3,0,1.0,1.0,20643.0,20643.0,0.0,1.0,0.0,1.0,17.0,1.0,0.0,0.0,4.0,5.0,412.86,0.0,0,2
72681bb0-dff5-48d4-9f4a-c098c1c0373e,3,0,1.0,1.0,27432.0,27432.0,0.0,1.0,0.0,1.0,17.0,0.0,1.0,0.0,5.0,5.0,548.64,0.0,0,2
77167abc-3a48-430c-b210-b100f9d35177,2,0,1.0,3.0,55987.0,18662.333333333332,2981.3460606466556,0.6666666666666667,1.0,1.0,6.0,0.6666666666666666,0.3333333333333333,0.0,9.0,10.0,124.41555555555556,1.0,0,9
70aa3ce4-1684-4820-aa53-3e802c902ed9,2,0,2.0,1.0,12203.0,12203.0,0.0,1.0,0.0,1.0,6.0,0.0,0.0,1.0,3.0,2.0,81.35333333333334,1.0,0,9
4e585aad-ba2e-4045-b371-1f4acfca9fa6,2,0,2.0,1.0,10628.0,10628.0,0.0,1.0,0.0,1.0,6.0,0.0,0.0,1.0,3.0,3.0,70.85333333333334,1.0,0,9
1147a9fa-e172-4d26-9184-6373e006a858,2,0,1.0,2.0,45660.0,22830.0,9886.767014550307,0.5,1.0,1.0,1.0,0.5,0.5,0.0,4.0,3.0,456.59999999999997,0.0,1,1
d7e0a360-90a7-4ed3-a378-93e8e147edc3,2,0,1.0,2.0,30564.0,15282.0,10586.802727924989,1.0,0.0,1.0,6.0,0.0,1.0,0.0,6.0,6.0,101.88,1.0,1,9
7be75b5f-14fc-406e-b671-0c1cfbbb7469,2,0,1.0,3.0,82863.0,27621.0,4985.642987619551,0.6666666666666667,1.0,1.0,2.0,0.6666666666666666,0.3333333333333333,0.0,3.0,4.0,276.21,1.0,1,3
4aaced7d-5417-4f25-82f7-d67089b8ffd8,2,0,2.0,1.0,9520.0,9520.0,0.0,1.0,0.0,1.0,17.0,0.0,1.0,0.0,4.0,5.0,190.4,0.0,1,2
dc5359c6-5646-4827-9d57-8ee226548752,2,0,2.0,1.0,7106.0,7106.0,0.0,1.0,0.0,1.0,3.0,1.0,0.0,0.0,3.0,2.0,47.373333333333335,1.0,0,4
6f3eb04d-8b00-46a9-8604-75564bdab80e,2,0,2.0,2.0,63162.0,31581.0,4102.633544444348,0.5,1.0,1.0,1.0,0.5,0.0,0.5,5.0,4.0,631.62,0.0,0,1
c1db4cf8-aaee-42b5-ba7a-12c502143044,2,0,1.0,2.0,25733.0,12866.5,973.686037693876,1.0,0.0,1.0,5.0,0.0,1.0,0.0,6.0,6.0,85.77666666666667,1.0,1,8
dcfd4772-144f-49f7-bf3f-8d85bc008126,2,0,2.0,1.0,160.0,160.0,0.0,1.0,0.0,1.0,17.0,0.0,1.0,0.0,1.0,1.0,3.2,0.0,1,2
ffc40f65-7634-4272-b73b-55d40be035ff,2,0,1.0,3.0,57158.0,19052.666666666668,3277.087934940613,0.6666666666666667,1.0,1.0,6.0,0.6666666666666666,0.3333333333333333,0.0,7.0,6.0,127.01777777777778,1.0,0,9
375884e1-8f9f-455a-b583-6cc3d1a79e81,2,0,1.0,2.0,26496.0,13248.0,8315.575746753799,1.0,0.0,1.0,6.0,0.0,1.0,0.0,8.0,8.0,88.32,1.0,1,9
cabc8bc2-d6bb-430c-965f-d7b250cb1659,2,0,1.0,2.0,8768.0,4384.0,1557.0491321727777,0.5,1.0,1.0,2.0,0.5,0.0,0.5,1.0,1.0,43.84,1.0,1,3
aaa205ca-f018-4398-9e11-58c026d9ce25,2,0,0.0,1.0,25336.0,25336.0,0.0,1.0,0.0,1.0,5.0,0.0,1.0,0.0,6.0,6.0,168.90666666666667,1.0,0,8
8450704f-c494-4a27-b412-948dc2492c92,2,0,0.0,2.0,49376.0,24688.0,22951.27190375296,1.0,0.0,1.0,5.0,0.0,0.5,0.5,13.0,11.0,164.58666666666664,1.0,1,8
44714ee9-7486-40c8-905e-e3b38c3a9f72,1,0,0.0,2.0,53899.0,26949.5,1252.2861094813757,1.0,0.0,1.0,2.0,0.0,0.5,0.5,6.0,7.0,269.495,1.0,0,3
31f8dff6-85e0-4e88-939b-fc39a731eaeb,1,0,1.0,1.0,22927.0,22927.0,0.0,1.0,0.0,1.0,2.0,1.0,0.0,0.0,1.0,1.0,229.27,1.0,1,3
44e79c18-f904-47d9-8e60-3bcf3796845c,1,0,1.0,3.0,88801.0,29600.333333333332,3021.8168927539828,1.0,0.0,1.0,6.0,0.0,1.0,0.0,11.0,10.0,197.33555555555554,1.0,1,9
2c627c75-73cb-466e-8412-fc7307eaa254,1,0,1.0,3.0,45099.0,15033.0,9875.274730355606,1.0,0.0,1.0,6.0,0.3333333333333333,0.3333333333333333,0.3333333333333333,8.0,9.0,100.21999999999998,1.0,0,9
6bb10033-b864-402b-876f-5e4905b6bd12,1,0,1.0,2.0,32444.0,16222.0,7653.72379956319,1.0,0.0,1.0,4.0,1.0,0.0,0.0,4.0,4.0,162.22,1.0,1,5
3b2578fe-c3f9-4788-aa02-ccbc00b8e76f,0,0,1.0,2.0,20475.0,10237.5,5081.976436387717,1.0,0.0,1.0,2.0,1.0,0.0,0.0,2.0,2.0,102.375,1.0,1,3
8000b657-2253-40fc-9ff2-c48c3dfe7a72,0,0,1.0,3.0,38188.0,12729.333333333334,6669.198777464451,1.0,0.0,1.0,5.0,0.3333333333333333,0.0,0.6666666666666666,4.0,3.0,84.86222222222221,1.0,0,8
aeb2c886-b3aa-4981-9d91-b6ff4c56ac82,0,0,2.0,2.0,34529.0,17264.5,7548.364889166395,1.0,0.0,1.0,2.0,0.5,0.0,0.5,1.0,1.0,172.645,1.0,1,3
9ce6e68b-84c1-405c-933b-adff04927687,0,0,1.0,3.0,23734.0,7911.333333333333,4924.062584221827,1.0,0.0,1.0,3.0,0.0,0.0,1.0,6.0,6.0,52.74222222222222,1.0,0,4
5bf22161-4761-4fc8-aac8-023112b1d1a9,0,0,1.0,2.0,16208.0,8104.0,4136.574669941303,1.0,0.0,1.0,6.0,1.0,0.0,0.0,5.0,5.0,54.02666666666667,1.0,1,9
c90e58a4-f13a-4c3d-a14d-832930fd1b4c,0,0,2.0,2.0,34206.0,17103.0,1296.8338366961282,1.0,0.0,1.0,6.0,1.0,0.0,0.0,3.0,3.0,114.02000000000001,1.0,1,9
7e561c2f-79c2-41fd-8aed-fa5398764c33,0,0,1.0,2.0,19681.0,9840.5,20.506096654409877,1.0,0.0,1.0,3.0,0.5,0.0,0.5,3.0,3.0,65.60333333333332,1.0,0,4
520d51c5-d2a0-40fa-b8e6-dc457e307ffa,0,0,1.0,1.0,21983.0,21983.0,0.0,1.0,0.0,1.0,17.0,0.0,1.0,0.0,5.0,5.0,439.66,0.0,0,2
c449d1f3-0e39-46fb-b3f1-3cdf40ea75fd,0,0,1.0,1.0,3265.0,3265.0,0.0,1.0,0.0,1.0,4.0,0.0,1.0,0.0,1.0,1.0,32.65,1.0,1,5
bb6c2636-c2cb-4778-aab3-e1165c1e3740,0,0,1.0,1.0,20312.0,20312.0,0.0,1.0,0.0,1.0,6.0,1.0,0.0,0.0,8.0,8.0,135.41333333333333,1.0,0,9
5d6f1977-f4b6-4c9e-94b1-c566186fdfd3,5,1,0.0,1.0,23278.0,23278.0,0.0,0.0,1.0,1.0,2.0,1.0,0.0,0.0,3.0,3.0,232.78,1.0,0,3
d175ca39-764a-4375-82ce-82430e686938,5,1,2.0,1.0,13560.0,13560.0,0.0,1.0,0.0,1.0,1.0,1.0,0.0,0.0,3.0,2.0,271.2,0.0,1,1
f5a3b46e-a321-45e6-8a60-b31be9fe5881,4,0,2.0,1.0,1660.0,1660.0,0.0,0.0,1.0,1.0,6.0,1.0,0.0,0.0,1.0,1.0,11.066666666666666,1.0,0,9
ff1465e3-30e8-4392-850a-ca0deebf7d86,4,0,2.0,1.0,1658.0,1658.0,0.0,0.0,1.0,1.0,6.0,1.0,0.0,0.0,1.0,1.0,11.053333333333333,1.0,0,9
7557a356-e431-4993-9d6b-c3ca98d00027,3,0,1.0,1.0,4879.0,4879.0,0.0,1.0,0.0,1.0,1.0,0.0,0.0,1.0,2.0,2.0,97.58,0.0,0,1
27ec8ade-cee3-41a0-9054-5aad928fb49c,3,0,1.0,3.0,125295.0,41765.0,9026.77134971303,0.33333333333333337,1.0,1.0,6.0,0.0,1.0,0.0,24.0,23.0,278.43333333333334,1.0,0,9
96b37409-2dbd-4dc5-a6de-a57997dd3a8f,3,0,1.0,3.0,50059.0,16686.333333333332,18178.72218648311,0.33333333333333337,1.0,1.0,17.0,0.0,0.3333333333333333,0.6666666666666666,8.0,7.0,333.72666666666663,0.0,0,2
79728b7b-0eec-47e6-afc5-4253697f4e0a,2,0,1.0,2.0,37351.0,18675.5,13096.324694356046,1.0,0.0,2.0,5.0,1.0,0.0,0.0,9.0,9.0,187.27,0.0,1,8
16715036-a6ae-466d-a85b-e901ab36b236,2,0,2.0,2.0,9617.0,4808.5,1125.0068888677972,0.5,1.0,1.0,6.0,1.0,0.0,0.0,1.0,1.0,32.056666666666665,1.0,1,9
3a1032db-7c59-4523-b3c9-ec89141fb6cf,1,0,1.0,1.0,11824.0,11824.0,0.0,1.0,0.0,1.0,3.0,0.0,0.0,1.0,3.0,3.0,78.82666666666667,1.0,1,4
3eb5b198-9fce-4033-a7f6-e2cc7533b3fb,1,0,1.0,2.0,64063.0,32031.5,10142.032562558652,1.0,0.0,1.0,1.0,1.0,0.0,0.0,19.0,17.0,640.63,0.0,1,1
6bd152ef-98fd-42bf-bca8-6a1fee4f998e,1,0,1.0,3.0,82239.0,27413.0,9403.664551652191,1.0,0.0,1.0,3.0,0.0,1.0,0.0,13.0,13.0,182.75333333333333,1.0,1,4
cfe72197-add6-47be-8590-7d0c4d7abd80,1,0,1.0,2.0,29360.0,14680.0,5699.280656363573,1.0,0.0,1.0,6.0,0.5,0.5,0.0,3.0,3.0,97.86666666666667,1.0,0,9
879783fc-60ae-4ba1-9461-e8d8eb92f2b7,0,0,2.0,2.0,29180.0,14590.0,353.5533905932738,1.0,0.0,2.0,3.0,1.0,0.0,0.0,8.0,8.0,97.26666666666667,1.0,1,4
41b36edc-a101-437a-8c5d-96991a10884d,0,0,1.0,3.0,64111.0,21370.333333333332,10575.209942754485,1.0,0.0,1.0,4.0,0.0,1.0,0.0,18.0,19.0,213.70333333333335,1.0,0,5
82b486bd-4053-4706-80b6-f363496d7e2c,0,0,1.0,1.0,10373.0,10373.0,0.0,1.0,0.0,1.0,3.0,1.0,0.0,0.0,6.0,6.0,69.15333333333334,1.0,0,4
1b19204a-2bc8-413a-86a2-62c65ff93e57,0,0,1.0,1.0,3248.0,3248.0,0.0,1.0,0.0,1.0,6.0,1.0,0.0,0.0,1.0,1.0,21.653333333333332,1.0,1,9
9460c859-d473-41d4-b175-416127d64054,0,0,1.0,3.0,60853.0,20284.333333333332,1081.3530105073614,1.0,0.0,1.0,6.0,1.0,0.0,0.0,10.0,10.0,135.22888888888892,1.0,0,9
758c7d53-1ae5-4ee7-a861-e6a7427ce0eb,4,0,1.0,2.0,21885.0,10942.5,163.3416664540925,0.0,1.0,1.0,6.0,1.0,0.0,0.0,12.0,13.0,72.95,1.0,0,9
728e08a8-2c3f-4ebc-a9c4-789d58d6bd28,4,0,1.0,1.0,427.0,427.0,0.0,0.0,1.0,1.0,5.0,1.0,0.0,0.0,1.0,1.0,2.8466666666666667,1.0,0,8
61636c76-024b-47a1-a438-b89924360eeb,4,0,1.0,3.0,83437.0,27812.333333333332,2438.9498423160185,0.33333333333333337,1.0,3.0,1.0,0.3333333333333333,0.6666666666666666,0.0,7.0,7.0,440.42,0.0,0,1
d9681cef-b25d-4a72-b026-f2a923b4d84a,4,0,1.0,3.0,56620.0,18873.333333333332,1309.1101303302685,0.33333333333333337,1.0,1.0,1.0,0.6666666666666666,0.3333333333333333,0.0,13.0,13.0,377.4666666666667,0.0,0,1
c4531c83-3116-4b7b-826c-3c76c05bc653,4,0,1.0,3.0,99752.0,33250.666666666664,9431.258947422308,0.33333333333333337,1.0,1.0,3.0,0.3333333333333333,0.3333333333333333,0.3333333333333333,7.0,7.0,221.67111111111112,1.0,0,4
f4b4b1e3-f8c8-4adc-aef0-5ea89a58a5b1,4,0,1.0,3.0,104573.0,34857.666666666664,2040.652428350633,0.33333333333333337,1.0,1.0,3.0,0.3333333333333333,0.6666666666666666,0.0,20.0,19.0,232.38444444444448,1.0,1,4
c95cf85b-c935-4b7e-a32f-168a721a06e5,4,0,1.0,3.0,63374.0,21124.666666666668,2396.6251966741347,0.33333333333333337,1.0,1.0,1.0,0.6666666666666666,0.3333333333333333,0.0,11.0,11.0,422.49333333333334,0.0,0,1
1006e783-434a-4075-b9f5-0f5796b92975,4,0,1.0,2.0,33206.0,16603.0,5409.366876077089,0.0,1.0,1.0,6.0,1.0,0.0,0.0,11.0,12.0,110.68666666666667,1.0,0,9
b83d1d6a-1ffb-4d23-b9fc-176fc1771955,4,0,0.0,2.0,25896.0,12948.0,3374.3135598222048,0.5,1.0,1.0,3.0,1.0,0.0,0.0,8.0,9.0,86.32,1.0,1,4
54b72df1-bef6-45c4-9b55-92c77b2c3da3,4,0,1.0,2.0,48928.0,24464.0,13147.943489382666,0.0,1.0,1.0,1.0,1.0,0.0,0.0,8.0,8.0,489.28,0.0,0,1
d59b4b1f-238c-445d-a114-140267fa2130,3,0,1.0,1.0,3647.0,3647.0,0.0,1.0,0.0,1.0,1.0,1.0,0.0,0.0,1.0,1.0,72.94,0.0,1,1
7f3471ac-2005-41b5-a91c-b98e1a360106,3,0,1.0,1.0,6531.0,6531.0,0.0,1.0,0.0,1.0,6.0,1.0,0.0,0.0,1.0,1.0,43.54,1.0,1,9
4b7855e3-a1a9-4256-8569-67a4764518db,3,0,1.0,2.0,16703.0,8351.5,3239.256164615574,0.5,1.0,1.0,1.0,0.5,0.0,0.5,4.0,4.0,167.03,0.0,1,1
2d672521-1e78-429c-a5dc-b11850b4b7fe,2,0,1.0,2.0,32811.0,16405.5,779.938779648762,1.0,0.0,1.0,6.0,0.0,1.0,0.0,9.0,8.0,109.37,1.0,0,9
b660f635-9846-472a-be05-0ce9f3d5b780,2,0,1.0,2.0,3925.0,1962.5,2198.3949827089764,1.0,0.0,1.0,2.0,0.0,0.0,1.0,2.0,2.0,19.625,1.0,1,3
b7d17e7f-a7ab-4122-bd64-b485ddf9d310,2,0,1.0,1.0,1325.0,1325.0,0.0,1.0,0.0,1.0,1.0,1.0,0.0,0.0,2.0,1.0,26.5,0.0,0,1
ddcc3ce5-cee1-4c8e-afb3-0242b6da0bfc,2,0,1.0,2.0,13599.0,6799.5,736.098159215196,1.0,0.0,1.0,5.0,0.0,1.0,0.0,3.0,3.0,45.33,1.0,1,8
15cb35dc-d1c9-4b5f-b61a-0d4f1763d564,2,0,2.0,1.0,3332.0,3332.0,0.0,1.0,0.0,1.0,6.0,0.0,1.0,0.0,1.0,1.0,22.213333333333335,1.0,1,9
acb87979-5212-4ede-b598-270df5f65c78,2,0,1.0,2.0,38280.0,19140.0,3357.3429970737275,1.0,0.0,1.0,4.0,1.0,0.0,0.0,8.0,8.0,191.39999999999998,1.0,1,5
99095a6c-3c00-43ac-a785-0eca740d4aee,2,0,1.0,2.0,5934.0,2967.0,1237.4368670764582,1.0,0.0,1.0,6.0,0.0,1.0,0.0,7.0,7.0,19.78,1.0,1,9
911382af-3c34-4fc5-bb61-82f2b40e0581,2,0,1.0,1.0,6324.0,6324.0,0.0,1.0,0.0,1.0,3.0,0.0,1.0,0.0,1.0,1.0,42.16,1.0,0,4
5d3a02ee-c583-45c8-b91f-a5e1ca7950fc,2,0,2.0,1.0,9248.0,9248.0,0.0,1.0,0.0,1.0,1.0,0.0,0.0,1.0,1.0,1.0,184.96,0.0,1,1
1d2881aa-f639-4a30-8768-9e303c96eed0,2,0,1.0,2.0,60023.0,30011.5,13763.833495796147,1.0,0.0,1.0,2.0,0.5,0.0,0.5,4.0,4.0,300.115,1.0,0,3
c2fff4f8-3656-4097-91dd-c74ebae03acc,1,0,1.0,1.0,178.0,178.0,0.0,1.0,0.0,1.0,6.0,0.0,0.0,1.0,2.0,2.0,1.1866666666666668,1.0,1,9
4b34e36e-321f-44ef-b712-51698ce665a7,1,0,2.0,2.0,42491.0,21245.5,2400.627522128329,1.0,0.0,1.0,5.0,1.0,0.0,0.0,5.0,4.0,141.63666666666666,1.0,0,8
b87154d4-9bed-4a24-9832-2a21774b3b93,1,0,1.0,3.0,87179.0,29059.666666666668,5636.404645989616,1.0,0.0,1.0,3.0,0.0,1.0,0.0,8.0,7.0,193.73111111111112,1.0,0,4
7f737d04-8c66-4f26-a7bd-dd6e67106a36,1,0,0.0,3.0,44122.0,14707.333333333334,11276.898258534275,1.0,0.0,1.0,2.0,0.3333333333333333,0.6666666666666666,0.0,7.0,7.0,147.07333333333335,1.0,1,3
53b3d2af-6a64-48d9-abd9-46149d1fbc59,1,0,1.0,3.0,75848.0,25282.666666666668,3873.9547407440546,1.0,0.0,1.0,1.0,0.0,1.0,0.0,11.0,11.0,505.65333333333336,0.0,0,1
560d629e-e544-45c0-844e-074f3b977586,1,0,1.0,3.0,82317.0,27439.0,710.403406523364,1.0,0.0,1.0,6.0,0.0,1.0,0.0,15.0,15.0,182.92666666666665,1.0,1,9
2a9cdba0-faf8-4a60-9c03-c862c3692c42,1,0,2.0,1.0,19708.0,19708.0,0.0,1.0,0.0,1.0,3.0,1.0,0.0,0.0,5.0,5.0,131.38666666666666,1.0,1,4
45eab3e5-99b0-4f24-854e-64b2d0c93ca3,1,0,1.0,2.0,43410.0,21705.0,265.87214972614186,1.0,0.0,1.0,5.0,0.0,1.0,0.0,11.0,11.0,144.7,1.0,0,8
1ee6d4fb-9699-4cc6-a523-ba1ad20d81af,1,0,1.0,3.0,78976.0,26325.333333333332,10398.506302990509,1.0,0.0,1.0,3.0,1.0,0.0,0.0,8.0,8.0,175.50222222222223,1.0,0,4
d6747253-9f8c-4d93-aefc-ad0552cd24ee,1,0,1.0,3.0,48599.0,16199.666666666666,5417.031136455958,1.0,0.0,1.0,4.0,0.6666666666666666,0.3333333333333333,0.0,5.0,5.0,161.99666666666667,1.0,1,5
0ed8f0a9-0e88-4467-a0d8-06de986005ac,1,0,1.0,2.0,33968.0,16984.0,5293.4013639624945,1.0,0.0,1.0,2.0,0.5,0.5,0.0,5.0,4.0,169.84,1.0,1,3
fddf55f7-3c2e-419f-a94b-325c9afccc7b,1,0,1.0,2.0,47250.0,23625.0,15677.971552468132,1.0,0.0,1.0,3.0,0.5,0.5,0.0,9.0,8.0,157.5,1.0,0,4
db017634-822d-4d9b-b12d-8606bb0f3780,1,0,0.0,1.0,3876.0,3876.0,0.0,1.0,0.0,1.0,17.0,1.0,0.0,0.0,1.0,1.0,77.52,0.0,1,2
e1055619-6984-4734-b166-70cc416f9cab,1,0,1.0,1.0,351.0,351.0,0.0,1.0,0.0,1.0,3.0,0.0,1.0,0.0,5.0,5.0,2.34,1.0,0,4
a976617a-6b91-4b56-8cda-2340304343db,1,0,1.0,2.0,24892.0,12446.0,2367.393503412561,1.0,0.0,1.0,5.0,1.0,0.0,0.0,5.0,6.0,82.97333333333333,1.0,0,8
378c52d3-eedd-44c4-83fb-7d39bd95b0ab,1,0,1.0,1.0,85.0,85.0,0.0,1.0,0.0,1.0,3.0,1.0,0.0,0.0,1.0,1.0,0.5666666666666667,1.0,0,4
85c4b1c0-6e1c-46e5-9096-545d32b59ed5,1,0,1.0,2.0,19593.0,9796.5,1885.8537854245224,1.0,0.0,1.0,17.0,0.0,0.0,1.0,4.0,5.0,195.93,0.0,0,2
ec89a690-ca83-4307-8dac-cf2fec8addec,1,0,1.0,3.0,39587.0,13195.666666666666,2326.1352783820057,1.0,0.0,1.0,6.0,0.0,0.0,1.0,2.0,2.0,87.97111111111111,1.0,1,9
46142bc3-2ee7-4a21-8630-b8873e977e37,1,0,1.0,2.0,58104.0,29052.0,3034.902304852662,1.0,0.0,1.0,3.0,0.0,1.0,0.0,5.0,5.0,193.68,1.0,1,4
baa3eb55-b252-4bdf-998b-57799b0834fb,1,0,1.0,3.0,49208.0,16402.666666666668,5100.201793393408,1.0,0.0,1.0,1.0,1.0,0.0,0.0,4.0,4.0,328.05333333333334,0.0,0,1
6ee6d91c-c1d4-4309-b71d-cf1df0129b60,1,0,2.0,1.0,26633.0,26633.0,0.0,1.0,0.0,1.0,17.0,0.0,0.0,1.0,4.0,4.0,532.66,0.0,0,2
d2b08bda-d558-401b-9a25-6a1a900cd136,1,0,1.0,2.0,29488.0,14744.0,1605.1323932934629,1.0,0.0,1.0,17.0,1.0,0.0,0.0,2.0,2.0,294.88,0.0,0,2
0b1914d4-c82f-438e-af05-54e006c9c9a6,1,0,1.0,2.0,47546.0,23773.0,1421.2846301849606,1.0,0.0,1.0,4.0,0.0,1.0,0.0,15.0,15.0,237.73000000000002,1.0,1,5
2c017d57-cb50-4caa-8ab0-184dcc5fa1ec,1,0,2.0,1.0,10238.0,10238.0,0.0,1.0,0.0,1.0,3.0,1.0,0.0,0.0,3.0,3.0,68.25333333333333,1.0,1,4
7046cc75-e4a4-4a74-aecf-8cdd4ed8d0eb,0,0,1.0,1.0,90.0,90.0,0.0,1.0,0.0,1.0,2.0,1.0,0.0,0.0,2.0,1.0,0.9,1.0,0,3
782b4b6e-334e-4b54-b4ac-d41dffbe02dc,0,0,1.0,3.0,66181.0,22060.333333333332,12080.595860028317,1.0,0.0,1.0,3.0,0.0,1.0,0.0,9.0,7.0,147.0688888888889,1.0,0,4
1bca5d2c-7f7a-4f61-a225-d3dc3ac186b9,0,0,0.0,1.0,10553.0,10553.0,0.0,1.0,0.0,1.0,6.0,1.0,0.0,0.0,2.0,2.0,70.35333333333334,1.0,1,9
217e094f-3573-470c-9878-e368cf56c41b,0,0,1.0,3.0,96908.0,32302.666666666668,1761.114514542803,1.0,0.0,1.0,3.0,0.3333333333333333,0.6666666666666666,0.0,17.0,17.0,215.3511111111111,1.0,1,4
116f715e-a516-418f-b4c5-0770ecb5c6bd,0,0,1.0,1.0,9244.0,9244.0,0.0,1.0,0.0,1.0,6.0,0.0,0.0,1.0,1.0,1.0,61.626666666666665,1.0,1,9
6aef4cca-239c-4907-8bc3-35cfe3eb7466,0,0,1.0,3.0,74668.0,24889.333333333332,6767.489071534091,1.0,0.0,1.0,3.0,1.0,0.0,0.0,18.0,18.0,165.92888888888888,1.0,1,4
b739bb4b-bd38-48ec-b99b-06f9a3059a80,0,0,1.0,3.0,34708.0,11569.333333333334,2701.0702199930556,1.0,0.0,2.0,17.0,0.0,0.0,1.0,4.0,3.0,188.01333333333332,0.0,1,2
6ddb1561-5783-4937-ae71-678338efc289,0,0,1.0,3.0,90707.0,30235.666666666668,333.65601048584915,1.0,0.0,1.0,5.0,0.0,1.0,0.0,9.0,9.0,201.5711111111111,1.0,0,8
d995c947-bff4-4f9e-8d13-5960ac60369f,0,0,1.0,1.0,3461.0,3461.0,0.0,1.0,0.0,1.0,17.0,1.0,0.0,0.0,2.0,2.0,69.22,0.0,0,2
96ca06df-7de5-4035-af24-c784a41260e1,5,1,0.0,3.0,114497.0,38165.666666666664,28587.89191831628,0.33333333333333337,1.0,1.0,17.0,0.6666666666666666,0.0,0.3333333333333333,7.0,8.0,0.0,0.0,1,2
643b0afe-1e5a-4d21-903a-cf038a48ce97,4,0,2.0,1.0,10505.0,10505.0,0.0,0.0,1.0,1.0,3.0,1.0,0.0,0.0,4.0,4.0,70.03333333333333,1.0,0,4
c9fd5dea-52e6-4f60-81ce-449cf997f2ab,4,0,0.0,1.0,15504.0,15504.0,0.0,1.0,0.0,1.0,1.0,1.0,0.0,0.0,3.0,3.0,310.08,0.0,0,1
d0ea7156-8bc6-436b-8297-8436f4ec8a33,4,0,2.0,2.0,55834.0,27917.0,11811.51167294009,0.5,1.0,1.0,6.0,0.5,0.0,0.5,3.0,2.0,186.11333333333334,1.0,0,9
9c5c22c3-fc45-40fc-affb-467ef6b83d82,4,0,0.0,1.0,23728.0,23728.0,0.0,1.0,0.0,1.0,6.0,0.0,0.0,1.0,6.0,5.0,158.18666666666667,1.0,0,9
08ca4ade-f029-4591-b278-7864bb7549f5,4,0,2.0,2.0,40482.0,20241.0,1745.1395359683993,0.5,1.0,1.0,2.0,1.0,0.0,0.0,2.0,2.0,202.41,1.0,0,3
94ba7a3c-b5a7-4c78-b906-26b2e61c86db,4,0,1.0,2.0,7744.0,3872.0,289.9137802864845,0.0,1.0,2.0,1.0,0.0,0.0,1.0,3.0,4.0,77.44,0.0,1,1
26b54dc1-7692-4bee-bbee-3125ab1c7782,4,0,1.0,3.0,58233.0,19411.0,777.0173743231228,0.33333333333333337,1.0,1.0,17.0,1.0,0.0,0.0,14.0,14.0,388.22,0.0,1,2
63df5b61-12ea-438f-a2aa-9a68b919d1a9,4,0,2.0,2.0,20884.0,10442.0,866.9129137347072,0.5,1.0,1.0,5.0,0.5,0.0,0.5,4.0,4.0,69.61333333333334,1.0,0,8
a463ff5b-ad5a-42f5-95a5-545e3bd29c51,4,0,1.0,3.0,39828.0,13276.0,11352.933673725043,0.33333333333333337,1.0,1.0,3.0,0.3333333333333333,0.0,0.6666666666666666,9.0,9.0,88.50666666666666,1.0,0,4
abbeca00-40c0-40dc-b66e-442a392d8d3f,3,0,1.0,1.0,18457.0,18457.0,0.0,1.0,0.0,1.0,1.0,1.0,0.0,0.0,2.0,2.0,369.14,0.0,0,1
f346736f-0f1d-4da9-8c2a-497e20b9295c,3,0,0.0,3.0,32975.0,10991.666666666666,6936.277195537484,0.6666666666666667,1.0,1.0,17.0,1.0,0.0,0.0,4.0,4.0,219.83333333333334,0.0,1,2
7e343181-e768-478d-9732-9f831c6aa7a6,3,0,1.0,3.0,94577.0,31525.666666666668,6209.653318288658,0.33333333333333337,1.0,2.0,6.0,0.3333333333333333,0.6666666666666666,0.0,17.0,18.0,319.14444444444445,0.0,0,9
1587e29f-bb61-4fd6-8588-305f64607615,3,0,2.0,2.0,7319.0,3659.5,4885.400751217857,0.0,1.0,1.0,17.0,1.0,0.0,0.0,1.0,1.0,73.19,0.0,0,2
406343e0-a0bb-4e94-9615-f723f29c0b75,2,0,1.0,2.0,36031.0,18015.5,92.63098833543772,1.0,0.0,1.0,5.0,0.0,1.0,0.0,7.0,7.0,120.10333333333334,1.0,0,8
54a6c4fb-66cd-40f0-ba7e-593b609b052c,2,0,1.0,1.0,17548.0,17548.0,0.0,1.0,0.0,1.0,1.0,0.0,1.0,0.0,5.0,5.0,350.96,0.0,0,1
45824bdb-bc59-4603-b584-f09ec35a7af6,2,0,1.0,3.0,48629.0,16209.666666666666,6580.532374613267,0.6666666666666667,1.0,1.0,6.0,0.0,0.3333333333333333,0.6666666666666666,8.0,6.0,108.06444444444445,1.0,0,9
a46d0c33-5db1-49ae-8203-52de9b19546b,2,0,1.0,1.0,15401.0,15401.0,0.0,1.0,0.0,1.0,2.0,1.0,0.0,0.0,1.0,1.0,154.01,1.0,0,3
5455a3ba-31a7-4e5f-987a-698826247221,2,0,1.0,1.0,7267.0,7267.0,0.0,1.0,0.0,1.0,3.0,0.0,0.0,1.0,4.0,4.0,48.446666666666665,1.0,1,4
b6c6f6c9-a37f-4c1c-a5bf-7bc8afb0cae1,2,0,1.0,2.0,36285.0,18142.5,99.7020561473032,1.0,0.0,1.0,5.0,0.0,1.0,0.0,4.0,4.0,120.95,1.0,0,8
c04fe45c-6467-4cd6-8b84-817a21135e5c,1,0,1.0,2.0,27020.0,13510.0,3857.974598153803,1.0,0.0,1.0,1.0,1.0,0.0,0.0,5.0,6.0,270.2,0.0,1,1
134eff67-9b8f-45bc-81d6-079d9bb76d49,1,0,2.0,2.0,23776.0,11888.0,412.95036021294374,1.0,0.0,1.0,17.0,0.0,0.0,1.0,1.0,0.0,237.76,0.0,1,2
d4fb0eea-0189-4d7c-a2a1-bb3ac7310041,1,0,1.0,2.0,62003.0,31001.5,4352.2422382032,1.0,0.0,1.0,2.0,0.0,1.0,0.0,4.0,5.0,310.015,1.0,0,3
50f9dd5e-bd91-46df-9074-4f3604492887,1,0,1.0,1.0,3729.0,3729.0,0.0,1.0,0.0,1.0,5.0,0.0,0.0,1.0,4.0,4.0,24.86,1.0,0,8
6de6e400-fe20-4710-b70e-9f22db4ed32b,1,0,1.0,1.0,15604.0,15604.0,0.0,1.0,0.0,1.0,1.0,1.0,0.0,0.0,2.0,2.0,312.08,0.0,0,1
6c9ea940-a1b5-477a-bfb6-94a84b8eba0b,1,0,1.0,2.0,16263.0,8131.5,8304.969145036,1.0,0.0,1.0,6.0,0.0,0.5,0.5,3.0,2.0,54.21,1.0,1,9
05ba4035-9ef6-48a7-a4af-1d829b86ae37,0,0,0.0,3.0,58384.0,19461.333333333332,15046.735537429151,1.0,0.0,1.0,3.0,0.0,0.6666666666666666,0.3333333333333333,4.0,4.0,129.74222222222224,1.0,1,4
0f3c1cc1-3184-4f8f-b6a6-60628ca9e60d,0,0,1.0,1.0,11543.0,11543.0,0.0,1.0,0.0,1.0,5.0,1.0,0.0,0.0,1.0,1.0,76.95333333333333,1.0,1,8
4071ec21-9f90-4621-ab89-b1d77eeeae15,0,0,0.0,3.0,14878.0,3719.5,3885.5998678882693,1.0,0.0,1.0,3.0,0.0,0.5,0.5,6.0,6.0,24.796666666666667,1.0,1,4
fec7978b-11fc-4b32-9d9e-3fd2853eefbf,0,0,2.0,2.0,75921.0,37960.5,8682.564166189617,1.0,0.0,1.0,3.0,0.5,0.5,0.0,12.0,11.0,253.07,1.0,0,4
9d50e2f9-6084-4b74-818d-4b18c857a95b,0,0,1.0,2.0,29247.0,14623.5,11894.243166338916,1.0,0.0,1.0,17.0,0.5,0.5,0.0,8.0,8.0,292.47,0.0,1,2
0ffc33c4-56c2-4730-967e-5a644e030177,0,0,0.0,1.0,5883.0,5883.0,0.0,1.0,0.0,1.0,2.0,1.0,0.0,0.0,1.0,1.0,58.83,1.0,0,3
c13a2510-5757-4519-8f3f-7e6f43ef993c,0,0,1.0,2.0,35953.0,17976.5,8211.631049919377,1.0,0.0,1.0,17.0,0.0,1.0,0.0,7.0,7.0,359.53000000000003,0.0,0,2
3080cb22-95df-4b88-92da-5d37d5f5dbba,0,0,2.0,1.0,13014.0,13014.0,0.0,1.0,0.0,1.0,6.0,1.0,0.0,0.0,4.0,3.0,86.76,1.0,1,9
9494285c-2e72-4737-a646-fa5f0eea4247,0,0,1.0,1.0,4615.0,4615.0,0.0,1.0,0.0,1.0,17.0,1.0,0.0,0.0,1.0,1.0,92.3,0.0,0,2
c5cb8767-4213-4f7b-aeda-68d3707e9893,0,0,2.0,2.0,8253.0,4126.5,802.5661966467314,1.0,0.0,1.0,3.0,1.0,0.0,0.0,2.0,2.0,27.509999999999998,1.0,0,4
b516721c-feb9-4bf6-a53a-1193d5d809f9,0,0,1.0,3.0,47751.0,15917.0,9512.044943123428,1.0,0.0,1.0,5.0,0.3333333333333333,0.3333333333333333,0.3333333333333333,18.0,18.0,106.11333333333334,1.0,0,8
f31cf932-6408-471f-b9cc-47d3c6e06b3a,0,0,1.0,2.0,33107.0,16553.5,8429.419938524834,1.0,0.0,1.0,17.0,0.0,1.0,0.0,9.0,6.0,331.07,0.0,0,2
3a1004fa-7acc-488b-a7c4-ffeaa2fd528b,0,0,2.0,2.0,23943.0,11971.5,6043.641658801422,1.0,0.0,1.0,17.0,1.0,0.0,0.0,1.0,1.0,239.43,0.0,1,2
ae373024-c3e4-4e1d-ad9f-a215d0812fc9,0,0,1.0,3.0,55636.0,18545.333333333332,15864.970259453163,1.0,0.0,1.0,5.0,0.0,0.6666666666666666,0.3333333333333333,11.0,9.0,123.63555555555554,1.0,0,8
5f534d1e-b45f-4a24-a96d-9f22ae0c1b32,0,0,1.0,2.0,28429.0,14214.5,10040.209186067788,1.0,0.0,1.0,17.0,0.5,0.5,0.0,5.0,5.0,284.28999999999996,0.0,0,2
ac58326e-d541-48de-9f08-02dc5eeaa2d5,0,0,1.0,2.0,23100.0,11550.0,265.87214972614186,1.0,0.0,1.0,6.0,0.0,0.0,1.0,3.0,3.0,77.0,1.0,1,9
74e614e3-0223-4d6d-bb8d-94fbc20e4734,0,0,1.0,1.0,11374.0,11374.0,0.0,1.0,0.0,1.0,5.0,1.0,0.0,0.0,6.0,6.0,75.82666666666667,1.0,1,8
3232f825-e0c8-460f-9ab7-20336401c413,4,0,1.0,3.0,17474.0,5824.666666666667,3913.8804699854254,0.33333333333333337,1.0,1.0,3.0,0.0,0.3333333333333333,0.6666666666666666,5.0,5.0,38.83111111111111,1.0,1,4
1e1e968b-3ffb-42c6-98ae-fecb8beeaa78,4,0,2.0,1.0,8202.0,8202.0,0.0,0.0,1.0,1.0,17.0,1.0,0.0,0.0,3.0,3.0,164.04,0.0,0,2
4afc0b61-963d-4fa8-9790-dbeaba1f0105,3,0,1.0,1.0,24469.0,24469.0,0.0,1.0,0.0,1.0,4.0,0.0,1.0,0.0,1.0,1.0,244.69,1.0,0,5
67f4e289-abf8-4f7f-be16-4024333f32b3,3,0,1.0,2.0,20307.0,10153.5,1506.8445507085328,0.5,1.0,1.0,1.0,1.0,0.0,0.0,4.0,4.0,203.07,0.0,0,1
f67fc5e5-d01f-42e0-ae49-384fabfa5232,3,0,1.0,1.0,36876.0,36876.0,0.0,1.0,0.0,1.0,2.0,0.0,1.0,0.0,7.0,7.0,368.76,1.0,0,3
a159f65c-cbae-4ff9-9c24-0d12da124edf,3,0,1.0,1.0,29288.0,29288.0,0.0,1.0,0.0,1.0,4.0,0.0,1.0,0.0,3.0,3.0,292.88,1.0,0,5
b83f20f9-c2f8-4ca7-adcf-7cfa3bc94b7e,3,0,1.0,1.0,35421.0,35421.0,0.0,1.0,0.0,1.0,2.0,0.0,1.0,0.0,2.0,2.0,354.21,1.0,1,3
430ee368-e341-451c-863b-dcc980c7afe2,3,0,1.0,1.0,3426.0,3426.0,0.0,1.0,0.0,1.0,17.0,1.0,0.0,0.0,2.0,1.0,68.52,0.0,0,2
c7f3c5dc-f505-49f4-bc06-3d9d11aae8e1,3,0,0.0,1.0,2320.0,2320.0,0.0,1.0,0.0,1.0,3.0,0.0,0.0,1.0,0.0,1.0,15.466666666666667,1.0,0,4
67148f3f-0b20-4dae-af53-0cfe68a09742,3,0,1.0,3.0,28483.0,9494.333333333334,4290.723754022547,0.33333333333333337,1.0,1.0,1.0,1.0,0.0,0.0,8.0,8.0,189.88666666666668,0.0,1,1
79ce6754-27b3-4efb-87c8-2a8fb1973721,3,0,2.0,1.0,14189.0,14189.0,0.0,0.0,1.0,1.0,17.0,1.0,0.0,0.0,3.0,2.0,283.78,0.0,0,2
5dfa194d-31d3-4ee8-ba28-e23ffb7ad97f,3,0,2.0,1.0,18083.0,18083.0,0.0,0.0,1.0,1.0,2.0,1.0,0.0,0.0,1.0,2.0,180.83,1.0,0,3
64bfad07-8cae-4784-8c5e-fc9f6560ea52,2,0,0.0,2.0,14016.0,7008.0,251.7300141024109,1.0,0.0,1.0,1.0,0.0,0.0,1.0,2.0,2.0,140.16,0.0,1,1
e1814990-2932-441c-a8a8-19927ac7193b,2,0,1.0,2.0,47266.0,23633.0,609.526045382804,1.0,0.0,1.0,3.0,0.0,1.0,0.0,14.0,15.0,157.55333333333334,1.0,0,4
7fa1f3ad-c9ff-49ae-964d-09c06370fb0b,1,0,1.0,3.0,14583.0,4861.0,4048.512442860958,1.0,0.0,1.0,5.0,0.0,0.0,1.0,3.0,2.0,32.406666666666666,1.0,1,8
e99a3a9c-96b0-441a-b461-d75289984c4a,1,0,1.0,2.0,28713.0,14356.5,6220.418354098058,1.0,0.0,1.0,17.0,0.5,0.0,0.5,3.0,3.0,287.13,0.0,0,2
4477dab9-fa44-481e-a94c-1fa2fc4756ca,1,0,1.0,2.0,37464.0,18732.0,5258.046024903168,1.0,0.0,1.0,17.0,1.0,0.0,0.0,14.0,14.0,374.64,0.0,1,2
3cb01694-1f43-4155-868d-33beeb1507a9,1,0,0.0,1.0,8918.0,8918.0,0.0,1.0,0.0,1.0,4.0,1.0,0.0,0.0,5.0,4.0,89.18,1.0,0,5
0315f189-0d92-4db4-b35c-fd8dbf7175cd,1,0,1.0,1.0,5131.0,5131.0,0.0,1.0,0.0,1.0,6.0,1.0,0.0,0.0,4.0,4.0,34.20666666666666,1.0,0,9
30778ce4-ce0a-4d07-8ccc-ecf42c62ff5b,1,0,1.0,2.0,38978.0,19489.0,13217.239953938946,1.0,0.0,1.0,6.0,0.5,0.5,0.0,4.0,4.0,129.92666666666668,1.0,0,9
5789a3f2-acda-4da0-8b7b-638048acf835,1,0,1.0,1.0,125.0,125.0,0.0,1.0,0.0,1.0,1.0,1.0,0.0,0.0,1.0,1.0,2.5,0.0,0,1
a3f130b6-25f3-404e-9da1-acc72e0ca238,1,0,1.0,2.0,38773.0,19386.5,11126.325201970325,1.0,0.0,1.0,6.0,0.5,0.5,0.0,11.0,7.0,129.24333333333334,1.0,0,9
25946d0f-0b64-4817-8926-92985962312d,1,0,1.0,2.0,29018.0,14509.0,425.67828227430164,1.0,0.0,1.0,6.0,1.0,0.0,0.0,4.0,4.0,96.72666666666666,1.0,0,9
6b80abcd-ec17-4df7-9dc6-3b2abe738542,1,0,2.0,1.0,6648.0,6648.0,0.0,1.0,0.0,1.0,1.0,1.0,0.0,0.0,2.0,2.0,132.96,0.0,0,1
9d9a3d5b-2e80-4455-8e4f-531b9ad3519c,1,0,2.0,1.0,3448.0,3448.0,0.0,1.0,0.0,1.0,1.0,1.0,0.0,0.0,1.0,1.0,68.96,0.0,0,1
4300968c-b1a3-4a0f-9feb-a52a597ca418,0,0,1.0,3.0,52015.0,17338.333333333332,1458.8469190882686,1.0,0.0,1.0,17.0,0.6666666666666666,0.0,0.3333333333333333,5.0,5.0,346.76666666666665,0.0,1,2
7e9d1177-cb62-439f-b2ca-7909a98ce4ff,0,0,0.0,1.0,58823.0,58823.0,0.0,1.0,0.0,1.0,1.0,0.0,0.0,1.0,1.0,2.0,0.0,0.0,1,1
4e29cc3a-b414-47fa-a54e-fa3f0408e34c,0,0,0.0,3.0,46431.0,15477.0,2005.3725339696862,1.0,0.0,1.0,1.0,0.3333333333333333,0.6666666666666666,0.0,8.0,8.0,309.53999999999996,0.0,1,1
6fc20312-09c7-485f-81a2-c9e059af2525,0,0,1.0,2.0,10947.0,5473.5,1793.9299038702711,1.0,0.0,1.0,6.0,0.5,0.5,0.0,4.0,4.0,36.49,1.0,1,9
789183c7-33ff-478a-b329-9e23eadeddf7,0,0,1.0,1.0,15357.0,15357.0,0.0,1.0,0.0,1.0,2.0,1.0,0.0,0.0,1.0,1.0,153.57,1.0,0,3
99ba208c-74dc-4757-be2f-74d724782667,0,0,1.0,3.0,57828.0,19276.0,7298.3041180811315,1.0,0.0,1.0,2.0,0.6666666666666666,0.0,0.3333333333333333,2.0,2.0,192.76,1.0,1,3
519a0e97-ea7d-48fa-9c61-9d864df26ef1,0,0,2.0,1.0,6607.0,6607.0,0.0,1.0,0.0,1.0,3.0,1.0,0.0,0.0,3.0,3.0,44.04666666666667,1.0,1,4
50313e5b-9578-4e9a-adfc-eb6301dd0ca3,0,0,1.0,2.0,31411.0,15705.5,2588.7179259239506,1.0,0.0,1.0,3.0,1.0,0.0,0.0,3.0,3.0,104.70333333333333,1.0,1,4
ef795fd6-857b-4f86-81b6-979eacb73594,0,0,1.0,3.0,33690.0,11230.0,2505.721652538446,1.0,0.0,1.0,17.0,0.0,1.0,0.0,2.0,2.0,224.6,0.0,1,2
9e14f675-e81c-465c-a868-3ee2e8889457,0,0,1.0,2.0,50395.0,25197.5,2236.57874889305,1.0,0.0,1.0,2.0,0.0,1.0,0.0,1.0,1.0,251.97500000000002,1.0,0,3
dd6f1216-41b5-4b14-beba-748f8c8e5e8f,0,0,1.0,1.0,3687.0,3687.0,0.0,1.0,0.0,1.0,6.0,0.0,0.0,1.0,2.0,2.0,24.58,1.0,0,9
6a04a881-a98e-4833-b781-59f84e8e4427,4,0,2.0,1.0,9614.0,9614.0,0.0,0.0,1.0,1.0,2.0,1.0,0.0,0.0,2.0,2.0,96.14,1.0,0,3
1b46edd5-b736-496a-bdfe-c6efc4274a95,4,0,0.0,1.0,43776.0,43776.0,0.0,1.0,0.0,1.0,3.0,0.0,0.0,1.0,1.0,0.0,291.84,1.0,0,4
f3e6047f-f103-4003-9cc4-2ef89010d9f5,4,0,0.0,1.0,43774.0,43774.0,0.0,1.0,0.0,1.0,3.0,0.0,0.0,1.0,1.0,0.0,291.82666666666665,1.0,1,4
84ea4323-68bc-42e8-8196-e5fdae46de29,4,0,2.0,1.0,4522.0,4522.0,0.0,0.0,1.0,1.0,6.0,1.0,0.0,0.0,3.0,3.0,30.14666666666667,1.0,0,9
72addd58-6841-4d93-8d13-10f242935618,4,0,1.0,1.0,2992.0,2992.0,0.0,0.0,1.0,1.0,1.0,1.0,0.0,0.0,1.0,1.0,59.84,0.0,0,1
a6ba725e-0b9e-4e53-8ab8-85f5bc5fdb2a,4,0,1.0,3.0,45908.0,15302.666666666666,7210.148426581337,0.33333333333333337,1.0,1.0,17.0,0.6666666666666666,0.0,0.3333333333333333,7.0,7.0,306.05333333333334,0.0,1,2
4c3381a8-2b47-4529-b2f9-81365a85336a,3,0,1.0,2.0,16846.0,8423.0,2950.0494911102764,0.5,1.0,1.0,17.0,0.5,0.5,0.0,3.0,3.0,168.46,0.0,1,2
78179913-96c6-46ab-a36f-8161e199b998,3,0,1.0,2.0,33715.0,16857.5,5206.427229876549,0.5,1.0,1.0,3.0,1.0,0.0,0.0,5.0,5.0,112.38333333333334,1.0,0,4
e7369fb6-7a67-4512-ae28-8b0f289fb7dd,3,0,1.0,1.0,12221.0,12221.0,0.0,1.0,0.0,1.0,3.0,0.0,1.0,0.0,4.0,4.0,81.47333333333333,1.0,0,4
df819f51-a5be-4049-ab5b-55005472693c,2,0,0.0,1.0,8046.0,8046.0,0.0,1.0,0.0,1.0,3.0,1.0,0.0,0.0,6.0,6.0,53.64,1.0,0,4
098da17c-7b8b-47d3-aa9f-a2c4b00294e0,2,0,1.0,2.0,40739.0,20369.5,5776.355295512907,1.0,0.0,1.0,4.0,1.0,0.0,0.0,8.0,8.0,203.695,1.0,1,5
46aed220-4363-4d61-ba9e-ab9b14df6d5e,2,0,1.0,1.0,3620.0,3620.0,0.0,1.0,0.0,1.0,6.0,0.0,0.0,1.0,1.0,1.0,24.133333333333333,1.0,0,9
5c35ec34-1bef-437c-9250-44b122a7b19d,2,0,1.0,2.0,34671.0,17335.5,19707.773098450267,1.0,0.0,1.0,6.0,0.5,0.0,0.5,9.0,6.0,115.57,1.0,0,9
df85f0a2-b92f-4dc3-8e9e-0de3394f9da2,2,0,1.0,3.0,7167.0,2389.0,577.7741773392092,0.6666666666666667,1.0,1.0,17.0,0.6666666666666666,0.3333333333333333,0.0,2.0,2.0,47.78,0.0,1,2
e85f6b79-c497-4e89-b984-fbc829ebdd9a,2,0,1.0,2.0,36592.0,18296.0,4737.615433949868,1.0,0.0,1.0,2.0,1.0,0.0,0.0,3.0,3.0,182.96,1.0,0,3
2fafee09-09fa-451a-a1c4-4fa953fa4fda,2,0,1.0,1.0,3493.0,3493.0,0.0,1.0,0.0,1.0,6.0,0.0,0.0,1.0,1.0,1.0,23.286666666666665,1.0,1,9
bf196487-df1d-4f2a-8b75-2fdd8e5b02fb,2,0,1.0,2.0,28852.0,14426.0,4529.726040281023,1.0,0.0,1.0,6.0,0.0,1.0,0.0,7.0,8.0,96.17333333333333,1.0,1,9
84ed0631-f951-40d0-ab32-bab5e368ca9b,2,0,2.0,2.0,46473.0,23236.5,22984.50592246873,0.5,1.0,1.0,5.0,1.0,0.0,0.0,4.0,2.0,154.91,1.0,0,8
f85b876f-fb10-4b01-9c24-7ec90afbc002,1,0,1.0,1.0,7981.0,7981.0,0.0,1.0,0.0,1.0,5.0,0.0,1.0,0.0,4.0,3.0,53.20666666666666,1.0,1,8
ef7d4d28-b2d9-4858-b647-a5566220d7cd,1,0,0.0,1.0,22137.0,22137.0,0.0,1.0,0.0,1.0,17.0,0.0,1.0,0.0,7.0,5.0,442.74,0.0,0,2
6ea1349b-6a07-492f-9700-a9878a338c2b,1,0,1.0,2.0,26251.0,13125.5,8232.844253354973,1.0,0.0,1.0,2.0,1.0,0.0,0.0,2.0,2.0,131.255,1.0,0,3
e5d49fd4-9602-49ee-be67-ab695b81886b,1,0,1.0,1.0,6776.0,6776.0,0.0,1.0,0.0,1.0,3.0,1.0,0.0,0.0,5.0,5.0,45.17333333333333,1.0,1,4
17c7f715-1bbc-4efe-aade-ac68e4e72472,0,0,1.0,1.0,8671.0,8671.0,0.0,1.0,0.0,1.0,6.0,0.0,0.0,1.0,1.0,1.0,57.806666666666665,1.0,1,9
ed8ce59f-4585-4c29-8a5b-495842c9bbcf,0,0,2.0,1.0,4724.0,4724.0,0.0,1.0,0.0,1.0,5.0,0.0,0.0,1.0,3.0,3.0,31.493333333333332,1.0,0,8
0d42e62d-91fb-4aef-a6a4-a4891f5a8149,0,0,1.0,1.0,1798.0,1798.0,0.0,1.0,0.0,1.0,6.0,0.0,1.0,0.0,1.0,1.0,11.986666666666666,1.0,0,9
a966cbfd-ed59-4b23-9682-43584a249a07,0,0,2.0,2.0,37362.0,18681.0,6741.556051832544,1.0,0.0,1.0,6.0,0.0,0.0,1.0,4.0,3.0,124.53999999999999,1.0,0,9
a7b0de09-417d-4039-bf96-fda8f2ba276a,0,0,1.0,2.0,64119.0,32059.5,14964.500810250905,1.0,0.0,1.0,3.0,0.0,0.5,0.5,11.0,11.0,213.73,1.0,0,4
ec99ad26-b957-4a17-b752-6e3a171a8b2e,0,0,1.0,1.0,22451.0,22451.0,0.0,1.0,0.0,1.0,1.0,1.0,0.0,0.0,2.0,2.0,449.02,0.0,0,1
5affb1bc-c15d-483b-ad0e-df3c66865aca,0,0,1.0,2.0,46551.0,23275.5,11065.514018788283,1.0,0.0,1.0,17.0,0.5,0.5,0.0,5.0,5.0,465.51,0.0,0,2
bbfaeb55-b4bb-4f5d-a1cd-cfed4aa1605c,0,0,2.0,2.0,6740.0,3370.0,186.67619023324855,1.0,0.0,1.0,6.0,0.5,0.0,0.5,1.0,1.0,22.46666666666667,1.0,1,9
97a5fed2-125b-4279-9e40-38fdb6d9e918,0,0,1.0,3.0,19421.0,6473.666666666667,3356.9452383578337,1.0,0.0,1.0,3.0,0.0,0.0,1.0,10.0,10.0,43.157777777777774,1.0,1,4
e07c59a7-536c-4e4b-a931-616b0d4e7ac0,4,0,2.0,1.0,3590.0,3590.0,0.0,0.0,1.0,1.0,5.0,0.0,0.0,1.0,1.0,1.0,23.933333333333334,1.0,1,8
2204908e-4dde-48a5-80ec-fd06ac458f06,4,0,1.0,1.0,2846.0,2846.0,0.0,0.0,1.0,1.0,6.0,1.0,0.0,0.0,1.0,1.0,18.973333333333333,1.0,1,9
44f252eb-8aed-416c-bb48-2f21a5498166,4,0,2.0,1.0,3362.0,3362.0,0.0,0.0,1.0,1.0,17.0,1.0,0.0,0.0,1.0,1.0,67.24,0.0,1,2
0b0e23da-6865-45d2-ad68-08ce7bb9cc84,4,0,1.0,1.0,12164.0,12164.0,0.0,0.0,1.0,1.0,2.0,1.0,0.0,0.0,2.0,2.0,121.64,1.0,0,3
3cb7a5cd-69bd-44c7-ba53-df149f52d527,4,0,0.0,3.0,21473.0,7157.666666666667,5916.864484955975,0.6666666666666667,1.0,1.0,17.0,0.3333333333333333,0.0,0.6666666666666666,3.0,3.0,143.15333333333334,0.0,1,2
ce1567d3-3f6a-472a-b9ed-46ccce0c92d1,4,0,1.0,3.0,20723.0,6907.666666666667,1142.4208214722514,0.33333333333333337,1.0,1.0,4.0,1.0,0.0,0.0,5.0,5.0,69.07666666666667,1.0,0,5
a8b1a07a-e4fa-4417-a321-88b2c4d72e89,4,0,0.0,2.0,4414.0,2207.0,2643.165148075315,0.5,1.0,1.0,3.0,1.0,0.0,0.0,5.0,5.0,14.713333333333333,1.0,1,4
f940bfce-b851-4888-8a67-39a9aee1657a,3,0,1.0,1.0,9940.0,9940.0,0.0,1.0,0.0,1.0,6.0,1.0,0.0,0.0,1.0,1.0,66.26666666666667,1.0,1,9
fc346528-0905-440e-8221-fa046bcfa664,3,0,1.0,1.0,9148.0,9148.0,0.0,1.0,0.0,1.0,6.0,1.0,0.0,0.0,2.0,2.0,60.986666666666665,1.0,0,9
3b0c48ca-8eab-4c8c-a852-68cd72629a36,3,0,2.0,2.0,41131.0,20565.5,512.652416360247,0.0,1.0,1.0,17.0,0.5,0.5,0.0,4.0,4.0,411.31,0.0,0,2
2dd1d20d-588d-4f96-9505-38c51ae500fb,3,0,1.0,2.0,46979.0,23489.5,2194.152342021857,0.5,1.0,1.0,5.0,1.0,0.0,0.0,17.0,17.0,156.59666666666666,1.0,1,8
74d361ec-71fa-40d3-8a8a-64a81e21c7e7,3,0,2.0,2.0,23003.0,11501.5,3227.9424561165893,0.0,1.0,1.0,2.0,1.0,0.0,0.0,1.0,1.0,115.015,1.0,1,3
98c46268-b767-41f7-8918-207fdf94ebf3,3,0,1.0,2.0,31849.0,15924.5,2185.667060647618,0.5,1.0,1.0,3.0,1.0,0.0,0.0,14.0,11.0,106.16333333333333,1.0,0,4
ca1054a0-8ac7-4f06-9439-bb43c4b07439,3,0,1.0,3.0,10363.0,3454.3333333333335,22.30097157823704,0.33333333333333337,1.0,1.0,1.0,0.3333333333333333,0.0,0.6666666666666666,2.0,2.0,69.08666666666666,0.0,0,1
181d463a-ed7d-406c-8b65-c6aaecb26cf3,3,0,0.0,1.0,68372.0,68372.0,0.0,1.0,0.0,1.0,6.0,0.0,0.0,1.0,1.0,3.0,455.81333333333333,1.0,0,9
2e5465b3-d6c0-4b09-88cc-65c8207c0d28,3,0,1.0,2.0,28738.0,14369.0,15120.771408893132,0.5,1.0,1.0,5.0,0.5,0.0,0.5,8.0,8.0,95.79333333333332,1.0,0,8
de63a936-7a2b-4624-8fff-46023a62dd7f,2,0,1.0,1.0,13832.0,13832.0,0.0,1.0,0.0,1.0,6.0,1.0,0.0,0.0,2.0,3.0,92.21333333333334,1.0,0,9
7a686d8f-48d3-4534-8a0b-719dec9923ac,2,0,0.0,1.0,2383.0,2383.0,0.0,1.0,0.0,1.0,17.0,0.0,1.0,0.0,1.0,1.0,47.66,0.0,0,2
533a0e34-ffe9-4ed0-998d-8298d4d09ce1,2,0,0.0,3.0,75472.0,25157.333333333332,6284.48107112539,1.0,0.0,1.0,3.0,0.3333333333333333,0.6666666666666666,0.0,15.0,15.0,167.71555555555557,1.0,1,4
30ffdb78-6274-4185-a9b6-2c83e0f3a07d,2,0,2.0,1.0,4429.0,4429.0,0.0,1.0,0.0,1.0,17.0,0.0,1.0,0.0,2.0,2.0,88.58,0.0,0,2
9c3c415d-6b50-4137-816b-ec3f829f02b2,2,0,1.0,1.0,1491.0,1491.0,0.0,1.0,0.0,1.0,17.0,1.0,0.0,0.0,2.0,2.0,29.82,0.0,0,2
e9e9e44b-a750-4f8f-843e-8800bd34c080,1,0,1.0,1.0,3176.0,3176.0,0.0,1.0,0.0,1.0,17.0,0.0,1.0,0.0,2.0,2.0,63.52,0.0,0,2
54c96d33-5ded-4d42-9b77-4f3ecc64e956,1,0,1.0,1.0,25679.0,25679.0,0.0,1.0,0.0,1.0,5.0,1.0,0.0,0.0,4.0,3.0,171.19333333333333,1.0,1,8
7d615b5a-f6d1-4b60-a0bd-f1cb34606ce2,1,0,1.0,1.0,3439.0,3439.0,0.0,1.0,0.0,1.0,17.0,0.0,1.0,0.0,4.0,4.0,68.78,0.0,0,2
8d571052-9164-45bf-815e-fec4a67b4165,1,0,2.0,1.0,15701.0,15701.0,0.0,1.0,0.0,1.0,2.0,1.0,0.0,0.0,1.0,1.0,157.01,1.0,0,3
abaaaf00-661e-4aa2-bd66-7b0b8e3ad48e,1,0,1.0,3.0,33367.0,11122.333333333334,3105.3607412558904,1.0,0.0,1.0,5.0,0.3333333333333333,0.0,0.6666666666666666,10.0,13.0,74.14888888888889,1.0,0,8
46618bf4-3658-4176-805f-a9e4ccc37a79,1,0,1.0,1.0,5184.0,2592.0,1367.5445148147828,1.0,0.0,1.0,4.0,0.5,0.5,0.0,2.0,2.0,25.92,1.0,1,5
e3be5f76-cc83-4759-80db-43d93c9d9941,1,0,1.0,2.0,10240.0,5120.0,6279.108216936542,1.0,0.0,1.0,3.0,0.0,0.0,1.0,4.0,4.0,34.13333333333333,1.0,1,4
ee19e504-ed45-47c1-9901-281194d77df2,1,0,1.0,2.0,52573.0,26286.5,300.5203820042827,1.0,0.0,1.0,3.0,0.0,1.0,0.0,15.0,15.0,175.24333333333334,1.0,1,4
41f2acd7-c888-4981-8276-179686782d2c,1,0,1.0,1.0,4027.0,4027.0,0.0,1.0,0.0,1.0,17.0,0.0,1.0,0.0,3.0,2.0,80.54,0.0,0,2
cd7d656d-094c-4db2-9f92-9794f04635ec,1,0,0.0,1.0,6649.0,6649.0,0.0,1.0,0.0,1.0,3.0,0.0,1.0,0.0,1.0,1.0,44.32666666666667,1.0,0,4
3f789835-091c-4ea4-880f-02f891eaafb5,1,0,1.0,1.0,1786.0,1786.0,0.0,1.0,0.0,1.0,5.0,1.0,0.0,0.0,1.0,1.0,11.906666666666666,1.0,0,8
460eabd2-874a-49a2-af42-5c611a63dbc8,0,0,1.0,2.0,32633.0,16316.5,18993.595249451853,1.0,0.0,1.0,3.0,0.5,0.5,0.0,9.0,8.0,108.77666666666667,1.0,0,4
008211f6-7951-4ca5-837a-76e280aaf829,0,0,1.0,1.0,3539.0,3539.0,0.0,1.0,0.0,1.0,17.0,0.0,0.0,1.0,1.0,1.0,70.78,0.0,1,2
a853741a-1e7a-4dd5-81e0-532678da8c5b,0,0,2.0,1.0,11313.0,11313.0,0.0,1.0,0.0,1.0,5.0,1.0,0.0,0.0,2.0,2.0,75.42,1.0,1,8
f17fbe30-69ac-402a-9a32-d3c2759dfb5f,0,0,0.0,1.0,6813.0,6813.0,0.0,1.0,0.0,1.0,6.0,1.0,0.0,0.0,1.0,1.0,45.42,1.0,1,9
f7b4a050-1789-4f76-a9f2-409bd4657319,0,0,2.0,1.0,3590.0,3590.0,0.0,1.0,0.0,1.0,1.0,0.0,1.0,0.0,3.0,3.0,71.8,0.0,0,1
608599ea-c7cf-4a53-bd3a-e85909cb0e90,0,0,1.0,3.0,25158.0,8386.0,5781.412370692822,1.0,0.0,1.0,2.0,0.6666666666666666,0.3333333333333333,0.0,2.0,2.0,83.86,1.0,0,3
07281002-f6d6-4bb6-913e-77713032c205,0,0,1.0,1.0,11467.0,11467.0,0.0,1.0,0.0,1.0,5.0,0.0,0.0,1.0,3.0,3.0,76.44666666666667,1.0,1,8
ef43a2ce-56e2-456c-b989-286ae579bc7e,0,0,1.0,1.0,9479.0,9479.0,0.0,1.0,0.0,1.0,6.0,1.0,0.0,0.0,2.0,2.0,63.193333333333335,1.0,0,9
b89aec95-d3fa-4deb-af02-f043fcff9997,0,0,1.0,3.0,45529.0,15176.333333333334,7095.8399314903745,1.0,0.0,1.0,3.0,0.0,0.0,1.0,7.0,6.0,101.17555555555555,1.0,1,4
9812449d-a0f1-408e-92ca-a057a005afd1,0,0,1.0,2.0,39972.0,19986.0,5231.175967218079,1.0,0.0,1.0,17.0,0.5,0.5,0.0,7.0,7.0,399.72,0.0,0,2
3ff6aece-e3c2-425f-b6d2-9cf4e8728d21,0,0,1.0,1.0,18926.0,18926.0,0.0,1.0,0.0,1.0,2.0,0.0,1.0,0.0,2.0,3.0,189.26,1.0,1,3
5050576e-82aa-4607-bbaf-2fdd9fa13bf4,0,0,1.0,3.0,40858.0,13619.333333333334,6760.795909753032,1.0,0.0,1.0,6.0,0.3333333333333333,0.6666666666666666,0.0,11.0,11.0,90.79555555555555,1.0,1,9
c2ebc3bc-b83c-4704-bf47-134bdcfed630,0,0,1.0,2.0,15391.0,7695.5,1409.2638149047891,1.0,0.0,1.0,17.0,0.0,0.0,1.0,2.0,3.0,153.91,0.0,1,2
97d980b8-9bfe-45f6-8c55-822700c71106,4,0,2.0,1.0,9591.0,9591.0,0.0,0.0,1.0,1.0,17.0,1.0,0.0,0.0,7.0,6.0,191.82,0.0,0,2
bf1e7396-67fb-4d3c-b36d-85d6110ef4f2,4,0,1.0,2.0,4493.0,2246.5,1809.486253056375,0.0,1.0,1.0,1.0,0.0,0.0,1.0,2.0,2.0,44.93,0.0,0,1
9842fbf7-f0f1-40d7-a549-42c0560a081f,4,0,1.0,1.0,3406.0,3406.0,0.0,0.0,1.0,1.0,1.0,0.0,1.0,0.0,1.0,1.0,68.12,0.0,0,1
0f79c1b6-5187-47fa-ad37-b6a6e0a93dfb,4,0,2.0,1.0,1228.0,1228.0,0.0,0.0,1.0,1.0,6.0,0.0,0.0,1.0,1.0,1.0,8.186666666666667,1.0,1,9
bf13e6a5-4206-4965-bc42-8290948d2286,4,0,0.0,2.0,23704.0,11852.0,1899.2888142670668,1.0,0.0,1.0,6.0,0.5,0.5,0.0,4.0,5.0,79.01333333333334,1.0,1,9
0a95a105-75d9-418a-a25d-5a2727cab241,4,0,1.0,1.0,3652.0,3652.0,0.0,0.0,1.0,1.0,3.0,1.0,0.0,0.0,1.0,2.0,24.346666666666668,1.0,0,4
0ba44e9e-bbc0-407e-9543-75e7bb430d2b,3,0,1.0,1.0,2389.0,2389.0,0.0,1.0,0.0,1.0,17.0,1.0,0.0,0.0,2.0,2.0,47.78,0.0,0,2
fe1c41b5-1a42-451d-bb78-777743377e51,3,0,1.0,1.0,20689.0,20689.0,0.0,1.0,0.0,1.0,2.0,0.0,1.0,0.0,1.0,1.0,206.89,1.0,0,3
29c40114-2673-44e2-8ca8-3237c51bd828,3,0,1.0,2.0,18007.0,9003.5,4717.109337295458,0.5,1.0,1.0,17.0,1.0,0.0,0.0,5.0,5.0,180.07,0.0,1,2
2d697605-f003-4b50-8682-aa162545b5cf,3,0,1.0,2.0,32358.0,16179.0,5771.405548044601,0.5,1.0,1.0,6.0,0.5,0.0,0.5,11.0,11.0,107.86,1.0,1,9
c33f5360-4f92-4a7b-9fa7-764f1d0e0116,3,0,1.0,1.0,20844.0,20844.0,0.0,1.0,0.0,1.0,2.0,1.0,0.0,0.0,2.0,2.0,208.44,1.0,0,3
10d25a57-1c3b-4872-a411-0074b15d3447,3,0,0.0,1.0,2069.0,2069.0,0.0,1.0,0.0,1.0,17.0,1.0,0.0,0.0,1.0,1.0,41.38,0.0,1,2
4cceb62e-1016-4e44-b419-160a3f00d2a1,3,0,2.0,2.0,11761.0,5880.5,4807.619005287336,0.0,1.0,1.0,17.0,0.0,0.0,1.0,1.0,1.0,117.61,0.0,0,2
93663836-8db3-42ba-bf82-9d30f1617453,3,0,2.0,2.0,45038.0,22519.0,335.1686142824235,0.0,1.0,1.0,1.0,0.5,0.5,0.0,6.0,6.0,450.38,0.0,0,1
795f773c-b69f-492b-806b-f6619971b13d,2,0,1.0,3.0,53370.0,17790.0,6174.462648684499,0.6666666666666667,1.0,1.0,5.0,0.3333333333333333,0.6666666666666666,0.0,7.0,7.0,118.59999999999998,1.0,1,8
7a3aa89e-5aa1-4697-acd7-202a9f9cd213,2,0,1.0,3.0,56903.0,18967.666666666668,7932.000525298352,0.6666666666666667,1.0,1.0,6.0,0.3333333333333333,0.6666666666666666,0.0,10.0,9.0,126.45111111111112,1.0,1,9
3579292f-3c66-46b6-9823-2b3705f6bb44,2,0,1.0,3.0,44129.0,14709.666666666666,2562.0933498476074,0.6666666666666667,1.0,1.0,3.0,0.3333333333333333,0.6666666666666666,0.0,6.0,6.0,98.06444444444445,1.0,1,4
a690da2c-0391-4ec7-a973-653d16c15bde,2,0,1.0,3.0,101813.0,33937.666666666664,5620.775421001388,0.6666666666666667,1.0,1.0,6.0,0.0,0.6666666666666666,0.3333333333333333,23.0,22.0,226.2511111111111,1.0,0,9
1788310f-5e5b-41dd-b154-475363fde1bb,2,0,1.0,2.0,40252.0,20126.0,7570.285199383178,1.0,0.0,1.0,6.0,1.0,0.0,0.0,5.0,4.0,134.17333333333335,1.0,0,9
cc38fd3a-e08d-4ccb-947f-ebb395822744,2,0,0.0,3.0,43392.0,14464.0,11412.65034950252,1.0,0.0,2.0,3.0,1.0,0.0,0.0,12.0,13.0,96.42666666666668,1.0,1,4
e98f700c-44e0-476b-bde7-ca7933861a33,2,0,1.0,2.0,28559.0,14279.5,533.8656197958434,1.0,0.0,2.0,1.0,1.0,0.0,0.0,12.0,12.0,285.59000000000003,0.0,1,1
76b215de-ff71-4867-b6e4-3f1527241c43,1,0,1.0,1.0,3106.0,3106.0,0.0,1.0,0.0,1.0,2.0,0.0,0.0,1.0,1.0,1.0,31.06,1.0,1,3
60215d89-614b-4e20-8416-a401ca5e3b7b,1,0,0.0,1.0,27049.0,27049.0,0.0,1.0,0.0,1.0,17.0,0.0,1.0,0.0,3.0,3.0,540.98,0.0,0,2
d4256092-140a-4c03-aa49-a2bf47fc3d65,1,0,2.0,2.0,39348.0,19674.0,7769.689311677785,1.0,0.0,1.0,2.0,0.5,0.5,0.0,7.0,5.0,196.74,1.0,0,3
4767348c-3a12-43cc-9f50-e16891307f55,1,0,1.0,3.0,8058.0,2686.0,495.42809770944564,1.0,0.0,1.0,1.0,0.6666666666666666,0.0,0.3333333333333333,2.0,2.0,53.72,0.0,1,1
a6385c96-8326-4727-a479-56bbbecd5cfd,1,0,1.0,1.0,16053.0,16053.0,0.0,1.0,0.0,1.0,17.0,1.0,0.0,0.0,2.0,2.0,321.06,0.0,1,2
8921318e-606a-4634-a862-147e6c769296,0,0,1.0,1.0,16182.0,16182.0,0.0,1.0,0.0,1.0,17.0,0.0,1.0,0.0,4.0,3.0,323.64,0.0,0,2
23b99f5a-15e1-4e48-bd92-469fb3b72a8c,0,0,1.0,1.0,4047.0,4047.0,0.0,1.0,0.0,1.0,2.0,0.0,1.0,0.0,1.0,1.0,40.47,1.0,1,3
27c224a4-f80e-43d9-b507-865a9dba7431,0,0,1.0,2.0,77389.0,38694.5,32837.33181152208,1.0,0.0,1.0,1.0,0.0,0.5,0.5,5.0,6.0,0.0,0.0,0,1
a03fd84e-3ebb-4852-a51d-d8e700035b32,0,0,1.0,3.0,20309.0,6769.666666666667,1979.305517936363,1.0,0.0,1.0,17.0,0.3333333333333333,0.3333333333333333,0.3333333333333333,4.0,4.0,135.39333333333332,0.0,1,2
5afaea7f-1e4b-45e6-8f5a-aa1aef206801,0,0,1.0,3.0,104082.0,34694.0,7730.2357014518,1.0,0.0,1.0,5.0,0.0,1.0,0.0,10.0,9.0,231.29333333333332,1.0,0,8
e7081cc2-6d10-4588-9ee6-2c3c7d2ae675,0,0,1.0,2.0,18785.0,9392.5,563.5641046056784,1.0,0.0,1.0,17.0,0.0,0.0,1.0,7.0,10.0,187.85,0.0,0,2
4eec8463-d053-44a1-942d-f79e90d3a106,0,0,0.0,3.0,80542.0,16108.4,13695.387135820587,1.0,0.0,1.0,5.0,0.0,0.2,0.8,17.0,18.0,107.38933333333334,1.0,0,8
a6c30430-72de-4ed1-aca8-fcb1d3f8bbfd,0,0,1.0,1.0,11325.0,11325.0,0.0,1.0,0.0,1.0,3.0,1.0,0.0,0.0,5.0,5.0,75.5,1.0,1,4
6a7832d7-c136-4600-b405-e5bb450c5027,0,0,2.0,1.0,4344.0,4344.0,0.0,1.0,0.0,1.0,6.0,0.0,0.0,1.0,2.0,2.0,28.96,1.0,0,9
4c1c3e6e-2c64-4d73-b992-26c29fef7bdb,0,0,2.0,1.0,12027.0,12027.0,0.0,1.0,0.0,1.0,1.0,0.0,0.0,1.0,2.0,2.0,240.54,0.0,0,1
5a2e3c60-bdcc-4f22-976f-df39aeae52de,4,0,0.0,3.0,37558.0,12519.333333333334,5480.588502463338,0.6666666666666667,1.0,1.0,2.0,0.6666666666666666,0.3333333333333333,0.0,8.0,8.0,125.19333333333333,1.0,1,3
aa31b07f-36a5-4524-b3a2-89ec938ba52a,4,0,0.0,1.0,12621.0,12621.0,0.0,1.0,0.0,1.0,2.0,1.0,0.0,0.0,4.0,4.0,126.21,1.0,0,3
5c3808b5-4014-4ed6-838f-74db864abbc4,4,0,0.0,1.0,1207.0,1207.0,0.0,1.0,0.0,1.0,17.0,0.0,0.0,1.0,1.0,1.0,24.14,0.0,0,2
8807a03a-8e42-44a0-8ddb-c23fd321a9c4,4,0,0.0,1.0,19416.0,19416.0,0.0,1.0,0.0,1.0,4.0,0.0,1.0,0.0,4.0,3.0,194.16,1.0,0,5
04bf1c47-5b45-4917-b9c2-3ec1630c6f11,4,0,1.0,3.0,84820.0,28273.333333333332,9266.9365128576,0.33333333333333337,1.0,1.0,1.0,0.6666666666666666,0.3333333333333333,0.0,15.0,15.0,565.4666666666667,0.0,0,1
32c386ad-9029-48e8-a134-6810e6a5ea55,4,0,0.0,3.0,36456.0,12152.0,6742.205796325116,0.33333333333333337,1.0,1.0,6.0,0.3333333333333333,0.3333333333333333,0.3333333333333333,5.0,5.0,81.01333333333334,1.0,0,9
25f1a280-3169-48eb-8d23-335810961264,4,0,1.0,1.0,18971.0,18971.0,0.0,0.0,1.0,1.0,3.0,1.0,0.0,0.0,4.0,4.0,126.47333333333333,1.0,1,4
b04728a4-d29a-453c-805d-50626e14984e,3,0,0.0,1.0,12705.0,12705.0,0.0,1.0,0.0,1.0,2.0,0.0,1.0,0.0,2.0,2.0,127.05,1.0,0,3
fe55f5e4-4027-4860-b3c7-1338b18846d0,3,0,0.0,0.0,0.0,0.0,0.0,0.0,0.0,0.0,0.0,0.0,0.0,0.0,5.0,4.0,0.0,0.0,0,0
bff401b5-915a-49ba-87d5-88985055e169,3,0,1.0,1.0,3493.0,3493.0,0.0,1.0,0.0,1.0,17.0,0.0,0.0,1.0,1.0,1.0,69.86,0.0,1,2
7eca421b-6e2b-465e-bda5-74dfe3dea3a6,3,0,1.0,1.0,3650.0,3650.0,0.0,1.0,0.0,1.0,4.0,0.0,1.0,0.0,1.0,1.0,36.5,1.0,0,5
4b579e84-10ac-4413-9e2f-19188c7a357a,2,0,0.0,1.0,11088.0,11088.0,0.0,1.0,0.0,1.0,4.0,1.0,0.0,0.0,2.0,2.0,110.88,1.0,0,5
2d0f5ad5-1bfb-4e26-8798-4ad04b068e66,2,0,1.0,1.0,3319.0,3319.0,0.0,1.0,0.0,1.0,5.0,0.0,0.0,1.0,3.0,3.0,22.126666666666665,1.0,1,8
61c0aee4-b0aa-4058-9201-e74b3af155c4,2,0,0.0,1.0,32992.0,32992.0,0.0,1.0,0.0,1.0,2.0,0.0,0.0,1.0,12.0,11.0,329.92,1.0,1,3
5b6a7237-f894-4b24-b75c-846c39625913,2,0,2.0,1.0,27093.0,27093.0,0.0,1.0,0.0,1.0,17.0,0.0,1.0,0.0,5.0,5.0,541.86,0.0,0,2
2ff15dea-bec8-4961-8782-3ba29d18731b,2,0,1.0,1.0,17873.0,17873.0,0.0,1.0,0.0,1.0,17.0,1.0,0.0,0.0,1.0,1.0,357.46,0.0,0,2
16628b2a-2f2b-404a-8a40-e362a4dc4ca8,1,0,1.0,3.0,46191.0,15397.0,3856.3061341133175,1.0,0.0,1.0,1.0,0.0,1.0,0.0,15.0,13.0,307.94,0.0,0,1
363a370e-8ac4-4975-84b8-ccd9630a5a83,1,0,1.0,1.0,3490.0,3490.0,0.0,1.0,0.0,1.0,17.0,1.0,0.0,0.0,1.0,1.0,69.8,0.0,0,2
9f329d2a-80ee-4f79-a5e3-3911847fd872,1,0,1.0,3.0,42913.0,14304.333333333334,4579.874379645509,1.0,0.0,1.0,3.0,1.0,0.0,0.0,11.0,11.0,95.36222222222223,1.0,1,4
7b7c0bad-b6f0-4afb-8938-22e7df19ceda,1,0,1.0,2.0,43972.0,21986.0,4904.492634309893,1.0,0.0,1.0,5.0,0.5,0.5,0.0,9.0,9.0,146.57333333333332,1.0,1,8
9d4a686b-6ade-498b-806c-4ef8d212cd93,1,0,0.0,2.0,44205.0,14735.0,6113.9826627166685,1.0,0.0,2.0,17.0,0.3333333333333333,0.0,0.6666666666666666,10.0,9.0,199.73555555555558,0.0,0,2
6b925632-26d9-4967-a7b2-ae17ea5a3f1c,1,0,1.0,2.0,28279.0,14139.5,13246.231331967594,1.0,0.0,1.0,6.0,0.0,0.0,1.0,5.0,4.0,94.26333333333334,1.0,0,9
e902d2b9-21f7-40af-864a-4283678f1866,1,0,1.0,1.0,17618.0,8809.0,496.38896039295633,1.0,0.0,2.0,6.0,0.5,0.5,0.0,8.0,8.0,115.11333333333333,0.0,0,9
f78e3b1e-be78-42e6-bea9-f0040683262f,1,0,1.0,1.0,20882.0,20882.0,0.0,1.0,0.0,1.0,2.0,0.0,1.0,0.0,2.0,2.0,208.82,1.0,1,3
4fc9b1ee-b0d3-4e2e-83b9-e708420c8f37,1,0,1.0,3.0,46341.0,15447.0,7387.689557635729,1.0,0.0,1.0,6.0,0.0,0.0,1.0,5.0,5.0,102.98,1.0,0,9
eb68e352-511a-4233-9064-be3a9315b11d,1,0,1.0,3.0,34438.0,11479.333333333334,3624.2803883437787,1.0,0.0,1.0,1.0,1.0,0.0,0.0,4.0,4.0,229.58666666666667,0.0,1,1
a47fca3f-9a7c-4457-a7de-48bfa7fa4633,1,0,1.0,1.0,28606.0,28606.0,0.0,1.0,0.0,1.0,17.0,0.0,1.0,0.0,9.0,9.0,572.12,0.0,0,2
c037b19c-0163-46c2-b8e9-2c70d7c13c65,1,0,1.0,2.0,8308.0,4154.0,595.383909759073,1.0,0.0,1.0,4.0,0.0,0.5,0.5,1.0,1.0,41.54,1.0,0,5
5d3f0add-9cd4-4101-8537-ecb01f4ad9c4,1,0,1.0,3.0,74516.0,24838.666666666668,1373.7322640650666,1.0,0.0,1.0,6.0,0.0,1.0,0.0,14.0,13.0,165.5911111111111,1.0,0,9
5919d49c-5ed2-482a-8558-be8a03182144,1,0,1.0,1.0,13162.0,13162.0,0.0,1.0,0.0,1.0,6.0,1.0,0.0,0.0,2.0,2.0,87.74666666666667,1.0,1,9
fae84388-d8ff-4b63-aaca-09ea8cec2b3f,1,0,2.0,1.0,5562.0,5562.0,0.0,1.0,0.0,1.0,17.0,1.0,0.0,0.0,1.0,1.0,111.24,0.0,0,2
f37dcf97-a268-4dbe-b8e5-c1ff903ffd80,0,0,1.0,1.0,3267.0,3267.0,0.0,1.0,0.0,1.0,17.0,0.0,0.0,1.0,1.0,1.0,65.34,0.0,1,2
2d48982a-dc0d-4b10-b87a-5d90ddf16e38,0,0,1.0,3.0,23209.0,7736.333333333333,6179.4320397050515,1.0,0.0,1.0,5.0,0.0,0.0,1.0,12.0,12.0,51.57555555555556,1.0,1,8
c6a23ceb-0b0f-43d5-8a21-6e1659f22106,0,0,1.0,1.0,7132.0,7132.0,0.0,1.0,0.0,1.0,2.0,0.0,0.0,1.0,1.0,1.0,71.32,1.0,1,3
fd37d65b-6e66-4c6a-908f-d909dad31d9d,0,0,1.0,3.0,38657.0,12885.666666666666,11278.109608145034,1.0,0.0,1.0,2.0,0.3333333333333333,0.0,0.6666666666666666,1.0,1.0,128.85666666666665,1.0,0,3
aaba3c65-60a8-4db4-8d25-f814c8280d89,0,0,0.0,3.0,58372.0,19457.333333333332,7852.423596147455,1.0,0.0,2.0,3.0,0.6666666666666666,0.3333333333333333,0.0,12.0,14.0,190.12,0.0,0,4
77095864-052f-4bf7-a033-e0945eb0dc43,0,0,1.0,2.0,24336.0,12168.0,783.4743135546946,1.0,0.0,1.0,6.0,1.0,0.0,0.0,7.0,6.0,81.12,1.0,0,9
cf967686-16f8-423c-ac11-5c4e031d37e7,0,0,1.0,3.0,45883.0,15294.333333333334,953.1953280064549,1.0,0.0,1.0,3.0,0.0,0.0,1.0,4.0,4.0,101.96222222222222,1.0,0,4
d485f8fc-b1a5-452a-b7ee-c4e1729eab9a,3,0,1.0,2.0,21399.0,10699.5,1561.9988796410835,0.5,1.0,1.0,2.0,0.0,0.0,1.0,3.0,3.0,106.995,1.0,0,3
6a5aa2c7-5e41-4a04-a412-7c823da62efc,3,0,1.0,2.0,43814.0,21907.0,3743.4232996015826,0.5,1.0,1.0,2.0,1.0,0.0,0.0,3.0,3.0,219.07,1.0,0,3
05f7e10b-0c90-4310-8a9d-622d2b429a43,3,0,0.0,2.0,12477.0,6238.5,2458.6102781856257,1.0,0.0,2.0,1.0,0.5,0.5,0.0,6.0,5.0,84.88499999999999,0.0,0,1
ff97d19d-f640-4ebf-a6a4-56f7de100a90,2,0,1.0,2.0,23810.0,11905.0,5696.4522292388265,1.0,0.0,1.0,1.0,1.0,0.0,0.0,8.0,8.0,238.10000000000002,0.0,1,1
05db364d-2c84-4a4a-b568-492c316519fa,1,0,1.0,2.0,98814.0,49407.0,36363.673329299396,1.0,0.0,1.0,2.0,0.5,0.0,0.5,0.0,2.0,494.07000000000005,1.0,1,3
6670ddbf-f147-404d-92bc-04dd53bea825,1,0,1.0,2.0,8381.0,4190.5,5483.613088101676,1.0,0.0,1.0,6.0,0.0,0.0,1.0,2.0,2.0,27.936666666666667,1.0,0,9
50501fa9-761f-4751-99d8-0b22d56cbf00,1,0,1.0,2.0,49444.0,24722.0,634.9818895055197,1.0,0.0,1.0,1.0,0.0,1.0,0.0,3.0,3.0,494.44,0.0,0,1
c0357107-d162-4ffe-8499-3c332ff94c3e,1,0,0.0,1.0,73712.0,73712.0,0.0,1.0,0.0,1.0,5.0,0.0,0.0,1.0,0.0,1.0,491.41333333333336,1.0,1,8
a15a91e1-d500-4b7d-8773-c6f2d875d275,1,0,1.0,3.0,47226.0,15742.0,7226.187999215077,1.0,0.0,1.0,17.0,0.6666666666666666,0.3333333333333333,0.0,9.0,9.0,314.84,0.0,0,2
17193e0a-e17e-4981-9775-77da158cf136,1,0,1.0,1.0,6384.0,6384.0,0.0,1.0,0.0,1.0,17.0,0.0,0.0,1.0,1.0,1.0,127.68,0.0,1,2
d298db5c-bafa-44ad-a6f4-4383ab69c08d,1,0,1.0,1.0,4444.0,4444.0,0.0,1.0,0.0,1.0,6.0,0.0,0.0,1.0,2.0,2.0,29.626666666666665,1.0,0,9
8d2b2273-18c1-4600-b081-a5dbcc5e1997,1,0,1.0,2.0,22292.0,11146.0,2548.4128393963174,1.0,0.0,1.0,5.0,0.0,1.0,0.0,3.0,3.0,74.30666666666667,1.0,1,8
f44ec932-3429-4b74-af1c-cac399768456,1,0,2.0,2.0,57638.0,28819.0,3743.4232996015826,1.0,0.0,1.0,1.0,0.0,1.0,0.0,7.0,7.0,576.3800000000001,0.0,0,1
a3878e9e-961a-4f49-9fe1-216edeb9d3ab,1,0,1.0,2.0,45160.0,22580.0,3360.1714241984737,1.0,0.0,1.0,2.0,0.0,1.0,0.0,2.0,2.0,225.8,1.0,1,3
83cc72d2-e60e-4c98-aa67-a4ad904ce8ee,1,0,1.0,1.0,12976.0,12976.0,0.0,1.0,0.0,1.0,2.0,0.0,1.0,0.0,2.0,2.0,129.76,1.0,0,3
978d5d93-1490-40ab-b816-aff1c52a6f34,1,0,1.0,3.0,53775.0,17925.0,3857.4083268432964,1.0,0.0,1.0,2.0,0.3333333333333333,0.6666666666666666,0.0,4.0,4.0,179.25,1.0,0,3
3a8a189e-24b5-47af-a383-3de7d8392da4,0,0,1.0,2.0,13735.0,6867.5,217.08178182427008,1.0,0.0,1.0,2.0,0.0,0.0,1.0,2.0,2.0,68.675,1.0,0,3
d6c5696a-c029-491f-a22a-ef2737dd92d8,0,0,2.0,1.0,795.0,795.0,0.0,1.0,0.0,1.0,17.0,0.0,0.0,1.0,2.0,1.0,15.9,0.0,0,2
58b27d4d-1d21-4828-a3c8-d13d3a34a9c5,0,0,1.0,2.0,16240.0,8120.0,5842.116226163255,1.0,0.0,2.0,1.0,0.5,0.5,0.0,3.0,3.0,162.4,0.0,0,1
0c9dce20-639f-4cde-9be5-67e577947836,0,0,1.0,1.0,6528.0,6528.0,0.0,1.0,0.0,1.0,17.0,0.0,0.0,1.0,2.0,2.0,130.56,0.0,0,2
bc85d386-aa0a-4347-adb5-01533b939f54,5,1,1.0,1.0,26661.0,26661.0,0.0,0.0,1.0,1.0,17.0,1.0,0.0,0.0,2.0,3.0,533.22,0.0,0,2
98f68727-8c20-45c7-a677-6ea9c586b08f,5,1,2.0,1.0,10200.0,10200.0,0.0,1.0,0.0,1.0,17.0,1.0,0.0,0.0,4.0,5.0,204.0,0.0,1,2
a4ffc02a-7b70-4929-b255-d1b3af38f30e,5,1,2.0,1.0,17371.0,17371.0,0.0,1.0,0.0,1.0,1.0,0.0,1.0,0.0,4.0,4.0,347.42,0.0,0,1
4ffd4ac2-89b2-4875-b560-cf1e92f78267,5,1,1.0,2.0,27986.0,13993.0,281.4284989122459,0.5,1.0,1.0,17.0,0.0,0.0,1.0,6.0,6.0,279.86,0.0,0,2
6c044509-fff0-4b3f-b397-3e2cd1161cf7,5,1,1.0,1.0,28634.0,28634.0,0.0,0.0,1.0,1.0,17.0,1.0,0.0,0.0,7.0,7.0,572.68,0.0,0,2
7a63942e-7c04-42f0-bf55-85d677514c04,5,1,2.0,1.0,10643.0,10643.0,0.0,1.0,0.0,1.0,17.0,0.0,0.0,1.0,2.0,2.0,212.86,0.0,1,2
f9c4501d-6002-4d7d-8189-74102929f2fc,5,1,1.0,2.0,21159.0,10579.5,6170.920879415,0.5,1.0,1.0,17.0,0.5,0.0,0.5,2.0,2.0,211.59,0.0,1,2
879e9de3-f57a-474c-b3c8-1431e7774a7c,5,1,1.0,2.0,32229.0,16114.5,12071.019861635552,0.5,1.0,1.0,17.0,1.0,0.0,0.0,7.0,7.0,322.29,0.0,0,2
9ad9be20-fa17-4149-b1f0-7ca6d5cafb3c,5,1,1.0,1.0,14298.0,14298.0,0.0,0.0,1.0,1.0,2.0,1.0,0.0,0.0,1.0,1.0,142.98,1.0,1,3
edd55b10-1e13-4f8f-ba20-ad4e76fa1156,5,1,1.0,1.0,22718.0,22718.0,0.0,0.0,1.0,1.0,2.0,1.0,0.0,0.0,2.0,3.0,227.18,1.0,0,3
bad95b21-2bc7-4c2a-8979-5b00ba3b3a03,5,1,1.0,2.0,53861.0,26930.5,9689.484222599262,0.5,1.0,1.0,17.0,0.0,1.0,0.0,12.0,12.0,538.61,0.0,0,2
1026f2ef-3662-434b-8dfe-6ee09b74814f,5,1,1.0,1.0,22455.0,22455.0,0.0,0.0,1.0,1.0,2.0,1.0,0.0,0.0,4.0,4.0,224.55,1.0,0,3
24f0594e-bdbd-42a8-a1f4-7ccb2ec65133,5,1,2.0,1.0,12398.0,12398.0,0.0,1.0,0.0,1.0,6.0,1.0,0.0,0.0,4.0,4.0,82.65333333333334,1.0,1,9
58272ab4-3a9e-4217-8db3-f9675f92be8a,5,1,1.0,3.0,44350.0,14783.333333333334,3069.079720915267,0.6666666666666667,1.0,1.0,17.0,0.0,1.0,0.0,7.0,6.0,295.6666666666667,0.0,1,2
79464bb0-02a0-4af2-bc61-e7bb72fa911f,4,0,1.0,3.0,10565.0,3521.6666666666665,46.60829682935569,0.33333333333333337,1.0,1.0,17.0,0.6666666666666666,0.3333333333333333,0.0,2.0,2.0,70.43333333333334,0.0,1,2
d0fcd4a7-4573-47d3-b258-35d115913a5d,4,0,0.0,1.0,16974.0,16974.0,0.0,1.0,0.0,1.0,4.0,0.0,1.0,0.0,3.0,3.0,169.74,1.0,1,5
63e3aea3-dc85-4993-a637-ebc17a7104f7,4,0,1.0,3.0,81307.0,27102.333333333332,6230.276104101113,0.33333333333333337,1.0,1.0,2.0,0.0,1.0,0.0,17.0,15.0,271.0233333333333,1.0,0,3
f7d0443a-0413-48d1-913b-389e172a554d,4,0,1.0,2.0,57704.0,28852.0,643.4671708797582,0.5,1.0,1.0,5.0,1.0,0.0,0.0,8.0,7.0,192.34666666666666,1.0,0,8
79bd3272-99e8-4411-bf30-7f8bdf5bd46b,4,0,2.0,1.0,9302.0,9302.0,0.0,0.0,1.0,1.0,17.0,1.0,0.0,0.0,3.0,3.0,186.04,0.0,0,2
a726b916-4690-45c1-a421-10a85de3ec97,3,0,0.0,1.0,15238.0,15238.0,0.0,1.0,0.0,1.0,3.0,0.0,0.0,1.0,2.0,3.0,101.58666666666667,1.0,0,4
9f4af940-9d47-44ae-b85f-ed28115901f9,3,0,1.0,2.0,26600.0,13300.0,1435.4267658086915,0.5,1.0,1.0,17.0,0.5,0.5,0.0,5.0,6.0,266.0,0.0,0,2
61df3663-c300-491b-8efc-070a3bfcd5be,3,0,1.0,1.0,14354.0,14354.0,0.0,1.0,0.0,1.0,1.0,0.0,1.0,0.0,2.0,1.0,287.08,0.0,0,1
635993cb-b60f-430a-82e8-e966cf5e46ad,3,0,1.0,1.0,2592.0,2592.0,0.0,1.0,0.0,1.0,5.0,1.0,0.0,0.0,2.0,2.0,17.28,1.0,1,8
b8dcafef-246d-4837-b0db-a0068a092339,3,0,0.0,3.0,24127.0,8042.333333333333,6561.105496281349,0.6666666666666667,1.0,1.0,2.0,0.0,0.3333333333333333,0.6666666666666666,5.0,6.0,80.42333333333333,1.0,1,3
7c4cad28-e8ec-49e6-b076-fcd094edec2b,3,0,0.0,2.0,17567.0,8783.5,2625.487478545651,1.0,0.0,1.0,6.0,0.0,0.0,1.0,4.0,7.0,58.55666666666667,1.0,1,9
d0103ddd-118b-47ed-a5a1-30f069c2123e,3,0,2.0,2.0,52337.0,26168.5,1536.5430355183678,0.0,1.0,1.0,17.0,0.5,0.0,0.5,7.0,7.0,523.37,0.0,1,2
8933ee3c-886a-4ef4-aa87-c6f1a5dd96d4,3,0,1.0,3.0,106671.0,35557.0,31305.872723819728,0.33333333333333337,1.0,1.0,3.0,0.0,0.3333333333333333,0.6666666666666666,13.0,14.0,237.04666666666665,1.0,0,4
794052e6-2ea0-4b00-abb8-b7e4b84f3cf7,3,0,1.0,2.0,47738.0,23869.0,9973.034041855066,0.5,1.0,1.0,4.0,1.0,0.0,0.0,5.0,5.0,238.69,1.0,0,5
e233b26e-2259-449c-a1c4-ab16e2ee9332,3,0,2.0,2.0,72197.0,36098.5,11349.770944825274,0.0,1.0,1.0,3.0,0.0,1.0,0.0,8.0,8.0,240.6566666666667,1.0,1,4
37db3dca-cc03-4e96-b334-a1a12df64c24,2,0,0.0,1.0,18943.0,18943.0,0.0,1.0,0.0,1.0,17.0,0.0,1.0,0.0,4.0,4.0,378.86,0.0,0,2
cbd226ac-526e-4ff2-8626-423505bb976a,2,0,0.0,1.0,7820.0,7820.0,0.0,1.0,0.0,1.0,2.0,0.0,1.0,0.0,2.0,2.0,78.2,1.0,0,3
a8e38bf6-4f95-4746-bd06-03a7c1f8532a,2,0,0.0,1.0,61778.0,61778.0,0.0,1.0,0.0,1.0,3.0,0.0,0.0,1.0,4.0,5.0,411.85333333333335,1.0,0,4
f09b7a90-91e0-4e0e-8e9e-7e65c301c7f8,2,0,2.0,1.0,7365.0,7365.0,0.0,1.0,0.0,1.0,17.0,1.0,0.0,0.0,1.0,1.0,147.3,0.0,0,2
8589e797-6672-4380-a0f9-46ac42d1ed8a,2,0,0.0,1.0,62505.0,62505.0,0.0,1.0,0.0,1.0,3.0,0.0,0.0,1.0,5.0,5.0,416.7,1.0,0,4
af74dd14-e929-42f0-91ea-f54b708861ce,1,0,0.0,3.0,85905.0,28635.0,2189.5344253973262,1.0,0.0,2.0,6.0,0.0,0.6666666666666666,0.3333333333333333,26.0,24.0,190.9,1.0,0,9
eedfac5c-dbd9-4c25-a198-645c09b20dd8,1,0,0.0,2.0,33587.0,16793.5,2013.1330060381008,1.0,0.0,1.0,5.0,1.0,0.0,0.0,6.0,6.0,111.95666666666668,1.0,0,8
62a81dd9-e80a-47a3-adb9-089208b2b6df,1,0,0.0,2.0,25726.0,8575.333333333334,7773.403008549944,1.0,0.0,1.0,5.0,1.0,0.0,0.0,11.0,11.0,57.16888888888889,1.0,0,8
4dacb77d-404c-4259-92be-31e78c3e96a6,1,0,1.0,1.0,1699.0,1699.0,0.0,1.0,0.0,1.0,17.0,1.0,0.0,0.0,3.0,3.0,33.98,0.0,0,2
015af0d4-4e6b-403f-88dd-15f72ba9f59a,1,0,1.0,1.0,8372.0,8372.0,0.0,1.0,0.0,1.0,17.0,1.0,0.0,0.0,3.0,3.0,167.44,0.0,0,2
62178c18-9160-4838-b11b-df1d8f5f8e32,1,0,1.0,2.0,59570.0,29785.0,803.273303427918,1.0,0.0,1.0,17.0,1.0,0.0,0.0,3.0,3.0,595.7,0.0,0,2
a590ee4e-07f4-49ae-892b-cbbd71a25d79,1,0,1.0,1.0,10112.0,10112.0,0.0,1.0,0.0,1.0,17.0,1.0,0.0,0.0,3.0,3.0,202.24,0.0,0,2
f3c04772-b44a-401c-823c-59d1914519e6,1,0,2.0,1.0,14193.0,14193.0,0.0,1.0,0.0,1.0,17.0,1.0,0.0,0.0,3.0,3.0,283.86,0.0,0,2
496d8690-227e-4abc-80fe-22512eb71730,1,0,0.0,2.0,20576.0,10288.0,9721.304027752656,1.0,0.0,1.0,2.0,0.5,0.0,0.5,3.0,4.0,102.88,1.0,0,3
96329071-ca27-4b76-b1ab-d20637000ddd,1,0,1.0,1.0,31517.0,31517.0,0.0,1.0,0.0,1.0,3.0,0.0,1.0,0.0,16.0,14.0,210.11333333333334,1.0,0,4
83f6990c-9136-4486-9096-793a3ef6b6f3,1,0,1.0,1.0,43336.0,43336.0,0.0,1.0,0.0,1.0,2.0,0.0,1.0,0.0,2.0,2.0,433.36,1.0,0,3
b32f30b9-b9e3-4f5b-801b-2b1b7035020d,1,0,1.0,1.0,31384.0,31384.0,0.0,1.0,0.0,1.0,3.0,0.0,1.0,0.0,5.0,6.0,209.22666666666666,1.0,0,4
229df5ac-4677-4756-9938-56fbd6ad5d35,0,0,2.0,1.0,2242.0,2242.0,0.0,1.0,0.0,1.0,17.0,1.0,0.0,0.0,2.0,2.0,44.84,0.0,0,2
139eaed8-7ece-4247-8c1a-c52dd20a0458,0,0,1.0,1.0,96.0,96.0,0.0,1.0,0.0,1.0,17.0,1.0,0.0,0.0,1.0,1.0,1.92,0.0,0,2
e85fdffc-0693-4b26-ae35-e22857f7c3a4,0,0,1.0,2.0,34552.0,17276.0,2083.1365773755692,1.0,0.0,1.0,5.0,1.0,0.0,0.0,4.0,3.0,115.17333333333335,1.0,1,8
decc3ddd-0837-4a1a-a9d9-86c2ffd7e4bd,0,0,2.0,2.0,4619.0,2309.5,1731.704507125855,1.0,0.0,1.0,2.0,0.0,0.0,1.0,1.0,1.0,23.095000000000002,1.0,1,3
1dda5397-cd34-4ee4-b65c-abab9201a226,0,0,2.0,1.0,47227.0,47227.0,0.0,1.0,0.0,1.0,17.0,0.0,0.0,1.0,1.0,2.0,0.0,0.0,0,2
cb879624-5dc5-472b-9db5-00009b2370f7,0,0,2.0,2.0,13334.0,6667.0,4787.1129086329265,1.0,0.0,1.0,5.0,0.0,0.0,1.0,3.0,2.0,44.446666666666665,1.0,1,8
38499a84-b164-4e9f-a46f-3ac70d0553d1,0,0,1.0,3.0,56736.0,18912.0,9931.77370865849,1.0,0.0,2.0,2.0,0.0,1.0,0.0,7.0,7.0,158.91555555555556,1.0,0,3
5c6938dc-043e-4861-943e-01bd1f068826,0,0,1.0,3.0,117805.0,39268.333333333336,40967.46336220164,1.0,0.0,1.0,2.0,0.3333333333333333,0.0,0.6666666666666666,2.0,1.0,392.68333333333334,1.0,1,3
8332b4ee-6280-49a2-a573-420796cea618,0,0,1.0,3.0,66836.0,22278.666666666668,5106.078469171164,1.0,0.0,1.0,5.0,0.6666666666666666,0.3333333333333333,0.0,12.0,12.0,148.52444444444444,1.0,0,8
b32d34e9-a2ce-4ec2-aa50-0a69ffbd259a,0,0,1.0,1.0,14054.0,14054.0,0.0,1.0,0.0,1.0,3.0,1.0,0.0,0.0,5.0,4.0,93.69333333333333,1.0,1,4
42d808d8-57ee-409f-bdb1-946461ba665c,0,0,1.0,2.0,29410.0,14705.0,10804.591616530446,1.0,0.0,1.0,2.0,0.5,0.5,0.0,4.0,4.0,147.05,1.0,0,3
c699f5ce-7359-4438-96e0-925f4a8c3c71,0,0,2.0,1.0,46937.0,46937.0,0.0,1.0,0.0,1.0,17.0,0.0,0.0,1.0,3.0,4.0,0.0,0.0,0,2
071c1995-3749-42fa-98e7-8ca32b0319c3,0,0,1.0,2.0,12296.0,6148.0,1186.5251788310268,1.0,0.0,1.0,17.0,1.0,0.0,0.0,2.0,2.0,122.96000000000001,0.0,0,2
325a5593-9ba1-407d-b5df-c258b9d5194f,6,1,1.0,2.0,15365.0,7682.5,910.0464273870866,1.0,0.0,1.0,3.0,1.0,0.0,0.0,3.0,4.0,51.21666666666667,1.0,0,4
33edd38c-0ce7-4dce-9bae-d9b92f7b8b87,6,1,1.0,1.0,17218.0,17218.0,0.0,1.0,0.0,1.0,17.0,1.0,0.0,0.0,6.0,4.0,344.36,0.0,0,2
08842104-d538-446a-a5cf-83804655926b,6,1,1.0,3.0,107249.0,35749.666666666664,7276.356941033978,1.0,0.0,1.0,2.0,0.3333333333333333,0.6666666666666666,0.0,7.0,6.0,357.49666666666667,1.0,0,3
7bfa5b30-e40f-4afc-b7b2-c2ec032b8a22,6,1,1.0,2.0,6992.0,3496.0,2117.0777028725233,1.0,0.0,1.0,17.0,0.5,0.5,0.0,2.0,2.0,69.92,0.0,1,2
01a22725-dcd5-442d-9c6e-39735e9fd5eb,6,1,1.0,3.0,90311.0,30103.666666666668,2183.305368777655,1.0,0.0,1.0,2.0,1.0,0.0,0.0,4.0,5.0,301.0366666666667,1.0,0,3
0dfaa2ce-ac1e-44cf-9ec4-fa43b22f4183,6,1,1.0,1.0,2993.0,2993.0,0.0,1.0,0.0,1.0,17.0,1.0,0.0,0.0,1.0,1.0,59.86,0.0,0,2
41fa509a-1eba-462c-91fc-5f986ca1cd48,6,1,2.0,1.0,10500.0,10500.0,0.0,1.0,0.0,1.0,17.0,1.0,0.0,0.0,1.0,1.0,210.0,0.0,0,2
75f2297f-9013-4d98-bc0e-2fcfe47ae30d,6,1,1.0,1.0,776.0,776.0,0.0,1.0,0.0,1.0,17.0,1.0,0.0,0.0,1.0,1.0,15.52,0.0,1,2
ef577e27-65c4-4821-b3dc-3a235a0af3fe,6,1,2.0,1.0,122.0,122.0,0.0,1.0,0.0,1.0,17.0,1.0,0.0,0.0,1.0,1.0,2.44,0.0,1,2
4fd547f5-9d4d-4e5e-91d6-d04dffe3cf56,6,1,1.0,2.0,56035.0,28017.5,26105.67525462615,1.0,0.0,1.0,6.0,0.5,0.0,0.5,10.0,10.0,186.78333333333336,1.0,1,9
b4b87028-4ae2-4cc5-bcac-5ae251b98849,6,1,1.0,1.0,6545.0,6545.0,0.0,1.0,0.0,1.0,17.0,1.0,0.0,0.0,3.0,3.0,130.9,0.0,0,2
c758d19f-5c50-467d-bc02-bf6be1ca4d43,6,1,1.0,1.0,2790.0,2790.0,0.0,1.0,0.0,1.0,17.0,0.0,1.0,0.0,1.0,1.0,55.8,0.0,0,2
7ba137cb-4cc3-4074-9fa6-5ccc4fc24abd,6,1,1.0,1.0,9207.0,9207.0,0.0,1.0,0.0,1.0,17.0,1.0,0.0,0.0,1.0,1.0,184.14,0.0,0,2
8e990b64-bbb4-4923-bb18-572c119168be,6,1,2.0,1.0,3525.0,3525.0,0.0,1.0,0.0,1.0,17.0,0.0,0.0,1.0,1.0,1.0,70.5,0.0,0,2
ff6e0156-baf4-479e-9f91-093839d5f22a,6,1,1.0,3.0,80796.0,20199.0,14602.944931302955,1.0,0.0,2.0,17.0,0.25,0.75,0.0,8.0,6.0,403.98,0.0,1,2
6001d867-717e-43d7-803b-7f12194a6cd3,6,1,1.0,3.0,40814.0,13604.666666666666,893.1261575686455,1.0,0.0,1.0,17.0,0.0,1.0,0.0,6.0,6.0,272.0933333333333,0.0,1,2
7b86e785-e393-4b66-8dcd-04600f600583,6,1,2.0,2.0,57013.0,28506.5,1100.9652583074544,1.0,0.0,1.0,17.0,0.5,0.5,0.0,2.0,2.0,570.13,0.0,0,2
c54cafc2-65d5-4e3e-b8fd-7531be956a50,6,1,1.0,1.0,2865.0,2865.0,0.0,1.0,0.0,1.0,17.0,1.0,0.0,0.0,2.0,2.0,57.3,0.0,0,2
a0ad5efc-1c4a-4b6e-a454-7546a1df6fc6,6,1,2.0,2.0,44395.0,22197.5,24023.95289081295,1.0,0.0,1.0,3.0,0.0,0.5,0.5,7.0,6.0,147.98333333333335,1.0,1,4
29a913c7-b4c5-45e2-8b1f-d35d41900c60,6,1,1.0,3.0,45673.0,15224.333333333334,12712.082533296161,1.0,0.0,1.0,17.0,0.6666666666666666,0.3333333333333333,0.0,27.0,7.0,304.4866666666667,0.0,0,2
cab11e0d-1682-4b4f-a6fd-3c5203cbedd3,6,1,1.0,1.0,1646.0,1646.0,0.0,1.0,0.0,1.0,17.0,1.0,0.0,0.0,1.0,1.0,32.92,0.0,0,2
d09186ed-549a-4d0c-800d-be84c97bbff1,6,1,2.0,2.0,16193.0,5397.666666666667,913.5766707470881,1.0,0.0,3.0,1.0,0.0,0.6666666666666666,0.3333333333333333,1.0,1.0,79.87333333333333,0.0,1,1
3238aadb-6079-4195-95d5-7b661244af46,6,1,2.0,1.0,8052.0,8052.0,0.0,1.0,0.0,1.0,17.0,0.0,1.0,0.0,3.0,3.0,161.04,0.0,1,2
177501a1-46c8-4cef-9dd9-1a717ed9618b,3,0,0.0,2.0,52557.0,26278.5,374.05948724768365,1.0,0.0,1.0,5.0,0.0,1.0,0.0,13.0,13.0,175.19,1.0,0,8
eaa7c48e-a89e-47a2-9bc9-e995c8affc26,3,0,1.0,2.0,36184.0,18092.0,9777.872570247579,0.5,1.0,1.0,5.0,0.0,1.0,0.0,5.0,5.0,120.61333333333334,1.0,0,8
3973ab32-3cd6-46b3-bcbb-a7bba8b9e41f,3,0,2.0,1.0,4561.0,4561.0,0.0,0.0,1.0,1.0,6.0,1.0,0.0,0.0,3.0,3.0,30.406666666666666,1.0,0,9
08104094-7cfd-45a0-8489-9b336b8d7de9,3,0,2.0,1.0,3412.0,3412.0,0.0,0.0,1.0,1.0,6.0,1.0,0.0,0.0,1.0,1.0,22.746666666666666,1.0,1,9
74ac672c-5fcd-4681-8777-6f478c757918,3,0,0.0,1.0,12351.0,12351.0,0.0,1.0,0.0,1.0,2.0,1.0,0.0,0.0,5.0,4.0,123.51,1.0,1,3
76f23a6f-b5e4-4968-9715-6f40fc78e8a1,2,0,1.0,1.0,9779.0,9779.0,0.0,1.0,0.0,1.0,3.0,1.0,0.0,0.0,4.0,3.0,65.19333333333333,1.0,1,4
e5387c7c-c497-4754-a1da-2e03200e95c7,2,0,1.0,3.0,39923.0,13307.666666666666,1562.5313863514339,0.6666666666666667,1.0,1.0,2.0,1.0,0.0,0.0,2.0,3.0,133.07666666666668,1.0,1,3
7bf7c1c8-515e-43b3-8740-aaec6849de8f,2,0,1.0,1.0,19453.0,19453.0,0.0,1.0,0.0,1.0,3.0,1.0,0.0,0.0,5.0,5.0,129.68666666666667,1.0,0,4
192797a5-b310-4b27-9b41-6d92f3bedf0d,2,0,0.0,1.0,396.0,396.0,0.0,1.0,0.0,1.0,3.0,1.0,0.0,0.0,1.0,1.0,2.64,1.0,1,4
6d438faa-b251-4a63-b21b-66bae96cdc73,2,0,0.0,3.0,5054.0,1684.6666666666667,1572.5012983566448,1.0,0.0,1.0,5.0,0.3333333333333333,0.3333333333333333,0.3333333333333333,5.0,5.0,11.231111111111112,1.0,0,8
1e2164af-ba15-4c57-afcd-6e939bc5fbec,2,0,1.0,1.0,10540.0,10540.0,0.0,1.0,0.0,1.0,6.0,1.0,0.0,0.0,3.0,2.0,70.26666666666667,1.0,0,9
333d9c27-fbe3-4e07-b1f2-278077cd78bf,2,0,1.0,3.0,86398.0,28799.333333333332,21748.58295000696,0.6666666666666667,1.0,1.0,3.0,0.0,0.6666666666666666,0.3333333333333333,19.0,18.0,191.99555555555557,1.0,0,4
37138313-a472-4c24-970e-eff93b720f10,2,0,1.0,2.0,36662.0,18331.0,1450.9831149947954,1.0,0.0,1.0,6.0,0.0,1.0,0.0,13.0,14.0,122.20666666666665,1.0,1,9
6f451be6-839f-4ee2-84a5-8a2742ac8617,2,0,2.0,1.0,25087.0,25087.0,0.0,1.0,0.0,1.0,6.0,0.0,1.0,0.0,6.0,4.0,167.24666666666667,1.0,1,9
bda39d0c-50c1-4625-ac79-ad9d7faf4757,2,0,0.0,1.0,2917.0,2917.0,0.0,1.0,0.0,1.0,6.0,0.0,1.0,0.0,3.0,2.0,19.446666666666665,1.0,1,9
3d9d2a19-18ec-44b3-906c-f90722686d9f,2,0,1.0,3.0,39927.0,13309.0,1565.4912966861234,0.6666666666666667,1.0,1.0,2.0,1.0,0.0,0.0,2.0,2.0,133.09,1.0,0,3
5651f17c-063c-409f-98f2-89da0930f5dc,2,0,1.0,1.0,3177.0,3177.0,0.0,1.0,0.0,1.0,2.0,0.0,0.0,1.0,1.0,1.0,31.77,1.0,1,3
784faa50-98a1-4169-954b-69416a0acbb2,1,0,0.0,3.0,53050.0,17683.333333333332,11060.176686352408,1.0,0.0,1.0,6.0,0.0,1.0,0.0,15.0,14.0,117.88888888888887,1.0,1,9
4c4f8745-cbb2-4dea-b9bc-09470cae35e1,1,0,1.0,2.0,56967.0,28483.5,1109.450539681693,1.0,0.0,1.0,3.0,0.0,1.0,0.0,14.0,14.0,189.89,1.0,0,4
f1e73cd9-42e0-45eb-be6d-2ff7e9ca35ee,1,0,1.0,1.0,21071.0,21071.0,0.0,1.0,0.0,1.0,6.0,1.0,0.0,0.0,4.0,3.0,140.47333333333333,1.0,0,9
2a5ef3fc-4a94-49e0-806f-71e2fa8bb89d,1,0,1.0,1.0,29326.0,29326.0,0.0,1.0,0.0,1.0,6.0,0.0,1.0,0.0,8.0,8.0,195.50666666666666,1.0,0,9
420cb982-4a5c-48f8-8c46-bf34fbef8753,1,0,0.0,2.0,24992.0,12496.0,3517.1491296218874,1.0,0.0,1.0,5.0,0.0,0.0,1.0,9.0,7.0,83.30666666666667,1.0,1,8
25830a77-5fae-412d-9764-dfcdb4cb3455,1,0,0.0,3.0,90944.0,30314.666666666668,30016.778313692048,1.0,0.0,1.0,1.0,0.0,0.6666666666666666,0.3333333333333333,5.0,6.0,606.2933333333333,0.0,1,1
fcab1d57-561a-493a-bd23-c49b4514decf,0,0,1.0,3.0,99983.0,33327.666666666664,2988.083387948425,1.0,0.0,1.0,4.0,0.3333333333333333,0.6666666666666666,0.0,6.0,6.0,333.27666666666664,1.0,1,5
bc3e4cb2-2994-4348-a7ba-6c3cd7fa76ce,0,0,0.0,1.0,6312.0,6312.0,0.0,1.0,0.0,1.0,5.0,1.0,0.0,0.0,2.0,2.0,42.08,1.0,0,8
d553a569-714a-420a-a4c3-ef77dea39eb9,6,1,1.0,2.0,42868.0,21434.0,5334.413557271315,1.0,0.0,1.0,3.0,0.5,0.0,0.5,14.0,13.0,142.89333333333332,1.0,1,4
78eb50dd-cd3d-4ce4-b746-639248c297db,6,1,0.0,1.0,6113.0,6113.0,0.0,0.0,1.0,1.0,6.0,1.0,0.0,0.0,3.0,3.0,40.75333333333333,1.0,0,9
ea6a1032-7c5f-4367-bdce-f95aed3a13ec,6,1,1.0,1.0,20280.0,20280.0,0.0,1.0,0.0,1.0,3.0,1.0,0.0,0.0,2.0,2.0,135.2,1.0,0,4
7f1c3ce1-acf3-451e-9671-6bf83dabc533,6,1,1.0,3.0,66970.0,22323.333333333332,10529.662878427464,1.0,0.0,1.0,3.0,1.0,0.0,0.0,21.0,22.0,148.82222222222222,1.0,1,4
369525c2-afce-40d5-b7ab-dfb338208541,4,0,1.0,3.0,33670.0,11223.333333333334,10235.644890935468,0.33333333333333337,1.0,1.0,3.0,0.3333333333333333,0.3333333333333333,0.3333333333333333,5.0,5.0,74.82222222222221,1.0,0,4
f83d653c-2de4-4dc3-8015-f4b780ea6af7,3,0,1.0,1.0,24957.0,24957.0,0.0,1.0,0.0,1.0,2.0,0.0,1.0,0.0,2.0,2.0,249.57,1.0,0,3
1e6562c7-cb01-4939-9544-dfde078d1d08,3,0,1.0,2.0,31731.0,15865.5,767.2108575874041,0.5,1.0,1.0,6.0,0.5,0.5,0.0,10.0,9.0,105.77000000000001,1.0,0,9
b4ddfc7a-1339-49b3-b6cd-36e912436a8b,3,0,0.0,1.0,2056.0,2056.0,0.0,1.0,0.0,1.0,1.0,1.0,0.0,0.0,1.0,1.0,41.12,0.0,1,1
d93f157d-db02-4f57-a1ad-77605c2799e0,3,0,1.0,1.0,2367.0,2367.0,0.0,1.0,0.0,1.0,2.0,0.0,1.0,0.0,1.0,1.0,23.67,1.0,1,3
05b4b76f-f2f8-45eb-8c59-25755c715572,3,0,1.0,3.0,44833.0,14944.333333333334,5040.665663712813,0.33333333333333337,1.0,1.0,4.0,0.0,0.3333333333333333,0.6666666666666666,4.0,4.0,149.44333333333336,1.0,1,5
bb9c6af2-0c1f-4748-a42c-9a03b4abe90b,3,0,2.0,1.0,16856.0,16856.0,0.0,0.0,1.0,1.0,2.0,1.0,0.0,0.0,1.0,2.0,168.56,1.0,0,3
914ae0f9-4294-4c56-bf25-023fd0a1516a,3,0,2.0,1.0,26752.0,26752.0,0.0,0.0,1.0,1.0,6.0,0.0,1.0,0.0,10.0,10.0,178.34666666666666,1.0,0,9
11bffa03-dab2-4053-9eab-d0d2700f691a,2,0,1.0,1.0,20272.0,20272.0,0.0,1.0,0.0,1.0,5.0,1.0,0.0,0.0,6.0,6.0,135.14666666666668,1.0,0,8
20742422-bc2b-4495-bc89-8a038148b4c2,2,0,1.0,1.0,3467.0,3467.0,0.0,1.0,0.0,1.0,1.0,1.0,0.0,0.0,2.0,4.0,69.34,0.0,0,1
d892afdf-1552-4840-b413-3539ba1f6f65,2,0,1.0,1.0,3396.0,3396.0,0.0,1.0,0.0,1.0,1.0,1.0,0.0,0.0,2.0,2.0,67.92,0.0,0,1
11866688-e649-4cfe-bfb3-6f2c1e5d42b4,2,0,1.0,2.0,34058.0,17029.0,7369.4668735261985,1.0,0.0,1.0,6.0,0.0,1.0,0.0,6.0,7.0,113.52666666666667,1.0,0,9
d70032e7-da0c-4713-aa02-35f1c0615ec3,2,0,1.0,1.0,56839.0,56839.0,0.0,1.0,0.0,1.0,3.0,0.0,0.0,1.0,8.0,8.0,378.9266666666667,1.0,0,4
29e715c0-2c0d-4310-b92e-3632222aa569,2,0,1.0,1.0,11193.0,11193.0,0.0,1.0,0.0,1.0,1.0,1.0,0.0,0.0,3.0,3.0,223.86,0.0,0,1
d9b4048d-3812-4c3d-8bd1-7423cde544ef,2,0,1.0,2.0,23633.0,11816.5,1991.9198026025044,1.0,0.0,1.0,3.0,0.5,0.0,0.5,4.0,4.0,78.77666666666667,1.0,1,4
ee784da3-61dd-4dff-8170-001aa49cb21f,2,0,1.0,2.0,6764.0,3382.0,144.2497833620557,1.0,0.0,1.0,5.0,0.0,1.0,0.0,2.0,2.0,22.546666666666667,1.0,0,8
4a92093f-4a37-4d99-83fb-29163dc72ad0,2,0,2.0,2.0,22829.0,11414.5,5677.36034614679,0.5,1.0,1.0,1.0,1.0,0.0,0.0,2.0,2.0,228.29,0.0,0,1
bb6056bd-6b47-4b1f-99c3-8c457a70df5f,2,0,1.0,2.0,28493.0,14246.5,9678.170514100277,1.0,0.0,1.0,6.0,0.0,0.5,0.5,11.0,12.0,94.97666666666666,1.0,1,9
d40e39af-d9aa-44a2-a48e-9b37ed65e70b,1,0,0.0,1.0,370.0,370.0,0.0,1.0,0.0,1.0,4.0,1.0,0.0,0.0,1.0,1.0,3.7,1.0,0,5
b197d5f1-1d9d-4c83-919b-e3ebec593631,0,0,1.0,2.0,55418.0,27709.0,227.6883835420683,1.0,0.0,1.0,6.0,0.0,1.0,0.0,7.0,7.0,184.7266666666667,1.0,0,9
068120bd-c5f8-4f21-80ce-296bf2f9e78b,0,0,1.0,3.0,68592.0,22864.0,1380.1836834276805,1.0,0.0,1.0,1.0,0.0,1.0,0.0,8.0,8.0,457.28,0.0,1,1
2d887695-7560-488b-8709-cb16704ef59a,0,0,0.0,2.0,86399.0,43199.5,11031.572893291328,1.0,0.0,1.0,2.0,0.0,0.0,1.0,1.0,1.0,431.995,1.0,1,3
6a193d19-00f0-42f5-a66b-52e432d1e158,0,0,1.0,3.0,70694.0,23564.666666666668,2367.5021295308966,1.0,0.0,1.0,3.0,0.6666666666666666,0.3333333333333333,0.0,24.0,24.0,157.09777777777776,1.0,1,4
bb18a84e-4d47-43fb-ac30-d50e094532ee,5,1,1.0,1.0,22321.0,22321.0,0.0,0.0,1.0,1.0,1.0,1.0,0.0,0.0,3.0,3.0,446.42,0.0,0,1
597b9fe8-db0c-406b-a9d6-31bfbe9093af,5,1,0.0,1.0,15153.0,15153.0,0.0,0.0,1.0,1.0,3.0,0.0,1.0,0.0,4.0,4.0,101.02,1.0,0,4
a572d366-aa72-49f8-8799-479135b34cf9,5,1,1.0,1.0,3293.0,3293.0,0.0,0.0,1.0,1.0,6.0,1.0,0.0,0.0,1.0,1.0,21.953333333333333,1.0,0,9
a049c143-9c9c-4551-93af-dbcf46fe6abe,5,1,1.0,3.0,69690.0,23230.0,34337.04735413341,0.6666666666666667,1.0,1.0,6.0,0.0,0.0,1.0,1.0,2.0,154.86666666666667,1.0,0,9
15bb5cb0-6a51-42b9-b797-bd5f6c51a747,5,1,2.0,2.0,56993.0,28496.5,1617.1532085736342,1.0,0.0,1.0,1.0,0.0,1.0,0.0,6.0,6.0,569.93,0.0,1,1
36ecdaf1-0269-4875-8352-b8d92bfb59a1,5,1,1.0,1.0,16618.0,16618.0,0.0,0.0,1.0,1.0,2.0,1.0,0.0,0.0,1.0,1.0,166.18,1.0,0,3
12611460-9f54-45c0-869d-aedcba4b08b0,2,0,2.0,1.0,5778.0,5778.0,0.0,1.0,0.0,1.0,6.0,0.0,1.0,0.0,4.0,4.0,38.52,1.0,0,9
c286712e-4837-4bad-b9ed-ce502ef86dbe,2,0,2.0,1.0,3411.0,3411.0,0.0,1.0,0.0,1.0,6.0,0.0,1.0,0.0,4.0,4.0,22.74,1.0,0,9
708bdac9-9442-410b-8475-cfaf305e8fcb,2,0,1.0,3.0,58501.0,19500.333333333332,23377.279831779684,0.6666666666666667,1.0,1.0,6.0,0.0,0.3333333333333333,0.6666666666666666,6.0,6.0,130.00222222222223,1.0,1,9
07d073f3-d749-4a78-bc20-099d23ba93b3,2,0,0.0,3.0,42087.0,14029.0,10297.326109238262,1.0,0.0,1.0,2.0,0.3333333333333333,0.0,0.6666666666666666,7.0,7.0,140.29,1.0,1,3
529142f0-e8a6-4cda-8b79-6663cc875d72,2,0,1.0,2.0,25220.0,12610.0,2662.964137948538,0.5,1.0,1.0,3.0,1.0,0.0,0.0,4.0,4.0,84.06666666666666,1.0,0,4
ecc7c3f4-8f14-4581-b48e-6510ffccfd7a,2,0,1.0,2.0,29298.0,14649.0,3331.887152951012,1.0,0.0,1.0,3.0,0.0,0.0,1.0,5.0,5.0,97.66,1.0,1,4
44b8bc74-709f-4c70-9dc4-ab85f9e16f8e,2,0,0.0,1.0,10583.0,10583.0,0.0,1.0,0.0,1.0,3.0,0.0,0.0,1.0,2.0,3.0,70.55333333333333,1.0,0,4
84f53d90-42fb-4d93-94ea-118fbd9ed8e3,1,0,1.0,2.0,40864.0,20432.0,1029.547473407613,1.0,0.0,1.0,4.0,0.0,1.0,0.0,6.0,6.0,204.32,1.0,0,5
2039ad18-bcc7-4f77-a38f-e531733b2d6c,1,0,0.0,1.0,62935.0,62935.0,0.0,1.0,0.0,1.0,1.0,0.0,0.0,1.0,1.0,2.0,0.0,0.0,0,1
dc9b3579-4dfc-4673-8390-322ed8434749,1,0,0.0,3.0,103275.0,34425.0,8718.66176657863,1.0,0.0,1.0,6.0,0.3333333333333333,0.6666666666666666,0.0,24.0,22.0,229.5,1.0,0,9
566df49f-7957-4d6a-9988-0358237f6241,1,0,1.0,2.0,14408.0,7204.0,3580.7887399286765,1.0,0.0,1.0,2.0,0.0,0.0,1.0,3.0,3.0,72.03999999999999,1.0,0,3
d39463e6-45e2-4a98-ae7d-24e2fd93a8d4,1,0,1.0,2.0,19185.0,9592.5,4159.909193720459,1.0,0.0,1.0,6.0,0.5,0.5,0.0,6.0,6.0,63.95,1.0,1,9
a0b981a8-5258-4fa8-a9c8-dc13d233bb9c,1,0,1.0,2.0,13159.0,6579.5,2748.52405847211,1.0,0.0,1.0,3.0,0.5,0.0,0.5,7.0,7.0,43.86333333333333,1.0,1,4
cca64e5e-6dcf-4e1b-b2a8-8715d919fd04,0,0,1.0,1.0,30402.0,30402.0,0.0,1.0,0.0,1.0,1.0,0.0,1.0,0.0,8.0,10.0,608.04,0.0,0,1
26034e3f-f429-46b9-b5d9-c842ea6d551c,0,0,2.0,1.0,913.0,913.0,0.0,1.0,0.0,1.0,1.0,1.0,0.0,0.0,1.0,1.0,18.26,0.0,1,1
6b7117d1-1dee-4e16-917e-8372d1a995de,0,0,2.0,2.0,62064.0,31032.0,1377.4440097513946,1.0,0.0,1.0,6.0,0.5,0.0,0.5,4.0,2.0,206.88,1.0,1,9
632d691e-c4f7-417b-9754-37bb1c06a3d2,0,0,0.0,2.0,37709.0,18854.5,17857.98175886626,1.0,0.0,1.0,2.0,0.5,0.5,0.0,4.0,5.0,188.545,1.0,0,3
5a6d3554-3534-436e-814c-1f3367d5146f,0,0,1.0,3.0,61552.0,20517.333333333332,7954.682541329562,1.0,0.0,1.0,3.0,1.0,0.0,0.0,13.0,12.0,136.78222222222223,1.0,1,4
4722208d-124c-480a-b8f5-6fd0909b6258,0,0,1.0,2.0,38558.0,19279.0,16393.563615028917,1.0,0.0,1.0,5.0,0.0,1.0,0.0,12.0,12.0,128.52666666666667,1.0,0,8
072cd1c7-21ae-4642-977d-ef034e6d9901,0,0,1.0,2.0,42548.0,21274.0,4832.367742628866,1.0,0.0,1.0,6.0,1.0,0.0,0.0,3.0,3.0,141.82666666666665,1.0,0,9
d6de7005-5b24-4c55-934c-edb43f3c93da,0,0,1.0,1.0,29678.0,29678.0,0.0,1.0,0.0,1.0,1.0,0.0,1.0,0.0,5.0,5.0,593.56,0.0,0,1
bafe5fc2-8c58-4c5e-a73e-6c47f3e5d880,0,0,1.0,3.0,69704.0,23234.666666666668,4225.79274614046,1.0,0.0,1.0,5.0,1.0,0.0,0.0,13.0,14.0,154.8977777777778,1.0,0,8
b7ddceb4-0fd1-4772-a234-9bb85d885728,4,0,1.0,2.0,54660.0,27330.0,5067.127193982799,0.5,1.0,1.0,2.0,0.0,1.0,0.0,2.0,2.0,273.3,1.0,0,3
1754e715-81f7-451c-a6e0-6fc2ee393835,4,0,1.0,2.0,6937.0,3468.5,43.1335136523794,0.0,1.0,1.0,4.0,1.0,0.0,0.0,2.0,2.0,34.685,1.0,0,5
c344f112-416b-43b3-8386-488370edd392,4,0,2.0,2.0,108622.0,54311.0,37601.11019637585,0.5,1.0,1.0,3.0,0.0,0.5,0.5,6.0,5.0,362.0733333333334,1.0,1,4
9c9ca02c-ca33-42b9-a9cf-a1d1b2d27d71,4,0,2.0,2.0,32159.0,16079.5,7916.060415383399,0.5,1.0,1.0,3.0,1.0,0.0,0.0,4.0,4.0,107.19666666666666,1.0,1,4
2710edda-01e1-4524-acab-3e7207f50611,4,0,1.0,2.0,53946.0,26973.0,3504.4212075605296,0.0,1.0,1.0,2.0,0.5,0.5,0.0,6.0,6.0,269.73,1.0,0,3
4ab46a33-3202-4500-be1b-c31ef3834176,4,0,2.0,1.0,3632.0,3632.0,0.0,0.0,1.0,1.0,5.0,0.0,1.0,0.0,3.0,2.0,24.213333333333335,1.0,1,8
1ca4bf47-b757-48f1-ae2a-39b7f7c30679,4,0,1.0,2.0,3340.0,1670.0,838.6286424872453,0.0,1.0,1.0,5.0,0.0,0.0,1.0,2.0,2.0,11.133333333333333,1.0,0,8
7fb482ad-515d-4d41-ba6d-cb3efc1bef05,4,0,1.0,1.0,6601.0,6601.0,0.0,0.0,1.0,1.0,2.0,0.0,0.0,1.0,3.0,2.0,66.01,1.0,0,3
06be5e1c-8db4-4b20-8c90-1dc13b8dea96,4,0,1.0,2.0,48306.0,24153.0,3002.3753929180807,0.0,1.0,1.0,2.0,0.5,0.0,0.5,9.0,8.0,241.53,1.0,0,3
9297aaf7-498d-4428-97b5-4180e2ac37f9,4,0,1.0,2.0,13298.0,6649.0,1144.0987719598338,0.0,1.0,1.0,6.0,0.0,0.0,1.0,3.0,3.0,44.32666666666667,1.0,0,9
50e0866b-5cdd-4210-9063-61d52341a91b,4,0,2.0,1.0,3449.0,3449.0,0.0,0.0,1.0,1.0,5.0,0.0,1.0,0.0,1.0,1.0,22.993333333333332,1.0,1,8
c9f332bd-4c69-4758-8f50-874c3d38f14a,3,0,2.0,1.0,17038.0,17038.0,0.0,0.0,1.0,1.0,3.0,1.0,0.0,0.0,8.0,7.0,113.58666666666667,1.0,1,4
7816ee7e-e0df-4bcb-b723-f38b3340b4a2,3,0,1.0,1.0,11304.0,11304.0,0.0,1.0,0.0,1.0,6.0,1.0,0.0,0.0,5.0,4.0,75.36,1.0,1,9
1350cd2b-577d-4ff8-9c66-bae21d95c245,3,0,1.0,3.0,40748.0,10187.0,11786.295572966654,0.25,1.0,3.0,1.0,0.25,0.25,0.5,7.0,7.0,161.39666666666665,0.0,1,1
6f58e2ab-2149-4c5a-a8ce-4b69a90773fe,3,0,1.0,2.0,53290.0,26645.0,4099.805117319603,0.5,1.0,1.0,1.0,0.0,1.0,0.0,11.0,9.0,532.9,0.0,0,1
3568e924-df65-4819-ad59-10837033cf73,3,0,0.0,3.0,76636.0,25545.333333333332,23629.575966007797,0.6666666666666667,1.0,1.0,2.0,0.0,0.3333333333333333,0.6666666666666666,5.0,5.0,255.45333333333335,1.0,1,3
62286d43-67de-4c06-929c-8b8e3a865ea3,3,0,0.0,1.0,11714.0,11714.0,0.0,1.0,0.0,1.0,1.0,1.0,0.0,0.0,2.0,2.0,234.28,0.0,0,1
85ad993b-ef80-48c4-89b4-c903fe43e76a,2,0,1.0,1.0,15590.0,15590.0,0.0,1.0,0.0,1.0,6.0,1.0,0.0,0.0,6.0,6.0,103.93333333333334,1.0,0,9
ee3cd8c8-876c-4bf2-a4e4-b714158451c9,2,0,0.0,1.0,5455.0,5455.0,0.0,1.0,0.0,1.0,3.0,0.0,0.0,1.0,4.0,4.0,36.36666666666667,1.0,1,4
7ef6fa0a-89a4-4894-8956-8f1a9c088c4e,2,0,1.0,3.0,51148.0,17049.333333333332,8559.537506976258,0.6666666666666667,1.0,1.0,5.0,0.6666666666666666,0.3333333333333333,0.0,12.0,11.0,113.66222222222223,1.0,1,8
6ed9cfe8-438b-4c44-adac-624eeb19f11a,2,0,1.0,2.0,24874.0,12437.0,5068.541407545173,0.5,1.0,1.0,3.0,0.5,0.0,0.5,5.0,5.0,82.91333333333334,1.0,0,4
67067ef3-9c86-43b4-afce-410310656e5f,2,0,1.0,2.0,26540.0,13270.0,3505.8354211229025,1.0,0.0,1.0,5.0,1.0,0.0,0.0,5.0,5.0,88.46666666666667,1.0,0,8
e4cf541b-c1a1-4048-bf04-533d94ba5be3,2,0,1.0,1.0,9771.0,9771.0,0.0,1.0,0.0,1.0,6.0,1.0,0.0,0.0,3.0,3.0,65.14,1.0,1,9
034fa8d3-d039-4931-a990-7fabb397b116,2,0,2.0,1.0,20995.0,20995.0,0.0,1.0,0.0,1.0,3.0,1.0,0.0,0.0,3.0,1.0,139.96666666666667,1.0,0,4
f4c5d02e-7460-4f80-8b75-58979781a4b4,2,0,1.0,2.0,77955.0,38977.5,32567.21702110882,1.0,0.0,1.0,5.0,0.5,0.0,0.5,7.0,6.0,259.85,1.0,1,8
93f956fc-4add-45e5-aac8-1ab944a4d2a4,2,0,1.0,1.0,12882.0,12882.0,0.0,1.0,0.0,1.0,3.0,0.0,1.0,0.0,3.0,3.0,85.88,1.0,0,4
63b27dd4-b5c3-45e2-9b14-f5425c3b93e1,2,0,1.0,2.0,15095.0,7547.5,324.5620125646253,1.0,0.0,1.0,3.0,0.0,0.0,1.0,6.0,6.0,50.31666666666666,1.0,1,4
88ac888f-39fe-4a6d-b55a-68d35a74a46a,2,0,1.0,2.0,17772.0,8886.0,519.0163773909259,0.5,1.0,1.0,2.0,1.0,0.0,0.0,1.0,1.0,88.86,1.0,1,3
db09a6b1-9831-4186-bf08-9739d4202625,2,0,1.0,2.0,56474.0,28237.0,2177.8888860545662,1.0,0.0,1.0,4.0,0.0,1.0,0.0,7.0,7.0,282.37,1.0,0,5
ede2eba4-6c6e-4562-835c-c3f3ada5edc5,2,0,0.0,1.0,6304.0,6304.0,0.0,1.0,0.0,1.0,3.0,0.0,0.0,1.0,8.0,7.0,42.026666666666664,1.0,0,4
99eed141-a490-42c4-9567-b19bbf388d38,1,0,2.0,2.0,20727.0,10363.5,3270.3688629877824,1.0,0.0,1.0,2.0,0.0,0.0,1.0,2.0,1.0,103.635,1.0,0,3
630f9b30-85b8-4cec-ae6e-a9c84d1cbf42,1,0,1.0,2.0,6692.0,3346.0,49.49747468305833,1.0,0.0,1.0,3.0,0.0,0.5,0.5,3.0,3.0,22.306666666666665,1.0,1,4
995eb2e7-1710-4dac-a813-00c300793d06,1,0,1.0,1.0,26940.0,26940.0,0.0,1.0,0.0,1.0,1.0,0.0,1.0,0.0,3.0,3.0,538.8,0.0,0,1
dee1ff8b-482a-489c-b815-d758282ae94e,1,0,1.0,1.0,18964.0,18964.0,0.0,1.0,0.0,1.0,2.0,1.0,0.0,0.0,1.0,1.0,189.64,1.0,0,3
e6129dac-786a-4e31-bfab-268c6b7d0bbf,1,0,0.0,3.0,50751.0,12687.75,11709.87211359145,1.0,0.0,3.0,2.0,0.0,0.75,0.25,10.0,10.0,97.22583333333333,1.0,1,3
889dfa1e-3972-457b-b100-8f6620ab7382,1,0,1.0,2.0,10840.0,5420.0,490.73210614346397,1.0,0.0,1.0,2.0,0.0,0.0,1.0,2.0,3.0,54.2,1.0,1,3
86160cff-fb93-4fe1-b79d-22e72fecdea3,1,0,1.0,3.0,54493.0,18164.333333333332,5158.592088286622,1.0,0.0,1.0,1.0,0.6666666666666666,0.0,0.3333333333333333,10.0,10.0,363.2866666666667,0.0,0,1
120333c1-28e3-4ec1-925e-ead1c8b2fccd,1,0,1.0,1.0,18961.0,18961.0,0.0,1.0,0.0,1.0,2.0,1.0,0.0,0.0,2.0,2.0,189.61,1.0,0,3
4513053c-b2d9-4e22-bda0-4d33e09837b5,1,0,1.0,3.0,57479.0,19159.666666666668,2597.0206647875043,1.0,0.0,2.0,6.0,1.0,0.0,0.0,12.0,12.0,202.92666666666665,0.0,1,9
b5520f10-d355-454a-ab28-8635541d54f5,1,0,1.0,1.0,18958.0,18958.0,0.0,1.0,0.0,1.0,2.0,1.0,0.0,0.0,1.0,1.0,189.58,1.0,0,3
bbfa7867-4f4e-4973-b612-cfc695d7150e,0,0,0.0,2.0,24356.0,12178.0,879.6408357960652,1.0,0.0,1.0,1.0,0.5,0.5,0.0,2.0,2.0,243.56,0.0,1,1
eac921a8-5368-447f-86be-6eaed00344de,0,0,0.0,3.0,13384.0,4461.333333333333,4207.803266947414,1.0,0.0,2.0,2.0,0.6666666666666666,0.3333333333333333,0.0,2.0,2.0,44.29888888888889,1.0,1,3
01b89367-d1c2-44c6-908c-8f07ca9b73fe,0,0,2.0,1.0,26904.0,26904.0,0.0,1.0,0.0,1.0,1.0,0.0,1.0,0.0,4.0,4.0,538.08,0.0,0,1
ef5f08a4-9c07-4fe4-b98d-07c841ac562b,0,0,2.0,2.0,54186.0,27093.0,15260.778551568068,1.0,0.0,1.0,3.0,0.0,0.5,0.5,14.0,14.0,180.62,1.0,0,4
edb3e2ca-03e3-4e3d-b14c-c842dc731e9d,0,0,2.0,1.0,1149.0,1149.0,0.0,1.0,0.0,1.0,6.0,0.0,0.0,1.0,4.0,3.0,7.66,1.0,0,9
e023867a-76bd-4951-8623-c28044438f5f,0,0,1.0,3.0,46238.0,15412.666666666666,7718.943990814633,1.0,0.0,1.0,3.0,0.3333333333333333,0.6666666666666666,0.0,7.0,6.0,102.75111111111111,1.0,1,4
16ca3ea0-8674-403c-b64f-614c7c8fa4cd,0,0,1.0,3.0,83472.0,27824.0,7393.737417571711,1.0,0.0,1.0,6.0,1.0,0.0,0.0,5.0,4.0,185.49333333333334,1.0,0,9
e016705b-3a61-4d70-959e-e593fd3d171e,0,0,0.0,1.0,16.0,16.0,0.0,1.0,0.0,1.0,2.0,1.0,0.0,0.0,1.0,1.0,0.16,1.0,0,3
8e673f5a-d216-47ce-ac02-1be931c80326,6,1,1.0,3.0,112894.0,37631.333333333336,8541.311511315656,1.0,0.0,1.0,6.0,0.3333333333333333,0.6666666666666666,0.0,14.0,14.0,250.87555555555556,1.0,0,9
b2293785-0bf7-41e0-9900-19a87496f1c4,6,1,0.0,1.0,23243.0,23243.0,0.0,0.0,1.0,1.0,6.0,1.0,0.0,0.0,5.0,5.0,154.95333333333335,1.0,1,9
c700d296-02b3-4107-9be5-d3e831be76b2,6,1,1.0,2.0,28249.0,14124.5,16521.549942423684,1.0,0.0,1.0,3.0,0.5,0.5,0.0,16.0,16.0,94.16333333333333,1.0,0,4
f441a642-2559-4924-b43e-dbb7024afa68,6,1,1.0,3.0,75925.0,25308.333333333332,5536.896001672177,1.0,0.0,1.0,3.0,0.3333333333333333,0.6666666666666666,0.0,9.0,8.0,168.7222222222222,1.0,1,4
647288cb-cb92-47c0-9c8d-0f8369bd7841,5,1,0.0,1.0,26525.0,26525.0,0.0,0.0,1.0,1.0,4.0,0.0,1.0,0.0,7.0,7.0,265.25,1.0,0,5
d2709ce4-9f64-48c2-8a3b-00f84c9f59df,5,1,2.0,2.0,36997.0,18498.5,2095.1573926557403,1.0,0.0,1.0,1.0,0.0,1.0,0.0,5.0,5.0,369.97,0.0,0,1
e3df1ee7-a47c-4cab-826d-cef962db8eef,5,1,1.0,1.0,15572.0,15572.0,0.0,0.0,1.0,1.0,3.0,0.0,1.0,0.0,3.0,3.0,103.81333333333333,1.0,0,4
e57d2f4f-7e53-444c-837e-8a40e0b8de67,5,1,1.0,2.0,39627.0,19813.5,7925.959910320011,0.5,1.0,1.0,6.0,0.0,1.0,0.0,15.0,14.0,132.09,1.0,0,9
d1288692-1e09-4fea-9ef1-af7ccfd8fd31,5,1,1.0,1.0,11728.0,11728.0,0.0,0.0,1.0,1.0,2.0,1.0,0.0,0.0,1.0,1.0,117.28,1.0,0,3
8821dc42-2f29-4740-9771-31a0ef396a7e,5,1,1.0,1.0,12478.0,12478.0,0.0,0.0,1.0,1.0,2.0,1.0,0.0,0.0,2.0,1.0,124.78,1.0,0,3
5aa71ce0-a0b7-44ce-8105-f9148bd4a51a,4,0,0.0,3.0,125187.0,41729.0,23243.931917814592,0.33333333333333337,1.0,1.0,2.0,0.0,0.3333333333333333,0.6666666666666666,11.0,10.0,417.28999999999996,1.0,0,3
665c7c99-dfed-498b-aa83-ef6a306fd5de,4,0,1.0,3.0,88934.0,29644.666666666668,15959.289280332421,0.33333333333333337,1.0,1.0,3.0,0.0,0.0,1.0,16.0,16.0,197.63111111111115,1.0,0,4
b6a0c1c6-f2d4-449f-8d31-35cd817923d2,4,0,1.0,2.0,29768.0,14884.0,16254.970685916354,0.0,1.0,1.0,3.0,0.0,0.0,1.0,6.0,6.0,99.22666666666666,1.0,0,4
c8ddbb0c-6035-45f8-8dbd-2e23bccbcc67,4,0,2.0,2.0,18250.0,9125.0,2730.8463889424465,0.5,1.0,1.0,5.0,0.5,0.0,0.5,1.0,1.0,60.83333333333333,1.0,0,8
33dc76c8-e4ba-4d25-9168-c7d0b17111f1,4,0,1.0,1.0,4322.0,4322.0,0.0,0.0,1.0,1.0,2.0,0.0,1.0,0.0,1.0,1.0,43.22,1.0,0,3
5a5d72fe-e4cd-486c-b554-6d60dfab2b10,4,0,1.0,3.0,97956.0,32652.0,16486.49359324171,0.33333333333333337,1.0,1.0,6.0,0.3333333333333333,0.3333333333333333,0.3333333333333333,27.0,28.0,217.67999999999998,1.0,0,9
2be44c8c-bf8c-452b-b8e6-458691d7dea1,4,0,1.0,3.0,35648.0,11882.666666666666,9509.730402768173,0.33333333333333337,1.0,1.0,3.0,1.0,0.0,0.0,10.0,10.0,79.21777777777778,1.0,0,4
1606ba75-4cea-4940-bb39-3a85519d27f3,3,0,1.0,2.0,25690.0,12845.0,9012.783033003734,0.5,1.0,1.0,6.0,1.0,0.0,0.0,5.0,5.0,85.63333333333334,1.0,0,9
4bbdbab9-7afa-4f8d-9e2c-50c84174b381,3,0,1.0,1.0,17440.0,17440.0,0.0,1.0,0.0,1.0,3.0,0.0,0.0,1.0,3.0,3.0,116.26666666666667,1.0,0,4
989bdb58-f369-4fd2-acdc-f0e96bbe4563,2,0,1.0,2.0,8862.0,4431.0,1475.0247455551382,1.0,0.0,1.0,2.0,0.5,0.5,0.0,2.0,2.0,44.31,1.0,0,3
4c6c361e-0c4a-4131-8e89-c60683697bb3,2,0,2.0,2.0,6431.0,3215.5,3492.400392280358,0.5,1.0,1.0,3.0,0.5,0.5,0.0,1.0,1.0,21.436666666666667,1.0,0,4
288bcd2c-9e06-4740-9719-fe1e7aaec951,2,0,1.0,3.0,68688.0,22896.0,8599.818079471217,0.6666666666666667,1.0,1.0,1.0,0.3333333333333333,0.6666666666666666,0.0,10.0,10.0,457.92,0.0,0,1
af533eb9-ab73-4eef-8de8-1a6aef722a51,1,0,0.0,2.0,38864.0,19432.0,1656.0440815388943,1.0,0.0,2.0,3.0,1.0,0.0,0.0,7.0,7.0,129.54666666666665,1.0,1,4
50290f00-6ba3-4887-82e1-87622447e54c,1,0,1.0,2.0,60683.0,30341.5,1226.83026535866,1.0,0.0,1.0,6.0,0.0,1.0,0.0,9.0,8.0,202.27666666666667,1.0,0,9
7b3fd4f3-7d31-47cc-abe5-a0126a1bbfbe,1,0,1.0,1.0,33353.0,33353.0,0.0,1.0,0.0,1.0,1.0,0.0,1.0,0.0,6.0,5.0,0.0,0.0,1,1
c09c34c8-faee-4c89-ae6b-ee636302b950,1,0,0.0,1.0,6772.0,6772.0,0.0,1.0,0.0,1.0,2.0,1.0,0.0,0.0,1.0,1.0,67.72,1.0,1,3
071634f4-d1b8-4659-9a77-32a8694fd7e9,1,0,0.0,3.0,14100.0,4700.0,4555.821879749032,1.0,0.0,1.0,6.0,0.6666666666666666,0.3333333333333333,0.0,2.0,2.0,31.333333333333332,1.0,1,9
a264f907-ffbb-475f-8ae9-380d72e90939,1,0,2.0,1.0,5788.0,5788.0,0.0,1.0,0.0,1.0,5.0,0.0,1.0,0.0,2.0,2.0,38.586666666666666,1.0,1,8
b034b8ba-c9d7-44db-aae1-979c099f7a8d,0,0,1.0,2.0,32104.0,16052.0,10811.662684342311,1.0,0.0,1.0,3.0,0.0,1.0,0.0,6.0,6.0,107.01333333333332,1.0,1,4
d6efa52c-166c-4533-a178-7052f82ff3eb,0,0,1.0,1.0,27170.0,27170.0,0.0,1.0,0.0,1.0,5.0,0.0,1.0,0.0,4.0,3.0,181.13333333333333,1.0,0,8
a07b4458-1a25-416f-8d7d-42496b3b3c92,0,0,1.0,3.0,59780.0,19926.666666666668,2845.393880174295,1.0,0.0,1.0,5.0,1.0,0.0,0.0,7.0,7.0,132.84444444444443,1.0,0,8
a0b19846-e173-497e-b1dc-5464ee4763fa,0,0,2.0,2.0,24721.0,12360.5,2587.3037123615773,1.0,0.0,1.0,2.0,1.0,0.0,0.0,1.0,1.0,123.605,1.0,1,3
e8e6890a-dc54-48d5-bde8-68383847b72a,0,0,1.0,1.0,15609.0,15609.0,0.0,1.0,0.0,1.0,3.0,0.0,1.0,0.0,3.0,2.0,104.06,1.0,1,4
601a3844-d1fd-49f5-b841-c075e1b9cc8f,0,0,0.0,1.0,28481.0,28481.0,0.0,1.0,0.0,1.0,4.0,0.0,1.0,0.0,5.0,5.0,284.81,1.0,0,5
f81a2d3f-94a0-446c-877a-da8adcc18dd0,0,0,1.0,2.0,45591.0,22795.5,393.85847712090697,1.0,0.0,1.0,3.0,0.0,1.0,0.0,3.0,3.0,151.97,1.0,0,4
62818177-77db-409d-9625-ac7b7faafd94,0,0,2.0,1.0,4490.0,4490.0,0.0,1.0,0.0,1.0,2.0,1.0,0.0,0.0,1.0,1.0,44.9,1.0,0,3
892b7921-9a9f-476e-bbc1-2aee34c97d06,0,0,0.0,1.0,11070.0,11070.0,0.0,1.0,0.0,1.0,6.0,1.0,0.0,0.0,5.0,3.0,73.8,1.0,0,9
9d6b68c9-af33-4bc6-a1d0-ee5ac7ad6a78,0,0,1.0,2.0,48364.0,24182.0,9000.055110942378,1.0,0.0,1.0,6.0,0.5,0.5,0.0,13.0,12.0,161.2133333333333,1.0,1,9
a4032c53-e078-486e-8d5d-3177f253a8c5,0,0,2.0,2.0,21048.0,10524.0,4978.031739553295,1.0,0.0,1.0,3.0,0.5,0.0,0.5,1.0,1.0,70.16,1.0,1,4
052c629b-dce1-4ccb-a7b3-6aa8dce093d3,0,0,1.0,1.0,3105.0,3105.0,0.0,1.0,0.0,1.0,1.0,0.0,0.0,1.0,1.0,1.0,62.1,0.0,1,1
8eb33673-ef15-40c5-829d-69426508ca21,0,0,1.0,3.0,58812.0,19604.0,8140.972116399859,1.0,0.0,1.0,1.0,0.6666666666666666,0.0,0.3333333333333333,5.0,5.0,392.08,0.0,1,1
4820e71b-4b48-4d47-b0b7-1d75a96fa848,0,0,1.0,2.0,24560.0,12280.0,3669.8841943581815,1.0,0.0,1.0,6.0,0.5,0.0,0.5,3.0,3.0,81.86666666666667,1.0,1,9
8f84c6c2-119d-4fcc-8a6c-f763c4d6b6cf,0,0,2.0,1.0,3337.0,3337.0,0.0,1.0,0.0,1.0,2.0,1.0,0.0,0.0,1.0,1.0,33.37,1.0,1,3
0b318c45-d5bc-41a7-90bb-fd51f3fdb5fc,0,0,1.0,3.0,7786.0,2595.3333333333335,499.10352967428844,1.0,0.0,1.0,1.0,0.0,0.6666666666666666,0.3333333333333333,2.0,2.0,51.906666666666666,0.0,1,1
e328fadf-60f5-446c-8046-1b835387ae33,4,0,0.0,1.0,7402.0,7402.0,0.0,1.0,0.0,1.0,4.0,0.0,0.0,1.0,3.0,2.0,74.02,1.0,1,5
41de5b8a-5372-4d93-993a-007e7300b5a2,4,0,2.0,2.0,20175.0,10087.5,10327.294539229526,0.5,1.0,1.0,1.0,1.0,0.0,0.0,1.0,1.0,201.75,0.0,1,1
500a9860-e9ac-4e92-81b2-3653cf773b5d,4,0,0.0,1.0,19656.0,19656.0,0.0,1.0,0.0,1.0,1.0,1.0,0.0,0.0,6.0,4.0,393.12,0.0,0,1
817be119-574b-4484-8f31-c7525592146e,4,0,1.0,3.0,9171.0,3057.0,536.8388957592399,0.33333333333333337,1.0,1.0,6.0,0.3333333333333333,0.0,0.6666666666666666,5.0,4.0,20.38,1.0,0,9
d9b6aeac-b7f1-4ce0-a610-1eae4181dc48,3,0,2.0,1.0,10940.0,10940.0,0.0,0.0,1.0,1.0,1.0,1.0,0.0,0.0,4.0,3.0,218.8,0.0,1,1
7eb0e13f-5137-4829-aa5d-c51b65f0a547,3,0,1.0,1.0,13992.0,13992.0,0.0,1.0,0.0,1.0,1.0,0.0,1.0,0.0,5.0,5.0,279.84,0.0,0,1
e50e8c49-a691-4c4b-bcf6-f93361caf371,3,0,2.0,2.0,18809.0,9404.5,12295.879818052876,0.0,1.0,1.0,4.0,0.0,0.0,1.0,2.0,2.0,94.045,1.0,1,5
a087cc99-848e-493c-a3eb-114eba53a8f2,3,0,1.0,1.0,10829.0,10829.0,0.0,1.0,0.0,1.0,3.0,1.0,0.0,0.0,6.0,5.0,72.19333333333333,1.0,0,4
b648a733-8897-4b5b-b97f-4c7bcc5d5191,3,0,1.0,1.0,2969.0,2969.0,0.0,1.0,0.0,1.0,3.0,1.0,0.0,0.0,1.0,1.0,19.793333333333333,1.0,0,4
c632c71d-8580-40dd-b3f4-5e2da0ff5443,2,0,1.0,2.0,65362.0,32681.0,12056.170619230636,0.5,1.0,1.0,2.0,0.0,1.0,0.0,5.0,3.0,326.81,1.0,0,3
af4d884c-b791-4ed0-8eb4-23d2cf11e004,2,0,1.0,2.0,33693.0,16846.5,2373.75746444324,1.0,0.0,1.0,5.0,1.0,0.0,0.0,6.0,6.0,112.31,1.0,0,8
cb864ab2-e8da-4271-b1fe-e7adbea45488,2,0,2.0,1.0,6759.0,6759.0,0.0,1.0,0.0,1.0,3.0,1.0,0.0,0.0,2.0,2.0,45.06,1.0,1,4
dc6cb3d3-b79d-491a-9bcc-0fbab83cea16,2,0,1.0,3.0,130584.0,43528.0,10494.520903785937,0.6666666666666667,1.0,1.0,6.0,0.0,0.3333333333333333,0.6666666666666666,22.0,22.0,290.18666666666667,1.0,1,9
57246ac3-bafd-4586-9070-20355a8e068d,2,0,0.0,1.0,1169.0,1169.0,0.0,1.0,0.0,1.0,3.0,0.0,1.0,0.0,2.0,2.0,7.793333333333333,1.0,0,4
896fdc24-c52f-442f-a829-2458b2fbd4a4,2,0,1.0,3.0,82687.0,27562.333333333332,12297.984970446716,0.6666666666666667,1.0,1.0,2.0,0.3333333333333333,0.6666666666666666,0.0,4.0,5.0,275.62333333333333,1.0,0,3
ab96db67-b398-4bb8-a79c-a41a1ae938cc,1,0,1.0,1.0,27134.0,27134.0,0.0,1.0,0.0,1.0,4.0,0.0,1.0,0.0,2.0,2.0,271.34,1.0,1,5
d4afaa7a-827f-4766-b0ec-20b458750a39,1,0,0.0,1.0,7978.0,7978.0,0.0,1.0,0.0,1.0,6.0,0.0,0.0,1.0,3.0,3.0,53.18666666666667,1.0,0,9
7a7a43aa-fb67-48bd-82de-c60590a9d1be,1,0,1.0,1.0,18907.0,18907.0,0.0,1.0,0.0,1.0,2.0,0.0,1.0,0.0,2.0,2.0,189.07,1.0,0,3
aeba3521-5992-4801-8b2b-eee272186792,1,0,1.0,1.0,14050.0,14050.0,0.0,1.0,0.0,1.0,6.0,1.0,0.0,0.0,5.0,5.0,93.66666666666667,1.0,1,9
6baa3bb6-e77f-4bd4-8765-1f75305a54b5,1,0,1.0,3.0,79707.0,26569.0,2265.8270013396873,1.0,0.0,1.0,5.0,0.3333333333333333,0.6666666666666666,0.0,9.0,9.0,177.12666666666667,1.0,0,8
a8c8cdc4-a549-4339-ad14-2a071aae3b81,1,0,0.0,1.0,22781.0,22781.0,0.0,1.0,0.0,1.0,5.0,1.0,0.0,0.0,3.0,2.0,151.87333333333333,1.0,0,8
a222a91c-40df-4dbc-a719-f4dafd78f63d,1,0,0.0,2.0,19772.0,9886.0,2655.8930701366726,1.0,0.0,1.0,6.0,0.0,0.5,0.5,5.0,5.0,65.90666666666667,1.0,0,9
e0868c6b-0f89-47da-adc6-dba20b96ac37,1,0,1.0,2.0,32128.0,16064.0,14338.71130890081,1.0,0.0,1.0,6.0,1.0,0.0,0.0,1.0,1.0,107.09333333333333,1.0,1,9
781f92c5-8373-4103-ae76-19eee98fa5c8,0,0,1.0,1.0,26384.0,26384.0,0.0,1.0,0.0,1.0,6.0,1.0,0.0,0.0,8.0,8.0,175.89333333333335,1.0,1,9
94ee81b5-d0ef-44b3-9dcb-e59d3be6bb79,0,0,1.0,1.0,32186.0,32186.0,0.0,1.0,0.0,1.0,1.0,0.0,1.0,0.0,7.0,7.0,0.0,0.0,0,1
c9525991-1846-4c1f-b33c-c886a398f188,0,0,0.0,2.0,38656.0,19328.0,26438.722548565012,1.0,0.0,1.0,3.0,0.5,0.5,0.0,6.0,5.0,128.85333333333335,1.0,1,4
7ad18345-688f-478b-a112-740b5893f6d6,0,0,1.0,1.0,11960.0,11960.0,0.0,1.0,0.0,1.0,6.0,0.0,1.0,0.0,4.0,4.0,79.73333333333333,1.0,0,9
f22593fa-5ee6-4969-b309-704e462f77dd,6,1,2.0,1.0,13730.0,13730.0,0.0,1.0,0.0,1.0,6.0,0.0,0.0,1.0,4.0,4.0,91.53333333333333,1.0,1,9
d7a4786b-a814-47c1-9881-027289cb4228,6,1,2.0,1.0,4701.0,4701.0,0.0,1.0,0.0,1.0,3.0,1.0,0.0,0.0,3.0,3.0,31.34,1.0,1,4
6a0857b7-719b-4e8e-ad30-cecf2a3083a6,4,0,2.0,1.0,15448.0,15448.0,0.0,0.0,1.0,1.0,2.0,1.0,0.0,0.0,1.0,1.0,154.48,1.0,0,3
d6aeb2a6-d0f1-409e-9006-b78c3094ba74,4,0,2.0,2.0,15463.0,7731.5,5968.688339995648,0.5,1.0,1.0,5.0,0.0,0.5,0.5,2.0,2.0,51.54333333333334,1.0,1,8
ef88db61-a5cb-4395-888b-5c2a8e2bf65c,4,0,2.0,2.0,28652.0,14326.0,6915.504320004435,0.5,1.0,2.0,6.0,0.0,0.5,0.5,5.0,5.0,95.50666666666666,1.0,1,9
96bb4501-7ecb-4d94-966a-d442ebb06451,4,0,2.0,1.0,3489.0,3489.0,0.0,0.0,1.0,1.0,3.0,0.0,0.0,1.0,1.0,1.0,23.26,1.0,1,4
8fb022e0-6144-480e-9af5-1d520d90768f,4,0,2.0,1.0,10734.0,10734.0,0.0,0.0,1.0,1.0,5.0,1.0,0.0,0.0,2.0,2.0,71.56,1.0,0,8
5d1e6a8e-415c-4888-8ad8-7b964c8b5e1e,4,0,0.0,2.0,33109.0,16554.5,235.46655813512032,1.0,0.0,1.0,6.0,0.0,1.0,0.0,3.0,3.0,110.36333333333333,1.0,1,9
0423e41f-911f-495d-86b6-de3547fe27e4,3,0,1.0,1.0,28925.0,28925.0,0.0,1.0,0.0,1.0,6.0,0.0,1.0,0.0,5.0,5.0,192.83333333333334,1.0,0,9
f8b154ac-c2fe-4523-893b-1a847a8861a0,3,0,0.0,1.0,13403.0,13403.0,0.0,1.0,0.0,1.0,6.0,1.0,0.0,0.0,5.0,5.0,89.35333333333334,1.0,0,9
b5cce9d4-5d00-4d0a-ae0a-3707d26bbe44,3,0,1.0,1.0,29835.0,29835.0,0.0,1.0,0.0,1.0,3.0,0.0,1.0,0.0,5.0,4.0,198.9,1.0,0,4
f4f17fdf-c4c1-4570-8255-a4c0490fcd42,3,0,2.0,1.0,13978.0,13978.0,0.0,0.0,1.0,1.0,5.0,1.0,0.0,0.0,4.0,3.0,93.18666666666667,1.0,0,8
2c4f8acf-fceb-4755-b13f-a03a1501a60c,3,0,2.0,1.0,13893.0,13893.0,0.0,0.0,1.0,1.0,1.0,0.0,1.0,0.0,3.0,3.0,277.86,0.0,1,1
0d719a50-8134-4caa-b82f-d80f25198dd0,3,0,0.0,1.0,22773.0,22773.0,0.0,1.0,0.0,1.0,3.0,1.0,0.0,0.0,5.0,5.0,151.82,1.0,1,4
e02a70fe-65b2-4f94-940b-6e1db93e6e47,3,0,1.0,1.0,4279.0,4279.0,0.0,1.0,0.0,1.0,5.0,0.0,1.0,0.0,2.0,2.0,28.526666666666667,1.0,0,8
0dae657a-7558-432e-a5f6-f655124dbd60,3,0,1.0,2.0,22213.0,11106.5,1000.5560953789648,0.5,1.0,1.0,1.0,1.0,0.0,0.0,2.0,2.0,222.13,0.0,1,1
6c73da9c-a661-4087-a238-d6787ba41d32,3,0,1.0,1.0,22638.0,22638.0,0.0,1.0,0.0,1.0,3.0,0.0,1.0,0.0,10.0,9.0,150.92,1.0,0,4
5d06b236-6c80-470f-88aa-c9e20cfdc5e8,3,0,1.0,3.0,52966.0,17655.333333333332,9093.618659990825,0.33333333333333337,1.0,2.0,6.0,1.0,0.0,0.0,11.0,11.0,190.16444444444446,0.0,1,9
0c10f240-e0af-4d59-87aa-b06871c92c79,2,0,1.0,3.0,88282.0,29427.333333333332,14289.461478073039,0.6666666666666667,1.0,1.0,6.0,0.3333333333333333,0.3333333333333333,0.3333333333333333,8.0,7.0,196.1822222222222,1.0,1,9
b6b7e33e-9c26-47e2-90b2-0296e1051280,2,0,1.0,2.0,20805.0,10402.5,1706.2486630031392,1.0,0.0,1.0,2.0,1.0,0.0,0.0,2.0,2.0,104.025,1.0,0,3
087664ac-3712-4acc-ba36-23948145f595,2,0,1.0,3.0,95203.0,31734.333333333332,5149.09898267001,0.6666666666666667,1.0,1.0,2.0,0.6666666666666666,0.3333333333333333,0.0,4.0,4.0,317.3433333333333,1.0,0,3
dba17c61-f294-4719-9b41-e8d668f2eb0e,2,0,1.0,1.0,20066.0,20066.0,0.0,1.0,0.0,1.0,2.0,0.0,1.0,0.0,1.0,1.0,200.66,1.0,0,3
9d5ee785-c365-4cbe-93f2-b2782b78b73c,2,0,1.0,1.0,23513.0,23513.0,0.0,1.0,0.0,1.0,3.0,1.0,0.0,0.0,9.0,8.0,156.75333333333333,1.0,1,4
93d2aafb-534d-4a61-9a7d-417d7f8f24ae,2,0,1.0,3.0,42621.0,14207.0,8839.281645020708,0.6666666666666667,1.0,1.0,2.0,0.3333333333333333,0.0,0.6666666666666666,7.0,7.0,142.07000000000002,1.0,1,3
fc9ad16e-2ce6-41e7-8b6c-0e94ebf46374,2,0,2.0,2.0,35998.0,17999.0,7010.256628683433,0.5,1.0,1.0,3.0,1.0,0.0,0.0,5.0,5.0,119.99333333333334,1.0,1,4
48ab9738-5740-4416-bb8c-53aaa3ca0874,2,0,1.0,3.0,103730.0,34576.666666666664,14298.243470207568,0.6666666666666667,1.0,1.0,2.0,0.3333333333333333,0.3333333333333333,0.3333333333333333,4.0,3.0,345.76666666666665,1.0,1,3
07712a2d-901e-411b-bba9-58085e49dd3a,1,0,1.0,3.0,104415.0,34805.0,727.7849957233249,1.0,0.0,1.0,3.0,0.0,1.0,0.0,26.0,25.0,232.0333333333333,1.0,0,4
8052f118-50bc-40e4-91b0-9db084c8f8f4,1,0,1.0,2.0,44230.0,22115.0,8432.955472430765,1.0,0.0,1.0,1.0,0.5,0.0,0.5,7.0,7.0,442.29999999999995,0.0,0,1
59a1985a-7e0f-4880-a456-e3cb1189a076,1,0,1.0,1.0,11542.0,11542.0,0.0,1.0,0.0,1.0,6.0,0.0,0.0,1.0,4.0,4.0,76.94666666666667,1.0,1,9
8fb59178-dc77-4558-a10e-a4403a4147a5,1,0,1.0,3.0,52556.0,17518.666666666668,6715.435528194232,1.0,0.0,1.0,6.0,1.0,0.0,0.0,11.0,11.0,116.79111111111109,1.0,0,9
a6bbdb7b-adf5-4e57-a05d-2deb80b763cf,1,0,1.0,3.0,15448.0,5149.333333333333,2787.951996239055,1.0,0.0,1.0,3.0,0.0,0.0,1.0,5.0,4.0,34.32888888888888,1.0,1,4
e8859054-41a7-441c-b883-e0cbe096373f,1,0,1.0,1.0,5518.0,5518.0,0.0,1.0,0.0,1.0,3.0,1.0,0.0,0.0,1.0,1.0,36.78666666666667,1.0,0,4
30a79f37-4698-446d-b57b-44e933f2d047,1,0,1.0,1.0,21648.0,21648.0,0.0,1.0,0.0,1.0,3.0,0.0,0.0,1.0,4.0,4.0,144.32,1.0,1,4
aa47be53-ec41-48a6-81a9-09860111e960,1,0,1.0,3.0,94296.0,31432.0,2838.8037973766345,1.0,0.0,1.0,6.0,0.3333333333333333,0.6666666666666666,0.0,12.0,10.0,209.5466666666667,1.0,1,9
b9cc331c-a392-4d82-9970-0cba129d0e7f,1,0,0.0,1.0,8505.0,8505.0,0.0,1.0,0.0,1.0,3.0,1.0,0.0,0.0,3.0,3.0,56.7,1.0,0,4
44f74b70-a7c1-4e91-9e71-e0ae92e690ba,0,0,0.0,1.0,8252.0,8252.0,0.0,1.0,0.0,1.0,6.0,1.0,0.0,0.0,4.0,4.0,55.013333333333335,1.0,0,9
71e537b2-2587-405c-8b16-e146905ea2b3,0,0,1.0,3.0,31208.0,10402.666666666666,353.6457738095191,1.0,0.0,1.0,1.0,0.0,0.0,1.0,4.0,4.0,208.0533333333333,0.0,1,1
1b7254c0-b08e-4bdf-9134-653530f7ec80,0,0,0.0,3.0,67589.0,22529.666666666668,12092.013989957724,1.0,0.0,1.0,5.0,0.6666666666666666,0.0,0.3333333333333333,15.0,15.0,150.1977777777778,1.0,0,8
5b6a5102-f68e-42c4-a120-ce9d798c7d9a,0,0,1.0,2.0,23581.0,11790.5,2619.8306242961585,1.0,0.0,1.0,5.0,1.0,0.0,0.0,6.0,5.0,78.60333333333332,1.0,1,8
f63150c4-d43d-461b-bd62-650e233ba23d,0,0,1.0,3.0,62519.0,20839.666666666668,2021.2197637400373,1.0,0.0,1.0,5.0,1.0,0.0,0.0,7.0,7.0,138.9311111111111,1.0,1,8
e5249357-8b8f-4153-96b0-ec71d5ac7af5,0,0,1.0,1.0,57969.0,57969.0,0.0,1.0,0.0,1.0,1.0,0.0,0.0,1.0,7.0,10.0,0.0,0.0,1,1
1c7423ad-de91-4107-868a-a7a2336416ca,0,0,1.0,1.0,9751.0,9751.0,0.0,1.0,0.0,1.0,2.0,1.0,0.0,0.0,1.0,1.0,97.51,1.0,0,3
062fb1d9-5318-4b04-a46c-ba2e1b20112a,0,0,1.0,3.0,16689.0,5563.0,1642.9926962710456,1.0,0.0,1.0,1.0,1.0,0.0,0.0,5.0,4.0,111.25999999999999,0.0,1,1
5341ebe5-d686-44d6-afc9-9e3ed1935ade,0,0,1.0,3.0,43439.0,14479.666666666666,9841.608523678095,1.0,0.0,1.0,6.0,0.6666666666666666,0.0,0.3333333333333333,9.0,9.0,96.53111111111112,1.0,0,9
e97559d0-555f-4389-b863-f7299a7b2fee,5,1,0.0,1.0,51.0,51.0,0.0,0.0,1.0,1.0,6.0,1.0,0.0,0.0,1.0,1.0,0.34,1.0,0,9
547d3965-a39f-4da4-9440-07b6e66704ae,4,0,1.0,2.0,48394.0,24197.0,2449.417890030201,0.0,1.0,1.0,2.0,0.0,0.0,1.0,9.0,8.0,241.97000000000003,1.0,0,3
9496347f-bf46-4f02-9019-a6a3c43ddcbd,4,0,0.0,2.0,64318.0,32159.0,36065.27426763867,0.5,1.0,1.0,5.0,0.5,0.0,0.5,5.0,6.0,214.39333333333335,1.0,0,8
97e3bd6e-d545-4c46-9f4b-610bb85f0ba1,4,0,1.0,2.0,10065.0,5032.5,6626.297646499137,0.5,1.0,1.0,3.0,0.5,0.0,0.5,3.0,2.0,33.55,1.0,1,4
a7a81747-a925-4a17-9d57-db3ae6e24c04,4,0,1.0,2.0,24223.0,12111.5,482.95393155041194,0.0,1.0,1.0,5.0,1.0,0.0,0.0,3.0,3.0,80.74333333333334,1.0,1,8
5e0eed73-94c9-40d4-a445-2668ee174e63,4,0,0.0,1.0,3883.0,3883.0,0.0,1.0,0.0,1.0,2.0,1.0,0.0,0.0,2.0,2.0,38.83,1.0,0,3
b1853036-b633-4c16-959b-f1afb0369847,4,0,0.0,1.0,19653.0,19653.0,0.0,1.0,0.0,1.0,3.0,1.0,0.0,0.0,6.0,6.0,131.02,1.0,0,4
74cf53d9-e303-47b9-97db-300312b4747b,4,0,2.0,2.0,25771.0,12885.5,2325.6742033225546,0.5,1.0,1.0,5.0,0.5,0.0,0.5,4.0,4.0,85.90333333333334,1.0,1,8
989aec64-017a-4185-acfd-8e5d978e89d4,3,0,0.0,2.0,40909.0,20454.5,7445.127299113159,1.0,0.0,1.0,2.0,1.0,0.0,0.0,10.0,10.0,204.54500000000002,1.0,0,3
134dda9a-bb29-421e-bcf5-5e1f5a5c6c60,3,0,1.0,1.0,18222.0,18222.0,0.0,1.0,0.0,1.0,1.0,0.0,1.0,0.0,5.0,5.0,364.44,0.0,0,1
1532f1eb-69d4-4ecc-8faa-f9797f719fc6,3,0,1.0,2.0,9455.0,4727.5,1994.7482297272506,0.5,1.0,1.0,3.0,0.5,0.0,0.5,5.0,5.0,31.516666666666666,1.0,1,4
b38947b4-fba5-41b9-87af-0c2e7387af58,3,0,0.0,1.0,20195.0,20195.0,0.0,1.0,0.0,1.0,5.0,0.0,1.0,0.0,3.0,3.0,134.63333333333333,1.0,0,8
dbd5c545-01dc-4045-8476-1417f7ab7039,3,0,0.0,2.0,33985.0,16992.5,3809.1842302519317,1.0,0.0,1.0,6.0,1.0,0.0,0.0,9.0,9.0,113.28333333333333,1.0,0,9
8ee80899-3faa-42d6-bebc-d905a6032115,3,0,1.0,2.0,44718.0,22359.0,4043.236574824679,0.5,1.0,1.0,3.0,0.5,0.5,0.0,8.0,8.0,149.06,1.0,0,4
71ef635e-dd66-4b89-b1a8-fcef3e889abd,3,0,1.0,2.0,32150.0,16075.0,9366.33642359701,0.5,1.0,1.0,3.0,0.0,1.0,0.0,13.0,13.0,107.16666666666666,1.0,1,4
774c15b1-9e2a-456a-8c4d-829fe1ccbd38,3,0,0.0,1.0,22161.0,22161.0,0.0,1.0,0.0,1.0,6.0,1.0,0.0,0.0,5.0,5.0,147.74,1.0,0,9
9404d674-a362-4991-9943-c1fe5ff833b7,3,0,1.0,3.0,38105.0,12701.666666666666,5772.79311367845,0.33333333333333337,1.0,1.0,1.0,0.6666666666666666,0.0,0.3333333333333333,4.0,4.0,254.03333333333333,0.0,0,1
99e3ba29-4d2f-4acd-b260-69bc98c86103,2,0,1.0,1.0,16427.0,16427.0,0.0,1.0,0.0,1.0,6.0,0.0,1.0,0.0,7.0,7.0,109.51333333333334,1.0,1,9
cc0eacf3-cd75-41ac-99b3-c3c60488e2be,2,0,0.0,1.0,3348.0,3348.0,0.0,1.0,0.0,1.0,3.0,0.0,1.0,0.0,3.0,3.0,22.32,1.0,0,4
15c1f928-b003-4cba-81bc-2a581f6e2e89,2,0,1.0,2.0,12898.0,6449.0,1255.8216433873083,0.5,1.0,2.0,1.0,1.0,0.0,0.0,2.0,2.0,92.295,0.0,1,1
0a70277f-a7f9-401c-95fa-ed6d96ee32e0,2,0,1.0,2.0,23809.0,11904.5,9303.403920071405,1.0,0.0,1.0,6.0,1.0,0.0,0.0,9.0,9.0,79.36333333333333,1.0,1,9
1bc86955-14f2-4bca-ba3d-fa667ab55b95,2,0,1.0,2.0,54368.0,27184.0,4942.676400493967,1.0,0.0,1.0,3.0,0.0,1.0,0.0,13.0,12.0,181.2266666666667,1.0,0,4
c39065a2-8f8a-468d-8ebb-b08e5417a129,2,0,1.0,2.0,54878.0,27439.0,5047.328204109576,1.0,0.0,1.0,3.0,0.0,1.0,0.0,9.0,10.0,182.92666666666668,1.0,0,4
766221e7-a753-444f-aa5a-ae76ce86d3fd,2,0,1.0,2.0,33676.0,16838.0,10806.00583009282,0.5,1.0,1.0,6.0,0.5,0.5,0.0,6.0,6.0,112.25333333333333,1.0,1,9
7df38d01-eb34-4375-84e2-5f31497d6315,1,0,1.0,3.0,54723.0,18241.0,1333.4320380131865,1.0,0.0,1.0,6.0,1.0,0.0,0.0,9.0,10.0,121.60666666666668,1.0,1,9
064e8832-e361-48ea-b636-cc2ea2a3b5cc,1,0,0.0,2.0,10282.0,5141.0,2404.1630560342614,1.0,0.0,1.0,1.0,1.0,0.0,0.0,4.0,5.0,102.82,0.0,0,1
a2893566-1153-4949-b60f-7bc613b7bc9c,1,0,1.0,1.0,28581.0,28581.0,0.0,1.0,0.0,1.0,3.0,0.0,1.0,0.0,7.0,6.0,190.54,1.0,0,4
490d23b3-4060-4c42-aa8b-2bbf15419653,1,0,1.0,2.0,26776.0,13388.0,14840.757123543259,1.0,0.0,1.0,2.0,0.0,0.5,0.5,2.0,3.0,133.88,1.0,1,3
5255a455-9dbe-4d6a-a45d-96a3f8c75287,1,0,1.0,3.0,76833.0,25611.0,3245.597017499246,1.0,0.0,1.0,6.0,1.0,0.0,0.0,13.0,13.0,170.74,1.0,0,9
ff80034a-996c-41bc-bd26-97f79cd447a8,1,0,2.0,2.0,30217.0,15108.5,1799.5867581197635,1.0,0.0,1.0,3.0,1.0,0.0,0.0,1.0,1.0,100.72333333333333,1.0,1,4
61b5138a-0cf2-4b3a-836d-c91a87a03384,1,0,1.0,3.0,66509.0,22169.666666666668,4163.686027227957,1.0,0.0,1.0,6.0,1.0,0.0,0.0,9.0,10.0,147.79777777777778,1.0,0,9
109049c4-0e53-42cd-88d5-02b54c65d87a,1,0,1.0,3.0,10440.0,3480.0,68.23488843692792,1.0,0.0,1.0,5.0,1.0,0.0,0.0,2.0,2.0,23.2,1.0,1,8
9f332ee3-8665-4fe0-a87d-900be641e6bc,1,0,1.0,2.0,17166.0,8583.0,463.86204845837517,1.0,0.0,2.0,1.0,1.0,0.0,0.0,5.0,6.0,112.25333333333333,0.0,1,1
8f0665b9-fa11-46c0-9794-3523ae1d3837,1,0,1.0,1.0,17137.0,17137.0,0.0,1.0,0.0,1.0,6.0,1.0,0.0,0.0,3.0,4.0,114.24666666666667,1.0,0,9
b36df823-44c2-4650-96f8-f6e64e164e5a,1,0,1.0,1.0,3136.0,3136.0,0.0,1.0,0.0,1.0,6.0,0.0,1.0,0.0,1.0,1.0,20.906666666666666,1.0,1,9
76e29e2a-c8a1-497a-bb05-27b16a03a209,1,0,1.0,1.0,18768.0,18768.0,0.0,1.0,0.0,1.0,2.0,1.0,0.0,0.0,1.0,1.0,187.68,1.0,0,3
4b82c200-5d4a-46bb-9380-877e1e9ee48d,1,0,1.0,3.0,17860.0,5953.333333333333,4202.866799380315,1.0,0.0,1.0,6.0,1.0,0.0,0.0,4.0,5.0,39.68888888888889,1.0,0,9
6585676e-f89e-45bf-953b-a0bedebb58eb,0,0,1.0,2.0,64844.0,32422.0,2703.9763312573577,1.0,0.0,1.0,5.0,0.5,0.5,0.0,7.0,7.0,216.14666666666668,1.0,0,8
c8db230e-4a55-415b-81f2-e153789b3cd4,0,0,1.0,2.0,11080.0,5540.0,561.4427842621187,1.0,0.0,1.0,5.0,0.0,0.0,1.0,2.0,2.0,36.93333333333334,1.0,1,8
d216ee6c-2209-480f-a845-0ef983dfee56,0,0,2.0,1.0,27815.0,27815.0,0.0,1.0,0.0,1.0,3.0,0.0,1.0,0.0,10.0,10.0,185.43333333333334,1.0,0,4
3fdd37d0-6cfa-4d6f-866b-91b25d3f9ad4,0,0,1.0,3.0,85657.0,28552.333333333332,6050.056556209482,1.0,0.0,1.0,3.0,0.0,1.0,0.0,32.0,32.0,190.34888888888887,1.0,1,4
e330f907-0123-47bf-bc8d-4c37cfdd6ed6,0,0,2.0,2.0,28136.0,14068.0,226.27416997969522,1.0,0.0,1.0,6.0,1.0,0.0,0.0,4.0,4.0,93.78666666666666,1.0,0,9
24a5353a-f724-4fad-8f8b-4c70dbb6f24b,6,1,1.0,3.0,64831.0,21610.333333333332,4401.011739740458,1.0,0.0,1.0,5.0,0.3333333333333333,0.6666666666666666,0.0,7.0,8.0,144.0688888888889,1.0,1,8
80400236-afc1-43ea-8378-2b3d013909fd,6,1,1.0,1.0,3450.0,3450.0,0.0,1.0,0.0,1.0,6.0,0.0,1.0,0.0,1.0,1.0,23.0,1.0,0,9
ab2337b0-af3d-4f91-9ab0-97099f1e50dc,6,1,1.0,1.0,4505.0,4505.0,0.0,1.0,0.0,1.0,6.0,0.0,1.0,0.0,4.0,4.0,30.033333333333335,1.0,0,9
4dff80b3-d0d6-41e9-8f1e-ad7d0d3cd52e,6,1,1.0,1.0,3822.0,3822.0,0.0,1.0,0.0,1.0,6.0,0.0,1.0,0.0,1.0,1.0,25.48,1.0,0,9
67d75b96-6d07-4454-88be-63ad12b56fb6,6,1,1.0,1.0,3153.0,3153.0,0.0,1.0,0.0,1.0,6.0,0.0,1.0,0.0,1.0,1.0,21.02,1.0,0,9
14f820ef-3595-48f2-8e35-4c5026579351,6,1,1.0,2.0,5407.0,2703.5,960.9581156325181,1.0,0.0,2.0,1.0,0.5,0.5,0.0,4.0,3.0,31.516666666666666,0.0,0,1
6e509e0d-c879-48d5-a8b9-07d1f7ed7377,6,1,1.0,1.0,3217.0,3217.0,0.0,1.0,0.0,1.0,6.0,0.0,1.0,0.0,1.0,1.0,21.446666666666665,1.0,0,9
924a3e6b-6434-426f-8b9a-fe2445a6d510,6,1,1.0,1.0,3191.0,3191.0,0.0,1.0,0.0,1.0,6.0,0.0,1.0,0.0,2.0,2.0,21.273333333333333,1.0,0,9
097210a9-c427-43f7-abe1-50195984b136,6,1,1.0,3.0,44502.0,14834.0,1700.0882330043933,1.0,0.0,1.0,1.0,0.0,1.0,0.0,7.0,9.0,296.68,0.0,0,1
0bcbef6e-1b20-47e9-a125-228504e41c30,6,1,1.0,1.0,2753.0,2753.0,0.0,1.0,0.0,1.0,6.0,0.0,1.0,0.0,2.0,2.0,18.35333333333333,1.0,0,9
fc6c73fc-d6f9-4d2a-aba2-52f217857745,6,1,1.0,1.0,3222.0,3222.0,0.0,1.0,0.0,1.0,6.0,0.0,1.0,0.0,1.0,1.0,21.48,1.0,0,9
92e50f94-bd99-4bd7-aeb5-77e4f1072fe7,5,1,0.0,1.0,16690.0,16690.0,0.0,0.0,1.0,1.0,5.0,1.0,0.0,0.0,6.0,6.0,111.26666666666667,1.0,0,8
8ddb1a61-8f5b-45dd-985a-88a210a80d22,4,0,0.0,1.0,8872.0,8872.0,0.0,1.0,0.0,1.0,1.0,0.0,1.0,0.0,3.0,3.0,177.44,0.0,0,1
d7013b60-95fd-472a-9283-3196e93f6ea6,4,0,1.0,3.0,59374.0,19791.333333333332,16451.215953033177,0.33333333333333337,1.0,1.0,2.0,0.0,0.3333333333333333,0.6666666666666666,3.0,3.0,197.91333333333333,1.0,1,3
a2964a8a-b421-4b11-82d1-9849747cb063,4,0,1.0,3.0,49869.0,16623.0,8348.413262411008,0.33333333333333337,1.0,1.0,3.0,0.6666666666666666,0.0,0.3333333333333333,14.0,14.0,110.82000000000001,1.0,0,4
f581fb88-331e-4f3f-9694-629d929c6845,4,0,2.0,1.0,14170.0,14170.0,0.0,0.0,1.0,1.0,6.0,1.0,0.0,0.0,3.0,3.0,94.46666666666667,1.0,1,9
21441f0f-df31-47a1-8e46-09710d1dc6dc,4,0,1.0,2.0,20293.0,10146.5,7776.053272708463,0.0,1.0,1.0,6.0,0.0,0.5,0.5,4.0,4.0,67.64333333333333,1.0,1,9
86aba98e-70cb-47e7-b4bf-aaa3ebe31bb4,4,0,1.0,1.0,20409.0,20409.0,0.0,0.0,1.0,1.0,1.0,1.0,0.0,0.0,6.0,6.0,408.18,0.0,0,1
efbeb5b6-5e80-4644-aaf5-eafc8e339ca1,4,0,0.0,1.0,16026.0,16026.0,0.0,1.0,0.0,1.0,4.0,0.0,1.0,0.0,3.0,3.0,160.26,1.0,0,5
8e4d5a89-cd81-4426-8423-9fbfb556b315,4,0,1.0,2.0,26803.0,13401.5,7074.603345771408,0.0,1.0,1.0,6.0,0.5,0.0,0.5,3.0,3.0,89.34333333333333,1.0,0,9
37343b95-4d19-4ac9-9972-321b01bce0ab,4,0,2.0,1.0,8934.0,8934.0,0.0,0.0,1.0,1.0,1.0,1.0,0.0,0.0,2.0,2.0,178.68,0.0,1,1
e6887cdc-46bb-4fbf-8826-69c1d0edff7d,4,0,1.0,2.0,54548.0,27274.0,7481.189744953673,0.0,1.0,1.0,6.0,1.0,0.0,0.0,21.0,22.0,181.82666666666665,1.0,1,9
bc6e8b4e-73be-4509-822c-e4bba685441a,4,0,1.0,1.0,10495.0,10495.0,0.0,0.0,1.0,1.0,6.0,0.0,1.0,0.0,4.0,4.0,69.96666666666667,1.0,0,9
b75e0006-03a3-41c6-8d6f-538bf40e9516,4,0,0.0,2.0,9835.0,4917.5,2839.0337264639884,1.0,0.0,2.0,3.0,0.0,0.0,1.0,4.0,4.0,32.78333333333333,1.0,1,4
e8413bac-4e10-443f-a334-c772a8a75428,4,0,0.0,1.0,9744.0,9744.0,0.0,1.0,0.0,1.0,1.0,0.0,1.0,0.0,3.0,2.0,194.88,0.0,0,1
9f293a49-ec50-41c5-9145-4761be4b8551,4,0,1.0,1.0,15586.0,15586.0,0.0,0.0,1.0,1.0,6.0,0.0,1.0,0.0,4.0,5.0,103.90666666666667,1.0,1,9
10db363a-6bb1-40d0-ba30-882dce32dfb3,3,0,1.0,3.0,67889.0,22629.666666666668,7130.0373304305585,0.33333333333333337,1.0,1.0,6.0,0.3333333333333333,0.0,0.6666666666666666,28.0,27.0,150.86444444444444,1.0,1,9
29d543ce-f2d9-4614-aacc-7aa0ba802a53,3,0,1.0,2.0,31138.0,15569.0,3307.8455223906694,0.5,1.0,1.0,5.0,0.5,0.5,0.0,13.0,11.0,103.79333333333334,1.0,1,8
afb9a133-4ded-4559-9d7e-fb3c6b475dc8,3,0,0.0,1.0,6462.0,6462.0,0.0,1.0,0.0,1.0,4.0,0.0,0.0,1.0,3.0,3.0,64.62,1.0,1,5
9ede08d8-d52d-47a8-b945-e99c954db196,3,0,2.0,1.0,3428.0,3428.0,0.0,0.0,1.0,1.0,5.0,0.0,0.0,1.0,1.0,1.0,22.85333333333333,1.0,0,8
212c57c9-af7b-4a69-9112-037183f52079,3,0,1.0,2.0,16130.0,8065.0,6824.994652012557,0.5,1.0,1.0,5.0,0.5,0.0,0.5,1.0,1.0,53.766666666666666,1.0,1,8
de64dee7-b0ac-4a98-8a74-77b48329e877,3,0,1.0,1.0,12556.0,12556.0,0.0,1.0,0.0,1.0,4.0,0.0,1.0,0.0,3.0,3.0,125.56,1.0,0,5
dd96c84e-3f42-46ae-92ad-ea5a12ab3e46,3,0,1.0,2.0,60556.0,30278.0,28482.261146194134,0.5,1.0,1.0,2.0,0.0,0.5,0.5,17.0,17.0,302.78,1.0,1,3
238937a9-9e54-4eed-b777-35d543602010,3,0,1.0,1.0,18526.0,18526.0,0.0,1.0,0.0,1.0,4.0,0.0,1.0,0.0,5.0,5.0,185.26,1.0,0,5
d8a88491-7ac1-4d69-93c2-f98c4ea0f9e5,3,0,1.0,1.0,39397.0,39397.0,0.0,1.0,0.0,1.0,3.0,0.0,1.0,0.0,12.0,12.0,262.64666666666665,1.0,0,4
1b56a3fc-1702-4e19-8449-99a81241af1d,2,0,1.0,3.0,107051.0,35683.666666666664,5311.225878583337,0.6666666666666667,1.0,1.0,6.0,0.0,0.6666666666666666,0.3333333333333333,15.0,14.0,237.89111111111114,1.0,0,9
edcf4298-f893-415f-86ea-6c5ef47df34d,2,0,1.0,3.0,53309.0,17769.666666666668,10742.203234594537,0.6666666666666667,1.0,1.0,6.0,0.3333333333333333,0.0,0.6666666666666666,6.0,5.0,118.46444444444444,1.0,1,9
26456055-e8ea-40ed-a6b9-c06a7d9f8875,2,0,2.0,1.0,16253.0,16253.0,0.0,1.0,0.0,1.0,1.0,1.0,0.0,0.0,4.0,4.0,325.06,0.0,0,1
a0412e01-84f8-4dd1-b52d-952d7444686e,2,0,1.0,2.0,31620.0,15810.0,1448.1546878700494,1.0,0.0,1.0,6.0,0.5,0.0,0.5,13.0,13.0,105.4,1.0,0,9
70dd8a20-470d-4d82-929c-ac53a797f481,2,0,1.0,2.0,10835.0,5417.5,1699.1775951912737,1.0,0.0,1.0,6.0,1.0,0.0,0.0,2.0,2.0,36.11666666666667,1.0,1,9
a4255762-7e44-43cf-a673-fd84b6b70345,2,0,1.0,2.0,24943.0,12471.5,17532.712639520447,0.5,1.0,1.0,6.0,0.5,0.5,0.0,4.0,4.0,83.14333333333333,1.0,0,9
052f486b-b214-4667-be3f-0a9b8570275e,2,0,1.0,1.0,22609.0,22609.0,0.0,1.0,0.0,1.0,6.0,1.0,0.0,0.0,2.0,2.0,150.72666666666666,1.0,0,9
d5cfd6cf-9dfc-4a1f-8b40-4528d6d2ed67,2,0,2.0,1.0,27445.0,27445.0,0.0,1.0,0.0,1.0,6.0,0.0,1.0,0.0,6.0,5.0,182.96666666666667,1.0,0,9
945e3187-2368-40aa-8689-92b3361ce5e0,2,0,1.0,3.0,108478.0,36159.333333333336,6150.542279615135,0.6666666666666667,1.0,1.0,6.0,0.0,0.6666666666666666,0.3333333333333333,15.0,14.0,241.06222222222223,1.0,0,9
5768fc2f-94fd-4b08-818f-5231b0f2aa4a,1,0,1.0,3.0,35082.0,11694.0,9840.797731891455,1.0,0.0,1.0,6.0,0.3333333333333333,0.0,0.6666666666666666,7.0,4.0,77.96,1.0,0,9
9c05c519-4ea1-4703-9877-4516cc91fc1e,1,0,1.0,1.0,13466.0,13466.0,0.0,1.0,0.0,1.0,4.0,1.0,0.0,0.0,3.0,3.0,134.66,1.0,0,5
9ece2daf-d6d2-47e9-aaac-2d0721a338ed,1,0,1.0,3.0,69263.0,23087.666666666668,3004.3077960377714,1.0,0.0,1.0,2.0,0.6666666666666666,0.3333333333333333,0.0,6.0,6.0,230.87666666666667,1.0,0,3
e280421c-a359-465b-a94b-26899375ab26,1,0,2.0,2.0,47077.0,23538.5,1409.2638149047891,1.0,0.0,1.0,6.0,1.0,0.0,0.0,9.0,9.0,156.92333333333335,1.0,1,9
aa0f3f3e-e731-4d75-acfd-008031ea3e70,0,0,0.0,2.0,15167.0,7583.5,4355.070665327946,1.0,0.0,1.0,3.0,0.5,0.0,0.5,5.0,4.0,50.55666666666667,1.0,1,4
2bc9fa6a-656b-4145-bb77-55074e447d58,0,0,1.0,3.0,35939.0,11979.666666666666,12434.245064873594,1.0,0.0,1.0,6.0,0.0,0.0,1.0,15.0,14.0,79.86444444444444,1.0,0,9
3d534f32-b5b7-4fb4-a452-172e597405ea,0,0,1.0,2.0,45400.0,22700.0,2976.9195487953652,1.0,0.0,1.0,6.0,1.0,0.0,0.0,7.0,7.0,151.33333333333334,1.0,0,9
40e900c0-03e2-4814-9dd1-ef0866003102,0,0,2.0,2.0,33452.0,16726.0,1893.6319600175743,1.0,0.0,1.0,6.0,0.0,0.0,1.0,2.0,1.0,111.50666666666666,1.0,0,9
03f88ac8-2d1d-4655-90f3-1e3725df34ba,0,0,2.0,2.0,22795.0,11397.5,7266.936390254149,1.0,0.0,1.0,6.0,0.0,0.0,1.0,4.0,3.0,75.98333333333333,1.0,0,9
4b09c25d-317e-4170-8645-999dac0d2154,0,0,0.0,3.0,37365.0,12455.0,5175.761103451357,1.0,0.0,1.0,1.0,0.3333333333333333,0.0,0.6666666666666666,8.0,8.0,249.1,0.0,1,1
7b785f3e-3ff9-4024-b568-6e388808529f,0,0,2.0,2.0,15269.0,7634.5,9888.888334893867,1.0,0.0,1.0,2.0,0.0,0.0,1.0,1.0,0.0,76.345,1.0,0,3
3432a966-bd2b-4f68-afeb-405ff13f2fce,0,0,1.0,2.0,35849.0,17924.5,798.3235559596121,1.0,0.0,1.0,2.0,0.5,0.5,0.0,9.0,8.0,179.245,1.0,1,3
54f6ae4e-9459-4a43-b5f4-764eaf055af4,0,0,1.0,3.0,83725.0,27908.333333333332,10210.298836632222,1.0,0.0,1.0,2.0,0.6666666666666666,0.3333333333333333,0.0,5.0,3.0,279.0833333333333,1.0,0,3
68aed83b-4f15-4d7a-81fb-257ee5e2d143,0,0,0.0,1.0,8184.0,8184.0,0.0,1.0,0.0,1.0,2.0,0.0,0.0,1.0,3.0,2.0,81.84,1.0,0,3
ef9ee2cc-f0ca-4be6-80c2-204051acb77a,0,0,0.0,3.0,40230.0,13410.0,1730.6354324351505,1.0,0.0,2.0,1.0,0.6666666666666666,0.0,0.3333333333333333,9.0,9.0,216.23555555555558,0.0,1,1
b777d026-dc00-44db-a4f5-851fe4ff2c45,0,0,1.0,3.0,41659.0,13886.333333333334,2579.984948276507,1.0,0.0,1.0,6.0,1.0,0.0,0.0,9.0,9.0,92.57555555555557,1.0,1,9
56a3a4eb-00e2-4c9d-b731-2a39e04ad5b9,0,0,1.0,2.0,53128.0,26564.0,23029.05364968348,1.0,0.0,1.0,6.0,0.5,0.5,0.0,8.0,7.0,177.0933333333333,1.0,0,9
65a16924-371f-47a4-bbc2-9a08223d8ae9,0,0,1.0,3.0,58847.0,19615.666666666668,17039.42725954524,1.0,0.0,1.0,2.0,0.0,0.0,1.0,7.0,6.0,196.15666666666672,1.0,0,3
a369cc54-adee-46cb-b4bc-02a9fc4b07ad,0,0,0.0,2.0,29560.0,9853.333333333334,7949.500697108802,1.0,0.0,2.0,6.0,0.0,0.0,1.0,10.0,8.0,65.68888888888888,1.0,1,9
7ffccc04-abb3-4171-8500-81a0a7563304,5,1,0.0,1.0,20388.0,20388.0,0.0,0.0,1.0,1.0,2.0,0.0,1.0,0.0,1.0,1.0,203.88,1.0,1,3
c43c6709-c450-496c-8208-f5bb06008634,4,0,1.0,2.0,33203.0,16601.5,5625.034444338986,0.5,1.0,1.0,1.0,1.0,0.0,0.0,5.0,5.0,332.03,0.0,1,1
14e85662-f1aa-4855-a118-a1cc59fd6deb,4,0,1.0,1.0,34666.0,34666.0,0.0,0.0,1.0,1.0,6.0,0.0,1.0,0.0,5.0,4.0,231.10666666666665,1.0,0,9
406218f0-5122-4070-94a4-be2145c83149,4,0,1.0,3.0,101747.0,33915.666666666664,7292.169795975225,0.33333333333333337,1.0,1.0,2.0,0.3333333333333333,0.6666666666666666,0.0,16.0,17.0,339.1566666666667,1.0,1,3
ad1770da-0a05-419e-b7f5-a957508df64d,4,0,1.0,2.0,22413.0,11206.5,4394.668645074393,0.0,1.0,1.0,3.0,1.0,0.0,0.0,5.0,5.0,74.71,1.0,0,4
49f2450e-2682-42b6-9c3f-1316bcb6dc40,4,0,1.0,1.0,17798.0,17798.0,0.0,0.0,1.0,1.0,6.0,1.0,0.0,0.0,4.0,4.0,118.65333333333334,1.0,0,9
887d4948-0cf8-4495-b341-667633d9a894,4,0,1.0,3.0,69105.0,23035.0,5590.523499637578,0.33333333333333337,1.0,1.0,6.0,1.0,0.0,0.0,9.0,10.0,153.56666666666666,1.0,0,9
2aa21d36-abeb-424a-a7d9-2570301d6250,4,0,2.0,1.0,24687.0,24687.0,0.0,0.0,1.0,1.0,6.0,1.0,0.0,0.0,2.0,2.0,164.58,1.0,0,9
0c5f05a4-ba47-4592-8bbe-80c7284d7282,3,0,0.0,3.0,75161.0,25053.666666666668,10856.628819911517,0.6666666666666667,1.0,1.0,6.0,0.0,0.3333333333333333,0.6666666666666666,9.0,9.0,167.0244444444444,1.0,0,9
26eeb2f8-0523-4370-b1f7-1919d6dc17ad,3,0,1.0,1.0,604.0,604.0,0.0,1.0,0.0,1.0,2.0,0.0,0.0,1.0,1.0,1.0,6.04,1.0,1,3
79cb1d0b-1eb9-49da-aa54-0ee6972a0b96,3,0,1.0,3.0,32494.0,10831.333333333334,6503.6698358183385,0.33333333333333337,1.0,1.0,3.0,0.0,0.0,1.0,5.0,4.0,72.2088888888889,1.0,1,4
b8ea2a92-630e-40f6-8b58-8369c4506aa1,3,0,1.0,1.0,4926.0,4926.0,0.0,1.0,0.0,1.0,5.0,1.0,0.0,0.0,4.0,4.0,32.84,1.0,1,8
e5671058-e20f-482f-aacd-25d7e13f960d,3,0,0.0,3.0,70921.0,23640.333333333332,10798.657895004051,0.6666666666666667,1.0,2.0,3.0,0.3333333333333333,0.6666666666666666,0.0,10.0,8.0,170.60777777777778,1.0,1,4
db78f48f-6af0-4310-8869-35a328d6dd9d,3,0,1.0,1.0,3758.0,3758.0,0.0,1.0,0.0,1.0,5.0,1.0,0.0,0.0,1.0,1.0,25.053333333333335,1.0,1,8
feb21739-46d2-4308-b1ca-947395bebeca,3,0,0.0,1.0,9840.0,9840.0,0.0,1.0,0.0,1.0,6.0,0.0,0.0,1.0,2.0,2.0,65.6,1.0,1,9
d494d7eb-1fcd-424c-9571-35912ec664d0,3,0,0.0,3.0,41552.0,13850.666666666666,5716.214510787129,0.6666666666666667,1.0,1.0,6.0,0.3333333333333333,0.0,0.6666666666666666,13.0,14.0,92.33777777777777,1.0,0,9
6996c3d2-e5d8-46c8-9cc4-648ea786cbfa,3,0,0.0,3.0,36670.0,12223.333333333334,3272.0344333966495,0.6666666666666667,1.0,1.0,6.0,0.0,0.0,1.0,8.0,7.0,81.4888888888889,1.0,0,9
feb92e10-0117-4b8b-923b-74bf6cf22a01,3,0,2.0,1.0,10822.0,10822.0,0.0,0.0,1.0,1.0,3.0,0.0,0.0,1.0,1.0,1.0,72.14666666666666,1.0,1,4
a3c94e56-344d-48cc-8734-a5a7a00b80e7,3,0,1.0,2.0,46655.0,23327.5,1109.450539681693,0.5,1.0,1.0,1.0,0.5,0.5,0.0,11.0,10.0,466.55,0.0,0,1
72a9f5c4-b36e-43da-a027-621abfdcdbe6,3,0,2.0,1.0,31275.0,31275.0,0.0,0.0,1.0,1.0,6.0,0.0,1.0,0.0,7.0,5.0,208.5,1.0,0,9
f4064f66-fa4c-4d17-9105-068650cf20f8,3,0,0.0,1.0,26525.0,26525.0,0.0,1.0,0.0,1.0,6.0,1.0,0.0,0.0,8.0,8.0,176.83333333333334,1.0,0,9
efff8020-b19e-428e-8120-15b5de5e650b,3,0,1.0,2.0,17285.0,8642.5,6996.821599840888,0.5,1.0,1.0,3.0,0.5,0.5,0.0,3.0,3.0,57.61666666666666,1.0,1,4
f42793da-55f9-45ec-a9f3-18b9972cd4b1,3,0,1.0,1.0,31712.0,31712.0,0.0,1.0,0.0,1.0,6.0,1.0,0.0,0.0,7.0,7.0,211.41333333333333,1.0,0,9
51a9b93b-a725-46e2-8d64-f058b8042955,1,0,1.0,2.0,77175.0,38587.5,3611.194331519698,1.0,0.0,1.0,6.0,0.0,1.0,0.0,24.0,22.0,257.25,1.0,0,9
f8c72588-99f4-4364-845a-e7b801007b4f,1,0,1.0,3.0,44164.0,14721.333333333334,4737.299371301474,1.0,0.0,1.0,1.0,0.6666666666666666,0.3333333333333333,0.0,6.0,6.0,294.4266666666667,0.0,1,1
361a7cdb-d9dd-4b40-9306-bdf2596645a9,1,0,1.0,1.0,23426.0,23426.0,0.0,1.0,0.0,1.0,6.0,1.0,0.0,0.0,5.0,3.0,156.17333333333335,1.0,1,9
97843785-d256-4467-af81-2ef90f7fefaf,1,0,2.0,1.0,5681.0,5681.0,0.0,1.0,0.0,1.0,6.0,1.0,0.0,0.0,3.0,1.0,37.873333333333335,1.0,0,9
f74096da-ee20-44d7-8a53-2a93216c2cb9,0,0,1.0,2.0,51607.0,25803.5,3168.5454864969192,1.0,0.0,1.0,5.0,0.0,1.0,0.0,16.0,17.0,172.02333333333334,1.0,0,8
62b34297-f04a-4fac-ac55-e30421d00771,6,1,1.0,1.0,10711.0,10711.0,0.0,1.0,0.0,1.0,4.0,0.0,1.0,0.0,1.0,1.0,107.11,1.0,1,5
50d75a9e-45af-4383-979b-fc9044c84cad,6,1,0.0,1.0,70588.0,70588.0,0.0,0.0,1.0,1.0,1.0,0.0,0.0,1.0,1.0,2.0,0.0,0.0,0,1
1a90548d-4584-4e87-9bc1-19227a163bfe,6,1,0.0,1.0,11450.0,11450.0,0.0,0.0,1.0,1.0,1.0,1.0,0.0,0.0,3.0,3.0,229.0,0.0,0,1
fb414fd4-2284-4427-bcb5-5c7416d4ae30,6,1,1.0,2.0,43374.0,21687.0,3811.3055505954912,1.0,0.0,1.0,6.0,1.0,0.0,0.0,12.0,11.0,144.57999999999998,1.0,0,9
7187027d-8c46-4dc3-af8b-675d15d33a4f,6,1,2.0,1.0,3789.0,3789.0,0.0,1.0,0.0,1.0,4.0,0.0,0.0,1.0,2.0,2.0,37.89,1.0,1,5
a085c4c7-20be-476e-8e3d-cfd9ca5dc925,6,1,1.0,2.0,11776.0,5888.0,1090.3586565896562,1.0,0.0,1.0,1.0,0.0,0.0,1.0,3.0,3.0,117.76,0.0,1,1
09fd4e21-55f5-4acc-86a2-021eff5bfa21,6,1,1.0,2.0,57677.0,28838.5,4660.540794800535,1.0,0.0,1.0,2.0,0.0,1.0,0.0,3.0,3.0,288.385,1.0,0,3
64e80109-5ba4-407f-8269-beeb9e0b9e6e,6,1,1.0,2.0,38952.0,19476.0,2783.1722907502512,1.0,0.0,1.0,2.0,0.0,1.0,0.0,6.0,4.0,194.76,1.0,0,3
82ee2432-3f6a-4e40-8df7-f48b377d7ff9,4,0,1.0,2.0,36655.0,18327.5,434.8706704297267,0.0,1.0,1.0,4.0,1.0,0.0,0.0,6.0,7.0,183.27499999999998,1.0,0,5
812c647f-4fc5-45dc-b504-dd2de2425b0e,4,0,0.0,1.0,5963.0,2981.5,4198.092959904533,1.0,0.0,1.0,2.0,1.0,0.0,0.0,3.0,3.0,29.815,1.0,0,3
e534c62c-7c5b-4b13-8af0-37afcb657057,3,0,0.0,1.0,7747.0,7747.0,0.0,1.0,0.0,1.0,3.0,0.0,0.0,1.0,3.0,3.0,51.64666666666667,1.0,1,4
eec4a2e0-82e1-4504-bb8b-5d54db7cd59c,3,0,1.0,1.0,11202.0,11202.0,0.0,1.0,0.0,1.0,3.0,0.0,0.0,1.0,8.0,8.0,74.68,1.0,1,4
b97cc7f8-7a54-44d2-8900-5756d043a92e,3,0,2.0,2.0,73812.0,36906.0,3006.6180336052003,0.0,1.0,1.0,6.0,0.5,0.5,0.0,9.0,8.0,246.04,1.0,0,9
f42a67d2-862c-47dc-92ee-64318b431b4b,3,0,0.0,2.0,32684.0,16342.0,5007.730224363129,1.0,0.0,1.0,5.0,1.0,0.0,0.0,13.0,13.0,108.94666666666667,1.0,1,8
1da1c16b-fac7-47d6-8a9a-6c12f84099f0,3,0,1.0,2.0,12012.0,6006.0,32.526911934581186,0.5,1.0,1.0,6.0,0.0,0.0,1.0,6.0,6.0,40.04,1.0,1,9
8b4e0868-7abd-4121-acbd-6359c534fb6a,3,0,0.0,2.0,12303.0,6151.5,2163.039643649649,0.5,1.0,1.0,5.0,1.0,0.0,0.0,5.0,4.0,41.01,1.0,0,8
7ec98603-2c14-4a16-b440-58ba8ba0d9e9,2,0,2.0,1.0,17495.0,17495.0,0.0,1.0,0.0,1.0,4.0,0.0,1.0,0.0,4.0,4.0,174.95,1.0,0,5
4f2059af-698c-45b3-9636-e815b25f6225,2,0,2.0,1.0,19550.0,19550.0,0.0,1.0,0.0,1.0,6.0,1.0,0.0,0.0,1.0,1.0,130.33333333333334,1.0,1,9
0d5911ba-22f2-41af-adff-bab39d7f92b5,2,0,1.0,3.0,20702.0,6900.666666666667,3131.8867050602794,0.6666666666666667,1.0,1.0,1.0,0.6666666666666666,0.0,0.3333333333333333,5.0,5.0,138.01333333333332,0.0,1,1
54fdeaa1-a4fb-40a4-93f0-1d8592b91bd3,2,0,1.0,2.0,44182.0,22091.0,3657.1562722968238,1.0,0.0,1.0,5.0,0.0,1.0,0.0,19.0,21.0,147.2733333333333,1.0,0,8
6bf9e449-a42c-4d72-85a2-8c47c148bed5,1,0,1.0,2.0,35630.0,17815.0,11711.1025100116,1.0,0.0,1.0,3.0,0.5,0.0,0.5,16.0,15.0,118.76666666666667,1.0,1,4
bc6f180a-2bfb-41f5-89c3-164728b2be69,1,0,1.0,1.0,4217.0,4217.0,0.0,1.0,0.0,1.0,6.0,1.0,0.0,0.0,3.0,4.0,28.113333333333333,1.0,0,9
6c73c0aa-f872-426d-88c2-c2406b691772,1,0,1.0,1.0,5530.0,5530.0,0.0,1.0,0.0,1.0,6.0,0.0,1.0,0.0,1.0,2.0,36.86666666666667,1.0,1,9
4af9b4a5-fe10-4fce-9174-cb126cf1d4f1,1,0,2.0,1.0,2994.0,2994.0,0.0,1.0,0.0,1.0,4.0,1.0,0.0,0.0,1.0,1.0,29.94,1.0,0,5
c53339f5-cb04-4746-80ed-0103b60198e8,1,0,1.0,1.0,15096.0,15096.0,0.0,1.0,0.0,1.0,1.0,1.0,0.0,0.0,5.0,5.0,301.92,0.0,1,1
4d627684-acee-4c2b-9f85-89fae0aa89d9,1,0,1.0,1.0,15181.0,15181.0,0.0,1.0,0.0,1.0,1.0,1.0,0.0,0.0,3.0,3.0,303.62,0.0,0,1
aad803b0-5b67-4399-98e1-f82be9dc1e02,1,0,2.0,2.0,24163.0,12081.5,2355.3726881323896,1.0,0.0,1.0,1.0,1.0,0.0,0.0,3.0,2.0,241.63,0.0,1,1
5908090a-3d70-4309-8dc4-1d54eba6a20d,1,0,1.0,2.0,25637.0,12818.5,161.92745289171938,1.0,0.0,2.0,3.0,1.0,0.0,0.0,4.0,4.0,107.01166666666667,1.0,1,4
4aca0588-e758-49b0-902f-923c4329fddd,1,0,1.0,2.0,5248.0,2624.0,1231.7800128269657,1.0,0.0,1.0,2.0,0.0,1.0,0.0,2.0,2.0,26.240000000000002,1.0,1,3
0d7fa06a-6c7a-40e3-b64f-ac4460677f10,1,0,1.0,1.0,3995.0,3995.0,0.0,1.0,0.0,1.0,6.0,0.0,1.0,0.0,1.0,2.0,26.633333333333333,1.0,1,9
098d9c2a-9594-430f-9ddf-25f2093bab2b,0,0,1.0,3.0,93292.0,31097.333333333332,20292.390946690666,1.0,0.0,1.0,2.0,0.0,1.0,0.0,2.0,2.0,310.9733333333333,1.0,0,3
8eaac49d-f5f7-4a0a-b134-fd6604872914,0,0,0.0,1.0,5424.0,5424.0,0.0,1.0,0.0,1.0,5.0,1.0,0.0,0.0,2.0,2.0,36.16,1.0,0,8
66ca6e1b-dd13-47de-990e-89262050d931,0,0,1.0,1.0,16629.0,16629.0,0.0,1.0,0.0,1.0,3.0,0.0,0.0,1.0,4.0,4.0,110.86,1.0,0,4
22ac5924-ed3a-4ede-b29f-8bfe33a6ae43,0,0,2.0,1.0,15488.0,15488.0,0.0,1.0,0.0,1.0,4.0,1.0,0.0,0.0,2.0,2.0,154.88,1.0,0,5
8d1c3aee-60f3-4606-a92e-606d61547b21,0,0,1.0,1.0,10726.0,10726.0,0.0,1.0,0.0,1.0,6.0,1.0,0.0,0.0,2.0,1.0,71.50666666666666,1.0,1,9
974b334d-5b4c-476c-960f-d60610ec723b,0,0,1.0,3.0,30302.0,10100.666666666666,5258.448472062204,1.0,0.0,1.0,5.0,1.0,0.0,0.0,2.0,2.0,67.33777777777777,1.0,0,8
a4dec125-a97b-402c-ab83-2c112132cf5c,0,0,1.0,1.0,16905.0,16905.0,0.0,1.0,0.0,1.0,4.0,0.0,0.0,1.0,2.0,2.0,169.05,1.0,1,5
1f2a8113-a4e1-43e8-b329-8835c7a95268,0,0,0.0,1.0,31684.0,31684.0,0.0,1.0,0.0,1.0,1.0,0.0,1.0,0.0,14.0,13.0,633.68,0.0,1,1
f0e97a91-217f-41b5-914b-faad9583f1e1,0,0,2.0,1.0,12108.0,12108.0,0.0,1.0,0.0,1.0,4.0,0.0,0.0,1.0,2.0,1.0,121.08,1.0,0,5
24f11fc1-2483-48f4-9d98-6cf8c1279e8c,0,0,0.0,2.0,18421.0,9210.5,7231.581051194821,1.0,0.0,1.0,1.0,0.5,0.0,0.5,5.0,5.0,184.21,0.0,1,1
9947e00b-37e5-4321-8c53-275b415d1269,0,0,1.0,2.0,13572.0,6786.0,2272.6411947335637,1.0,0.0,1.0,6.0,1.0,0.0,0.0,4.0,6.0,45.239999999999995,1.0,1,9
67b85dba-4aa7-4e1e-8a53-44284d814865,6,1,0.0,2.0,41700.0,20850.0,5357.040974269284,0.5,1.0,1.0,5.0,1.0,0.0,0.0,6.0,6.0,139.0,1.0,0,8
409bc5a6-9e34-40d0-832c-021271b6d874,6,1,2.0,2.0,31116.0,15558.0,1265.72113832392,1.0,0.0,1.0,1.0,1.0,0.0,0.0,3.0,3.0,311.15999999999997,0.0,1,1
1831d8aa-d92f-45ee-8313-c175ea8984b4,4,0,2.0,2.0,21490.0,10745.0,4703.674308452914,0.5,1.0,1.0,1.0,0.0,1.0,0.0,1.0,1.0,214.9,0.0,1,1
e73b637b-665e-4660-b2b8-93de9e7c29f8,4,0,1.0,1.0,3760.0,3760.0,0.0,0.0,1.0,1.0,6.0,1.0,0.0,0.0,4.0,4.0,25.066666666666666,1.0,1,9
146cee90-ff4c-4923-bebd-2ef0acbaa8b2,4,0,1.0,1.0,4101.0,4101.0,0.0,0.0,1.0,1.0,3.0,1.0,0.0,0.0,2.0,2.0,27.34,1.0,1,4
1b2dc797-fc64-4ed2-b3cd-306fca6d0d10,4,0,1.0,3.0,89295.0,29765.0,2615.2194936563164,0.33333333333333337,1.0,1.0,2.0,1.0,0.0,0.0,5.0,4.0,297.65000000000003,1.0,0,3
e462011a-eb10-4dd0-a9c5-001dc8c3369a,4,0,1.0,1.0,19007.0,19007.0,0.0,0.0,1.0,1.0,6.0,0.0,1.0,0.0,5.0,5.0,126.71333333333334,1.0,0,9
a2b11a07-f439-41ae-ba28-c919c10f4b2f,4,0,1.0,1.0,9813.0,9813.0,0.0,0.0,1.0,1.0,1.0,1.0,0.0,0.0,1.0,1.0,196.26,0.0,0,1
28e5a693-9f10-42d7-9383-c93807bb7821,4,0,0.0,2.0,18236.0,9118.0,11918.991903680446,0.5,1.0,1.0,6.0,0.0,0.0,1.0,7.0,7.0,60.78666666666666,1.0,0,9
04b77e59-17b1-4553-b60a-4fd2224a8822,4,0,1.0,2.0,7975.0,3987.5,1284.8130214159569,0.5,1.0,1.0,6.0,0.0,0.0,1.0,1.0,1.0,26.583333333333336,1.0,1,9
57148aa0-ef32-4eee-a8d9-c0e6960d694a,3,0,1.0,3.0,37624.0,12541.333333333334,10275.97422794225,0.33333333333333337,1.0,1.0,2.0,1.0,0.0,0.0,2.0,2.0,125.41333333333334,1.0,1,3
cdcba0d3-f8be-4a34-9549-d9fba02ce995,3,0,1.0,2.0,37038.0,18519.0,10456.695080186664,0.5,1.0,1.0,2.0,0.5,0.5,0.0,5.0,6.0,185.19,1.0,1,3
17567868-56ef-4f96-81c7-845e028750d0,3,0,0.0,1.0,1602.0,1602.0,0.0,1.0,0.0,1.0,1.0,0.0,1.0,0.0,1.0,1.0,32.04,0.0,0,1
b23efa1a-ac4d-43f2-8495-0ed86e094477,2,0,1.0,1.0,8147.0,8147.0,0.0,1.0,0.0,1.0,2.0,0.0,0.0,1.0,1.0,1.0,81.47,1.0,0,3
a35d5344-76fb-47ec-bd78-ca8b7b3d215e,2,0,1.0,1.0,16208.0,16208.0,0.0,1.0,0.0,1.0,3.0,1.0,0.0,0.0,6.0,5.0,108.05333333333333,1.0,0,4
360b0985-949a-45a5-af1a-bc25ce3ea7ba,2,0,1.0,3.0,55701.0,18567.0,3310.600700779241,0.6666666666666667,1.0,1.0,4.0,1.0,0.0,0.0,6.0,6.0,185.67,1.0,0,5
0cc2a2f8-214c-42f9-aebf-0cda6c2a3881,2,0,2.0,1.0,9129.0,9129.0,0.0,1.0,0.0,1.0,2.0,1.0,0.0,0.0,1.0,1.0,91.29,1.0,1,3
edfdf26d-0e10-495b-bf66-489472fe3e5d,2,0,1.0,2.0,31319.0,15659.5,1274.9135264793451,1.0,0.0,1.0,1.0,1.0,0.0,0.0,8.0,8.0,313.19000000000005,0.0,0,1
fd71af2a-139a-45dd-a778-f4f40919d306,2,0,1.0,2.0,29036.0,14518.0,4608.9219997739165,0.5,1.0,1.0,2.0,1.0,0.0,0.0,1.0,1.0,145.18,1.0,0,3
80fb22dc-422e-454f-9814-bcea18e04208,2,0,1.0,1.0,11350.0,11350.0,0.0,1.0,0.0,1.0,2.0,0.0,1.0,0.0,5.0,6.0,113.5,1.0,0,3
20e606a4-b769-4c26-82f8-bb49d6b314b4,2,0,1.0,2.0,21648.0,10824.0,564.2712113868649,1.0,0.0,1.0,2.0,1.0,0.0,0.0,3.0,2.0,108.24000000000001,1.0,1,3
638c4ef4-ee82-4f54-a85d-c40417416f8b,2,0,1.0,3.0,21837.0,7279.0,961.2881982007269,0.6666666666666667,1.0,1.0,4.0,0.3333333333333333,0.3333333333333333,0.3333333333333333,6.0,6.0,72.79,1.0,1,5
c849563c-df71-42d0-b046-af32dfe2150c,2,0,2.0,2.0,31493.0,15746.5,6484.876290261827,0.5,1.0,1.0,5.0,0.5,0.0,0.5,2.0,2.0,104.97666666666666,1.0,1,8
36079a16-099d-49d8-8926-e2d91eec6b21,2,0,0.0,1.0,23724.0,23724.0,0.0,1.0,0.0,1.0,6.0,1.0,0.0,0.0,4.0,5.0,158.16,1.0,0,9
ccfaf57d-d961-4fcb-ba1a-d506ad4f36e6,1,0,2.0,1.0,1106.0,1106.0,0.0,1.0,0.0,1.0,4.0,1.0,0.0,0.0,2.0,2.0,11.06,1.0,0,5
160c7d5a-f73b-4fed-9a62-0c1a30a703ac,1,0,2.0,1.0,1063.0,1063.0,0.0,1.0,0.0,1.0,4.0,1.0,0.0,0.0,1.0,1.0,10.63,1.0,0,5
43355744-a564-43f9-a7aa-8a0af4ef24eb,1,0,1.0,2.0,21289.0,10644.5,7.7781745930520225,1.0,0.0,1.0,2.0,0.5,0.0,0.5,5.0,5.0,106.445,1.0,0,3
05444451-2e80-4340-86d6-0261aa97fed4,1,0,1.0,3.0,100200.0,33400.0,2249.6728651072804,1.0,0.0,1.0,2.0,0.0,1.0,0.0,6.0,6.0,334.0,1.0,0,3
d3e771eb-f26a-4858-ac5b-e16ca9d5c2ff,1,0,1.0,3.0,100705.0,33568.333333333336,2881.4632278294525,1.0,0.0,1.0,2.0,0.0,1.0,0.0,4.0,4.0,335.68333333333334,1.0,0,3
2b5213b5-b7fe-4f18-a179-8ff4090d224a,0,0,1.0,2.0,16687.0,8343.5,422.14274836836887,1.0,0.0,1.0,2.0,1.0,0.0,0.0,4.0,5.0,83.435,1.0,1,3
1d7b2543-40f8-4899-9d3f-ace3ae2e08ed,0,0,1.0,1.0,4375.0,4375.0,0.0,1.0,0.0,1.0,4.0,0.0,1.0,0.0,1.0,1.0,43.75,1.0,0,5
7ff4d90e-b42d-4413-a910-030c146a51a3,0,0,1.0,2.0,29295.0,14647.5,7726.555798025405,1.0,0.0,1.0,2.0,0.5,0.0,0.5,2.0,3.0,146.47500000000002,1.0,0,3
5b80348f-5889-4f25-b153-0fdd6d6e87cf,0,0,1.0,2.0,27107.0,13553.5,1410.6780284671622,1.0,0.0,1.0,2.0,0.5,0.0,0.5,2.0,2.0,135.535,1.0,1,3
f4f0d415-bc23-4cf0-ba71-4e4c4dc77c4a,0,0,2.0,1.0,28904.0,28904.0,0.0,1.0,0.0,1.0,2.0,1.0,0.0,0.0,3.0,4.0,289.04,1.0,0,3
f92ee665-f1da-430d-9a61-0ba03b9fc4e3,0,0,1.0,3.0,26841.0,8947.0,4308.1118834125,1.0,0.0,1.0,2.0,0.6666666666666666,0.0,0.3333333333333333,2.0,2.0,89.47000000000001,1.0,1,3
cf8f1d49-e43a-4300-9ba2-b73ffdce8295,0,0,2.0,1.0,43966.0,43966.0,0.0,1.0,0.0,1.0,2.0,0.0,1.0,0.0,4.0,4.0,439.66,1.0,1,3
c2e1fd3d-57a2-4ae7-a3d7-e8b948d31690,0,0,2.0,2.0,35937.0,17968.5,1535.1288219559947,1.0,0.0,1.0,5.0,1.0,0.0,0.0,5.0,5.0,119.78999999999999,1.0,0,8
d555fba3-f71c-4325-9442-4848fc41324e,0,0,1.0,2.0,8714.0,4357.0,2612.0524497031065,1.0,0.0,1.0,1.0,0.0,0.5,0.5,2.0,2.0,87.14,0.0,1,1
89afed7c-83fa-4e23-9163-a6de22945e68,4,0,1.0,2.0,36018.0,18009.0,4405.275246792191,0.5,1.0,1.0,3.0,0.5,0.5,0.0,3.0,3.0,120.06,1.0,1,4
6250c7cc-f48c-4104-9d77-97d2900d20ed,4,0,1.0,2.0,42385.0,21192.5,4270.21785158556,0.0,1.0,1.0,2.0,1.0,0.0,0.0,4.0,6.0,211.925,1.0,0,3
c4377747-3417-4261-8241-beb3a4ccdc16,4,0,2.0,2.0,10320.0,5160.0,1432.5983386839453,0.5,1.0,1.0,2.0,1.0,0.0,0.0,1.0,1.0,51.599999999999994,1.0,0,3
28cbc288-d987-4996-a53e-8a26bf1c1d24,4,0,0.0,1.0,11180.0,11180.0,0.0,1.0,0.0,1.0,6.0,1.0,0.0,0.0,2.0,2.0,74.53333333333333,1.0,1,9
c0cb83b0-195e-4a5b-9dcf-27da8d5b1b2d,4,0,1.0,2.0,67444.0,33722.0,11218.956190305764,0.0,1.0,1.0,1.0,0.5,0.0,0.5,13.0,14.0,0.0,0.0,0,1
81d20b25-ca54-497d-8898-63010cc65695,4,0,1.0,3.0,84307.0,28102.333333333332,6844.0641678269885,0.33333333333333337,1.0,1.0,3.0,0.6666666666666666,0.3333333333333333,0.0,6.0,6.0,187.34888888888887,1.0,1,4
2a936797-e8a6-4135-9258-8a19a2761876,4,0,1.0,1.0,10390.0,10390.0,0.0,0.0,1.0,1.0,1.0,1.0,0.0,0.0,3.0,3.0,207.8,0.0,0,1
d52b44c8-f631-4a84-9638-0596e1ec74bc,4,0,1.0,1.0,20015.0,20015.0,0.0,0.0,1.0,1.0,2.0,1.0,0.0,0.0,2.0,3.0,200.15,1.0,0,3
007552e5-f02c-4f57-81d6-a7642064852f,4,0,1.0,2.0,25259.0,12629.5,2827.7200179650035,0.0,1.0,1.0,1.0,1.0,0.0,0.0,9.0,9.0,252.58999999999997,0.0,0,1
dbc82074-9998-4a4f-b96f-7d686be1afb6,3,0,1.0,1.0,10053.0,10053.0,0.0,1.0,0.0,1.0,4.0,1.0,0.0,0.0,3.0,3.0,100.53,1.0,0,5
8b3e5790-e198-44ec-b3fb-7200e97ecd34,3,0,1.0,2.0,18454.0,9227.0,2108.5924214982847,0.5,1.0,1.0,2.0,0.0,0.0,1.0,3.0,4.0,92.27000000000001,1.0,0,3
50e18417-d051-44bc-b060-6b5d14ca6125,3,0,0.0,1.0,3497.0,3497.0,0.0,1.0,0.0,1.0,3.0,1.0,0.0,0.0,3.0,3.0,23.313333333333333,1.0,1,4
4aad9148-2cd2-47cf-9046-a3684411356d,3,0,1.0,1.0,15556.0,7778.0,513.3595231414336,1.0,0.0,2.0,3.0,1.0,0.0,0.0,7.0,6.0,51.85333333333333,1.0,0,4
8db3b0bc-e9e8-4543-80e7-9661c7f93cfb,3,0,1.0,3.0,40434.0,13478.0,10360.46731571506,0.33333333333333337,1.0,1.0,1.0,0.3333333333333333,0.0,0.6666666666666666,2.0,1.0,269.56,0.0,0,1
4db9a621-bbad-4620-bd24-2c701a7e0217,3,0,1.0,1.0,36802.0,36802.0,0.0,1.0,0.0,1.0,4.0,0.0,1.0,0.0,7.0,7.0,368.02,1.0,0,5
32da567a-b2d8-472b-8890-f31a6eaef667,2,0,1.0,2.0,53055.0,26527.5,19399.47454185293,1.0,0.0,1.0,4.0,0.5,0.5,0.0,9.0,9.0,265.275,1.0,1,5
2cebe94e-04b3-4f28-86a7-1544e5bcffc3,2,0,1.0,2.0,48533.0,24266.5,7264.107963129402,1.0,0.0,1.0,1.0,1.0,0.0,0.0,5.0,5.0,485.33,0.0,0,1
c5faf235-5eb2-44fd-a393-f9777c6c1d62,2,0,2.0,1.0,3131.0,3131.0,0.0,1.0,0.0,1.0,4.0,0.0,1.0,0.0,1.0,1.0,31.31,1.0,0,5
f472345c-59aa-40f1-8ace-aeed49574ac4,2,0,1.0,3.0,17174.0,5724.666666666667,3959.757610426847,0.6666666666666667,1.0,1.0,3.0,0.6666666666666666,0.0,0.3333333333333333,5.0,5.0,38.16444444444444,1.0,1,4
10b9f763-0ec6-4464-83c4-e899ac8311f2,2,0,1.0,2.0,40309.0,20154.5,1750.089283436705,1.0,0.0,1.0,2.0,0.5,0.5,0.0,6.0,6.0,201.545,1.0,0,3
5b0a30ed-2c6e-4c2a-954e-99a67ac2fd11,2,0,2.0,1.0,10571.0,10571.0,0.0,1.0,0.0,1.0,6.0,1.0,0.0,0.0,1.0,1.0,70.47333333333333,1.0,0,9
3f382274-7dfa-4324-9a2d-2cb8c934c0bb,2,0,1.0,2.0,35241.0,17620.5,1113.6931803688124,0.5,1.0,2.0,1.0,1.0,0.0,0.0,6.0,6.0,229.69,0.0,0,1
f6ed8bce-0c5e-49d6-9ae1-bb2b2386e940,2,0,1.0,1.0,21925.0,21925.0,0.0,1.0,0.0,1.0,3.0,0.0,1.0,0.0,8.0,7.0,146.16666666666666,1.0,0,4
1ea35761-6814-475d-a7ec-ac308c350dee,2,0,2.0,1.0,23580.0,23580.0,0.0,1.0,0.0,1.0,3.0,0.0,1.0,0.0,4.0,4.0,157.2,1.0,1,4
a18636cd-2b85-44e0-bbe9-608b78d6e58d,1,0,0.0,1.0,4900.0,4900.0,0.0,1.0,0.0,1.0,6.0,0.0,0.0,1.0,1.0,1.0,32.666666666666664,1.0,0,9
2a423582-13c9-45a1-83ad-d59bb5265941,1,0,2.0,1.0,21854.0,21854.0,0.0,1.0,0.0,1.0,2.0,1.0,0.0,0.0,2.0,2.0,218.54,1.0,0,3
03be8b3e-4f03-48d0-ae70-4a596484e2a0,1,0,1.0,3.0,46585.0,15528.333333333334,12271.200321620267,1.0,0.0,1.0,6.0,0.0,0.3333333333333333,0.6666666666666666,8.0,8.0,103.52222222222223,1.0,1,9
3b04d05e-7fe4-47f8-9395-7ab9a6611996,1,0,2.0,2.0,6652.0,3326.0,248.90158697766472,1.0,0.0,1.0,6.0,0.5,0.0,0.5,1.0,1.0,22.173333333333332,1.0,0,9
84b87601-8587-4f63-9f09-aa597946f3bf,1,0,2.0,1.0,1352.0,1352.0,0.0,1.0,0.0,1.0,6.0,0.0,0.0,1.0,1.0,1.0,9.013333333333334,1.0,1,9
fec4b617-2857-4644-b0e7-aa13d5c612d9,1,0,1.0,1.0,2905.0,2905.0,0.0,1.0,0.0,1.0,5.0,1.0,0.0,0.0,3.0,3.0,19.366666666666667,1.0,1,8
db2a1627-8b99-4933-b557-917f0dac03d4,0,0,2.0,1.0,3188.0,3188.0,0.0,1.0,0.0,1.0,1.0,1.0,0.0,0.0,1.0,1.0,63.76,0.0,0,1
bb1aeaae-8c72-4edd-abcb-ed015868729b,0,0,1.0,2.0,18685.0,9342.5,11658.06950142261,1.0,0.0,1.0,3.0,0.0,1.0,0.0,6.0,6.0,62.28333333333333,1.0,1,4
61dbfd00-70de-41f4-8571-2c26ca68dd67,0,0,2.0,2.0,40806.0,20403.0,3091.4708473475857,1.0,0.0,1.0,2.0,1.0,0.0,0.0,1.0,1.0,204.02999999999997,1.0,0,3
24b5bb9a-0278-44bc-9a46-7bca094d5e33,0,0,0.0,2.0,23585.0,11792.5,7329.161786998565,1.0,0.0,1.0,3.0,1.0,0.0,0.0,13.0,13.0,78.61666666666667,1.0,0,4
5db82e95-78fb-49a7-8894-4eed2f90188c,0,0,2.0,2.0,5449.0,2724.5,730.4413049657036,1.0,0.0,1.0,5.0,0.5,0.0,0.5,1.0,1.0,18.163333333333334,1.0,1,8
9897e9ea-cac9-4416-a4bd-daa35d3943a7,0,0,0.0,1.0,7792.0,7792.0,0.0,1.0,0.0,1.0,3.0,1.0,0.0,0.0,4.0,4.0,51.946666666666665,1.0,1,4
fa3bef1f-fd30-48ba-8508-c7f8125d7905,0,0,1.0,2.0,79739.0,39869.5,1908.4812024224918,1.0,0.0,1.0,3.0,0.0,1.0,0.0,24.0,25.0,265.7966666666667,1.0,0,4
a798bf77-25f9-4afa-b265-1cbd972d054f,0,0,1.0,1.0,6863.0,6863.0,0.0,1.0,0.0,1.0,3.0,1.0,0.0,0.0,4.0,2.0,45.75333333333333,1.0,1,4
ac9eea3f-e704-4483-b22b-29fb45cfe76f,6,1,1.0,3.0,95095.0,31698.333333333332,2969.925476057157,1.0,0.0,1.0,4.0,1.0,0.0,0.0,6.0,6.0,316.98333333333335,1.0,0,5
310a2add-9582-40f4-9be0-5642ae31818c,6,1,1.0,2.0,16655.0,8327.5,5748.071024265445,1.0,0.0,1.0,6.0,0.5,0.5,0.0,5.0,5.0,55.516666666666666,1.0,1,9
acead604-2503-48a1-8f4a-8134cda63ed4,6,1,1.0,3.0,52791.0,17597.0,8591.039285208746,1.0,0.0,1.0,6.0,0.6666666666666666,0.0,0.3333333333333333,13.0,11.0,117.31333333333333,1.0,0,9
c4c6c0d0-6920-4922-aeb5-26599721856e,6,1,1.0,1.0,7189.0,7189.0,0.0,1.0,0.0,1.0,1.0,1.0,0.0,0.0,2.0,2.0,143.78,0.0,0,1
36a11611-3fee-4fe2-b5fe-4f6897b53c1d,5,1,1.0,1.0,27088.0,27088.0,0.0,0.0,1.0,1.0,3.0,0.0,1.0,0.0,8.0,8.0,180.58666666666667,1.0,1,4
8287e1b4-a6ef-4c96-8831-09ae64cc2818,5,1,2.0,1.0,30336.0,30336.0,0.0,1.0,0.0,1.0,2.0,0.0,1.0,0.0,2.0,2.0,303.36,1.0,1,3
564e7aa1-2d40-4b34-842f-004e596db30c,5,1,0.0,2.0,39209.0,13069.666666666666,16476.707508884578,0.0,1.0,2.0,2.0,0.0,0.0,1.0,5.0,5.0,142.87666666666667,0.0,1,3
9229a466-36df-42af-af19-56e616dd41ab,5,1,1.0,1.0,21090.0,21090.0,0.0,0.0,1.0,1.0,5.0,1.0,0.0,0.0,7.0,6.0,140.6,1.0,0,8
dc7c9df8-c1c7-4ba1-91ce-2360c98de03f,5,1,0.0,2.0,6180.0,3090.0,637.8103166302659,0.0,1.0,1.0,6.0,1.0,0.0,0.0,2.0,2.0,20.6,1.0,0,9
725bd626-8569-42d8-b2a3-4f775b4852e1,5,1,1.0,2.0,38364.0,19182.0,11466.443563721055,0.5,1.0,1.0,3.0,0.0,1.0,0.0,15.0,15.0,127.88,1.0,1,4
f04bafd8-d8d7-47d0-87fa-5279b8d18462,5,1,2.0,2.0,19875.0,9937.5,3397.6480836013607,1.0,0.0,1.0,3.0,1.0,0.0,0.0,7.0,7.0,66.25,1.0,1,4
1f8a8beb-e5e4-4ac8-a270-e4ec23471b79,5,1,1.0,3.0,81789.0,27263.0,5187.573517551342,0.6666666666666667,1.0,2.0,2.0,0.0,1.0,0.0,5.0,5.0,350.0733333333333,0.0,0,3
d8e8ced6-e2d0-46eb-9943-b9d9e9a2113a,5,1,2.0,1.0,11310.0,11310.0,0.0,1.0,0.0,1.0,2.0,1.0,0.0,0.0,1.0,1.0,113.1,1.0,1,3
5a783f48-059a-422c-9d16-98b867e293fd,3,0,2.0,2.0,58105.0,29052.5,383.9589821842953,0.0,1.0,1.0,3.0,0.5,0.5,0.0,9.0,9.0,193.68333333333334,1.0,1,4
daf13bd5-a7b8-48b7-b7c1-11c752118134,3,0,1.0,2.0,13277.0,6638.5,82.73149339882606,0.5,1.0,1.0,3.0,0.0,0.0,1.0,3.0,2.0,44.25666666666667,1.0,1,4
9fc45686-ba72-4b2d-9d7b-3f91995c6b57,3,0,1.0,2.0,27857.0,13928.5,2390.728027191717,0.5,1.0,1.0,3.0,1.0,0.0,0.0,5.0,5.0,92.85666666666667,1.0,0,4
e8241d1d-044f-4f17-ab25-b39fd72a33a7,3,0,1.0,1.0,7733.0,7733.0,0.0,1.0,0.0,1.0,6.0,1.0,0.0,0.0,3.0,3.0,51.553333333333335,1.0,0,9
d64f265f-eb0b-4259-b036-23687d357d4b,3,0,1.0,2.0,27838.0,13919.0,5234.0043943428245,0.5,1.0,1.0,5.0,0.5,0.0,0.5,4.0,4.0,92.79333333333334,1.0,1,8
94ad9897-6a44-4333-a4a5-bf2499d679ba,3,0,2.0,2.0,35614.0,17807.0,2423.962045907485,0.0,1.0,1.0,2.0,0.5,0.5,0.0,1.0,1.0,178.07,1.0,0,3
02b4d25f-3e28-469f-a0c0-a1a51d6bc1e9,1,0,1.0,1.0,10030.0,10030.0,0.0,1.0,0.0,1.0,4.0,1.0,0.0,0.0,2.0,2.0,100.3,1.0,1,5
7f489f9f-880f-4450-9cb3-0f191322c61f,1,0,1.0,2.0,28921.0,14460.5,8906.009909044566,1.0,0.0,1.0,4.0,0.0,1.0,0.0,8.0,8.0,144.60500000000002,1.0,0,5
87dc21a9-7f41-47f2-a03b-d388228d8e96,1,0,1.0,1.0,2495.0,2495.0,0.0,1.0,0.0,1.0,2.0,0.0,1.0,0.0,1.0,1.0,24.95,1.0,0,3
d6f26559-890e-4194-b958-8879ff9364c7,5,1,1.0,1.0,12450.0,12450.0,0.0,0.0,1.0,1.0,6.0,1.0,0.0,0.0,2.0,2.0,83.0,1.0,1,9
bb23961b-7b5d-46b9-8514-37288c010da6,5,1,1.0,2.0,25080.0,12540.0,1038.0327547818517,0.5,1.0,2.0,1.0,0.5,0.0,0.5,2.0,2.0,191.77,0.0,1,1
9d6d7336-75fa-4108-832e-8f664e1a2140,4,0,1.0,3.0,11346.0,3782.0,147.36688908978164,0.33333333333333337,1.0,1.0,5.0,0.3333333333333333,0.0,0.6666666666666666,8.0,7.0,25.213333333333335,1.0,1,8
e34f7b02-2acd-4560-9d02-e5bf47d7d166,4,0,1.0,1.0,1236.0,1236.0,0.0,0.0,1.0,1.0,6.0,0.0,1.0,0.0,1.0,1.0,8.24,1.0,1,9
c779104d-e1b4-43cf-a751-46609e948c79,4,0,1.0,1.0,512.0,512.0,0.0,0.0,1.0,1.0,6.0,0.0,1.0,0.0,1.0,1.0,3.4133333333333336,1.0,1,9
607a8356-8347-47f1-ba03-de2eaf03b62d,4,0,1.0,2.0,21674.0,10837.0,6884.391621632227,0.0,1.0,1.0,3.0,1.0,0.0,0.0,5.0,5.0,72.24666666666667,1.0,1,4
37ca3a69-a7df-4e9b-9c7e-c4a6258bb9be,4,0,1.0,3.0,26841.0,8947.0,6784.170030298475,0.33333333333333337,1.0,1.0,3.0,0.6666666666666666,0.0,0.3333333333333333,9.0,9.0,59.64666666666667,1.0,0,4
213374ed-dbfc-4f30-812e-837edac17726,4,0,1.0,2.0,96461.0,48230.5,7853.8350186389835,0.0,1.0,1.0,1.0,0.0,0.5,0.5,21.0,22.0,0.0,0.0,0,1
ea1aaa66-d5b8-4145-b04b-1724c87c00fd,4,0,1.0,2.0,91741.0,45870.5,18484.47836699754,0.0,1.0,1.0,1.0,0.0,0.5,0.5,19.0,19.0,0.0,0.0,0,1
4765ef3e-8f9d-4998-b365-17573fa3c6a4,4,0,1.0,1.0,1546.0,1546.0,0.0,0.0,1.0,1.0,6.0,0.0,1.0,0.0,1.0,1.0,10.306666666666667,1.0,0,9
b3b0bec6-c5d4-4b32-a447-eb5d3f0345af,3,0,1.0,2.0,51794.0,25897.0,13505.739520663057,0.5,1.0,1.0,2.0,0.0,0.0,1.0,3.0,3.0,258.97,1.0,1,3
57fb5823-744a-4726-bbb2-8f877f10431b,3,0,1.0,2.0,37847.0,18923.5,8734.890067997421,0.5,1.0,1.0,2.0,0.0,1.0,0.0,8.0,8.0,189.235,1.0,1,3
1bb8b14f-541f-4f76-8f27-a6bb6c25a8d6,3,0,1.0,1.0,31033.0,31033.0,0.0,1.0,0.0,1.0,3.0,0.0,1.0,0.0,4.0,4.0,206.88666666666666,1.0,0,4
5b273c72-c525-4f82-acc9-7b86a4849d2f,3,0,1.0,1.0,19488.0,19488.0,0.0,1.0,0.0,1.0,2.0,0.0,1.0,0.0,3.0,3.0,194.88,1.0,1,3
e04bf034-0d39-4313-aa33-6ea1c310a84d,3,0,1.0,1.0,17987.0,17987.0,0.0,1.0,0.0,1.0,1.0,1.0,0.0,0.0,2.0,2.0,359.74,0.0,0,1
2848ea38-27de-4501-a9f7-4f6cfc3bfd0f,2,0,1.0,1.0,12076.0,12076.0,0.0,1.0,0.0,1.0,2.0,1.0,0.0,0.0,1.0,1.0,120.76,1.0,0,3
133fefaf-27cb-4afe-941a-e4dee3aac348,2,0,1.0,1.0,17523.0,17523.0,0.0,1.0,0.0,1.0,2.0,1.0,0.0,0.0,2.0,1.0,175.23,1.0,1,3
a33d4134-9abf-4450-aace-b8a100869df2,2,0,1.0,2.0,39749.0,19874.5,2649.5291091059935,1.0,0.0,1.0,3.0,0.0,0.0,1.0,14.0,13.0,132.49666666666667,1.0,1,4
e47ea1eb-bcaf-4b2b-a149-dadbc32cf1c2,1,0,0.0,1.0,2844.0,2844.0,0.0,1.0,0.0,1.0,1.0,1.0,0.0,0.0,2.0,2.0,56.88,0.0,0,1
d54bcabf-d381-4287-b5b0-518d8fcbb2df,0,0,1.0,1.0,84.0,84.0,0.0,1.0,0.0,1.0,3.0,1.0,0.0,0.0,2.0,2.0,0.56,1.0,0,4
6b651d19-4044-451e-ad66-5c49bb8ee9f7,0,0,1.0,1.0,3200.0,3200.0,0.0,1.0,0.0,1.0,1.0,1.0,0.0,0.0,1.0,1.0,64.0,0.0,0,1
acf00796-0aec-4e75-be5d-03740e1cc7fb,0,0,1.0,3.0,71643.0,23881.0,21847.763546871338,1.0,0.0,1.0,2.0,0.0,0.6666666666666666,0.3333333333333333,5.0,4.0,238.80999999999997,1.0,0,3
03d06cb9-039a-4ea5-b627-65235ad2cfc5,0,0,1.0,2.0,57494.0,28747.0,10438.310303875814,1.0,0.0,1.0,5.0,0.5,0.0,0.5,8.0,8.0,191.64666666666665,1.0,1,8
7e66f39e-4fae-4fcd-87f4-b79b8e2a6d6c,0,0,2.0,2.0,32657.0,16328.5,3874.2380541210937,1.0,0.0,1.0,5.0,0.5,0.0,0.5,4.0,4.0,108.85666666666667,1.0,1,8
4e867678-a6fa-406a-8fa4-00108e5742f5,0,0,1.0,1.0,2709.0,2709.0,0.0,1.0,0.0,1.0,5.0,0.0,0.0,1.0,1.0,1.0,18.06,1.0,1,8
ffcb7950-d150-40ae-a6bf-f85f5c2b9702,0,0,1.0,2.0,29613.0,14806.5,491.4392129246505,1.0,0.0,1.0,2.0,1.0,0.0,0.0,5.0,5.0,148.065,1.0,0,3
d2bfdce7-8b95-47a2-a830-b41d49d9ed4a,0,0,1.0,3.0,71120.0,23706.666666666668,10124.853101815024,1.0,0.0,1.0,6.0,0.3333333333333333,0.6666666666666666,0.0,12.0,12.0,158.04444444444445,1.0,1,9
5f05c3b0-140a-42e5-9e17-e53a5283d972,0,0,1.0,2.0,48812.0,24406.0,8135.970624332416,1.0,0.0,1.0,6.0,0.5,0.0,0.5,8.0,8.0,162.70666666666668,1.0,0,9
b6f53766-1afe-454f-98d7-0f168cf9533a,0,0,1.0,3.0,46179.0,15393.0,7331.887683264113,1.0,0.0,3.0,1.0,0.6666666666666666,0.3333333333333333,0.0,9.0,9.0,208.23000000000002,0.0,1,1
7a468aea-0259-4d51-9b24-49a8a99d9290,6,1,1.0,1.0,9696.0,9696.0,0.0,1.0,0.0,1.0,1.0,1.0,0.0,0.0,2.0,2.0,193.92,0.0,0,1
e9b49e7c-ef82-4fbf-a21a-564e073add7e,5,1,1.0,3.0,48191.0,16063.666666666666,12930.05190760398,0.6666666666666667,1.0,1.0,1.0,0.3333333333333333,0.0,0.6666666666666666,9.0,9.0,321.27333333333337,0.0,0,1
88482a9b-1e9c-4060-8bc9-797b3df2c939,5,1,2.0,1.0,7352.0,7352.0,0.0,1.0,0.0,1.0,2.0,0.0,1.0,0.0,2.0,2.0,73.52,1.0,0,3
288b608d-d33e-4fda-8858-46ec6bb34163,5,1,1.0,3.0,96887.0,32295.666666666668,7466.18780458497,0.6666666666666667,1.0,1.0,2.0,0.3333333333333333,0.6666666666666666,0.0,5.0,5.0,322.95666666666665,1.0,0,3
8f021f89-d7bb-4f9e-9f12-7268cdb37b3d,4,0,1.0,3.0,48094.0,16031.333333333334,6007.262382594365,0.33333333333333337,1.0,1.0,1.0,1.0,0.0,0.0,6.0,5.0,320.62666666666667,0.0,0,1
da2994cb-a9e6-401d-a838-e106bd6b34bd,4,0,2.0,1.0,10493.0,10493.0,0.0,0.0,1.0,1.0,2.0,1.0,0.0,0.0,2.0,2.0,104.93,1.0,1,3
805c65a9-e0f0-424d-a13b-4b0e802569da,4,0,2.0,1.0,135.0,135.0,0.0,0.0,1.0,1.0,4.0,1.0,0.0,0.0,1.0,1.0,1.35,1.0,1,5
67847076-82e1-4400-8355-44db1b0e42e7,3,0,1.0,1.0,3073.0,3073.0,0.0,1.0,0.0,1.0,5.0,1.0,0.0,0.0,1.0,1.0,20.486666666666668,1.0,1,8
d54755d0-4f04-400f-a41b-fdd67a22dd9f,3,0,1.0,1.0,28362.0,28362.0,0.0,1.0,0.0,1.0,1.0,0.0,1.0,0.0,7.0,7.0,567.24,0.0,0,1
11d19b9d-0340-4a81-b8ed-4b07fe906c89,2,0,0.0,3.0,18197.0,6065.666666666667,5120.620307475778,1.0,0.0,1.0,3.0,0.0,0.0,1.0,8.0,8.0,40.437777777777775,1.0,1,4
12d2cace-6dcf-4f52-b9b4-4379a0133c93,1,0,2.0,1.0,2268.0,2268.0,0.0,1.0,0.0,1.0,6.0,1.0,0.0,0.0,2.0,2.0,15.12,1.0,0,9
f0419bd3-c888-4498-9e6f-7bb6b2122ddc,1,0,2.0,1.0,7943.0,7943.0,0.0,1.0,0.0,1.0,3.0,1.0,0.0,0.0,5.0,5.0,52.95333333333333,1.0,1,4
8fc7df37-fd43-49ef-bc8b-eb10078bcd96,1,0,1.0,3.0,46154.0,11538.5,10643.509712496156,1.0,0.0,3.0,6.0,0.0,0.75,0.25,14.0,15.0,87.73333333333333,1.0,0,9
a7caf7a5-80ea-4bde-b395-c68647403c13,1,0,1.0,1.0,29553.0,29553.0,0.0,1.0,0.0,1.0,2.0,0.0,1.0,0.0,3.0,4.0,295.53,1.0,0,3
268eaaf3-646a-4661-9c53-75049f1ca177,1,0,1.0,3.0,73118.0,24372.666666666668,8420.58990411796,1.0,0.0,1.0,6.0,0.3333333333333333,0.0,0.6666666666666666,4.0,3.0,162.48444444444445,1.0,1,9
f3419503-5f04-4c57-9cfe-64956a5ee318,1,0,2.0,1.0,20427.0,20427.0,0.0,1.0,0.0,1.0,5.0,1.0,0.0,0.0,3.0,2.0,136.18,1.0,1,8
be7494b0-3ef9-4f75-8e27-a34643c4ae4f,0,0,1.0,1.0,21440.0,21440.0,0.0,1.0,0.0,1.0,1.0,0.0,1.0,0.0,3.0,3.0,428.8,0.0,0,1
019f6a47-c6b9-4e39-bbcb-2a068bc35592,0,0,1.0,1.0,4532.0,4532.0,0.0,1.0,0.0,1.0,5.0,0.0,0.0,1.0,3.0,2.0,30.213333333333335,1.0,1,8
0159e648-41c3-4c72-b61d-47f8c020902d,0,0,1.0,1.0,21459.0,21459.0,0.0,1.0,0.0,1.0,1.0,0.0,1.0,0.0,3.0,3.0,429.18,0.0,0,1
677c1bad-56fc-454c-a2ae-c22efec97b44,6,1,2.0,1.0,11132.0,11132.0,0.0,1.0,0.0,1.0,1.0,1.0,0.0,0.0,3.0,3.0,222.64,0.0,0,1
56ee9de5-85c6-486e-b78c-3164e8d9adf8,6,1,2.0,2.0,67495.0,33747.5,10550.740282084476,1.0,0.0,2.0,1.0,0.0,1.0,0.0,9.0,8.0,499.7033333333333,0.0,0,1
0ed8477f-6f1f-4cf2-89d0-7937e38ce4f4,6,1,1.0,2.0,11122.0,5561.0,2893.4809486153526,1.0,0.0,1.0,3.0,0.0,0.0,1.0,4.0,4.0,37.07333333333333,1.0,0,4
d8f27015-b65b-4a79-9740-cdea6d25a1b0,6,1,1.0,2.0,18114.0,9057.0,2080.308150250823,1.0,0.0,1.0,6.0,0.5,0.5,0.0,2.0,2.0,60.379999999999995,1.0,0,9
4cde1e8e-0e41-4a40-b64a-ad1ede57fcdc,6,1,2.0,1.0,20146.0,20146.0,0.0,1.0,0.0,1.0,1.0,0.0,1.0,0.0,4.0,5.0,402.92,0.0,0,1
09ef0692-0593-4626-82bb-a5d50944b110,6,1,1.0,2.0,6035.0,3017.5,1003.384522503711,1.0,0.0,1.0,6.0,0.0,0.5,0.5,3.0,3.0,20.116666666666667,1.0,0,9
4f8949b5-3e59-40a0-8f5e-8e94d977227b,6,1,1.0,1.0,1059.0,1059.0,0.0,1.0,0.0,1.0,5.0,0.0,1.0,0.0,1.0,1.0,7.06,1.0,0,8
061f0727-842e-4427-ab91-503426d3cce0,6,1,1.0,3.0,103213.0,34404.333333333336,3254.9949820749853,1.0,0.0,1.0,2.0,0.0,0.3333333333333333,0.6666666666666666,7.0,6.0,344.0433333333333,1.0,1,3
7b33d7e8-e3b6-49f3-961a-d5aa3cf9550a,4,0,1.0,1.0,5005.0,5005.0,0.0,0.0,1.0,1.0,6.0,0.0,1.0,0.0,1.0,1.0,33.36666666666667,1.0,0,9
0b53487a-f9aa-4025-be7c-df244b1e0130,4,0,1.0,1.0,4593.0,4593.0,0.0,0.0,1.0,1.0,6.0,0.0,1.0,0.0,2.0,2.0,30.62,1.0,0,9
5ef48e67-4b19-471b-8130-f347d783ed4f,3,0,1.0,2.0,52373.0,26186.5,3949.191372926868,0.5,1.0,1.0,6.0,1.0,0.0,0.0,8.0,8.0,174.57666666666665,1.0,1,9
1df4d7bc-bb1d-496d-8cea-fed3f611ee69,2,0,1.0,1.0,16909.0,16909.0,0.0,1.0,0.0,1.0,6.0,1.0,0.0,0.0,4.0,4.0,112.72666666666667,1.0,1,9
3a90c4b3-8d0a-47b5-8520-86ed106a6125,2,0,2.0,1.0,28998.0,28998.0,0.0,1.0,0.0,1.0,2.0,0.0,1.0,0.0,2.0,2.0,289.98,1.0,1,3
63d05e64-7911-4300-8739-cae6d36135c8,2,0,1.0,2.0,46910.0,23455.0,9140.062253617314,1.0,0.0,1.0,3.0,0.0,1.0,0.0,18.0,19.0,156.36666666666667,1.0,0,4
05e7fed6-b8ae-4c7f-a826-168a32245cb5,1,0,0.0,1.0,2417.0,2417.0,0.0,1.0,0.0,1.0,6.0,1.0,0.0,0.0,1.0,1.0,16.113333333333333,1.0,0,9
62e10dea-aeed-4c2e-a3f1-94bb0bcbbd15,1,0,0.0,3.0,176127.0,58709.0,47062.640416789196,1.0,0.0,1.0,3.0,0.0,0.0,1.0,7.0,7.0,391.39333333333326,1.0,0,4
b5543f73-f091-4e56-9771-da517435f1f8,0,0,0.0,1.0,4976.0,4976.0,0.0,1.0,0.0,1.0,6.0,0.0,0.0,1.0,4.0,3.0,33.17333333333333,1.0,0,9
3e2649e3-2965-4247-8ed1-4dc769cf657f,0,0,0.0,2.0,45479.0,22739.5,4855.702266408022,1.0,0.0,1.0,3.0,0.0,0.5,0.5,9.0,7.0,151.5966666666667,1.0,0,4
dec1d614-2eb1-4158-96c7-7c889db49236,0,0,1.0,1.0,32033.0,32033.0,0.0,1.0,0.0,1.0,1.0,0.0,1.0,0.0,5.0,5.0,640.66,0.0,1,1
4aaab692-c888-47ec-8b1a-0781f4b588ec,0,0,1.0,3.0,21719.0,7239.666666666667,2068.5222583606233,1.0,0.0,1.0,6.0,1.0,0.0,0.0,3.0,2.0,48.26444444444444,1.0,1,9
7b76ecbf-5282-4201-a591-a538fb6eaeda,0,0,1.0,3.0,108494.0,36164.666666666664,5154.242944733333,1.0,0.0,1.0,6.0,1.0,0.0,0.0,9.0,6.0,241.09777777777776,1.0,1,9
89bbdba3-840d-451f-96eb-94632af656fb,0,0,1.0,1.0,25243.0,25243.0,0.0,1.0,0.0,1.0,6.0,0.0,1.0,0.0,6.0,6.0,168.28666666666666,1.0,0,9
13364820-8b4e-4b9c-9909-340b77034348,6,1,0.0,1.0,4203.0,4203.0,0.0,0.0,1.0,1.0,3.0,1.0,0.0,0.0,2.0,2.0,28.02,1.0,0,4
ac1aba8b-aa74-48e9-86e0-bd609bd85b06,5,1,2.0,2.0,29750.0,14875.0,3241.3774849591337,1.0,0.0,1.0,3.0,1.0,0.0,0.0,4.0,5.0,99.16666666666667,1.0,0,4
3c7ceff8-ea38-470f-b560-00bc8f809e3b,5,1,0.0,3.0,53395.0,13348.75,11653.757687973437,0.25,1.0,1.0,6.0,0.75,0.0,0.25,9.0,10.0,88.99166666666667,1.0,1,9
c66d7340-2191-4dc8-ac93-260a489bb43e,5,1,1.0,3.0,77769.0,19442.25,8117.734880084058,0.75,1.0,1.0,3.0,0.5,0.5,0.0,16.0,15.0,129.615,1.0,0,4
f84dedaf-3d9a-4412-8818-95d5dabf49e5,5,1,2.0,1.0,10544.0,10544.0,0.0,1.0,0.0,1.0,4.0,1.0,0.0,0.0,1.0,1.0,105.44,1.0,0,5
517a5c7f-aea5-4f89-baa3-bef32f5224e8,5,1,2.0,2.0,13508.0,6754.0,5943.939602654118,1.0,0.0,1.0,6.0,0.0,0.5,0.5,1.0,1.0,45.02666666666667,1.0,0,9
9d7bd1c4-88ae-4c72-9af5-2065021fbb05,5,1,2.0,2.0,62952.0,20984.0,10204.086877325182,1.0,0.0,1.0,3.0,0.3333333333333333,0.6666666666666666,0.0,13.0,11.0,139.89333333333335,1.0,0,4
c58d599f-e8b8-464b-9b62-263449e3dd78,5,1,2.0,2.0,51618.0,25809.0,9179.66023336376,1.0,0.0,1.0,3.0,0.5,0.5,0.0,7.0,7.0,172.06,1.0,0,4
0ab527a7-59cc-4c7a-9653-148c21d9a241,5,1,1.0,1.0,5446.0,5446.0,0.0,0.0,1.0,1.0,3.0,1.0,0.0,0.0,1.0,1.0,36.306666666666665,1.0,0,4
eae3874b-78d1-4804-b271-b062a44baaf8,5,1,0.0,2.0,33081.0,11027.0,11291.2772085358,0.33333333333333337,1.0,1.0,3.0,1.0,0.0,0.0,10.0,10.0,73.51333333333332,1.0,0,4
e0ef7e2e-4a36-43b7-ae5e-74d04c56f29b,5,1,1.0,1.0,6955.0,6955.0,0.0,0.0,1.0,1.0,3.0,1.0,0.0,0.0,4.0,4.0,46.36666666666667,1.0,0,4
1640a058-cab2-411c-9f19-8941e0c84ec9,5,1,1.0,1.0,6761.0,6761.0,0.0,0.0,1.0,1.0,3.0,1.0,0.0,0.0,4.0,5.0,45.07333333333333,1.0,1,4
719d54f2-d929-4f1b-ac72-eb9bddb95b57,4,0,1.0,3.0,54475.0,18158.333333333332,15809.337757582805,0.33333333333333337,1.0,1.0,3.0,0.6666666666666666,0.3333333333333333,0.0,6.0,5.0,121.05555555555556,1.0,0,4
7b1e1e9d-f29f-44f2-8d11-fcc89c8c17a1,4,0,1.0,2.0,89923.0,44961.5,38481.4581389531,0.0,1.0,1.0,3.0,0.5,0.0,0.5,6.0,9.0,299.74333333333334,1.0,0,4
b01bfbf5-10b9-444c-9821-185380c267c3,4,0,2.0,2.0,28551.0,14275.5,14842.878443886819,0.5,1.0,1.0,2.0,0.5,0.5,0.0,1.0,1.0,142.755,1.0,1,3
3f9bf763-779f-481f-ba2a-747312497e06,4,0,1.0,2.0,31688.0,15844.0,4655.591047332229,0.0,1.0,1.0,3.0,1.0,0.0,0.0,10.0,9.0,105.62666666666667,1.0,0,4
bef02087-cdc6-4c03-bec5-749b8f42ae20,4,0,1.0,3.0,37803.0,12601.0,10352.266756609395,0.33333333333333337,1.0,1.0,3.0,0.3333333333333333,0.0,0.6666666666666666,4.0,3.0,84.00666666666667,1.0,0,4
3781bd9b-ffaa-4962-9d6b-6f3c26ef9197,4,0,2.0,2.0,21530.0,10765.0,3418.154180255771,0.5,1.0,1.0,6.0,1.0,0.0,0.0,2.0,2.0,71.76666666666667,1.0,1,9
ca7581f2-54d7-4a18-a3fc-da44dcd642d6,4,0,2.0,1.0,4734.0,4734.0,0.0,0.0,1.0,1.0,6.0,1.0,0.0,0.0,2.0,1.0,31.56,1.0,0,9
5102a085-7bad-4f09-943d-dc9382e0c2ec,4,0,1.0,1.0,57913.0,57913.0,0.0,0.0,1.0,1.0,6.0,0.0,0.0,1.0,1.0,3.0,386.08666666666664,1.0,0,9
1da36ae1-eccd-4f3f-9d4c-2e2e98319ef7,3,0,1.0,1.0,3510.0,3510.0,0.0,1.0,0.0,1.0,4.0,1.0,0.0,0.0,1.0,1.0,35.1,1.0,1,5
7fd8c9ce-1697-4673-a81e-dced1f42f6f4,3,0,1.0,1.0,11772.0,11772.0,0.0,1.0,0.0,1.0,6.0,1.0,0.0,0.0,5.0,5.0,78.48,1.0,0,9
9da6bf0c-95dd-4d81-8c43-0a2e57d2ddda,3,0,2.0,1.0,7199.0,7199.0,0.0,0.0,1.0,1.0,5.0,1.0,0.0,0.0,2.0,2.0,47.99333333333333,1.0,0,8
257c55a9-d965-4cb6-b58e-ecdb2a082b73,3,0,1.0,2.0,26107.0,13053.5,16008.19041928225,0.5,1.0,2.0,6.0,0.0,0.5,0.5,1.0,1.0,87.02333333333334,1.0,1,9
ac426d48-3067-4eb4-982a-ec4f39aeb2aa,3,0,1.0,2.0,24342.0,12171.0,3838.17560828058,0.5,1.0,1.0,6.0,0.5,0.5,0.0,7.0,8.0,81.14,1.0,0,9
c3f886b2-1c32-4987-8eca-ae3c404d445c,3,0,2.0,1.0,2605.0,2605.0,0.0,0.0,1.0,1.0,6.0,1.0,0.0,0.0,3.0,2.0,17.366666666666667,1.0,0,9
2411ac4f-e4b4-4dc1-bc89-8532fa220fb9,3,0,2.0,1.0,7912.0,7912.0,0.0,0.0,1.0,1.0,6.0,1.0,0.0,0.0,3.0,2.0,52.74666666666667,1.0,0,9
acdc6e96-2878-4ced-aa95-276e23e2d4b7,3,0,2.0,1.0,5109.0,5109.0,0.0,0.0,1.0,1.0,3.0,0.0,0.0,1.0,2.0,2.0,34.06,1.0,1,4
c9502904-5bf0-4a72-9b65-79c02f9e89ae,3,0,2.0,1.0,5802.0,5802.0,0.0,0.0,1.0,1.0,3.0,1.0,0.0,0.0,4.0,4.0,38.68,1.0,0,4
30f1dbb3-035f-4b2d-a969-25569976a06c,2,0,1.0,2.0,24788.0,12394.0,8704.4844764064,1.0,0.0,1.0,1.0,0.5,0.0,0.5,4.0,4.0,247.88,0.0,1,1
a8970698-7a34-40fc-b4ce-0a0040d6da11,2,0,0.0,2.0,7505.0,3752.5,3236.427737490828,1.0,0.0,2.0,5.0,0.5,0.5,0.0,5.0,5.0,25.016666666666666,1.0,0,8
c7ed4a2b-1767-4bec-9e04-2ee391e6d725,2,0,0.0,1.0,6456.0,6456.0,0.0,1.0,0.0,1.0,5.0,1.0,0.0,0.0,3.0,3.0,43.04,1.0,1,8
b127a232-6ab2-4d38-9614-de4fbf786815,1,0,2.0,1.0,27299.0,27299.0,0.0,1.0,0.0,1.0,3.0,0.0,1.0,0.0,9.0,9.0,181.99333333333334,1.0,0,4
9f44f255-4640-429f-8e90-894c54da9d52,1,0,2.0,1.0,34088.0,34088.0,0.0,1.0,0.0,1.0,3.0,0.0,1.0,0.0,11.0,11.0,227.25333333333333,1.0,0,4
b5b6733b-ea7e-4ebe-b191-9d33e3afeb9f,1,0,1.0,3.0,60362.0,20120.666666666668,5205.499239586279,1.0,0.0,2.0,2.0,0.0,0.6666666666666666,0.3333333333333333,4.0,4.0,256.2033333333333,0.0,1,3
01505ba5-6e37-4a5f-8ff3-6460201fab59,1,0,0.0,1.0,6423.0,6423.0,0.0,1.0,0.0,1.0,6.0,0.0,0.0,1.0,2.0,2.0,42.82,1.0,1,9
dc19613a-fc1f-4a95-b8c4-5dafcb5e2b20,6,1,1.0,2.0,43472.0,21736.0,13259.666360810139,1.0,0.0,1.0,2.0,0.0,0.5,0.5,4.0,4.0,217.36,1.0,0,3
ac66a834-e4ea-44e0-9bd0-b64e52f9f9a3,6,1,1.0,2.0,23177.0,11588.5,9137.940933273754,1.0,0.0,1.0,6.0,0.0,0.5,0.5,2.0,2.0,77.25666666666666,1.0,0,9
6cc44bc4-448c-4b73-bc60-008fe21f16f6,6,1,1.0,3.0,58508.0,19502.666666666668,3891.0680196230614,1.0,0.0,1.0,3.0,1.0,0.0,0.0,10.0,10.0,130.0177777777778,1.0,0,4
b91b8d34-5a5a-40b0-935d-aecc558f7d25,6,1,1.0,3.0,47332.0,15777.333333333334,2598.334915543671,1.0,0.0,1.0,1.0,1.0,0.0,0.0,8.0,9.0,315.5466666666667,0.0,1,1
81ed6039-9938-453a-9c84-d4ed74eb5af2,5,1,2.0,2.0,91707.0,45853.5,816.7083322704624,1.0,0.0,1.0,6.0,0.0,1.0,0.0,6.0,6.0,305.69,1.0,0,9
53238012-af42-4052-8a5a-7753f0960de8,5,1,1.0,1.0,2233.0,2233.0,0.0,0.0,1.0,1.0,3.0,0.0,0.0,1.0,4.0,4.0,14.886666666666667,1.0,0,4
ef846bfa-9d56-4524-98b0-5059be26b749,5,1,2.0,1.0,12109.0,12109.0,0.0,1.0,0.0,1.0,1.0,1.0,0.0,0.0,2.0,1.0,242.18,0.0,0,1
f28099ff-1633-464c-a00f-9797daa55a17,5,1,2.0,2.0,22184.0,11092.0,3022.174382791304,1.0,0.0,1.0,6.0,0.0,0.0,1.0,2.0,2.0,73.94666666666666,1.0,0,9
82a79249-d0a4-4fac-b34b-1a29c462427b,5,1,1.0,3.0,36022.0,12007.333333333334,4809.835998590112,0.6666666666666667,1.0,1.0,6.0,1.0,0.0,0.0,5.0,4.0,80.04888888888888,1.0,0,9
fdb90630-95ba-4b4b-ac53-f8331bfebdb1,4,0,2.0,2.0,27523.0,13761.5,1310.2688655386726,0.5,1.0,1.0,2.0,0.5,0.0,0.5,1.0,1.0,137.615,1.0,1,3
176d1298-b3f7-4b1e-99d7-60b1bb65c8a1,4,0,1.0,2.0,38757.0,19378.5,14900.861199944116,0.0,1.0,1.0,6.0,0.0,0.5,0.5,7.0,6.0,129.19,1.0,0,9
d2f092e1-d2c6-4bc9-a19f-daa0da628571,4,0,1.0,1.0,3627.0,3627.0,0.0,0.0,1.0,1.0,3.0,0.0,0.0,1.0,3.0,3.0,24.18,1.0,1,4
52037501-626a-4a21-9fec-43352cf650cd,4,0,2.0,2.0,38783.0,19391.5,25487.663927869107,0.5,1.0,1.0,3.0,0.0,0.5,0.5,4.0,4.0,129.27666666666667,1.0,0,4
7a37dcc3-e9e2-4133-bbab-18131116907e,3,0,1.0,1.0,10818.0,10818.0,0.0,1.0,0.0,1.0,1.0,1.0,0.0,0.0,1.0,1.0,216.36,0.0,1,1
20eedb94-5bcd-42ee-bed4-1571ad7687b5,3,0,1.0,3.0,61912.0,20637.333333333332,7271.517058587798,0.33333333333333337,1.0,1.0,1.0,0.6666666666666666,0.0,0.3333333333333333,4.0,4.0,412.74666666666667,0.0,1,1
98cc9443-d235-4cc8-81e9-a97d516dc4c2,3,0,1.0,1.0,14346.0,14346.0,0.0,1.0,0.0,1.0,6.0,1.0,0.0,0.0,4.0,4.0,95.64,1.0,0,9
166fba71-aa5b-44e8-83ca-dba6824d145f,3,0,1.0,3.0,29049.0,9683.0,6835.909522514176,0.33333333333333337,1.0,1.0,6.0,0.6666666666666666,0.3333333333333333,0.0,3.0,3.0,64.55333333333333,1.0,1,9
95027769-11dc-4331-a1c7-4c6ed34f848e,3,0,1.0,1.0,6788.0,6788.0,0.0,1.0,0.0,1.0,3.0,1.0,0.0,0.0,2.0,4.0,45.25333333333333,1.0,1,4
da212537-22ff-4323-aa15-dbeebb03dffc,2,0,1.0,3.0,25262.0,8420.666666666666,5611.447614772264,0.6666666666666667,1.0,1.0,2.0,0.6666666666666666,0.0,0.3333333333333333,2.0,2.0,84.20666666666666,1.0,0,3
b1befc5f-015f-434a-83b0-cf185f6a2f31,2,0,1.0,1.0,13630.0,13630.0,0.0,1.0,0.0,1.0,2.0,1.0,0.0,0.0,1.0,1.0,136.3,1.0,0,3
28e3c1a6-bb17-496e-9423-62dbb1f2aba4,2,0,1.0,2.0,38738.0,19369.0,3655.742058734451,1.0,0.0,1.0,6.0,0.5,0.5,0.0,8.0,7.0,129.12666666666667,1.0,1,9
0dba105b-02a1-42b0-a133-1683a868c081,2,0,2.0,1.0,16534.0,16534.0,0.0,1.0,0.0,1.0,1.0,1.0,0.0,0.0,3.0,3.0,330.68,0.0,0,1
75e376ef-b43e-4f63-9123-b01c27349aca,2,0,1.0,1.0,5260.0,5260.0,0.0,1.0,0.0,1.0,3.0,0.0,1.0,0.0,5.0,4.0,35.06666666666667,1.0,0,4
d8cc79af-e58b-47a9-8861-d4fab091e8e6,2,0,1.0,2.0,9925.0,4962.5,6814.388050294759,0.5,1.0,1.0,6.0,1.0,0.0,0.0,1.0,1.0,33.08333333333333,1.0,0,9
6659b20a-bdb8-48f7-bcc8-113d481236ab,1,0,1.0,2.0,18232.0,9116.0,499.21738751770255,1.0,0.0,1.0,1.0,0.0,0.0,1.0,5.0,5.0,182.32,0.0,1,1
191b6b77-9fd5-4a9d-8331-eab8796fd663,1,0,1.0,2.0,24555.0,12277.5,7637.4603435959,1.0,0.0,1.0,1.0,1.0,0.0,0.0,10.0,10.0,245.55,0.0,1,1
be113244-faee-4bd1-91ef-b3a82f5b7ad3,1,0,1.0,3.0,81364.0,27121.333333333332,23644.26582352121,1.0,0.0,1.0,2.0,0.0,1.0,0.0,6.0,5.0,271.2133333333333,1.0,0,3
13edb472-2c19-4741-b5f0-396504595279,1,0,2.0,2.0,50987.0,25493.5,1339.9673503485076,1.0,0.0,1.0,1.0,1.0,0.0,0.0,8.0,6.0,509.87,0.0,0,1
6c9844ee-024d-4e9c-9f9a-005c394454c8,1,0,1.0,2.0,21157.0,10578.5,8614.681915195708,1.0,0.0,2.0,4.0,0.5,0.5,0.0,4.0,5.0,98.30666666666666,1.0,0,5
27718ddc-8913-4163-8ff4-5b045d23ad71,1,0,1.0,2.0,58693.0,29346.5,29834.956418604,1.0,0.0,2.0,4.0,0.0,1.0,0.0,3.0,2.0,209.39333333333335,1.0,0,5
583c5708-dc3c-4ebc-b353-78f341db25db,1,0,2.0,2.0,13170.0,6585.0,828.7291475506337,1.0,0.0,1.0,2.0,0.0,0.0,1.0,2.0,1.0,65.85,1.0,1,3
068558f1-d92c-47d7-978c-5c60099fee5f,1,0,1.0,2.0,3183.0,1591.5,1364.0089809088502,1.0,0.0,1.0,6.0,0.0,0.0,1.0,2.0,2.0,10.61,1.0,0,9
5be962ba-af43-4f5e-9271-78b8863f54b4,0,0,1.0,1.0,18193.0,18193.0,0.0,1.0,0.0,1.0,1.0,1.0,0.0,0.0,2.0,2.0,363.86,0.0,0,1
d3723d40-da43-4b44-91cf-0c7aed46da0b,0,0,1.0,3.0,126275.0,31568.75,23846.011467678753,1.0,0.0,2.0,1.0,0.25,0.5,0.25,9.0,8.0,548.3183333333334,0.0,1,1
1e04eeec-95b8-4082-b412-af5289144f55,0,0,1.0,1.0,10870.0,10870.0,0.0,1.0,0.0,1.0,1.0,1.0,0.0,0.0,2.0,2.0,217.4,0.0,0,1
2593aade-666b-4a9a-9ebb-8e56f08436ed,0,0,1.0,2.0,50197.0,25098.5,23834.448273454957,1.0,0.0,1.0,6.0,0.0,1.0,0.0,7.0,7.0,167.32333333333332,1.0,1,9
220dcf1f-ab5c-4e98-96e2-c269fc632ce7,0,0,1.0,3.0,6408.0,2136.0,1841.3818180920546,1.0,0.0,1.0,6.0,0.0,0.3333333333333333,0.6666666666666666,5.0,5.0,14.24,1.0,0,9
6aed9803-4a31-44ed-88e6-e2d09e8f2b76,0,0,2.0,1.0,5981.0,5981.0,0.0,1.0,0.0,1.0,6.0,1.0,0.0,0.0,2.0,2.0,39.873333333333335,1.0,1,9
ee1a4cf3-9413-4a0d-8d84-e7a2c16c4545,0,0,1.0,2.0,22547.0,11273.5,4093.4411562889236,1.0,0.0,1.0,6.0,0.0,0.0,1.0,6.0,7.0,75.15666666666667,1.0,1,9
ad042f5b-851b-4a5f-bfd3-6cc620c25055,0,0,2.0,1.0,7575.0,7575.0,0.0,1.0,0.0,1.0,2.0,0.0,0.0,1.0,2.0,2.0,75.75,1.0,0,3
c9c0e5c0-6530-4066-b68c-ac9d6f91afba,0,0,1.0,1.0,3568.0,3568.0,0.0,1.0,0.0,1.0,6.0,0.0,0.0,1.0,2.0,2.0,23.786666666666665,1.0,0,9
c6dbca49-40a6-44e2-94ae-c270377e4f19,0,0,2.0,2.0,9985.0,4992.5,1987.677161915385,1.0,0.0,1.0,5.0,1.0,0.0,0.0,1.0,1.0,33.28333333333333,1.0,0,8
427182f5-2582-4c18-acc0-39da7d7f5826,0,0,2.0,1.0,11485.0,11485.0,0.0,1.0,0.0,1.0,1.0,0.0,0.0,1.0,2.0,2.0,229.7,0.0,1,1
49651683-9356-4edc-ab8b-cf0a3b01d0c7,0,0,1.0,3.0,88649.0,29549.666666666668,2251.067598570361,1.0,0.0,1.0,3.0,0.0,1.0,0.0,12.0,11.0,196.99777777777777,1.0,0,4
7c0f1d75-d23f-4ef0-b5af-68577e574d10,0,0,1.0,3.0,80853.0,26951.0,6960.11257092872,1.0,0.0,1.0,3.0,0.3333333333333333,0.0,0.6666666666666666,5.0,3.0,179.67333333333332,1.0,0,4
951af338-bdc0-4a0a-b3f4-d84fa4986265,0,0,1.0,2.0,37473.0,18736.5,1916.9664837967302,1.0,0.0,1.0,2.0,1.0,0.0,0.0,2.0,2.0,187.365,1.0,0,3
df24a9b0-cfb5-47f0-aee2-2ca074427929,0,0,2.0,1.0,17410.0,17410.0,0.0,1.0,0.0,1.0,1.0,1.0,0.0,0.0,2.0,2.0,348.2,0.0,0,1
00d93512-0d31-4412-be9f-683d4d16c3d0,0,0,1.0,3.0,87583.0,29194.333333333332,10165.206162854412,1.0,0.0,1.0,2.0,0.3333333333333333,0.6666666666666666,0.0,2.0,2.0,291.9433333333333,1.0,0,3
ba730492-c63e-4ef5-b60a-3ce3cc77473c,6,1,2.0,1.0,3581.0,3581.0,0.0,1.0,0.0,1.0,6.0,1.0,0.0,0.0,1.0,1.0,23.873333333333335,1.0,1,9
d8e71a10-d6c6-4d0d-994e-d4a66bc5ed81,6,1,2.0,1.0,7440.0,7440.0,0.0,1.0,0.0,1.0,6.0,0.0,1.0,0.0,2.0,2.0,49.6,1.0,0,9
0ad8f227-3e0b-4d37-b17f-f940b687f94e,6,1,1.0,3.0,124222.0,41407.333333333336,1796.0373975319492,1.0,0.0,1.0,6.0,0.0,1.0,0.0,16.0,15.0,276.04888888888894,1.0,0,9
bbbaa7b6-413d-44f8-936a-fc0be6dcf71c,6,1,1.0,1.0,19936.0,19936.0,0.0,1.0,0.0,1.0,4.0,1.0,0.0,0.0,3.0,4.0,199.36,1.0,1,5
27f38413-d030-440a-8b98-0b9956731363,6,1,1.0,1.0,23918.0,23918.0,0.0,1.0,0.0,1.0,3.0,1.0,0.0,0.0,7.0,9.0,159.45333333333335,1.0,0,4
f5884723-dd8f-4592-9940-1389ee33a8b8,6,1,1.0,2.0,50359.0,25179.5,17163.60289974107,1.0,0.0,1.0,4.0,0.0,0.0,1.0,5.0,5.0,251.79500000000002,1.0,1,5
5c382642-64ac-4ca3-8fb4-402521fdba1c,4,0,1.0,1.0,15914.0,15914.0,0.0,0.0,1.0,1.0,2.0,1.0,0.0,0.0,2.0,3.0,159.14,1.0,0,3
0362a697-9fca-463d-b65e-1c65673fb15d,4,0,2.0,2.0,13234.0,6617.0,9140.062253617314,0.5,1.0,1.0,3.0,0.0,0.0,1.0,3.0,2.0,44.11333333333334,1.0,0,4
4008307f-486f-408f-b90b-e01398972029,4,0,1.0,1.0,9493.0,9493.0,0.0,0.0,1.0,1.0,2.0,0.0,0.0,1.0,1.0,1.0,94.93,1.0,0,3
7b0d42f5-54a4-431a-9413-89d92d380ae6,4,0,1.0,3.0,22104.0,7368.0,3534.8548767948027,0.33333333333333337,1.0,1.0,4.0,0.3333333333333333,0.0,0.6666666666666666,2.0,2.0,73.67999999999999,1.0,0,5
71008d36-dc4b-4a06-9199-6114e12cfbe9,3,0,1.0,2.0,48695.0,24347.5,12387.803699607126,0.5,1.0,1.0,3.0,0.5,0.5,0.0,7.0,7.0,162.31666666666666,1.0,1,4
8517a1a8-aaf7-457a-bcd6-d81672c0ee1f,3,0,0.0,1.0,16585.0,16585.0,0.0,1.0,0.0,1.0,6.0,0.0,0.0,1.0,3.0,3.0,110.56666666666666,1.0,0,9
f7440c69-f5cc-4286-94f4-7dc444d4061c,3,0,1.0,2.0,15506.0,7753.0,5837.873585476136,0.5,1.0,1.0,4.0,1.0,0.0,0.0,4.0,4.0,77.53,1.0,1,5
2644f624-a353-4b84-b7be-11f9053e9ef3,3,0,1.0,2.0,38066.0,19033.0,11752.11470332042,0.5,1.0,1.0,2.0,0.5,0.0,0.5,2.0,2.0,190.33,1.0,1,3
0b9b8799-4bbd-459f-9ab6-dce1a2a82ea8,3,0,2.0,1.0,13048.0,13048.0,0.0,0.0,1.0,1.0,2.0,1.0,0.0,0.0,1.0,1.0,130.48,1.0,0,3
37a30be4-d7aa-42ad-b4c2-7afef9747c7b,3,0,1.0,1.0,18458.0,18458.0,0.0,1.0,0.0,1.0,4.0,0.0,1.0,0.0,5.0,5.0,184.58,1.0,1,5
837f61dd-022c-4d99-bd4c-c1113d588b32,3,0,1.0,3.0,53306.0,17768.666666666668,8357.651125366106,0.33333333333333337,1.0,2.0,1.0,0.3333333333333333,0.3333333333333333,0.3333333333333333,12.0,12.0,306.1644444444444,0.0,1,1
5f23e106-cb4c-4ae9-953d-98e3e0cc0eb8,3,0,1.0,1.0,13602.0,13602.0,0.0,1.0,0.0,1.0,1.0,1.0,0.0,0.0,5.0,4.0,272.04,0.0,1,1
c88a1009-f7fc-4b95-8d08-6ff4e812315d,3,0,1.0,2.0,25241.0,12620.5,4372.041228076423,0.5,1.0,1.0,5.0,1.0,0.0,0.0,2.0,2.0,84.13666666666667,1.0,0,8
6d3896e2-00ba-4ddf-9250-26857410ce56,3,0,1.0,1.0,28897.0,28897.0,0.0,1.0,0.0,1.0,5.0,0.0,1.0,0.0,7.0,7.0,192.64666666666668,1.0,0,8
f686e1ee-d37a-4fc2-96ca-b3ead1c8fd06,3,0,0.0,2.0,51582.0,17194.0,18789.425137560756,1.0,0.0,1.0,3.0,0.3333333333333333,0.3333333333333333,0.3333333333333333,4.0,5.0,114.62666666666667,1.0,1,4
699c70ca-64ea-461e-bdd8-66b7c314c582,3,0,1.0,2.0,134917.0,67458.5,26754.7992797554,0.5,1.0,1.0,5.0,0.0,0.0,1.0,2.0,1.0,449.72333333333336,1.0,0,8
ec50154e-3195-4a6a-9f56-d077f6f12fe2,2,0,1.0,1.0,19874.0,19874.0,0.0,1.0,0.0,1.0,2.0,1.0,0.0,0.0,2.0,2.0,198.74,1.0,0,3
45a20457-b3ef-45ff-8c03-60411690ea3e,2,0,1.0,3.0,32428.0,10809.333333333334,1876.8815448326336,0.6666666666666667,1.0,1.0,5.0,1.0,0.0,0.0,10.0,10.0,72.06222222222222,1.0,0,8
a69066a4-ba02-431a-a0b1-8b4f12f9ec93,2,0,1.0,3.0,65563.0,21854.333333333332,8913.623075569963,0.6666666666666667,1.0,1.0,5.0,0.0,0.6666666666666666,0.3333333333333333,7.0,7.0,145.69555555555556,1.0,1,8
d4b1ca2a-3e4c-4adf-9e3c-7fdf467fa17b,2,0,1.0,2.0,46732.0,23366.0,970.1505037879432,1.0,0.0,1.0,5.0,0.0,1.0,0.0,9.0,9.0,155.7733333333333,1.0,1,8
6a5c8850-c87a-4c99-8ebb-33a9de7d62ce,2,0,2.0,1.0,23370.0,23370.0,0.0,1.0,0.0,1.0,5.0,1.0,0.0,0.0,3.0,3.0,155.8,1.0,0,8
eb32828c-eb59-47b7-b671-8b933f603f4b,2,0,1.0,2.0,47038.0,23519.0,4258.197036305389,1.0,0.0,1.0,2.0,0.5,0.5,0.0,6.0,6.0,235.19,1.0,1,3
3a2fefd1-e3fd-488f-87c6-8eef4bea11d4,2,0,1.0,1.0,28899.0,28899.0,0.0,1.0,0.0,1.0,2.0,1.0,0.0,0.0,2.0,2.0,288.99,1.0,0,3
1f524dee-7371-45fa-8e1e-3f4fa5e3580a,2,0,2.0,1.0,21459.0,21459.0,0.0,1.0,0.0,1.0,1.0,0.0,1.0,0.0,2.0,2.0,429.18,0.0,0,1
3cd29219-5d55-4447-af63-000a25636c12,2,0,1.0,1.0,13814.0,13814.0,0.0,1.0,0.0,1.0,6.0,1.0,0.0,0.0,2.0,2.0,92.09333333333333,1.0,0,9
09b5f5e8-35f8-46b1-a265-fcde32ee7a8a,2,0,0.0,1.0,6245.0,6245.0,0.0,1.0,0.0,1.0,6.0,0.0,0.0,1.0,1.0,1.0,41.63333333333333,1.0,1,9
1cbfed29-8de3-477e-bf7d-5b5744c5b019,2,0,1.0,2.0,52050.0,26025.0,199.4041122946064,1.0,0.0,1.0,2.0,0.0,1.0,0.0,6.0,6.0,260.25,1.0,1,3
05ba3f66-82c8-4089-a866-88ed7f2ce496,1,0,1.0,3.0,29108.0,9702.666666666666,5755.986999058749,1.0,0.0,1.0,2.0,1.0,0.0,0.0,4.0,5.0,97.02666666666666,1.0,0,3
9e73509a-42cd-4da9-838e-47e35bd3ff4d,1,0,0.0,2.0,8314.0,4157.0,260.2152954766495,1.0,0.0,1.0,1.0,1.0,0.0,0.0,4.0,5.0,83.13999999999999,0.0,0,1
5090d837-46ce-4518-9f76-ccf04c0b0acb,1,0,1.0,1.0,4866.0,4866.0,0.0,1.0,0.0,1.0,5.0,0.0,1.0,0.0,1.0,1.0,32.44,1.0,0,8
eacaa38e-fee1-4b83-b2d8-f678300bf428,1,0,2.0,1.0,14898.0,14898.0,0.0,1.0,0.0,1.0,6.0,1.0,0.0,0.0,5.0,5.0,99.32,1.0,1,9
045849a4-f2c3-494a-b1e2-d51a2c611d6b,1,0,1.0,3.0,16112.0,5370.666666666667,1528.7646428843561,1.0,0.0,1.0,1.0,1.0,0.0,0.0,2.0,2.0,107.41333333333334,0.0,0,1
149149cc-3202-4625-ae6a-fa1406d20f49,0,0,2.0,2.0,28860.0,14430.0,6632.661607529816,1.0,0.0,1.0,2.0,0.5,0.0,0.5,1.0,1.0,144.3,1.0,0,3
7f408f5f-ccb4-44df-a62f-251f70c84939,0,0,1.0,1.0,2988.0,2988.0,0.0,1.0,0.0,1.0,3.0,1.0,0.0,0.0,2.0,2.0,19.92,1.0,0,4
c04d3208-672f-4733-a2d8-e242abad6e56,0,0,1.0,3.0,97485.0,32495.0,9235.256303969045,1.0,0.0,1.0,5.0,0.0,1.0,0.0,11.0,10.0,216.63333333333335,1.0,1,8
f879c9bc-4fae-4491-aa8e-8bc37611e009,0,0,1.0,1.0,21894.0,21894.0,0.0,1.0,0.0,1.0,1.0,0.0,1.0,0.0,3.0,3.0,437.88,0.0,0,1
3e6acc11-4592-4277-85fa-11502392a568,0,0,2.0,1.0,20919.0,20919.0,0.0,1.0,0.0,1.0,6.0,1.0,0.0,0.0,2.0,1.0,139.46,1.0,0,9
f8b075d4-ded1-48a5-933a-4235a8caf298,0,0,2.0,2.0,23940.0,11970.0,6566.19357009828,1.0,0.0,1.0,6.0,0.0,1.0,0.0,4.0,4.0,79.8,1.0,1,9
0a4aaffe-8d8d-4c66-a76e-dfcadb398c1d,0,0,1.0,3.0,87292.0,29097.333333333332,7505.506334241105,1.0,0.0,1.0,5.0,0.6666666666666666,0.3333333333333333,0.0,7.0,7.0,193.98222222222225,1.0,1,8
5c985b28-2250-43c0-bb65-a264db9978f8,0,0,1.0,2.0,62548.0,31274.0,3187.637369588956,1.0,0.0,1.0,2.0,0.5,0.5,0.0,4.0,4.0,312.74,1.0,0,3
8322c36f-3fca-478b-8ea4-6cce80d3cdb2,0,0,1.0,2.0,44393.0,22196.5,1204.2028483606905,1.0,0.0,1.0,4.0,1.0,0.0,0.0,6.0,6.0,221.96499999999997,1.0,1,5
4aad5f8d-378f-4d3e-8e7c-814f2ea013c7,0,0,1.0,2.0,51703.0,25851.5,234.05234457274722,1.0,0.0,1.0,5.0,0.5,0.5,0.0,13.0,12.0,172.34333333333333,1.0,0,8
e364145b-2fa4-4097-84ee-9a1e5c1e9349,0,0,1.0,1.0,22733.0,22733.0,0.0,1.0,0.0,1.0,6.0,0.0,1.0,0.0,5.0,5.0,151.55333333333334,1.0,0,9
85da5cb9-f147-4323-b18b-c1084de9d348,0,0,1.0,3.0,34243.0,11414.333333333334,3808.5719545957554,1.0,0.0,1.0,3.0,0.0,1.0,0.0,11.0,11.0,76.09555555555556,1.0,1,4
6906929a-ed33-403f-af00-6d4d9716fbfd,0,0,1.0,2.0,11775.0,5887.5,34.64823227814083,1.0,0.0,1.0,5.0,0.0,1.0,0.0,2.0,2.0,39.25,1.0,1,8
bfd88a5d-207c-40ee-8297-bcdfffdbe609,0,0,2.0,1.0,4418.0,4418.0,0.0,1.0,0.0,1.0,6.0,0.0,1.0,0.0,2.0,1.0,29.453333333333333,1.0,0,9
772ea47c-8462-4d9d-9835-bbeded7beb41,6,1,1.0,2.0,53809.0,26904.5,6412.751398580799,1.0,0.0,1.0,3.0,0.5,0.5,0.0,10.0,10.0,179.36333333333334,1.0,0,4
e7f79e16-60f7-428a-8295-d2d4af406acb,6,1,2.0,1.0,28839.0,28839.0,0.0,1.0,0.0,1.0,6.0,0.0,1.0,0.0,6.0,6.0,192.26,1.0,0,9
6613095e-ad6c-4bb0-b793-3bc087ca7fdd,6,1,2.0,2.0,20163.0,10081.5,2027.2751416618316,1.0,0.0,1.0,1.0,1.0,0.0,0.0,2.0,2.0,201.63,0.0,1,1
83428a0d-00c3-47f2-990c-9470a0d53037,6,1,2.0,2.0,48538.0,24269.0,4630.135203209513,1.0,0.0,1.0,6.0,0.0,1.0,0.0,4.0,4.0,161.79333333333335,1.0,0,9
92265615-94f2-4d62-9ac2-7daeef4557ed,6,1,1.0,3.0,79474.0,26491.333333333332,6778.514611132246,1.0,0.0,1.0,2.0,0.6666666666666666,0.3333333333333333,0.0,6.0,6.0,264.91333333333336,1.0,0,3
2fa2f14b-282d-4e69-91b1-215a1887ce39,6,1,1.0,1.0,16886.0,16886.0,0.0,1.0,0.0,1.0,2.0,1.0,0.0,0.0,1.0,1.0,168.86,1.0,0,3
b0ec53e0-840f-496c-940d-8e9c56c8205c,5,1,1.0,1.0,26186.0,26186.0,0.0,0.0,1.0,1.0,6.0,1.0,0.0,0.0,6.0,3.0,174.57333333333332,1.0,1,9
4a57deba-176d-4c1c-a589-811512307f22,5,1,2.0,2.0,51909.0,25954.5,9572.104496922293,1.0,0.0,1.0,2.0,0.0,1.0,0.0,2.0,2.0,259.545,1.0,0,3
03fd578e-58b7-4917-b15d-c798204520aa,5,1,1.0,1.0,8887.0,8887.0,0.0,0.0,1.0,1.0,5.0,1.0,0.0,0.0,2.0,2.0,59.24666666666667,1.0,0,8
e109845d-11a9-49de-ab83-5919e61fd3e4,5,1,1.0,2.0,33947.0,16973.5,3343.907968231183,0.5,1.0,1.0,2.0,1.0,0.0,0.0,2.0,2.0,169.735,1.0,0,3
4acf941b-b706-4891-a592-7e04784a1cc4,5,1,1.0,3.0,162920.0,54306.666666666664,30837.62600028305,0.6666666666666667,1.0,1.0,4.0,0.0,0.3333333333333333,0.6666666666666666,2.0,1.0,543.0666666666667,1.0,0,5
0ffc4d6f-f26b-4569-94b0-55cd29e27860,5,1,1.0,3.0,36355.0,12118.333333333334,6546.515587190894,0.6666666666666667,1.0,1.0,4.0,0.3333333333333333,0.3333333333333333,0.3333333333333333,8.0,8.0,121.18333333333334,1.0,0,5
6864b859-2b80-43b1-b5b8-e6c42d08dc39,5,1,2.0,2.0,44770.0,22385.0,6393.659515488763,1.0,0.0,1.0,5.0,0.0,1.0,0.0,1.0,1.0,149.23333333333335,1.0,0,8
173c2311-6e2c-4d54-99a9-afbf467f958b,5,1,2.0,2.0,20856.0,10428.0,8923.68757857423,1.0,0.0,1.0,1.0,1.0,0.0,0.0,3.0,4.0,208.56,0.0,1,1
ecc8f4ca-5950-4b94-a866-e505337f012b,4,0,1.0,3.0,71269.0,23756.333333333332,2474.81763637916,0.33333333333333337,1.0,1.0,5.0,0.6666666666666666,0.3333333333333333,0.0,7.0,7.0,158.37555555555556,1.0,1,8
ab314d04-3700-41c3-81b0-18dc354fafb5,3,0,1.0,3.0,56822.0,18940.666666666668,4523.949859728038,0.33333333333333337,1.0,1.0,3.0,1.0,0.0,0.0,14.0,14.0,126.2711111111111,1.0,1,4
55243d58-a9f3-4d8d-934d-155d06ddda6b,3,0,1.0,1.0,16856.0,16856.0,0.0,1.0,0.0,1.0,4.0,0.0,1.0,0.0,4.0,4.0,168.56,1.0,1,5
3b751612-2a7c-4ef1-8dd8-d393ae103290,3,0,1.0,1.0,4659.0,4659.0,0.0,1.0,0.0,1.0,6.0,1.0,0.0,0.0,1.0,1.0,31.06,1.0,0,9
89537ca3-0fff-48e2-b7e4-13c612226036,3,0,1.0,3.0,48719.0,16239.666666666666,6510.046415605139,0.33333333333333337,1.0,1.0,3.0,0.6666666666666666,0.0,0.3333333333333333,10.0,10.0,108.26444444444445,1.0,0,4
9bc8afe1-0a2c-4e70-b46a-56ca291e4501,3,0,1.0,2.0,52144.0,26072.0,4459.015362162369,0.5,1.0,1.0,5.0,0.5,0.5,0.0,10.0,9.0,173.81333333333333,1.0,0,8
3afecb5b-736f-4665-beed-84f532abb75a,2,0,1.0,2.0,49542.0,24771.0,13992.228986119402,1.0,0.0,1.0,2.0,0.5,0.5,0.0,2.0,2.0,247.70999999999998,1.0,1,3
4d074f2d-45c5-42b1-9e86-1a3f757e9c44,2,0,1.0,2.0,32062.0,16031.0,12012.32999879707,1.0,0.0,1.0,1.0,0.5,0.5,0.0,4.0,4.0,320.62,0.0,1,1
dd76aed6-c9aa-4cfb-89d7-3411cb5e85e4,2,0,2.0,2.0,12079.0,6039.5,1610.0821407617686,0.5,1.0,1.0,2.0,0.0,0.0,1.0,1.0,1.0,60.394999999999996,1.0,0,3
636783bf-9ba3-4276-9983-4458d5b9e62b,1,0,2.0,1.0,16967.0,16967.0,0.0,1.0,0.0,1.0,5.0,1.0,0.0,0.0,7.0,6.0,113.11333333333333,1.0,0,8
5c58af6f-6bb7-4b6d-a813-a3887d225605,1,0,1.0,2.0,41242.0,20621.0,12384.268165701193,1.0,0.0,1.0,6.0,0.5,0.5,0.0,3.0,3.0,137.47333333333333,1.0,1,9
2a523a44-cf9d-4e32-ac7e-51cad6e5642e,1,0,1.0,3.0,39526.0,13175.333333333334,4812.394864652457,1.0,0.0,1.0,1.0,0.6666666666666666,0.3333333333333333,0.0,7.0,8.0,263.50666666666666,0.0,0,1
63f64fe2-055f-4537-8f4c-a2e473342c5f,1,0,1.0,1.0,28813.0,28813.0,0.0,1.0,0.0,1.0,5.0,1.0,0.0,0.0,9.0,9.0,192.08666666666667,1.0,0,8
fe8aa07c-4bfe-4fdc-a446-a1b938dccff8,1,0,1.0,2.0,14810.0,7405.0,6689.2301500247395,1.0,0.0,1.0,1.0,0.5,0.0,0.5,2.0,2.0,148.1,0.0,1,1
7ba6ff3d-4dc4-4d40-b707-496f4550ca26,1,0,2.0,2.0,7246.0,3623.0,1393.0003589374987,1.0,0.0,1.0,2.0,0.0,0.5,0.5,1.0,1.0,36.23,1.0,1,3
ab6b8262-6da3-42c0-b8d2-0b069a044c84,1,0,1.0,2.0,25758.0,12879.0,12240.018382339138,1.0,0.0,1.0,2.0,0.0,0.0,1.0,4.0,5.0,128.79,1.0,1,3
42ad1d96-3062-40b3-a587-f5eba76f904f,1,0,1.0,3.0,79399.0,26466.333333333332,2720.3715432516447,1.0,0.0,1.0,1.0,0.3333333333333333,0.6666666666666666,0.0,7.0,7.0,529.3266666666667,0.0,0,1
8910edc5-1af0-4b9a-9387-72a097cf2279,1,0,1.0,2.0,38742.0,19371.0,4362.848839920998,1.0,0.0,1.0,3.0,1.0,0.0,0.0,4.0,3.0,129.14000000000001,1.0,0,4
caabff99-3a3a-4558-84f2-109b6e6c3669,0,0,0.0,1.0,17161.0,17161.0,0.0,1.0,0.0,1.0,3.0,1.0,0.0,0.0,6.0,6.0,114.40666666666667,1.0,1,4
f54287c9-1e87-43fb-8fca-6950e34b4126,0,0,2.0,2.0,33951.0,16975.5,11238.0480733978,1.0,0.0,1.0,6.0,0.0,1.0,0.0,3.0,3.0,113.17,1.0,1,9
dcc2a2ac-2363-44b1-a7fb-6d3bed96975c,0,0,2.0,2.0,47903.0,23951.5,4140.110203847235,1.0,0.0,2.0,5.0,0.5,0.5,0.0,9.0,9.0,159.67666666666668,1.0,1,8
87eba557-8f99-4141-852d-fb9fdf53fbf9,0,0,1.0,2.0,21715.0,10857.5,9497.151178116519,1.0,0.0,1.0,6.0,0.5,0.0,0.5,5.0,5.0,72.38333333333334,1.0,1,9
77037735-9ef8-4458-bc35-fe80bb992014,0,0,1.0,1.0,742.0,742.0,0.0,1.0,0.0,1.0,1.0,1.0,0.0,0.0,1.0,1.0,14.84,0.0,0,1
5e26c2a8-4e52-4ce8-9515-e319da52e89e,0,0,1.0,1.0,6911.0,6911.0,0.0,1.0,0.0,1.0,2.0,0.0,0.0,1.0,2.0,3.0,69.11,1.0,1,3
8c1a928e-4324-4696-8a9d-7c9668bbe7e4,0,0,1.0,2.0,7442.0,3721.0,2589.4250327051373,1.0,0.0,1.0,3.0,0.5,0.5,0.0,3.0,3.0,24.80666666666667,1.0,0,4
19ff7334-3958-4de4-9579-a94d0ba664bb,0,0,1.0,2.0,33619.0,16809.5,983.5855326304876,1.0,0.0,1.0,1.0,0.0,1.0,0.0,6.0,6.0,336.19,0.0,1,1
9550ac50-3b7d-42cd-a648-6ce0544a9610,5,1,2.0,1.0,4460.0,4460.0,0.0,1.0,0.0,1.0,3.0,0.0,0.0,1.0,1.0,1.0,29.733333333333334,1.0,0,4
3842b428-2ee8-4959-a204-b7b4eeaabe1d,5,1,1.0,2.0,14690.0,7345.0,9940.507129920485,0.5,1.0,1.0,6.0,0.5,0.0,0.5,3.0,3.0,48.96666666666667,1.0,0,9
3299851a-08fa-47ad-816c-e479ebd4a80a,5,1,1.0,2.0,26921.0,13460.5,8147.991439612587,0.5,1.0,1.0,4.0,1.0,0.0,0.0,6.0,5.0,134.605,1.0,0,5
5b33abb1-c8c2-449b-91cc-0e5aa00fd2bc,5,1,1.0,3.0,96043.0,24010.75,11431.222984294667,0.75,1.0,2.0,3.0,0.75,0.0,0.25,10.0,8.0,160.07166666666666,1.0,1,4
a1bc63bc-d88d-42ad-b984-64153cc8b4d3,4,0,1.0,3.0,40317.0,13439.0,4470.362848807689,0.33333333333333337,1.0,1.0,6.0,1.0,0.0,0.0,13.0,11.0,89.59333333333332,1.0,0,9
5639b9f6-5e97-4932-afab-5fb9d4adaa5e,4,0,1.0,1.0,10610.0,10610.0,0.0,0.0,1.0,1.0,3.0,1.0,0.0,0.0,3.0,4.0,70.73333333333333,1.0,0,4
bd0fedcf-2b61-49f6-9013-292cbc9422c5,4,0,1.0,2.0,33985.0,16992.5,2809.3352416541534,0.0,1.0,2.0,1.0,1.0,0.0,0.0,8.0,7.0,213.32333333333332,0.0,0,1
1eb22f20-c07d-4f98-811a-fd32314a51e3,4,0,1.0,1.0,3745.0,3745.0,0.0,0.0,1.0,1.0,1.0,1.0,0.0,0.0,1.0,1.0,74.9,0.0,1,1
7a7dff5a-99e5-42fb-9222-80d81891672d,4,0,0.0,2.0,20215.0,10107.5,5388.860779422679,0.5,1.0,1.0,3.0,1.0,0.0,0.0,8.0,8.0,67.38333333333333,1.0,1,4
2bd9f3f2-80f8-4ed4-a6a9-d3695b07e25b,4,0,1.0,2.0,21005.0,10502.5,72.8319984622144,0.5,1.0,1.0,3.0,0.5,0.0,0.5,6.0,6.0,70.01666666666667,1.0,1,4
b2c5c68c-ab77-4be1-95cb-8e8fb10ec092,4,0,0.0,3.0,39260.0,13086.666666666666,3355.023149448202,0.33333333333333337,1.0,1.0,6.0,0.6666666666666666,0.3333333333333333,0.0,10.0,11.0,87.24444444444445,1.0,1,9
ab03fc37-3be7-474e-864e-16d3c23510b6,4,0,1.0,2.0,30349.0,15174.5,6271.33004234349,0.5,1.0,1.0,3.0,1.0,0.0,0.0,5.0,6.0,101.16333333333333,1.0,1,4
54a8d4b4-f255-4a6c-a6eb-ebfd51452617,4,0,1.0,3.0,63699.0,21233.0,8310.466653564046,0.33333333333333337,1.0,1.0,6.0,1.0,0.0,0.0,9.0,9.0,141.55333333333334,1.0,0,9
050875c5-91e9-42bf-97fd-2a4942aed99f,4,0,1.0,2.0,40044.0,20022.0,17100.670396215464,0.0,1.0,1.0,3.0,0.5,0.0,0.5,6.0,6.0,133.48,1.0,0,4
80a00063-2767-4d1e-8063-14206d5bf7dc,4,0,2.0,1.0,18992.0,18992.0,0.0,0.0,1.0,1.0,4.0,1.0,0.0,0.0,3.0,4.0,189.92,1.0,0,5
cde78362-de58-44fb-a8fc-dbbf8e55745b,3,0,1.0,3.0,81441.0,27147.0,10455.035485353457,0.33333333333333337,1.0,2.0,6.0,0.6666666666666666,0.3333333333333333,0.0,14.0,14.0,180.98,1.0,1,9
9903fd96-c8cf-4423-a35b-5ed2f6756bb4,3,0,2.0,2.0,52624.0,26312.0,3805.648696345999,0.0,1.0,1.0,2.0,1.0,0.0,0.0,2.0,2.0,263.12,1.0,1,3
fd48e74f-5b07-4503-bbcd-b42c015fb418,3,0,2.0,1.0,8838.0,8838.0,0.0,0.0,1.0,1.0,6.0,0.0,0.0,1.0,2.0,2.0,58.92,1.0,0,9
f34393c9-b868-4fd2-90db-ba5ef0d3cb88,3,0,1.0,1.0,25600.0,25600.0,0.0,1.0,0.0,1.0,6.0,0.0,1.0,0.0,12.0,12.0,170.66666666666666,1.0,0,9
a9f72de7-221d-4272-b29a-5cecd032f831,3,0,1.0,1.0,6810.0,6810.0,0.0,1.0,0.0,1.0,6.0,1.0,0.0,0.0,1.0,1.0,45.4,1.0,0,9
add3311c-8b3d-4def-8398-a4afaf8dda70,3,0,1.0,2.0,41792.0,20896.0,11568.266940211917,0.5,1.0,1.0,5.0,0.5,0.5,0.0,5.0,5.0,139.30666666666667,1.0,0,8
bd052d61-1e11-414b-84fa-3314f991da09,3,0,2.0,2.0,19388.0,9694.0,2136.876692745747,0.0,1.0,1.0,6.0,0.5,0.0,0.5,2.0,2.0,64.62666666666667,1.0,0,9
0fdd4428-3843-438f-a0ca-994015f7f498,2,0,1.0,1.0,11301.0,11301.0,0.0,1.0,0.0,1.0,6.0,1.0,0.0,0.0,5.0,5.0,75.34,1.0,1,9
dd53a989-fd23-4c47-b2b2-41695a4e3136,2,0,1.0,3.0,107282.0,35760.666666666664,3546.415420298832,0.6666666666666667,1.0,1.0,5.0,0.0,1.0,0.0,16.0,16.0,238.40444444444447,1.0,0,8
45520d11-33a0-42f7-818e-fbab7ed8840a,2,0,1.0,2.0,51309.0,25654.5,4468.207750317793,1.0,0.0,1.0,6.0,0.0,1.0,0.0,11.0,10.0,171.03,1.0,1,9
bda8e778-db0c-4910-be80-11a8feaa37bf,2,0,1.0,2.0,51735.0,25867.5,11922.527437586377,1.0,0.0,1.0,6.0,0.5,0.5,0.0,9.0,8.0,172.45,1.0,0,9
a51c3434-1bc3-4f93-b511-310c68f60ff6,2,0,1.0,1.0,4549.0,4549.0,0.0,1.0,0.0,1.0,2.0,1.0,0.0,0.0,1.0,1.0,45.49,1.0,0,3
43af68ea-368c-46ef-8115-8fb8cf5fcd16,1,0,1.0,2.0,21233.0,10616.5,3605.5374772702057,1.0,0.0,1.0,3.0,1.0,0.0,0.0,4.0,4.0,70.77666666666667,1.0,0,4
1e2007b5-e31d-4bd0-a2ba-2f013a0ba4c9,1,0,2.0,2.0,12422.0,6211.0,1053.589103967956,1.0,0.0,2.0,1.0,1.0,0.0,0.0,1.0,1.0,96.89,0.0,0,1
ac7a5f17-01cb-46f5-87cb-589cf76934da,1,0,1.0,1.0,33312.0,33312.0,0.0,1.0,0.0,1.0,5.0,0.0,1.0,0.0,2.0,2.0,222.08,1.0,0,8
d09ff991-ad09-41f8-96df-00a3a1e5e9be,1,0,2.0,1.0,10259.0,10259.0,0.0,1.0,0.0,1.0,6.0,1.0,0.0,0.0,2.0,2.0,68.39333333333333,1.0,0,9
eb75621c-03a8-4ed4-8ea3-ce2f425d00db,1,0,2.0,1.0,28107.0,28107.0,0.0,1.0,0.0,1.0,5.0,0.0,1.0,0.0,6.0,6.0,187.38,1.0,0,8
710a8f7c-8a79-45bc-80e3-b62d6d0923e7,0,0,0.0,1.0,16882.0,16882.0,0.0,1.0,0.0,1.0,6.0,1.0,0.0,0.0,8.0,8.0,112.54666666666667,1.0,0,9
e0ef0df4-a8a6-4002-bf9e-aac065b73304,0,0,1.0,1.0,10431.0,10431.0,0.0,1.0,0.0,1.0,3.0,0.0,1.0,0.0,2.0,2.0,69.54,1.0,0,4
98e21f6d-97a7-4a55-820b-1dc93dd1c87b,0,0,1.0,2.0,14581.0,7290.5,1509.672977833279,1.0,0.0,1.0,4.0,0.0,1.0,0.0,4.0,4.0,72.905,1.0,0,5
5e1e4c26-90f3-452e-84f7-4c54742c45a2,0,0,1.0,2.0,39637.0,19818.5,13011.47188061366,1.0,0.0,1.0,6.0,0.0,1.0,0.0,3.0,2.0,132.12333333333333,1.0,1,9
0b79179b-a10a-47cf-ad48-1cc9618411a8,0,0,1.0,2.0,89684.0,44842.0,48996.84308197825,1.0,0.0,1.0,4.0,0.5,0.0,0.5,4.0,4.0,448.42,1.0,0,5
50792516-a5ab-455c-b287-e1a3a6776c16,0,0,1.0,2.0,37736.0,18868.0,10641.95705685754,1.0,0.0,1.0,6.0,0.0,1.0,0.0,2.0,2.0,125.78666666666668,1.0,0,9
c4d52ebb-fdb3-431a-9b77-38ba4cd4f1dc,0,0,1.0,1.0,3208.0,3208.0,0.0,1.0,0.0,1.0,1.0,0.0,1.0,0.0,1.0,1.0,64.16,0.0,1,1
bfc8062f-d19b-4b8e-8c4e-3242ab1ce2ba,0,0,1.0,2.0,35957.0,17978.5,5487.855728788795,1.0,0.0,1.0,3.0,1.0,0.0,0.0,4.0,4.0,119.85666666666665,1.0,1,4
5938ff82-e44b-4d1c-8656-6a9556965d15,0,0,1.0,3.0,48587.0,16195.666666666666,8379.219076580664,1.0,0.0,1.0,5.0,0.6666666666666666,0.0,0.3333333333333333,22.0,23.0,107.9711111111111,1.0,0,8
237547b0-3bf5-49e5-b7bf-4417308a0c8c,6,1,0.0,1.0,7091.0,7091.0,0.0,0.0,1.0,1.0,1.0,1.0,0.0,0.0,1.0,1.0,141.82,0.0,1,1
4c5c172a-248f-405f-b26a-9c1dca851522,6,1,1.0,3.0,51275.0,17091.666666666668,2439.110561933045,1.0,0.0,1.0,2.0,1.0,0.0,0.0,2.0,2.0,170.91666666666666,1.0,1,3
cb4fa458-56d7-4ce7-8306-d927eb498b81,6,1,1.0,3.0,9357.0,3119.0,457.0,1.0,0.0,1.0,6.0,0.0,0.0,1.0,2.0,2.0,20.793333333333333,1.0,1,9
81e8c973-aebb-482c-a013-145f2a34c7bd,6,1,2.0,1.0,22709.0,22709.0,0.0,1.0,0.0,1.0,6.0,1.0,0.0,0.0,3.0,2.0,151.39333333333335,1.0,0,9
a7d855c3-fc0a-472c-8770-6a5d1a756386,6,1,1.0,1.0,11960.0,11960.0,0.0,1.0,0.0,1.0,3.0,0.0,1.0,0.0,3.0,3.0,79.73333333333333,1.0,0,4
00b27799-6ef2-4eda-a714-c31a03531672,6,1,1.0,3.0,57668.0,19222.666666666668,8271.81699104455,1.0,0.0,1.0,1.0,0.0,1.0,0.0,13.0,11.0,384.4533333333333,0.0,1,1
46cbddeb-bddd-4baa-a41e-a86256809d00,6,1,1.0,3.0,50958.0,16986.0,8940.278015811366,1.0,0.0,1.0,3.0,0.0,1.0,0.0,8.0,8.0,113.24,1.0,0,4
49af93e2-d51e-4a8a-b963-64936c114066,6,1,1.0,2.0,8762.0,4381.0,5290.572936837749,1.0,0.0,1.0,2.0,0.0,0.0,1.0,3.0,3.0,43.81,1.0,1,3
238b7ed3-36f1-4c56-830b-395120d95d40,6,1,1.0,3.0,18278.0,6092.666666666667,1758.9577406331666,1.0,0.0,1.0,2.0,0.0,0.0,1.0,2.0,1.0,60.92666666666668,1.0,1,3
c2a6b0da-d88c-414e-b357-7b4a11892cf9,6,1,1.0,3.0,30492.0,10164.0,6965.90446388694,1.0,0.0,1.0,6.0,0.3333333333333333,0.6666666666666666,0.0,7.0,7.0,67.75999999999999,1.0,0,9
6a655d18-4334-4fd8-962f-652ba45eaf87,6,1,1.0,2.0,45999.0,22999.5,8664.179389878767,1.0,0.0,1.0,3.0,0.5,0.5,0.0,12.0,12.0,153.33,1.0,0,4
6cd0a181-0733-453c-b55c-2ad541ceec95,4,0,2.0,1.0,6852.0,6852.0,0.0,0.0,1.0,1.0,5.0,0.0,0.0,1.0,3.0,3.0,45.68,1.0,1,8
1f236e0d-6ae1-43d4-acda-492d5fe70839,4,0,1.0,3.0,30150.0,10050.0,7799.427094344815,0.33333333333333337,1.0,1.0,4.0,0.3333333333333333,0.3333333333333333,0.3333333333333333,6.0,7.0,100.5,1.0,1,5
108bb381-8cf1-409a-9627-b91453faaa16,4,0,1.0,1.0,7290.0,7290.0,0.0,0.0,1.0,1.0,3.0,0.0,1.0,0.0,1.0,1.0,48.6,1.0,0,4
61e63dbd-5de0-43ec-a231-7126a3ad1066,4,0,1.0,2.0,58410.0,29205.0,1660.2867222260136,0.5,1.0,1.0,3.0,0.5,0.5,0.0,12.0,12.0,194.7,1.0,1,4
bf620970-e3f2-4b54-9620-86171299d08b,4,0,0.0,3.0,31817.0,10605.666666666666,9120.337512029548,0.33333333333333337,1.0,1.0,6.0,0.6666666666666666,0.3333333333333333,0.0,11.0,11.0,70.70444444444443,1.0,1,9
d746f623-8ef3-441b-9682-7f832ad0272d,4,0,1.0,1.0,9916.0,9916.0,0.0,0.0,1.0,1.0,6.0,1.0,0.0,0.0,7.0,5.0,66.10666666666667,1.0,0,9
8743640c-4c4e-42bb-a0b3-16b8449869a1,3,0,2.0,2.0,34189.0,17094.5,20795.303327915175,0.0,1.0,1.0,2.0,0.0,0.0,1.0,1.0,0.0,170.945,1.0,0,3
b1379c5c-59bc-4ea7-a608-52f69732584f,3,0,1.0,1.0,28108.0,28108.0,0.0,1.0,0.0,1.0,4.0,0.0,1.0,0.0,5.0,5.0,281.08,1.0,1,5
12a4835a-594d-4845-ade9-83a834f995cf,3,0,1.0,1.0,28624.0,28624.0,0.0,1.0,0.0,1.0,1.0,0.0,1.0,0.0,8.0,7.0,572.48,0.0,0,1
a15c519e-a6a1-40c8-a4bb-6818c0acdd2a,3,0,1.0,1.0,17291.0,17291.0,0.0,1.0,0.0,1.0,1.0,0.0,1.0,0.0,9.0,9.0,345.82,0.0,0,1
97638d72-4586-48ed-b54d-ddd59ecf24e8,3,0,1.0,2.0,45173.0,22586.5,7981.114239252562,0.5,1.0,1.0,2.0,1.0,0.0,0.0,2.0,2.0,225.865,1.0,1,3
791d21a9-a574-4d92-990d-f1914206d075,2,0,1.0,3.0,62559.0,20853.0,7164.266396498668,0.6666666666666667,1.0,2.0,1.0,1.0,0.0,0.0,14.0,15.0,292.2733333333333,0.0,0,1
a485d6ca-083f-49de-9654-b1f797f1341d,2,0,1.0,1.0,19249.0,19249.0,0.0,1.0,0.0,1.0,6.0,1.0,0.0,0.0,4.0,4.0,128.32666666666665,1.0,0,9
402cceea-fcbc-44ad-abe4-a5ed3a96b455,2,0,1.0,1.0,29370.0,29370.0,0.0,1.0,0.0,1.0,6.0,0.0,1.0,0.0,4.0,4.0,195.8,1.0,1,9
dcf3d200-e209-437f-ad96-445f3421bab0,1,0,2.0,1.0,9674.0,9674.0,0.0,1.0,0.0,1.0,6.0,1.0,0.0,0.0,2.0,2.0,64.49333333333334,1.0,1,9
e4ba761b-6353-4fd9-aa92-f41464730245,0,0,1.0,1.0,26033.0,26033.0,0.0,1.0,0.0,1.0,1.0,0.0,1.0,0.0,4.0,4.0,520.66,0.0,0,1
ca843caa-8618-4761-901a-6a1db4b04eda,0,0,1.0,1.0,3601.0,3601.0,0.0,1.0,0.0,1.0,6.0,1.0,0.0,0.0,1.0,1.0,24.006666666666668,1.0,0,9
edd34987-e980-4029-b9af-2c8c066892cf,0,0,2.0,1.0,9384.0,9384.0,0.0,1.0,0.0,1.0,6.0,0.0,1.0,0.0,1.0,1.0,62.56,1.0,0,9
2b4b6418-fc77-43bb-8cc2-9651a2e7194f,0,0,2.0,2.0,14522.0,7261.0,7424.621202458749,1.0,0.0,1.0,6.0,0.0,0.5,0.5,1.0,1.0,48.406666666666666,1.0,1,9
05b383d1-cf45-454e-8a87-2c6fe5d0df62,0,0,1.0,1.0,9311.0,9311.0,0.0,1.0,0.0,1.0,6.0,1.0,0.0,0.0,2.0,2.0,62.07333333333333,1.0,0,9
0155d03d-dc8a-4397-a491-079dd772f9af,0,0,1.0,3.0,36684.0,12228.0,10481.61309150457,1.0,0.0,1.0,4.0,1.0,0.0,0.0,3.0,3.0,122.27999999999999,1.0,0,5
eb019574-306d-4689-a1dd-bb0245ed2081,0,0,1.0,2.0,58399.0,29199.5,6736.606304364238,1.0,0.0,1.0,2.0,0.5,0.0,0.5,4.0,4.0,291.995,1.0,0,3
ff592207-878d-43d1-9502-76169fa1c584,0,0,1.0,3.0,39751.0,13250.333333333334,2881.023487119349,1.0,0.0,2.0,5.0,1.0,0.0,0.0,6.0,5.0,140.6822222222222,0.0,0,8
822a5f59-6999-4c19-a33a-cac5581bd1c5,0,0,0.0,2.0,58652.0,29326.0,8712.969757780638,1.0,0.0,1.0,2.0,0.0,1.0,0.0,10.0,11.0,293.26,1.0,0,3
3652956c-187d-4f61-a355-31fc9749f56a,0,0,1.0,2.0,58638.0,29319.0,1073.3880938411792,1.0,0.0,1.0,3.0,0.5,0.5,0.0,19.0,18.0,195.46,1.0,0,4
3db25b4e-b0d9-4c76-8174-14244ff42699,0,0,1.0,2.0,36540.0,18270.0,20573.978905403786,1.0,0.0,1.0,2.0,0.5,0.0,0.5,4.0,4.0,182.7,1.0,0,3
ce5cf60d-fd33-49b0-83c7-db2135480222,6,1,1.0,2.0,19348.0,9674.0,6403.559010425374,1.0,0.0,1.0,6.0,0.0,0.0,1.0,4.0,3.0,64.49333333333334,1.0,1,9
ccaad3e3-1d48-4b22-bec7-e6d1bd22fd32,6,1,2.0,1.0,42544.0,42544.0,0.0,1.0,0.0,1.0,6.0,0.0,1.0,0.0,6.0,5.0,283.62666666666667,1.0,0,9
d3cdcb7c-585f-43e2-93dc-8478b09f6270,6,1,1.0,1.0,29570.0,29570.0,0.0,1.0,0.0,1.0,6.0,0.0,1.0,0.0,8.0,8.0,197.13333333333333,1.0,0,9
0aeca03b-1c93-4801-b216-a9cfb0a8d030,6,1,1.0,1.0,5222.0,5222.0,0.0,1.0,0.0,1.0,4.0,1.0,0.0,0.0,2.0,2.0,52.22,1.0,1,5
3d712d77-b8e0-49d2-84b7-e27d9381d572,6,1,1.0,2.0,14815.0,7407.5,3111.9769440019954,1.0,0.0,1.0,2.0,1.0,0.0,0.0,1.0,1.0,74.075,1.0,1,3
db6f2b61-f299-4b3a-ba0f-a50383ae5083,6,1,1.0,2.0,17097.0,5699.0,531.9407861783114,1.0,0.0,3.0,2.0,0.6666666666666666,0.3333333333333333,0.0,7.0,7.0,44.93,1.0,0,3
6078eb54-9278-47f8-ae44-4f219ce09342,6,1,1.0,1.0,3225.0,3225.0,0.0,1.0,0.0,1.0,5.0,0.0,0.0,1.0,2.0,2.0,21.5,1.0,1,8
221e02dd-ce5c-4b24-b9e1-c11305fd6f62,6,1,1.0,1.0,40178.0,40178.0,0.0,1.0,0.0,1.0,1.0,0.0,1.0,0.0,7.0,8.0,0.0,0.0,0,1
30a3c948-8490-4444-aa95-e45859760685,6,1,1.0,1.0,13540.0,13540.0,0.0,1.0,0.0,1.0,5.0,1.0,0.0,0.0,4.0,4.0,90.26666666666667,1.0,0,8
eeff5827-45c8-4521-bea8-6ac90db0d4a2,6,1,1.0,3.0,67394.0,22464.666666666668,18266.458587622652,1.0,0.0,1.0,6.0,0.3333333333333333,0.6666666666666666,0.0,20.0,20.0,149.76444444444445,1.0,1,9
9cdea71b-041e-44b7-a044-1a9e463556cc,4,0,1.0,2.0,49296.0,16432.0,8257.890832409932,0.0,1.0,2.0,5.0,0.0,0.3333333333333333,0.6666666666666666,6.0,6.0,156.9777777777778,0.0,1,8
15c669b6-3b66-44f9-aab8-941a25e615ba,4,0,1.0,3.0,36459.0,12153.0,1712.5559844863467,0.33333333333333337,1.0,1.0,5.0,1.0,0.0,0.0,5.0,5.0,81.02,1.0,1,8
8d73dd84-17f9-498c-8da9-667a03bd81e9,4,0,1.0,1.0,12550.0,12550.0,0.0,0.0,1.0,1.0,5.0,1.0,0.0,0.0,3.0,3.0,83.66666666666667,1.0,1,8
9cbcb6cf-2f04-4472-8e30-ed259457cadd,4,0,1.0,3.0,45718.0,15239.333333333334,11487.263962029136,0.33333333333333337,1.0,1.0,3.0,0.6666666666666666,0.0,0.3333333333333333,13.0,12.0,101.59555555555556,1.0,0,4
590c4b50-e6fc-4d96-a908-db10a763b199,4,0,2.0,2.0,25999.0,12999.5,2939.4428893924783,0.5,1.0,1.0,6.0,0.5,0.0,0.5,6.0,6.0,86.66333333333333,1.0,0,9
10852dc3-eac5-40d8-956e-9275c03ad08b,4,0,1.0,2.0,47927.0,15975.666666666666,8334.867985357256,0.0,1.0,2.0,5.0,0.0,0.3333333333333333,0.6666666666666666,16.0,15.0,150.99333333333334,0.0,1,8
5e78e1ae-eb80-4cf5-a1e6-b58e3374e06a,4,0,0.0,1.0,3028.0,3028.0,0.0,1.0,0.0,1.0,3.0,1.0,0.0,0.0,3.0,3.0,20.186666666666667,1.0,0,4
2d25639a-d57f-489c-a2c9-11e194a1fba9,4,0,1.0,3.0,129025.0,43008.333333333336,8598.497446259627,0.33333333333333337,1.0,1.0,5.0,0.0,0.3333333333333333,0.6666666666666666,13.0,13.0,286.72222222222223,1.0,1,8
92027623-0749-4497-88dd-01ed27f66407,4,0,0.0,2.0,29200.0,14600.0,2160.9183233060894,0.5,1.0,1.0,5.0,0.5,0.5,0.0,9.0,9.0,97.33333333333333,1.0,0,8
0ad9f860-73f7-4d3b-88b1-e8027efe05fe,4,0,0.0,1.0,18397.0,9198.5,2718.825573662275,1.0,0.0,2.0,3.0,0.5,0.5,0.0,5.0,5.0,61.32333333333334,1.0,0,4
28f83375-fd8d-476a-9b09-15e585096fe9,4,0,2.0,1.0,857.0,857.0,0.0,0.0,1.0,1.0,2.0,0.0,0.0,1.0,1.0,1.0,8.57,1.0,1,3
caac4935-d486-4946-8982-5fb9f5050bbb,3,0,1.0,1.0,28800.0,28800.0,0.0,1.0,0.0,1.0,6.0,1.0,0.0,0.0,11.0,11.0,192.0,1.0,0,9
1ecd7827-dd9e-427a-9b3f-207db0b23d21,3,0,1.0,1.0,14933.0,14933.0,0.0,1.0,0.0,1.0,6.0,1.0,0.0,0.0,3.0,3.0,99.55333333333333,1.0,0,9
019a44ee-552f-4ed0-829e-b5e5b0acd9db,3,0,2.0,1.0,12226.0,12226.0,0.0,0.0,1.0,1.0,2.0,1.0,0.0,0.0,1.0,1.0,122.26,1.0,1,3
d7c2d06d-2789-4c52-8f62-be8e241b1fb5,3,0,2.0,1.0,12215.0,12215.0,0.0,0.0,1.0,1.0,2.0,1.0,0.0,0.0,2.0,1.0,122.15,1.0,0,3
6aefe686-925e-4270-a74b-2a34e4dfcc32,3,0,1.0,1.0,3066.0,3066.0,0.0,1.0,0.0,1.0,3.0,1.0,0.0,0.0,2.0,2.0,20.44,1.0,0,4
edbdc71b-5f82-4a5e-aafc-08d0a1c1b9c6,2,0,0.0,3.0,50357.0,16785.666666666668,12499.04853712207,1.0,0.0,1.0,5.0,0.3333333333333333,0.0,0.6666666666666666,6.0,5.0,111.90444444444444,1.0,1,8
0748af68-90d2-41a4-9d74-c62296dc3d8b,2,0,2.0,1.0,16156.0,16156.0,0.0,1.0,0.0,1.0,3.0,1.0,0.0,0.0,4.0,4.0,107.70666666666666,1.0,0,4
01c07d43-6984-4751-bf32-e5a37fe9a03b,2,0,1.0,1.0,33776.0,33776.0,0.0,1.0,0.0,1.0,6.0,0.0,1.0,0.0,6.0,6.0,225.17333333333335,1.0,1,9
5f2ed52f-b743-4000-bca9-89e53d022f5c,2,0,2.0,1.0,7402.0,7402.0,0.0,1.0,0.0,1.0,6.0,1.0,0.0,0.0,4.0,4.0,49.346666666666664,1.0,1,9
6c831de3-1dba-4da0-bae7-636ae691f634,2,0,1.0,2.0,17100.0,8550.0,3685.440543544286,1.0,0.0,1.0,5.0,1.0,0.0,0.0,2.0,2.0,57.0,1.0,0,8
c0968f22-cb15-41f9-abd1-31d0a9109255,2,0,1.0,1.0,52129.0,52129.0,0.0,1.0,0.0,1.0,3.0,0.0,0.0,1.0,0.0,1.0,347.52666666666664,1.0,0,4
da2c1869-3de4-46f6-b40d-390cd05b40b0,2,0,1.0,1.0,11985.0,11985.0,0.0,1.0,0.0,1.0,6.0,0.0,0.0,1.0,5.0,5.0,79.9,1.0,1,9
fdd7815a-3c4e-4aec-b1a6-488e8e87ab57,1,0,2.0,1.0,17447.0,17447.0,0.0,1.0,0.0,1.0,2.0,1.0,0.0,0.0,1.0,1.0,174.47,1.0,0,3
7a2961d5-933d-462c-b32d-b602d8413eda,1,0,1.0,1.0,19536.0,19536.0,0.0,1.0,0.0,1.0,3.0,1.0,0.0,0.0,5.0,5.0,130.24,1.0,0,4
f8f31ab3-89af-4b28-adfc-1660163dfb2e,1,0,1.0,1.0,15287.0,15287.0,0.0,1.0,0.0,1.0,6.0,0.0,1.0,0.0,4.0,5.0,101.91333333333333,1.0,0,9
7643a957-ac18-43b6-a240-5082c2a9919a,1,0,1.0,2.0,23858.0,7952.666666666667,3084.827439798429,1.0,0.0,3.0,1.0,0.3333333333333333,0.6666666666666666,0.0,1.0,1.0,78.08,0.0,0,1
38ca1ed6-b68c-4aaf-bec3-2b60304ff673,1,0,1.0,2.0,20474.0,10237.0,1542.9069965490467,1.0,0.0,1.0,4.0,0.5,0.0,0.5,2.0,2.0,102.37,1.0,1,5
54d20e77-a613-4fd6-9efd-35bd60ec14f5,1,0,2.0,2.0,52127.0,26063.5,2706.0976516009173,1.0,0.0,1.0,3.0,0.5,0.5,0.0,8.0,8.0,173.75666666666666,1.0,0,4
312b8c34-a194-4195-925d-b9b408a9cf37,1,0,2.0,1.0,18935.0,18935.0,0.0,1.0,0.0,1.0,6.0,1.0,0.0,0.0,6.0,5.0,126.23333333333333,1.0,1,9
8333a9c6-f363-40b4-8c14-f1bd139ad018,0,0,1.0,3.0,63922.0,21307.333333333332,2869.1222234915917,1.0,0.0,2.0,6.0,0.6666666666666666,0.0,0.3333333333333333,8.0,8.0,166.47333333333333,1.0,0,9
6dfb7c39-b391-4055-bf0c-2b336b9c20d0,0,0,2.0,2.0,38552.0,19276.0,135.7645019878171,1.0,0.0,1.0,6.0,1.0,0.0,0.0,6.0,6.0,128.50666666666666,1.0,1,9
a00f5629-083e-480c-ab5c-c6abb3dfb579,0,0,1.0,1.0,33668.0,33668.0,0.0,1.0,0.0,1.0,2.0,0.0,1.0,0.0,1.0,1.0,336.68,1.0,0,3
a62831ab-3032-4b13-a43d-af176962c036,0,0,2.0,1.0,25449.0,25449.0,0.0,1.0,0.0,1.0,6.0,0.0,1.0,0.0,6.0,6.0,169.66,1.0,0,9
ac5245ce-79f6-45cc-8696-b986e9613011,0,0,1.0,2.0,10595.0,5297.5,2266.277233702885,1.0,0.0,1.0,3.0,1.0,0.0,0.0,7.0,7.0,35.31666666666666,1.0,0,4
5bf557b1-fd6c-46bd-9231-7f6059c27320,6,1,1.0,1.0,31522.0,31522.0,0.0,1.0,0.0,1.0,6.0,0.0,1.0,0.0,8.0,8.0,210.14666666666668,1.0,0,9
95e4460b-1c53-4e05-a541-58f99504839e,6,1,1.0,2.0,70458.0,35229.0,1896.4603871423205,1.0,0.0,1.0,5.0,0.0,1.0,0.0,10.0,10.0,234.86,1.0,1,8
f0601508-8197-4f00-a1fe-6d4e47ade6de,6,1,0.0,3.0,101330.0,33776.666666666664,10079.736124191611,0.6666666666666667,1.0,1.0,3.0,0.6666666666666666,0.0,0.3333333333333333,21.0,21.0,225.17777777777778,1.0,0,4
0994bf8d-7571-4f49-9f8f-eb3c80347eb8,6,1,1.0,3.0,22243.0,7414.333333333333,1456.2013368120954,1.0,0.0,1.0,5.0,0.0,0.0,1.0,6.0,6.0,49.428888888888885,1.0,1,8
444d7b9b-0d33-4589-866a-e33b78859864,6,1,1.0,3.0,78697.0,26232.333333333332,4622.94466042298,1.0,0.0,1.0,6.0,1.0,0.0,0.0,16.0,13.0,174.88222222222223,1.0,0,9
a4b1e149-2ca2-4e89-8d89-c72957b88e17,6,1,1.0,1.0,13554.0,13554.0,0.0,1.0,0.0,1.0,4.0,1.0,0.0,0.0,4.0,4.0,135.54,1.0,0,5
0188371c-fe6c-4d74-a68b-d62c0ec27c17,6,1,1.0,1.0,1905.0,1905.0,0.0,1.0,0.0,1.0,6.0,1.0,0.0,0.0,1.0,1.0,12.7,1.0,0,9
7ef2be8d-1e86-47d5-b1b5-77b6c26be03a,6,1,1.0,3.0,113949.0,37983.0,6477.799935163172,1.0,0.0,1.0,2.0,0.3333333333333333,0.6666666666666666,0.0,5.0,5.0,379.83,1.0,0,3
8a2ab02d-39c9-4b96-ac12-15770c19de7b,4,0,0.0,1.0,8154.0,8154.0,0.0,1.0,0.0,1.0,6.0,1.0,0.0,0.0,1.0,1.0,54.36,1.0,0,9
c883a61d-fa8c-45a1-849d-53ba95de5f3b,4,0,2.0,1.0,22121.0,22121.0,0.0,0.0,1.0,1.0,6.0,1.0,0.0,0.0,6.0,5.0,147.47333333333333,1.0,0,9
e7255e08-4904-46c3-93b3-a14888ed8286,4,0,2.0,1.0,28987.0,28987.0,0.0,0.0,1.0,1.0,6.0,0.0,1.0,0.0,4.0,4.0,193.24666666666667,1.0,0,9
1558a465-0333-44a8-a66a-df0ef7648b05,4,0,2.0,1.0,462.0,462.0,0.0,0.0,1.0,1.0,2.0,1.0,0.0,0.0,1.0,1.0,4.62,1.0,0,3
7605afa9-4c93-4053-9851-53b77fffa6cc,3,0,0.0,1.0,4536.0,4536.0,0.0,1.0,0.0,1.0,6.0,0.0,1.0,0.0,1.0,1.0,30.24,1.0,0,9
6bb1e96d-244d-417c-b069-ed8c69177d5b,3,0,0.0,3.0,30984.0,10328.0,2779.9285962053054,0.6666666666666667,1.0,1.0,6.0,1.0,0.0,0.0,11.0,11.0,68.85333333333334,1.0,1,9
cbbcc6dc-6d7b-4eed-baab-4545768b6c82,3,0,1.0,2.0,19337.0,9668.5,714.8849557795995,0.5,1.0,1.0,4.0,0.5,0.5,0.0,6.0,6.0,96.685,1.0,1,5
c4cbab2b-7298-4275-bc6f-da5a015a52eb,3,0,1.0,3.0,30955.0,10318.333333333334,4683.774688574733,0.33333333333333337,1.0,1.0,3.0,1.0,0.0,0.0,5.0,4.0,68.78888888888889,1.0,1,4
cc3dbee9-5f56-42cd-92f6-e061e4d487a2,3,0,1.0,2.0,32303.0,16151.5,15617.867476067275,0.5,1.0,1.0,5.0,0.5,0.5,0.0,6.0,6.0,107.67666666666668,1.0,1,8
f818c299-3e71-44dc-8e10-b3e78f951433,3,0,1.0,1.0,44851.0,44851.0,0.0,1.0,0.0,1.0,3.0,0.0,1.0,0.0,21.0,19.0,299.00666666666666,1.0,1,4
8779abff-e125-4437-a1ec-142d7baace18,3,0,1.0,1.0,15032.0,15032.0,0.0,1.0,0.0,1.0,3.0,1.0,0.0,0.0,8.0,8.0,100.21333333333334,1.0,0,4
ba669b8f-b9e7-49ea-85e2-8f2ce3c012ed,3,0,1.0,1.0,18788.0,18788.0,0.0,1.0,0.0,1.0,5.0,0.0,0.0,1.0,1.0,2.0,125.25333333333333,1.0,1,8
2f86f189-3bf4-4731-9654-594a19885bd9,3,0,1.0,2.0,94729.0,47364.5,573.46359954229,0.5,1.0,1.0,3.0,0.0,1.0,0.0,11.0,11.0,315.7633333333333,1.0,0,4
35e97e72-e650-4fd9-b761-1c7c77fe3359,2,0,1.0,2.0,23680.0,11840.0,1837.0634175226505,1.0,0.0,1.0,6.0,0.5,0.5,0.0,12.0,11.0,78.93333333333334,1.0,1,9
334f7b36-0582-4e7e-b262-c8ef82c67611,2,0,2.0,1.0,39815.0,39815.0,0.0,1.0,0.0,1.0,3.0,0.0,1.0,0.0,8.0,8.0,265.43333333333334,1.0,1,4
ead8c58f-3dba-43f9-a26b-ee95c9651d40,2,0,1.0,1.0,22898.0,22898.0,0.0,1.0,0.0,1.0,3.0,1.0,0.0,0.0,8.0,7.0,152.65333333333334,1.0,1,4
721169bb-a8ae-4e99-8af0-9ea8d5966c27,2,0,1.0,2.0,10511.0,5255.5,152.02795795510772,0.5,1.0,1.0,3.0,0.0,0.5,0.5,4.0,4.0,35.03666666666666,1.0,1,4
6d978873-ff90-43eb-b523-4628a9b1c340,2,0,1.0,1.0,5664.0,5664.0,0.0,1.0,0.0,1.0,6.0,0.0,1.0,0.0,1.0,1.0,37.76,1.0,0,9
5d8b836f-ee56-45f5-abbf-62c929a688b8,2,0,1.0,1.0,7050.0,7050.0,0.0,1.0,0.0,1.0,6.0,0.0,1.0,0.0,1.0,1.0,47.0,1.0,0,9
757b2d99-f8f5-43e9-9aab-b5029646f5b7,2,0,2.0,1.0,19818.0,19818.0,0.0,1.0,0.0,1.0,2.0,0.0,1.0,0.0,1.0,1.0,198.18,1.0,1,3
72d611ff-a5f6-4646-aa2e-5e9429d4c80a,2,0,1.0,1.0,2475.0,2475.0,0.0,1.0,0.0,1.0,6.0,1.0,0.0,0.0,1.0,1.0,16.5,1.0,1,9
9901b010-1603-4ca5-afa5-414ef42edb66,2,0,1.0,1.0,3237.0,3237.0,0.0,1.0,0.0,1.0,6.0,1.0,0.0,0.0,3.0,4.0,21.58,1.0,1,9
31b50fc5-464a-41e5-82a7-edf5299ca3df,2,0,2.0,1.0,6276.0,6276.0,0.0,1.0,0.0,1.0,4.0,1.0,0.0,0.0,2.0,2.0,62.76,1.0,1,5
a65b38ac-adf8-4e54-9216-2eb286f20766,2,0,1.0,1.0,5276.0,5276.0,0.0,1.0,0.0,1.0,6.0,0.0,1.0,0.0,1.0,2.0,35.17333333333333,1.0,0,9
c22c1e29-7f08-41a2-a93b-cdf107654d4f,2,0,2.0,1.0,15688.0,15688.0,0.0,1.0,0.0,1.0,2.0,1.0,0.0,0.0,1.0,1.0,156.88,1.0,0,3
b680e1f2-6843-4bee-b1f2-a3a194af5b02,2,0,2.0,1.0,20651.0,20651.0,0.0,1.0,0.0,1.0,5.0,0.0,1.0,0.0,6.0,6.0,137.67333333333335,1.0,0,8
228a9005-fb8b-4746-8b61-02b441a5b68c,1,0,0.0,1.0,19119.0,19119.0,0.0,1.0,0.0,1.0,6.0,1.0,0.0,0.0,1.0,1.0,127.46,1.0,0,9
754399a2-fae4-4737-9383-5a80a28719cd,1,0,1.0,3.0,71739.0,23913.0,8603.603721697089,1.0,0.0,1.0,5.0,0.3333333333333333,0.6666666666666666,0.0,14.0,14.0,159.42,1.0,1,8
4b8b8e98-112b-45a8-aa64-ff7ab3a8bcb9,1,0,2.0,1.0,5230.0,5230.0,0.0,1.0,0.0,1.0,2.0,1.0,0.0,0.0,1.0,1.0,52.3,1.0,0,3
048cd34a-b982-4e8e-a867-4959242c2f67,0,0,1.0,2.0,29666.0,14833.0,1279.8632739476511,1.0,0.0,1.0,4.0,1.0,0.0,0.0,5.0,5.0,148.32999999999998,1.0,0,5
6ddfde7c-d6ad-4dc2-a0e8-9d06773f119e,0,0,2.0,1.0,1921.0,1921.0,0.0,1.0,0.0,1.0,3.0,0.0,0.0,1.0,3.0,3.0,12.806666666666667,1.0,0,4
48cf5864-8b89-4f17-8de7-263ed3e03a5a,0,0,1.0,3.0,26373.0,8791.0,954.9811516464605,1.0,0.0,1.0,2.0,0.0,0.0,1.0,2.0,2.0,87.91000000000001,1.0,0,3
7228f2e9-4da2-4017-ac07-72b5012f3b57,0,0,1.0,2.0,29955.0,14977.5,3232.185096803709,1.0,0.0,2.0,5.0,0.5,0.5,0.0,8.0,6.0,99.85,1.0,1,8
7990c5dd-d5b8-484d-835f-1a095bb7c6e9,0,0,2.0,1.0,407.0,407.0,0.0,1.0,0.0,1.0,6.0,1.0,0.0,0.0,1.0,1.0,2.7133333333333334,1.0,0,9
e025beef-7024-4d6c-b48d-4c9e4d572e34,0,0,2.0,1.0,18743.0,18743.0,0.0,1.0,0.0,1.0,6.0,0.0,1.0,0.0,2.0,2.0,124.95333333333333,1.0,0,9
43d32825-75cf-4d24-aeda-fe30d7ea0701,0,0,1.0,3.0,123905.0,41301.666666666664,2148.9579645338185,1.0,0.0,1.0,2.0,0.0,1.0,0.0,6.0,6.0,413.01666666666665,1.0,0,3
58338cda-bcb3-4a98-b2d8-973165119302,0,0,1.0,3.0,49997.0,16665.666666666668,3527.191848104287,1.0,0.0,1.0,4.0,1.0,0.0,0.0,6.0,7.0,166.65666666666667,1.0,0,5
fcb81739-f201-4fa2-9e08-c8fff5c5d2fd,0,0,1.0,2.0,50710.0,25355.0,3452.095305752725,1.0,0.0,1.0,6.0,0.0,1.0,0.0,10.0,9.0,169.03333333333333,1.0,0,9
3a6c2ca3-09dc-440b-b88b-fc1307057140,0,0,1.0,1.0,1891.0,1891.0,0.0,1.0,0.0,1.0,6.0,0.0,1.0,0.0,1.0,1.0,12.606666666666667,1.0,0,9
8c10b3ac-0b7f-47ae-ade2-1e37a7c2aef9,6,1,1.0,3.0,62785.0,20928.333333333332,11255.561173630276,1.0,0.0,1.0,2.0,0.6666666666666666,0.0,0.3333333333333333,3.0,3.0,209.28333333333333,1.0,0,3
56ec7bec-ccda-4ef0-b6dd-835cce63d326,6,1,1.0,2.0,48729.0,24364.5,3881.3091219329594,1.0,0.0,1.0,2.0,1.0,0.0,0.0,8.0,7.0,243.64499999999998,1.0,1,3
f665155e-21ae-4a16-acfd-2410f1599f63,6,1,1.0,2.0,45033.0,22516.5,6501.846853010305,1.0,0.0,1.0,2.0,1.0,0.0,0.0,6.0,6.0,225.165,1.0,1,3
581dd81e-361b-49a4-a96a-65aae4100f0e,6,1,1.0,1.0,1919.0,1919.0,0.0,1.0,0.0,1.0,5.0,0.0,0.0,1.0,3.0,2.0,12.793333333333333,1.0,0,8
1392ccc1-7154-4fdd-b0ba-d177e5d33662,6,1,2.0,2.0,34539.0,17269.5,3762.5151826936194,1.0,0.0,1.0,6.0,0.5,0.5,0.0,5.0,4.0,115.13,1.0,0,9
5edb88c7-5837-4b32-909a-ad79c2652762,6,1,1.0,3.0,87906.0,29302.0,4662.9768388873645,1.0,0.0,1.0,6.0,0.0,1.0,0.0,13.0,14.0,195.34666666666666,1.0,1,9
c6eda5f9-dbd4-44cf-a4bf-efa3fe0bdc57,6,1,1.0,1.0,21672.0,21672.0,0.0,1.0,0.0,1.0,4.0,1.0,0.0,0.0,4.0,4.0,216.72,1.0,0,5
67ef000f-d6b6-410a-bcc2-5b1cd5cf51ff,5,1,1.0,1.0,29405.0,29405.0,0.0,0.0,1.0,1.0,3.0,1.0,0.0,0.0,4.0,4.0,196.03333333333333,1.0,0,4
bd3ecd0d-f976-477a-9d96-c654553fa824,5,1,1.0,1.0,7569.0,7569.0,0.0,0.0,1.0,1.0,3.0,1.0,0.0,0.0,5.0,5.0,50.46,1.0,1,4
8cbedd38-c0a2-485a-96b2-bd6e940a04d4,5,1,1.0,3.0,33348.0,11116.0,2737.0063938544245,0.6666666666666667,1.0,1.0,2.0,0.3333333333333333,0.0,0.6666666666666666,3.0,2.0,111.16000000000001,1.0,1,3
990df23a-11d0-493a-8ed2-af3c43166fdf,5,1,1.0,2.0,20682.0,10341.0,4638.620484583752,0.5,1.0,1.0,6.0,0.5,0.0,0.5,6.0,6.0,68.94,1.0,0,9
947d3a05-14d3-4beb-b917-760dc63db5f1,5,1,0.0,2.0,31910.0,15955.0,1371.7871555019021,0.0,1.0,1.0,5.0,1.0,0.0,0.0,13.0,13.0,106.36666666666667,1.0,0,8
0ce297fd-15a6-4b63-8479-d3a18d41447e,4,0,2.0,1.0,10261.0,10261.0,0.0,0.0,1.0,1.0,6.0,1.0,0.0,0.0,2.0,2.0,68.40666666666667,1.0,1,9
80b2065c-be8c-4e78-a1f2-3eeddb6107f7,4,0,1.0,1.0,19033.0,19033.0,0.0,0.0,1.0,1.0,5.0,1.0,0.0,0.0,2.0,2.0,126.88666666666667,1.0,0,8
c74f416d-b056-4fc1-8cbd-618275de4098,4,0,2.0,1.0,15131.0,15131.0,0.0,0.0,1.0,1.0,6.0,1.0,0.0,0.0,3.0,3.0,100.87333333333333,1.0,1,9
5c5edb79-ae94-485d-a9b8-7cb1f2c06e3c,4,0,2.0,1.0,1944.0,1944.0,0.0,0.0,1.0,1.0,6.0,0.0,0.0,1.0,1.0,1.0,12.96,1.0,0,9
0de75314-6f02-45da-b974-87c8552af714,3,0,1.0,1.0,361.0,361.0,0.0,1.0,0.0,1.0,1.0,1.0,0.0,0.0,1.0,1.0,7.22,0.0,0,1
ec10406a-d084-459a-89c6-ec2182129fdd,3,0,2.0,1.0,3317.0,3317.0,0.0,0.0,1.0,1.0,6.0,1.0,0.0,0.0,1.0,1.0,22.113333333333333,1.0,1,9
10c94c46-beae-43ea-ad47-83a57fe5a1f2,3,0,1.0,1.0,14229.0,14229.0,0.0,1.0,0.0,1.0,6.0,1.0,0.0,0.0,4.0,3.0,94.86,1.0,0,9
a7c01682-c892-4066-9754-0d3cee6f0de1,3,0,1.0,2.0,27386.0,13693.0,8196.781807514459,0.5,1.0,1.0,2.0,0.5,0.0,0.5,1.0,1.0,136.93,1.0,1,3
1a76f449-8e65-4941-8c8b-3ec9d4736a89,3,0,1.0,1.0,35488.0,35488.0,0.0,1.0,0.0,1.0,2.0,0.0,1.0,0.0,7.0,7.0,354.88,1.0,0,3
4073ffc8-4d83-42ce-8a76-f471256e5cf4,0,0,0.0,2.0,52349.0,26174.5,5230.468860436892,1.0,0.0,1.0,1.0,0.5,0.5,0.0,7.0,7.0,523.49,0.0,1,1
d3150579-d262-4a3e-88d0-e85ffe784cd7,0,0,0.0,1.0,16872.0,16872.0,0.0,1.0,0.0,1.0,3.0,1.0,0.0,0.0,5.0,5.0,112.48,1.0,0,4
a7d00111-0c04-4abc-a483-c7c9c622ae88,6,1,1.0,1.0,25552.0,25552.0,0.0,1.0,0.0,1.0,3.0,0.0,1.0,0.0,6.0,6.0,170.34666666666666,1.0,0,4
e34e49de-73ef-400d-a620-e6fdfedf03b0,6,1,1.0,3.0,78894.0,26298.0,8012.97273176441,1.0,0.0,1.0,4.0,0.3333333333333333,0.6666666666666666,0.0,6.0,6.0,262.98,1.0,0,5
56a3008e-fa71-4604-b1c7-7b5c3c380b71,6,1,1.0,3.0,34944.0,11648.0,2507.161542461913,1.0,0.0,1.0,1.0,1.0,0.0,0.0,5.0,5.0,232.96000000000004,0.0,1,1
c449e355-420a-4647-b715-a23e34732609,6,1,2.0,2.0,13815.0,6907.5,2393.5564543164633,1.0,0.0,1.0,1.0,0.0,0.5,0.5,1.0,1.0,138.15,0.0,1,1
fb1ad1d4-1084-41a1-84a7-b224f77ba7ce,6,1,1.0,1.0,4497.0,4497.0,0.0,1.0,0.0,1.0,4.0,0.0,1.0,0.0,1.0,1.0,44.97,1.0,1,5
0bca5404-c32a-4225-9cff-9ed2b093df0d,6,1,2.0,2.0,62902.0,31451.0,1448.1546878700494,1.0,0.0,1.0,2.0,0.0,1.0,0.0,1.0,1.0,314.51,1.0,1,3
55e0e521-4304-440a-b62e-55ef6219bcfa,6,1,1.0,1.0,12130.0,12130.0,0.0,1.0,0.0,1.0,1.0,0.0,0.0,1.0,2.0,2.0,242.6,0.0,0,1
d47dd300-f605-4dd0-a2cd-75da5fafdba9,6,1,1.0,1.0,29683.0,29683.0,0.0,1.0,0.0,1.0,3.0,0.0,1.0,0.0,7.0,7.0,197.88666666666666,1.0,0,4
9324f963-398b-4245-8473-d95b91079d87,6,1,1.0,3.0,22249.0,5562.25,3699.196703339794,1.0,0.0,2.0,4.0,0.0,0.0,1.0,6.0,7.0,55.54416666666667,1.0,1,5
f3ed764a-3b53-44a9-841e-db2cf07424f4,6,1,2.0,2.0,64105.0,32052.5,378.3021279348029,1.0,0.0,1.0,2.0,0.0,1.0,0.0,2.0,2.0,320.525,1.0,1,3
66539bdc-0361-41e6-876f-57d77203f4b4,5,1,0.0,1.0,5903.0,5903.0,0.0,0.0,1.0,1.0,3.0,1.0,0.0,0.0,1.0,1.0,39.35333333333333,1.0,0,4
566b551f-3339-465f-bcc6-3b3ab4de7800,5,1,0.0,3.0,32608.0,10869.333333333334,5518.681394439557,0.33333333333333337,1.0,1.0,3.0,0.6666666666666666,0.0,0.3333333333333333,11.0,11.0,72.46222222222222,1.0,0,4
d16f9258-c9d4-405d-8a8d-2f2b2d3715a1,5,1,1.0,2.0,33866.0,16933.0,2167.9893911179547,0.5,1.0,1.0,5.0,1.0,0.0,0.0,9.0,7.0,112.88666666666667,1.0,1,8
f317638f-7554-4381-8ba9-40906fa2e405,5,1,1.0,2.0,16611.0,8305.5,3529.169944902059,0.5,1.0,2.0,6.0,0.5,0.0,0.5,4.0,4.0,127.37666666666667,0.0,1,9
e45316fe-1f36-4ee2-b295-e44706865372,5,1,2.0,1.0,13740.0,13740.0,0.0,1.0,0.0,1.0,2.0,1.0,0.0,0.0,1.0,1.0,137.4,1.0,0,3
ada1a437-5c43-4892-b3b6-140e2085f1b9,5,1,0.0,2.0,40587.0,20293.5,3389.1628022271225,0.5,1.0,1.0,5.0,1.0,0.0,0.0,5.0,6.0,135.29000000000002,1.0,0,8
6ac22625-00e0-42a7-8491-84be5e6834dd,5,1,1.0,1.0,17213.0,17213.0,0.0,0.0,1.0,1.0,6.0,1.0,0.0,0.0,4.0,5.0,114.75333333333333,1.0,1,9
3109d56c-8764-494a-aaf5-b7a76ae25cc7,5,1,1.0,2.0,39661.0,19830.5,6455.177805451993,0.5,1.0,1.0,2.0,1.0,0.0,0.0,4.0,4.0,198.305,1.0,0,3
3c0c3144-f28d-4a20-ad4d-2e47cab15e52,5,1,1.0,1.0,18898.0,18898.0,0.0,0.0,1.0,1.0,5.0,1.0,0.0,0.0,3.0,2.0,125.98666666666666,1.0,0,8
3f1dbd20-1d88-48f5-a6ca-b5b7a0da0db8,5,1,1.0,1.0,14703.0,14703.0,0.0,0.0,1.0,1.0,2.0,1.0,0.0,0.0,1.0,1.0,147.03,1.0,0,3
e62c3771-d962-4f09-81f1-49f1a73db995,5,1,1.0,3.0,21436.0,7145.333333333333,3976.770339525949,0.6666666666666667,1.0,1.0,5.0,0.0,0.6666666666666666,0.3333333333333333,7.0,7.0,47.635555555555555,1.0,0,8
44d015c5-3f3f-4ccc-9b91-9071f70f28d3,5,1,1.0,3.0,34926.0,11642.0,7026.224661936167,0.6666666666666667,1.0,1.0,5.0,0.6666666666666666,0.0,0.3333333333333333,5.0,5.0,77.61333333333333,1.0,1,8
4050a73c-0fad-4170-b3e9-6e5a925a01c4,5,1,1.0,3.0,24136.0,8045.333333333333,1231.3879702731115,0.6666666666666667,1.0,1.0,6.0,0.6666666666666666,0.0,0.3333333333333333,5.0,5.0,53.635555555555555,1.0,1,9
788ac6a4-322d-47f5-a609-f8e05fa0ae59,4,0,0.0,2.0,44819.0,22409.5,1279.1561671664645,1.0,0.0,1.0,3.0,1.0,0.0,0.0,8.0,8.0,149.39666666666668,1.0,1,4
2a89841a-e97c-447e-b8eb-9b2afa88aa4c,4,0,2.0,1.0,18370.0,18370.0,0.0,0.0,1.0,1.0,2.0,0.0,1.0,0.0,2.0,3.0,183.7,1.0,0,3
76920ee0-71a5-4d5e-a3b9-ae39223bf1e8,4,0,1.0,3.0,49619.0,16539.666666666668,9843.01957395866,0.33333333333333337,1.0,1.0,5.0,0.3333333333333333,0.3333333333333333,0.3333333333333333,7.0,7.0,110.26444444444445,1.0,1,8
d0bad987-f95a-4732-b157-3ab7cbb20750,4,0,2.0,1.0,23866.0,23866.0,0.0,0.0,1.0,1.0,1.0,1.0,0.0,0.0,4.0,4.0,477.32,0.0,1,1
c67f2c10-d37e-4c8e-8a7d-6e97a940a372,4,0,1.0,1.0,10438.0,10438.0,0.0,0.0,1.0,1.0,6.0,1.0,0.0,0.0,2.0,2.0,69.58666666666667,1.0,0,9
939262be-1881-4508-ad71-d2b471ddc3d6,4,0,0.0,1.0,19535.0,19535.0,0.0,1.0,0.0,1.0,2.0,1.0,0.0,0.0,1.0,1.0,195.35,1.0,1,3
a7f1e67c-57fa-426d-8700-0f349ae70407,4,0,0.0,3.0,30698.0,10232.666666666666,3234.116004928291,0.6666666666666667,1.0,1.0,5.0,0.6666666666666666,0.3333333333333333,0.0,4.0,4.0,68.21777777777778,1.0,1,8
0f0cd737-b0ea-49cc-81cb-8ef12e7716df,4,0,0.0,3.0,65925.0,21975.0,17253.428297008104,0.33333333333333337,1.0,1.0,2.0,0.0,1.0,0.0,7.0,5.0,219.75,1.0,1,3
21887589-f4af-40b4-8b7b-dbc1cfa58693,4,0,1.0,2.0,44272.0,22136.0,2302.3396795433987,0.5,1.0,1.0,5.0,1.0,0.0,0.0,3.0,3.0,147.57333333333332,1.0,0,8
818ace1d-d527-4c57-95cf-77b73297a6cc,4,0,2.0,2.0,47982.0,23991.0,4778.627627258688,0.5,1.0,1.0,6.0,1.0,0.0,0.0,9.0,9.0,159.94,1.0,0,9
9d469346-60f7-4750-bbc1-2797ee1e9e1a,4,0,1.0,1.0,15008.0,15008.0,0.0,0.0,1.0,1.0,6.0,1.0,0.0,0.0,4.0,4.0,100.05333333333333,1.0,1,9
71250d3f-08f5-43ea-9b06-a2f62bbfc2c6,4,0,1.0,3.0,66485.0,22161.666666666668,12261.734474915582,0.33333333333333337,1.0,1.0,5.0,0.0,0.6666666666666666,0.3333333333333333,13.0,13.0,147.74444444444444,1.0,0,8
0c6628b1-bee9-4390-948f-ee088cebeaec,3,0,1.0,1.0,35372.0,35372.0,0.0,1.0,0.0,1.0,2.0,0.0,1.0,0.0,3.0,3.0,353.72,1.0,0,3
a85546e1-bca6-4a00-ae4c-8040873e687e,3,0,0.0,2.0,31457.0,15728.5,2527.9067427419072,0.5,1.0,1.0,4.0,1.0,0.0,0.0,3.0,3.0,157.285,1.0,1,5
28436e3f-2f30-4027-a494-8684412ad9b2,3,0,0.0,1.0,12158.0,12158.0,0.0,1.0,0.0,1.0,6.0,0.0,0.0,1.0,2.0,2.0,81.05333333333333,1.0,0,9
dc7678f6-137d-408e-9d02-173f3a6f5660,3,0,1.0,1.0,434.0,434.0,0.0,1.0,0.0,1.0,1.0,1.0,0.0,0.0,1.0,1.0,8.68,0.0,1,1
87c02e47-ebfd-4d17-9cac-54a2848ae60c,3,0,1.0,2.0,29349.0,14674.5,17099.96328943428,0.5,1.0,1.0,1.0,0.5,0.0,0.5,1.0,1.0,293.49,0.0,1,1
103ffdfb-3758-463b-9d09-d776edcac381,3,0,0.0,2.0,38612.0,19306.0,15105.215059707029,1.0,0.0,2.0,3.0,0.5,0.5,0.0,7.0,7.0,128.70666666666665,1.0,1,4
49ba2bde-a54a-40bd-b58a-7cf7cb446235,3,0,1.0,1.0,16540.0,16540.0,0.0,1.0,0.0,1.0,1.0,0.0,1.0,0.0,4.0,4.0,330.8,0.0,1,1
a00df829-73dd-4b48-a0cc-77c139811117,3,0,0.0,1.0,17701.0,17701.0,0.0,1.0,0.0,1.0,1.0,1.0,0.0,0.0,2.0,2.0,354.02,0.0,0,1
de7bdd9b-6c04-49f8-ac81-565e6aa28350,2,0,0.0,1.0,22013.0,22013.0,0.0,1.0,0.0,1.0,2.0,1.0,0.0,0.0,1.0,1.0,220.13,1.0,1,3
5ec2cfa1-cff8-4423-815c-86679cb19661,2,0,0.0,1.0,6480.0,6480.0,0.0,1.0,0.0,1.0,1.0,0.0,0.0,1.0,1.0,1.0,129.6,0.0,0,1
110bf98a-a6ba-4b3a-b42e-d71b7bf6cf56,2,0,0.0,2.0,38903.0,19451.5,13338.155213521846,1.0,0.0,1.0,1.0,0.5,0.0,0.5,6.0,5.0,389.03,0.0,1,1
e5c25f4e-5fd6-4f74-8331-297432c069b3,2,0,0.0,1.0,10902.0,10902.0,0.0,1.0,0.0,1.0,3.0,1.0,0.0,0.0,3.0,3.0,72.68,1.0,0,4
934c5193-87a8-4eda-b11b-64f9d6f4cf4d,1,0,0.0,3.0,40312.0,13437.333333333334,5776.169434264661,1.0,0.0,1.0,1.0,1.0,0.0,0.0,16.0,16.0,268.74666666666667,0.0,0,1
0b9a2cc8-6294-4d7a-88b9-29b63aec5eb9,1,0,1.0,2.0,30977.0,15488.5,4104.754864787908,1.0,0.0,1.0,3.0,1.0,0.0,0.0,6.0,6.0,103.25666666666666,1.0,0,4
aa8e3a57-47c7-46ff-8cdb-71d5d25e3bd4,1,0,0.0,2.0,16145.0,8072.5,1842.0131649909563,1.0,0.0,1.0,6.0,0.5,0.0,0.5,5.0,5.0,53.81666666666666,1.0,0,9
70925255-4900-4217-ac85-36ab1e93f152,1,0,0.0,2.0,48871.0,24435.5,704.9854608429879,1.0,0.0,1.0,3.0,0.5,0.5,0.0,15.0,15.0,162.90333333333334,1.0,1,4
a7d23f65-289c-403c-832c-abce74fe3551,1,0,1.0,2.0,15909.0,7954.5,2184.2528470852453,1.0,0.0,1.0,5.0,1.0,0.0,0.0,7.0,5.0,53.03,1.0,0,8
3342ae0f-4335-4c79-a168-8233534cbcce,1,0,1.0,1.0,16478.0,16478.0,0.0,1.0,0.0,1.0,3.0,1.0,0.0,0.0,1.0,1.0,109.85333333333334,1.0,1,4
40489c75-3203-4445-883c-c6b89d002c4e,1,0,0.0,1.0,11422.0,11422.0,0.0,1.0,0.0,1.0,1.0,1.0,0.0,0.0,4.0,4.0,228.44,0.0,1,1
b72c070a-3122-4b85-987d-136a88364365,1,0,1.0,1.0,9351.0,9351.0,0.0,1.0,0.0,1.0,6.0,0.0,0.0,1.0,1.0,1.0,62.34,1.0,1,9
b8441445-38c5-4695-8f49-b81757dd3090,1,0,1.0,1.0,17594.0,17594.0,0.0,1.0,0.0,1.0,2.0,1.0,0.0,0.0,1.0,1.0,175.94,1.0,0,3
9a3312d4-4c99-4224-80a8-f4dcd36e5e32,1,0,0.0,1.0,22654.0,22654.0,0.0,1.0,0.0,1.0,6.0,1.0,0.0,0.0,5.0,4.0,151.02666666666667,1.0,1,9
f229d325-a750-45ff-9a75-c6fa19682b47,1,0,1.0,2.0,59158.0,29579.0,6314.46355599587,1.0,0.0,1.0,6.0,0.0,1.0,0.0,9.0,8.0,197.19333333333333,1.0,0,9
29a3edd3-ef61-4278-bf56-3bd2200bcc77,1,0,1.0,2.0,31838.0,15919.0,2435.27575440647,1.0,0.0,1.0,3.0,1.0,0.0,0.0,4.0,4.0,106.12666666666667,1.0,0,4
3229fd03-42aa-4ab3-9c14-64d6e54ecc2e,1,0,1.0,1.0,7317.0,7317.0,0.0,1.0,0.0,1.0,5.0,1.0,0.0,0.0,4.0,3.0,48.78,1.0,0,8
28431241-37a3-4e89-8635-157c2e5900c0,1,0,1.0,1.0,7337.0,7337.0,0.0,1.0,0.0,1.0,5.0,1.0,0.0,0.0,3.0,3.0,48.913333333333334,1.0,1,8
b940d12c-f9bb-47df-90ea-86abe41dc68c,1,0,0.0,1.0,22525.0,22525.0,0.0,1.0,0.0,1.0,1.0,1.0,0.0,0.0,5.0,5.0,450.5,0.0,0,1
bef24cfb-9928-4069-86a3-3c0ab2ca5246,1,0,0.0,1.0,22511.0,22511.0,0.0,1.0,0.0,1.0,1.0,1.0,0.0,0.0,4.0,4.0,450.22,0.0,0,1
52b46170-8caf-4a1f-8207-09d6d9534cfd,1,0,1.0,3.0,51076.0,17025.333333333332,1992.857830687712,1.0,0.0,1.0,1.0,1.0,0.0,0.0,11.0,11.0,340.50666666666666,0.0,0,1
156e064c-f770-4378-99d9-87c7ca615f26,0,0,0.0,2.0,35570.0,17785.0,736.8052659963826,1.0,0.0,1.0,2.0,0.5,0.5,0.0,3.0,3.0,177.85,1.0,0,3
60a04001-82c0-4204-a9d4-a60ba22684ca,0,0,0.0,2.0,31810.0,15905.0,1764.9385258416225,1.0,0.0,2.0,1.0,1.0,0.0,0.0,11.0,11.0,220.38666666666666,0.0,1,1
edd89b98-b8a3-41cd-a2f5-bad34bc03316,0,0,0.0,2.0,35383.0,17691.5,5261.5815588091,1.0,0.0,1.0,3.0,1.0,0.0,0.0,13.0,13.0,117.94333333333333,1.0,0,4
d874f04c-f56e-4973-810a-2ea231cd8ce1,0,0,0.0,1.0,14568.0,14568.0,0.0,1.0,0.0,1.0,3.0,1.0,0.0,0.0,1.0,1.0,97.12,1.0,0,4
4f7c6ab1-652d-46b6-8c35-3458d47fc43c,6,1,0.0,3.0,48083.0,16027.666666666666,3522.6135657113073,0.6666666666666667,1.0,1.0,6.0,0.6666666666666666,0.0,0.3333333333333333,5.0,4.0,106.85111111111111,1.0,1,9
7141facd-736d-4b25-bc10-b8704c010727,6,1,1.0,3.0,39656.0,13218.666666666666,2621.00006358896,1.0,0.0,1.0,3.0,0.6666666666666666,0.0,0.3333333333333333,9.0,9.0,88.12444444444445,1.0,0,4
8350573d-fb5e-4289-a89d-e62023b6b1f5,6,1,1.0,1.0,7082.0,7082.0,0.0,1.0,0.0,1.0,4.0,1.0,0.0,0.0,2.0,2.0,70.82,1.0,1,5
1d7728da-bb36-4c16-9932-ae11cd582a67,6,1,1.0,2.0,16492.0,8246.0,10950.255613454876,1.0,0.0,1.0,1.0,1.0,0.0,0.0,1.0,1.0,164.92,0.0,0,1
8c90a02c-e6f3-41d8-86a9-ed9880ab568f,6,1,1.0,1.0,14054.0,14054.0,0.0,1.0,0.0,1.0,3.0,1.0,0.0,0.0,4.0,4.0,93.69333333333333,1.0,0,4
3ce91862-c719-4fd6-9cc2-9586be1dc5b4,6,1,2.0,2.0,39803.0,19901.5,540.9366876077089,1.0,0.0,1.0,4.0,1.0,0.0,0.0,4.0,4.0,199.015,1.0,1,5
27b15089-e7a1-4d87-9f12-e7b2908648de,6,1,1.0,2.0,6541.0,3270.5,348.6036431249679,1.0,0.0,1.0,6.0,1.0,0.0,0.0,2.0,2.0,21.803333333333335,1.0,0,9
e1362542-35c3-472c-a7c8-9f4599820892,6,1,1.0,3.0,69759.0,23253.0,4231.918713775112,1.0,0.0,1.0,2.0,0.3333333333333333,0.6666666666666666,0.0,2.0,2.0,232.53,1.0,0,3
d55656dd-bbde-49ad-af31-16d94331ae10,6,1,1.0,2.0,43283.0,21641.5,6296.785886466206,1.0,0.0,1.0,3.0,1.0,0.0,0.0,9.0,9.0,144.27666666666667,1.0,0,4
177d6733-1500-4166-a0ad-a859ce976aa8,6,1,2.0,2.0,30156.0,15078.0,4692.3605999539295,1.0,0.0,2.0,1.0,1.0,0.0,0.0,7.0,7.0,223.16000000000003,0.0,0,1
34a9d524-34cf-496b-82bc-b3d0a923474f,6,1,2.0,2.0,43516.0,21758.0,722.6631303726516,1.0,0.0,1.0,3.0,1.0,0.0,0.0,8.0,7.0,145.05333333333334,1.0,0,4
4faa37ff-d2c4-46f4-adc3-b16fecf72444,6,1,1.0,1.0,8942.0,8942.0,0.0,1.0,0.0,1.0,1.0,1.0,0.0,0.0,3.0,2.0,178.84,0.0,0,1
23d5d40d-871b-490a-b10f-12219d22f464,6,1,1.0,3.0,76815.0,25605.0,5427.406286616103,1.0,0.0,1.0,1.0,0.3333333333333333,0.6666666666666666,0.0,10.0,9.0,512.1,0.0,0,1
234c7a3d-1dde-41de-b6db-09e2252c4198,6,1,2.0,1.0,22142.0,22142.0,0.0,1.0,0.0,1.0,6.0,1.0,0.0,0.0,3.0,3.0,147.61333333333334,1.0,1,9
4716c55c-0b6f-403a-a0cd-e6b4e83c2bb3,6,1,1.0,1.0,13270.0,13270.0,0.0,1.0,0.0,1.0,1.0,1.0,0.0,0.0,2.0,2.0,265.4,0.0,0,1
20c2ec4b-3cb3-41bc-ad27-f8cc42c2917b,6,1,1.0,1.0,17118.0,17118.0,0.0,1.0,0.0,1.0,5.0,1.0,0.0,0.0,3.0,5.0,114.12,1.0,0,8
4ef6e584-37e3-4a03-a181-49098c5bcd3d,6,1,1.0,1.0,2131.0,2131.0,0.0,1.0,0.0,1.0,6.0,1.0,0.0,0.0,1.0,1.0,14.206666666666667,1.0,0,9
1fd02c66-1ff0-493d-97e2-dbc1f52b7205,6,1,1.0,3.0,67411.0,22470.333333333332,3867.7588256422264,1.0,0.0,1.0,6.0,0.6666666666666666,0.3333333333333333,0.0,11.0,10.0,149.8022222222222,1.0,0,9
49aab7cf-ce45-44f9-859a-a450e9173638,6,1,1.0,2.0,28660.0,14330.0,7516.545084013001,1.0,0.0,1.0,1.0,1.0,0.0,0.0,5.0,5.0,286.6,0.0,0,1
617c6332-2772-4d60-981f-b59dd3319ee9,6,1,2.0,1.0,8076.0,8076.0,0.0,1.0,0.0,1.0,3.0,1.0,0.0,0.0,3.0,3.0,53.84,1.0,0,4
7bec4b8f-d1c6-4dd7-a3a1-b374d69b667c,6,1,1.0,3.0,67566.0,22522.0,3978.2624347823007,1.0,0.0,1.0,2.0,1.0,0.0,0.0,5.0,7.0,225.22000000000003,1.0,1,3
145e7ea1-53c6-4516-9610-12c47884414c,6,1,1.0,2.0,41806.0,20903.0,1542.9069965490467,1.0,0.0,1.0,5.0,0.0,1.0,0.0,8.0,8.0,139.35333333333335,1.0,1,8
6abfc6fd-d760-4c6b-aae3-418c8d8ff55e,6,1,1.0,3.0,23570.0,7856.666666666667,7617.298755683233,1.0,0.0,2.0,1.0,1.0,0.0,0.0,5.0,6.0,124.48,0.0,0,1
f99215ca-9a18-4ce7-a6cf-8f55f42582be,6,1,2.0,2.0,35225.0,17612.5,9109.656662026291,1.0,0.0,1.0,6.0,1.0,0.0,0.0,2.0,2.0,117.41666666666667,1.0,0,9
968f9196-bf7b-4790-85eb-6f013b0f2bed,6,1,1.0,1.0,7684.0,7684.0,0.0,1.0,0.0,1.0,6.0,0.0,0.0,1.0,2.0,2.0,51.22666666666667,1.0,0,9
357ef85b-4c0f-46b4-8055-67e9fe32ae93,6,1,1.0,2.0,53650.0,26825.0,951.7657274770929,1.0,0.0,2.0,1.0,0.5,0.5,0.0,10.0,9.0,405.74,0.0,0,1
a66c056a-a818-432a-b958-caeec476fe57,6,1,1.0,2.0,35577.0,17788.5,6456.592019014365,1.0,0.0,1.0,3.0,1.0,0.0,0.0,9.0,8.0,118.59,1.0,0,4
3eb40453-b886-43cb-aeb2-260f6309de68,6,1,1.0,1.0,5080.0,5080.0,0.0,1.0,0.0,1.0,5.0,1.0,0.0,0.0,2.0,2.0,33.86666666666667,1.0,0,8
5e29e1f9-af73-492d-8db4-b75de4316359,6,1,1.0,2.0,45812.0,22906.0,1704.1273426595794,1.0,0.0,1.0,1.0,0.5,0.5,0.0,7.0,7.0,458.12,0.0,1,1
1d4032d0-5be2-4d30-96de-3b429645478b,6,1,1.0,2.0,32119.0,16059.5,5285.623189369443,1.0,0.0,1.0,2.0,0.5,0.0,0.5,2.0,2.0,160.595,1.0,0,3
93582081-4a98-4e6d-ad9a-585f4e678852,6,1,2.0,2.0,39301.0,19650.5,6705.49360599203,1.0,0.0,1.0,2.0,0.5,0.5,0.0,1.0,1.0,196.505,1.0,1,3
f8f24887-77de-4178-a66e-1022753c18b5,6,1,2.0,1.0,10240.0,10240.0,0.0,1.0,0.0,1.0,1.0,1.0,0.0,0.0,2.0,2.0,204.8,0.0,0,1
6b347f9d-4ae5-4ca6-8024-128e80ecab6f,6,1,1.0,3.0,76754.0,25584.666666666668,3614.709163035573,1.0,0.0,2.0,6.0,0.3333333333333333,0.6666666666666666,0.0,9.0,8.0,194.4422222222222,1.0,0,9
569d2360-5dc1-441c-8019-30f23ca243b6,6,1,1.0,3.0,60152.0,20050.666666666668,5530.8767237512475,1.0,0.0,1.0,5.0,0.6666666666666666,0.0,0.3333333333333333,13.0,13.0,133.67111111111112,1.0,1,8
be3e570f-f1ee-42f2-942b-6bb8882b4bbf,6,1,2.0,2.0,32085.0,16042.5,9461.795839057193,1.0,0.0,1.0,6.0,0.5,0.0,0.5,2.0,2.0,106.95,1.0,1,9
b28f1eda-6c42-4900-b7a9-0a5124c7e63d,6,1,1.0,2.0,85136.0,42568.0,7505.231375514016,1.0,0.0,1.0,5.0,0.5,0.0,0.5,13.0,13.0,283.7866666666667,1.0,0,8
410701cf-c48e-4315-9f59-d98a8fe62279,6,1,1.0,2.0,32112.0,16056.0,5290.572936837749,1.0,0.0,1.0,2.0,0.5,0.0,0.5,2.0,2.0,160.56,1.0,0,3
46589bde-5f24-45be-abfa-69e1b6311b6a,5,1,0.0,1.0,21723.0,21723.0,0.0,0.0,1.0,1.0,1.0,1.0,0.0,0.0,5.0,5.0,434.46,0.0,0,1
edf0f53e-3a81-42f0-a99d-43d32b30588c,5,1,2.0,1.0,17439.0,17439.0,0.0,1.0,0.0,1.0,6.0,1.0,0.0,0.0,3.0,3.0,116.26,1.0,1,9
15914f78-b2b4-4692-ae8d-de2fe6a43a27,5,1,0.0,3.0,150607.0,50202.333333333336,44233.86953832248,0.33333333333333337,1.0,1.0,2.0,0.0,0.0,1.0,3.0,4.0,502.02333333333337,1.0,0,3
08f8b04f-399a-40a1-999a-8276cc48fb18,5,1,0.0,2.0,26780.0,13390.0,288.4995667241114,0.0,1.0,1.0,2.0,1.0,0.0,0.0,3.0,3.0,133.9,1.0,0,3
f9d2542d-2fc4-49df-99e1-56bf64fa11ae,5,1,1.0,1.0,12773.0,12773.0,0.0,0.0,1.0,1.0,6.0,1.0,0.0,0.0,8.0,7.0,85.15333333333334,1.0,1,9
59d23951-3d44-4ed5-9d07-af246b00e2f3,5,1,0.0,2.0,33905.0,16952.5,10423.461061470896,0.0,1.0,1.0,3.0,0.0,0.0,1.0,9.0,10.0,113.01666666666667,1.0,1,4
47e6cc82-cfea-4dd5-9a35-c005539eb00d,5,1,1.0,1.0,11903.0,11903.0,0.0,0.0,1.0,1.0,6.0,1.0,0.0,0.0,5.0,4.0,79.35333333333334,1.0,0,9
77b489e0-2504-4aca-9363-fbdcf86f1163,5,1,0.0,1.0,13355.0,13355.0,0.0,0.0,1.0,1.0,3.0,1.0,0.0,0.0,3.0,3.0,89.03333333333333,1.0,1,4
54f7fa65-9eb7-4019-a5fb-8a94121e8af1,5,1,2.0,2.0,58580.0,29290.0,11524.426319778351,1.0,0.0,1.0,6.0,0.5,0.5,0.0,4.0,4.0,195.26666666666665,1.0,0,9
d46302e7-4333-4819-a922-b6923cf04e3e,4,0,0.0,1.0,21839.0,21839.0,0.0,1.0,0.0,1.0,4.0,0.0,1.0,0.0,5.0,5.0,218.39,1.0,0,5
f1bb0d2a-e31d-462d-9b1b-f101af281d31,4,0,0.0,3.0,95116.0,31705.333333333332,7887.904305538533,0.33333333333333337,1.0,1.0,2.0,1.0,0.0,0.0,7.0,7.0,317.05333333333334,1.0,0,3
573b56b4-0249-4735-895b-0469cfe1b24f,4,0,0.0,3.0,43223.0,14407.666666666666,3261.713404536538,0.33333333333333337,1.0,1.0,3.0,1.0,0.0,0.0,13.0,14.0,96.0511111111111,1.0,0,4
a700ec5f-25cb-4d4c-ac4d-5a7935d113ab,4,0,0.0,1.0,24206.0,24206.0,0.0,1.0,0.0,1.0,3.0,1.0,0.0,0.0,6.0,6.0,161.37333333333333,1.0,0,4
ccdce91b-09a3-4e1b-931d-0653b4725493,4,0,0.0,1.0,2272.0,2272.0,0.0,1.0,0.0,1.0,3.0,1.0,0.0,0.0,1.0,1.0,15.146666666666667,1.0,0,4
43f25f0c-e7f2-4c6b-a2a4-5b6484942ad6,4,0,1.0,1.0,16450.0,16450.0,0.0,0.0,1.0,1.0,6.0,1.0,0.0,0.0,4.0,4.0,109.66666666666667,1.0,0,9
41eb8270-f2c8-4e93-b44b-49c529d31513,4,0,0.0,2.0,18506.0,9253.0,4358.606199233879,0.5,1.0,1.0,1.0,1.0,0.0,0.0,3.0,3.0,185.06,0.0,0,1
46e0da57-9120-437c-adf6-394877481a67,3,0,1.0,1.0,17508.0,17508.0,0.0,1.0,0.0,1.0,1.0,1.0,0.0,0.0,4.0,4.0,350.16,0.0,1,1
ebba73ee-a606-4484-aa85-eaefb57d3ed6,2,0,1.0,2.0,59126.0,29563.0,14321.740746152334,1.0,0.0,1.0,3.0,0.0,1.0,0.0,14.0,12.0,197.08666666666667,1.0,0,4
6d98eecf-e030-4d83-b32a-fa1467b74efb,2,0,1.0,1.0,19566.0,19566.0,0.0,1.0,0.0,1.0,6.0,1.0,0.0,0.0,5.0,4.0,130.44,1.0,0,9
b85675a3-9aec-4d60-89eb-98d61b0f5f26,2,0,0.0,2.0,19522.0,9761.0,13573.621771656966,1.0,0.0,1.0,6.0,0.5,0.5,0.0,10.0,9.0,65.07333333333334,1.0,0,9
e6d9c4ea-3552-4c20-87ba-ffa50d5955bf,2,0,0.0,3.0,62220.0,20740.0,6946.335148839278,1.0,0.0,1.0,3.0,0.6666666666666666,0.3333333333333333,0.0,23.0,24.0,138.26666666666665,1.0,0,4
ceb1c11b-c119-4d52-b49c-7c3a27434dc6,2,0,0.0,3.0,54905.0,18301.666666666668,6716.077823650746,1.0,0.0,1.0,3.0,0.0,0.0,1.0,30.0,31.0,122.01111111111112,1.0,1,4
d0d0ef61-b39b-440f-834f-ca8681257198,2,0,0.0,2.0,29952.0,14976.0,4723.473298326137,1.0,0.0,1.0,3.0,0.5,0.5,0.0,15.0,15.0,99.84,1.0,1,4
7d00067c-53ed-4b87-a5d8-207671d8ad8c,2,0,0.0,1.0,23517.0,23517.0,0.0,1.0,0.0,1.0,6.0,1.0,0.0,0.0,4.0,4.0,156.78,1.0,1,9
c24e8e6d-5351-4281-864f-c5ba3f6cf4be,2,0,0.0,3.0,40194.0,13398.0,14095.089605958523,1.0,0.0,1.0,5.0,0.6666666666666666,0.0,0.3333333333333333,3.0,3.0,89.32,1.0,0,8
2f55f288-8cd2-4879-9666-95238147a393,1,0,0.0,2.0,51544.0,25772.0,5973.6380874639535,1.0,0.0,1.0,2.0,0.0,1.0,0.0,4.0,4.0,257.71999999999997,1.0,0,3
509d787a-36f3-4a82-8fe8-ea54b3a70cce,1,0,0.0,1.0,4205.0,4205.0,0.0,1.0,0.0,1.0,6.0,1.0,0.0,0.0,4.0,4.0,28.033333333333335,1.0,1,9
4e6aac8e-085c-4fec-ab9a-a8f39daf5e95,1,0,2.0,1.0,31850.0,31850.0,0.0,1.0,0.0,1.0,2.0,0.0,1.0,0.0,2.0,2.0,318.5,1.0,0,3
bc740300-ed5e-493d-b420-8a8de4386a72,1,0,0.0,1.0,24055.0,24055.0,0.0,1.0,0.0,1.0,6.0,0.0,1.0,0.0,6.0,5.0,160.36666666666667,1.0,0,9
d4a71e69-6445-45b4-8a30-f8f04325572f,1,0,0.0,2.0,61519.0,30759.5,150.61374439273462,1.0,0.0,1.0,3.0,1.0,0.0,0.0,14.0,14.0,205.06333333333333,1.0,0,4
58d50fea-53e4-423d-b643-310660e504ca,1,0,0.0,3.0,135962.0,45320.666666666664,34339.64438274417,1.0,0.0,1.0,2.0,0.3333333333333333,0.3333333333333333,0.3333333333333333,6.0,5.0,453.2066666666667,1.0,0,3
ae5df8f3-5d40-47f6-ae4b-77c0998c6f29,1,0,0.0,2.0,22002.0,11001.0,7850.299484733051,1.0,0.0,1.0,6.0,1.0,0.0,0.0,11.0,12.0,73.34,1.0,0,9
f7a71512-80a0-409d-b9ca-27ee2465d1e4,1,0,1.0,1.0,15979.0,15979.0,0.0,1.0,0.0,1.0,3.0,1.0,0.0,0.0,8.0,8.0,106.52666666666667,1.0,0,4
0aafa3af-0b12-4881-bee1-3d26c7c7abf1,1,0,2.0,2.0,19614.0,9807.0,11111.475959565409,1.0,0.0,1.0,3.0,0.5,0.0,0.5,3.0,2.0,65.38,1.0,0,4
8c8ac585-2235-4d69-817d-f0d06d8e98b8,1,0,1.0,2.0,28037.0,14018.5,17546.854775144177,1.0,0.0,1.0,2.0,0.5,0.0,0.5,1.0,1.0,140.185,1.0,1,3
dd7c339c-cf9e-4195-a687-b9d262be341b,1,0,1.0,2.0,51160.0,25580.0,1513.2085117392116,1.0,0.0,1.0,4.0,0.0,1.0,0.0,15.0,15.0,255.8,1.0,0,5
26807014-9ab4-4cbe-9133-92dcb0caafb3,1,0,1.0,3.0,30588.0,10196.0,2053.968597617792,1.0,0.0,1.0,4.0,0.0,0.0,1.0,4.0,3.0,101.96,1.0,1,5
1eec3744-5ec3-4070-b041-b88a9d9cdf8c,0,0,0.0,1.0,8366.0,8366.0,0.0,1.0,0.0,1.0,4.0,1.0,0.0,0.0,3.0,3.0,83.66,1.0,0,5
af0920d6-52e4-4cc7-ae0c-06485b06e95f,0,0,0.0,1.0,42491.0,42491.0,0.0,1.0,0.0,1.0,5.0,0.0,1.0,0.0,7.0,7.0,283.2733333333333,1.0,0,8
5587bc19-286d-4e5a-9840-e14bf03dd632,0,0,1.0,1.0,8312.0,8312.0,0.0,1.0,0.0,1.0,2.0,1.0,0.0,0.0,1.0,1.0,83.12,1.0,0,3
5ac5ff87-7f68-4864-9e03-1b94622d6bfa,0,0,0.0,3.0,52562.0,17520.666666666668,7198.257590093129,1.0,0.0,1.0,2.0,0.3333333333333333,0.6666666666666666,0.0,4.0,4.0,175.20666666666668,1.0,1,3
c0ff214c-d08a-4b79-90c0-f6352a9e42ae,0,0,0.0,3.0,53304.0,17768.0,9031.24642560483,1.0,0.0,1.0,2.0,0.0,1.0,0.0,5.0,6.0,177.67999999999998,1.0,1,3
45c09525-0679-44b0-a777-1e0fe3dbbbb7,0,0,0.0,1.0,20762.0,20762.0,0.0,1.0,0.0,1.0,5.0,0.0,1.0,0.0,8.0,7.0,138.41333333333333,1.0,0,8
74aed439-eae4-47dd-b376-4b0eac7b6b93,0,0,2.0,1.0,12444.0,12444.0,0.0,1.0,0.0,1.0,6.0,1.0,0.0,0.0,1.0,1.0,82.96,1.0,0,9
8051556c-26fd-4cc7-98aa-a2cc3129fa6c,6,1,0.0,2.0,21156.0,10578.0,7165.820120544473,0.5,1.0,1.0,6.0,0.0,1.0,0.0,10.0,10.0,70.52,1.0,1,9
deb0c89f-7f73-4c41-86d7-5158bb6aac76,6,1,0.0,2.0,48200.0,24100.0,15103.800846144655,0.5,1.0,1.0,6.0,0.5,0.0,0.5,5.0,5.0,160.66666666666669,1.0,1,9
877d5d79-70b6-4067-9bed-4d0afb0af520,6,1,0.0,2.0,34428.0,17214.0,10934.699264268771,0.5,1.0,1.0,6.0,0.0,1.0,0.0,7.0,7.0,114.76,1.0,1,9
282d490d-ce9b-484c-9845-40f04d643ab1,5,1,1.0,2.0,24809.0,12404.5,2782.4651839690646,0.5,1.0,1.0,4.0,1.0,0.0,0.0,2.0,2.0,124.045,1.0,1,5
96625f37-6029-46d2-8637-824317a2d2e1,5,1,0.0,2.0,35854.0,17927.0,2111.420848623031,0.0,1.0,1.0,3.0,0.5,0.5,0.0,14.0,13.0,119.51333333333334,1.0,0,4
937708aa-2201-4194-a4ff-e1ea05c1afc6,5,1,2.0,1.0,2000.0,2000.0,0.0,1.0,0.0,1.0,2.0,1.0,0.0,0.0,1.0,1.0,20.0,1.0,1,3
9e9fc040-dfde-4f80-a16b-4c28f0ddff10,5,1,2.0,1.0,7330.0,7330.0,0.0,1.0,0.0,1.0,2.0,0.0,1.0,0.0,1.0,1.0,73.3,1.0,0,3
9f65d69a-2069-4bef-b0e8-2e397f55f617,5,1,2.0,1.0,25702.0,25702.0,0.0,1.0,0.0,1.0,2.0,1.0,0.0,0.0,3.0,3.0,257.02,1.0,0,3
b9b285fe-1ac5-42ed-a88e-fece6e686a64,4,0,0.0,2.0,26864.0,13432.0,2865.1966773678905,0.5,1.0,1.0,3.0,1.0,0.0,0.0,7.0,8.0,89.54666666666667,1.0,0,4
e4169894-8494-4391-958b-c796270c73c5,4,0,0.0,1.0,4546.0,4546.0,0.0,1.0,0.0,1.0,6.0,0.0,0.0,1.0,2.0,2.0,30.30666666666667,1.0,0,9
45969682-bc69-49da-8185-3b86b2dbe948,3,0,2.0,2.0,23961.0,11980.5,1801.0009716821367,0.0,1.0,1.0,2.0,0.0,0.0,1.0,1.0,1.0,119.80499999999999,1.0,1,3
c4ccc769-078b-4f3f-aaae-5c2abb99072f,3,0,1.0,2.0,6694.0,3347.0,435.57777721091327,0.5,1.0,1.0,6.0,1.0,0.0,0.0,2.0,2.0,22.313333333333333,1.0,1,9
cc3b0d4a-9f4b-4153-8fed-867de95536af,3,0,1.0,3.0,29261.0,9753.666666666666,4990.2721702662,0.33333333333333337,1.0,2.0,2.0,0.6666666666666666,0.0,0.3333333333333333,7.0,7.0,80.60777777777777,1.0,0,3
10faa714-6410-42a3-9f1b-e8602690225a,3,0,2.0,1.0,13872.0,13872.0,0.0,0.0,1.0,1.0,3.0,0.0,1.0,0.0,7.0,5.0,92.48,1.0,0,4
4e43b233-91b9-4f6e-b1fa-0aab0a43a4dd,3,0,0.0,1.0,22323.0,22323.0,0.0,1.0,0.0,1.0,5.0,1.0,0.0,0.0,3.0,3.0,148.82,1.0,0,8
bfb75b50-3588-4168-9890-9832be23d8c5,3,0,2.0,1.0,14607.0,14607.0,0.0,0.0,1.0,1.0,3.0,0.0,1.0,0.0,5.0,5.0,97.38,1.0,0,4
25298639-874e-449d-bd27-d12b99893d48,3,0,1.0,1.0,23324.0,23324.0,0.0,1.0,0.0,1.0,5.0,1.0,0.0,0.0,7.0,7.0,155.49333333333334,1.0,1,8
d6802c91-b776-4822-a878-ea1e1e7ac81b,3,0,1.0,1.0,28456.0,28456.0,0.0,1.0,0.0,1.0,4.0,0.0,1.0,0.0,3.0,3.0,284.56,1.0,1,5
6395a8fd-ac1c-4da8-a96d-fe6eaf5b4b1e,2,0,1.0,2.0,19999.0,9999.5,10119.405145560682,0.5,1.0,1.0,4.0,0.5,0.5,0.0,3.0,3.0,99.995,1.0,0,5
a6e80994-8094-4c08-81fc-c5d8be937319,2,0,1.0,2.0,26417.0,13208.5,10579.024553331938,1.0,0.0,1.0,2.0,0.0,0.5,0.5,3.0,3.0,132.08499999999998,1.0,1,3
32eee657-c21a-49e3-9199-67ff3393f2b6,2,0,1.0,1.0,10033.0,10033.0,0.0,1.0,0.0,1.0,5.0,0.0,1.0,0.0,2.0,2.0,66.88666666666667,1.0,1,8
01cd299b-f4d2-4692-aed8-74bfa64f85f7,2,0,2.0,1.0,23438.0,23438.0,0.0,1.0,0.0,1.0,4.0,0.0,1.0,0.0,3.0,3.0,234.38,1.0,0,5
f9525d2e-b36c-4246-b851-619fa27de90e,2,0,1.0,2.0,26650.0,13325.0,360.62445840513925,0.5,1.0,1.0,6.0,1.0,0.0,0.0,7.0,8.0,88.83333333333334,1.0,1,9
fc8bf3ce-dc86-4e9e-9ff4-e4d1c2055c58,2,0,1.0,3.0,75731.0,25243.666666666668,18043.05590340321,0.6666666666666667,1.0,1.0,6.0,0.3333333333333333,0.0,0.6666666666666666,12.0,12.0,168.29111111111112,1.0,0,9
2a322ab7-2584-4192-b0b1-b7d03858e4af,1,0,0.0,3.0,38242.0,12747.333333333334,7022.539735261975,1.0,0.0,1.0,3.0,0.3333333333333333,0.0,0.6666666666666666,13.0,13.0,84.98222222222222,1.0,1,4
1deea3c6-fa35-43d7-a5ba-99ead72bbea0,1,0,1.0,2.0,13819.0,6909.5,8956.921597289998,1.0,0.0,1.0,6.0,0.5,0.5,0.0,6.0,6.0,46.06333333333333,1.0,0,9
bd02bc20-92b3-4649-90ff-b669ed9dbcd5,1,0,2.0,2.0,56472.0,28236.0,547.3006486383878,1.0,0.0,1.0,2.0,0.0,1.0,0.0,1.0,1.0,282.36,1.0,1,3
ccd84b9e-a114-415d-9f07-a487107afdcd,1,0,1.0,2.0,28063.0,14031.5,19646.961915268224,1.0,0.0,1.0,2.0,0.5,0.0,0.5,2.0,3.0,140.315,1.0,0,3
be01802d-c673-4988-831a-f1a3af69268c,1,0,1.0,1.0,3386.0,3386.0,0.0,1.0,0.0,1.0,5.0,1.0,0.0,0.0,2.0,2.0,22.573333333333334,1.0,1,8
7c6ce5bb-b6ad-4672-a9af-b97b09f28397,1,0,0.0,2.0,16655.0,8327.5,2960.6560928280746,1.0,0.0,1.0,4.0,0.0,0.5,0.5,3.0,3.0,83.275,1.0,1,5
8588889d-801a-4307-883f-47f974dbc7b1,1,0,1.0,3.0,65265.0,21755.0,6369.573533604899,1.0,0.0,1.0,2.0,0.6666666666666666,0.0,0.3333333333333333,3.0,3.0,217.54999999999998,1.0,0,3
9fe874d5-7da0-4e8c-b578-5141cc89be68,1,0,2.0,1.0,35353.0,35353.0,0.0,1.0,0.0,1.0,6.0,1.0,0.0,0.0,2.0,2.0,235.68666666666667,1.0,1,9
73b3be03-06cc-430f-a5ac-407827bbe064,1,0,1.0,1.0,33601.0,33601.0,0.0,1.0,0.0,1.0,5.0,0.0,1.0,0.0,7.0,8.0,224.00666666666666,1.0,0,8
1be3e5ca-61d8-4ef0-8d50-4fd2b375273b,1,0,1.0,2.0,31228.0,15614.0,5362.697828518776,1.0,0.0,1.0,3.0,1.0,0.0,0.0,2.0,2.0,104.09333333333333,1.0,0,4
1f7d3be8-e5c1-481b-a37a-988042cffdf3,1,0,1.0,3.0,65800.0,21933.333333333332,10582.828843618956,1.0,0.0,1.0,5.0,0.6666666666666666,0.0,0.3333333333333333,10.0,10.0,146.2222222222222,1.0,1,8
c186c4dd-3dea-4daf-9535-65ea456e6512,0,0,0.0,3.0,66596.0,22198.666666666668,12687.260710387145,1.0,0.0,1.0,2.0,0.6666666666666666,0.0,0.3333333333333333,5.0,5.0,221.98666666666668,1.0,0,3
93494e66-4935-4f0a-9551-8c58c58672cf,0,0,0.0,3.0,83172.0,27724.0,12301.497754338698,1.0,0.0,1.0,2.0,0.6666666666666666,0.0,0.3333333333333333,5.0,4.0,277.24,1.0,0,3
add21fe4-fe39-4cd6-92c2-97f339194359,0,0,1.0,3.0,79096.0,26365.333333333332,8070.070032740319,1.0,0.0,1.0,5.0,0.3333333333333333,0.6666666666666666,0.0,13.0,13.0,175.76888888888888,1.0,1,8
1f016a4e-5755-4cee-9a8d-2019a6d0bb7c,0,0,0.0,2.0,37161.0,18580.5,4646.398659176803,1.0,0.0,1.0,3.0,0.5,0.5,0.0,8.0,8.0,123.87,1.0,0,4
968e725c-a6e0-4a40-8a02-a7fdcc4705cc,6,1,1.0,1.0,3590.0,3590.0,0.0,1.0,0.0,1.0,2.0,1.0,0.0,0.0,1.0,1.0,35.9,1.0,0,3
5caa2544-bed6-486e-b119-d88e38578867,5,1,2.0,2.0,38875.0,19437.5,2303.0467863245854,1.0,0.0,1.0,3.0,0.5,0.5,0.0,4.0,4.0,129.58333333333334,1.0,0,4
2553de58-88dd-4523-b470-7ee7d195f713,5,1,1.0,1.0,9293.0,9293.0,0.0,0.0,1.0,1.0,3.0,1.0,0.0,0.0,3.0,3.0,61.95333333333333,1.0,0,4
0ad4dbc8-e3cb-4c4a-833f-74df6dd6f2d6,4,0,1.0,2.0,26877.0,13438.5,3223.69981542947,0.0,1.0,1.0,3.0,1.0,0.0,0.0,14.0,13.0,89.59,1.0,0,4
7c491272-53ee-4c01-b847-27ab8a7a195b,4,0,0.0,3.0,76824.0,25608.0,8443.694925801145,0.33333333333333337,1.0,1.0,6.0,0.6666666666666666,0.3333333333333333,0.0,15.0,15.0,170.72,1.0,0,9
eac641e7-ba6f-48a4-ba40-e00a091ee599,4,0,0.0,1.0,4108.0,4108.0,0.0,1.0,0.0,1.0,2.0,1.0,0.0,0.0,1.0,1.0,41.08,1.0,0,3
2cebd760-f948-4186-92cb-02dd21b20431,4,0,0.0,1.0,25695.0,25695.0,0.0,1.0,0.0,1.0,4.0,1.0,0.0,0.0,1.0,1.0,256.95,1.0,1,5
769e36a8-bbc5-4dd2-89eb-b865b7f198e7,4,0,0.0,3.0,61444.0,20481.333333333332,7802.8016976809895,0.33333333333333337,1.0,1.0,5.0,1.0,0.0,0.0,11.0,11.0,136.54222222222222,1.0,0,8
45205c72-0e01-43af-a101-3df29e0a3956,4,0,2.0,1.0,5290.0,5290.0,0.0,0.0,1.0,1.0,5.0,1.0,0.0,0.0,3.0,2.0,35.266666666666666,1.0,1,8
606cb37c-bb97-44f5-8603-81212cea8ee3,4,0,2.0,2.0,11572.0,5786.0,45.254833995939045,0.5,1.0,1.0,3.0,1.0,0.0,0.0,2.0,2.0,38.57333333333334,1.0,1,4
babb5b9e-d929-4e5e-8947-aee0d636d542,4,0,1.0,1.0,10636.0,10636.0,0.0,0.0,1.0,1.0,3.0,1.0,0.0,0.0,2.0,2.0,70.90666666666667,1.0,0,4
0b976a48-4438-4ca7-a316-e8244840cca8,4,0,1.0,3.0,21529.0,7176.333333333333,4994.2083790460065,0.33333333333333337,1.0,1.0,6.0,0.6666666666666666,0.0,0.3333333333333333,5.0,5.0,47.842222222222226,1.0,1,9
8cd24974-2ee3-48fd-b0a6-c40fa86208f2,4,0,1.0,1.0,28805.0,28805.0,0.0,0.0,1.0,1.0,5.0,0.0,1.0,0.0,3.0,3.0,192.03333333333333,1.0,0,8
e98b4ab4-d489-471b-8a06-deabd83b7701,4,0,1.0,2.0,18845.0,9422.5,2206.880264083215,0.0,1.0,1.0,6.0,1.0,0.0,0.0,2.0,4.0,62.81666666666666,1.0,0,9
6251e3d8-b21a-4ad4-b29a-a3d814666b17,4,0,2.0,1.0,10407.0,10407.0,0.0,0.0,1.0,1.0,6.0,1.0,0.0,0.0,3.0,2.0,69.38,1.0,0,9
87707444-e70a-418d-b136-0df8a8cc293c,4,0,2.0,1.0,22637.0,22637.0,0.0,0.0,1.0,1.0,6.0,1.0,0.0,0.0,3.0,3.0,150.91333333333333,1.0,1,9
17050256-ac38-4a9c-af83-0d3bb31391f0,3,0,1.0,1.0,5348.0,5348.0,0.0,1.0,0.0,1.0,2.0,1.0,0.0,0.0,1.0,1.0,53.48,1.0,0,3
507ecd4c-895b-46a1-b7fc-cca6672cbb4a,3,0,0.0,1.0,18878.0,18878.0,0.0,1.0,0.0,1.0,6.0,1.0,0.0,0.0,3.0,3.0,125.85333333333334,1.0,1,9
4dc3ba9c-0fed-4e8b-964e-9c3a1f4f6f9e,3,0,0.0,2.0,31034.0,15517.0,5637.0552596191565,1.0,0.0,1.0,3.0,1.0,0.0,0.0,16.0,16.0,103.44666666666667,1.0,1,4
607a575f-e4f3-418e-8758-39e7e65a668e,3,0,1.0,2.0,33312.0,16656.0,4958.232749680071,0.5,1.0,2.0,3.0,0.5,0.5,0.0,9.0,9.0,111.03999999999999,1.0,1,4
ec7e86b9-3f47-4d03-81ee-eed2de9cded9,3,0,0.0,2.0,50614.0,25307.0,947.5230867899737,1.0,0.0,1.0,6.0,0.0,1.0,0.0,11.0,11.0,168.71333333333334,1.0,1,9
cc77d046-c723-486a-81d5-a97ea2d6e991,3,0,1.0,1.0,18200.0,18200.0,0.0,1.0,0.0,1.0,6.0,1.0,0.0,0.0,4.0,4.0,121.33333333333333,1.0,0,9
44bdd263-c91e-4e41-97ad-1eeb423e51e0,3,0,1.0,2.0,14906.0,7453.0,543.0580079512685,0.5,1.0,1.0,6.0,1.0,0.0,0.0,10.0,10.0,49.68666666666667,1.0,1,9
7dd91732-0f5e-43bc-b729-695718bc3478,2,0,2.0,1.0,19650.0,19650.0,0.0,1.0,0.0,1.0,6.0,1.0,0.0,0.0,4.0,4.0,131.0,1.0,0,9
84762d95-c7bf-4540-9696-31f6af8c88d3,2,0,1.0,1.0,21308.0,21308.0,0.0,1.0,0.0,1.0,3.0,1.0,0.0,0.0,8.0,8.0,142.05333333333334,1.0,0,4
436bdd8d-cec2-4fc9-a8c5-adeeb110b476,2,0,2.0,1.0,15331.0,15331.0,0.0,1.0,0.0,1.0,4.0,1.0,0.0,0.0,2.0,2.0,153.31,1.0,0,5
bcb24c92-63ca-4b5e-b1d1-d27561dd0093,2,0,0.0,3.0,108159.0,36053.0,4663.742274182826,1.0,0.0,1.0,4.0,0.3333333333333333,0.3333333333333333,0.3333333333333333,21.0,23.0,360.53,1.0,0,5
f3e18827-e5b2-476a-bc22-a47294dc9144,2,0,0.0,1.0,7118.0,7118.0,0.0,1.0,0.0,1.0,2.0,0.0,0.0,1.0,1.0,1.0,71.18,1.0,1,3
630fafb3-8c86-43a4-821f-250d85a84be9,2,0,0.0,1.0,26341.0,26341.0,0.0,1.0,0.0,1.0,3.0,0.0,1.0,0.0,8.0,8.0,175.60666666666665,1.0,0,4
fffbf2b3-7853-4c07-bd2a-aae686ac9013,2,0,1.0,1.0,6976.0,6976.0,0.0,1.0,0.0,1.0,6.0,1.0,0.0,0.0,4.0,3.0,46.50666666666667,1.0,0,9
6c95e387-559f-425e-82e0-b09631d80352,2,0,1.0,1.0,13910.0,13910.0,0.0,1.0,0.0,1.0,6.0,1.0,0.0,0.0,6.0,6.0,92.73333333333333,1.0,0,9
290b9dc2-63f6-48f9-971d-c0b57d0d4a91,2,0,0.0,1.0,10253.0,10253.0,0.0,1.0,0.0,1.0,2.0,1.0,0.0,0.0,1.0,1.0,102.53,1.0,0,3
6e8e1bcd-11c7-489a-b17b-d2e614ea99b7,1,0,0.0,2.0,67755.0,33877.5,20345.58341508053,1.0,0.0,1.0,5.0,0.0,0.5,0.5,25.0,25.0,225.85,1.0,0,8
e31f0a0e-9c1e-4e5c-a3e8-fd45ffd2cad5,1,0,0.0,1.0,59184.0,59184.0,0.0,1.0,0.0,1.0,6.0,0.0,0.0,1.0,3.0,4.0,394.56,1.0,0,9
c6ff4d6f-d162-464e-a6de-1feb933a05d2,1,0,0.0,3.0,45403.0,15134.333333333334,3444.0094850817895,1.0,0.0,2.0,6.0,0.3333333333333333,0.0,0.6666666666666666,6.0,7.0,174.75777777777776,0.0,1,9
04cbed9f-14e0-4b42-9ac1-2c9a693f3424,1,0,1.0,1.0,9355.0,9355.0,0.0,1.0,0.0,1.0,4.0,1.0,0.0,0.0,2.0,2.0,93.55,1.0,0,5
9336b84f-c5ac-46ff-a5e8-807c330797ed,1,0,0.0,2.0,10142.0,5071.0,2481.9448019647816,1.0,0.0,2.0,3.0,1.0,0.0,0.0,5.0,5.0,33.806666666666665,1.0,0,4
7365e4de-4364-4aaf-88ac-1c70edf42691,1,0,2.0,1.0,30546.0,30546.0,0.0,1.0,0.0,1.0,6.0,0.0,1.0,0.0,8.0,8.0,203.64,1.0,0,9
fab10a54-e69b-468f-ba3d-12d8d0a0fccf,1,0,0.0,2.0,20670.0,10335.0,765.0895372438445,1.0,0.0,1.0,3.0,0.0,0.0,1.0,8.0,7.0,68.9,1.0,0,4
eb69a57c-d187-4456-9219-034b25e0b35f,1,0,1.0,2.0,21305.0,10652.5,4022.7304781702687,1.0,0.0,1.0,6.0,1.0,0.0,0.0,4.0,4.0,71.01666666666667,1.0,1,9
261eb8e6-b727-45d1-a3a5-e3370332a68b,1,0,0.0,2.0,33709.0,16854.5,13258.959254028952,1.0,0.0,1.0,6.0,0.0,1.0,0.0,8.0,8.0,112.36333333333334,1.0,0,9
60fb9a58-fc5f-4255-86e3-3f4c0f1c0b47,1,0,0.0,2.0,57649.0,28824.5,9098.342953527306,1.0,0.0,1.0,5.0,0.5,0.0,0.5,11.0,10.0,192.16333333333336,1.0,0,8
ccdfeff2-4a39-4649-8877-592e06535784,1,0,0.0,2.0,55013.0,27506.5,3345.3221817935564,1.0,0.0,1.0,6.0,0.0,1.0,0.0,13.0,11.0,183.37666666666667,1.0,0,9
7b55d92a-75d5-4e43-9bdd-4f95afd2a32a,1,0,2.0,1.0,11486.0,11486.0,0.0,1.0,0.0,1.0,4.0,1.0,0.0,0.0,2.0,2.0,114.86,1.0,1,5
54d1c21c-a0e8-4808-a12f-6cb12f2f73b7,0,0,0.0,1.0,15150.0,15150.0,0.0,1.0,0.0,1.0,6.0,1.0,0.0,0.0,3.0,3.0,101.0,1.0,0,9
e70a2cfa-b5d5-46a4-ab8a-1e8b140f6633,0,0,1.0,1.0,17152.0,17152.0,0.0,1.0,0.0,1.0,3.0,1.0,0.0,0.0,4.0,4.0,114.34666666666666,1.0,1,4
b12535c0-ab48-45ac-b88c-d5a555c74f86,0,0,0.0,1.0,19907.0,19907.0,0.0,1.0,0.0,1.0,6.0,0.0,1.0,0.0,8.0,8.0,132.71333333333334,1.0,0,9
0893c26e-5908-4db3-a5c5-450f87516896,0,0,0.0,2.0,20760.0,10380.0,4372.74833485761,1.0,0.0,2.0,1.0,0.5,0.5,0.0,3.0,5.0,117.78666666666666,0.0,0,1
b12f57c5-1124-41a2-ad54-be9db137a252,0,0,0.0,3.0,43571.0,14523.666666666666,10850.76570262824,1.0,0.0,1.0,6.0,0.3333333333333333,0.3333333333333333,0.3333333333333333,13.0,13.0,96.82444444444445,1.0,0,9
fe5da4df-98a5-4150-b76e-2c392cf92985,0,0,1.0,3.0,23657.0,7885.666666666667,3273.3287847897795,1.0,0.0,1.0,6.0,0.6666666666666666,0.0,0.3333333333333333,4.0,4.0,52.571111111111115,1.0,1,9
0df99455-8599-4e86-a7cc-7f9f61ac237c,0,0,0.0,2.0,8873.0,4436.5,1772.7167004346747,1.0,0.0,1.0,2.0,0.0,0.0,1.0,2.0,1.0,44.364999999999995,1.0,1,3
b46ad41c-7c97-459a-af84-b29c2c7d515c,6,1,0.0,1.0,3518.0,3518.0,0.0,0.0,1.0,1.0,5.0,1.0,0.0,0.0,1.0,1.0,23.453333333333333,1.0,0,8
6d456f64-7c5a-4235-8c17-b321fabd5167,6,1,0.0,1.0,18558.0,18558.0,0.0,0.0,1.0,1.0,2.0,0.0,1.0,0.0,1.0,1.0,185.58,1.0,0,3
a2414467-9b3d-45af-8a24-01f2222c1090,6,1,1.0,1.0,14235.0,14235.0,0.0,1.0,0.0,1.0,2.0,0.0,1.0,0.0,1.0,1.0,142.35,1.0,1,3
9f3f750c-c759-49b9-9872-2f2415eb6fd4,6,1,0.0,1.0,3543.0,3543.0,0.0,0.0,1.0,1.0,5.0,1.0,0.0,0.0,1.0,2.0,23.62,1.0,0,8
60f79034-50cf-4ec7-b5d7-0255041aed29,6,1,0.0,1.0,3756.0,1878.0,2259.913272672206,0.0,1.0,2.0,5.0,0.5,0.5,0.0,3.0,3.0,12.52,1.0,1,8
d1eea2cd-de29-4114-90be-aecf3eceb6b9,6,1,2.0,1.0,918.0,918.0,0.0,1.0,0.0,1.0,5.0,0.0,1.0,0.0,3.0,3.0,6.12,1.0,0,8
5062f28a-4738-4726-a9f0-7ffbc64ffd28,6,1,1.0,1.0,26022.0,26022.0,0.0,1.0,0.0,1.0,6.0,0.0,1.0,0.0,6.0,6.0,173.48,1.0,1,9
78cdc25a-3957-481a-a88d-ce1a70e630ea,6,1,1.0,1.0,29403.0,29403.0,0.0,1.0,0.0,1.0,5.0,0.0,1.0,0.0,4.0,4.0,196.02,1.0,0,8
a8cc8113-be9d-444f-bc51-37648d277bd2,5,1,0.0,1.0,11943.0,11943.0,0.0,0.0,1.0,1.0,4.0,1.0,0.0,0.0,2.0,2.0,119.43,1.0,0,5
92928124-17c0-4129-ac65-11f6dad501aa,5,1,2.0,1.0,18222.0,18222.0,0.0,1.0,0.0,1.0,4.0,1.0,0.0,0.0,5.0,5.0,182.22,1.0,0,5
47af5160-4ea3-4d26-96fc-a5b9701b173c,5,1,0.0,3.0,95155.0,31718.333333333332,10970.806366595545,0.33333333333333337,1.0,1.0,2.0,0.3333333333333333,0.0,0.6666666666666666,10.0,12.0,317.18333333333334,1.0,0,3
6574fd9f-b5ea-435a-aba4-c0ce7c5bedff,5,1,1.0,1.0,5994.0,5994.0,0.0,0.0,1.0,1.0,4.0,0.0,0.0,1.0,2.0,2.0,59.94,1.0,0,5
c824ecd5-f605-4ddd-a0b6-d2b5cf5a6a1d,5,1,1.0,1.0,20802.0,20802.0,0.0,0.0,1.0,1.0,4.0,1.0,0.0,0.0,4.0,4.0,208.02,1.0,0,5
4722592e-a13c-4719-a229-dba1db45b76d,5,1,1.0,2.0,45733.0,22866.5,7290.978020814491,0.5,1.0,1.0,2.0,0.5,0.0,0.5,7.0,6.0,228.66500000000002,1.0,0,3
8b0f7959-170b-4df0-b453-122656b4b9c5,5,1,0.0,2.0,39446.0,19723.0,2083.1365773755692,0.0,1.0,1.0,5.0,1.0,0.0,0.0,12.0,12.0,131.48666666666668,1.0,1,8
40f34885-1e3b-44ee-8de4-c45009a1cb6a,5,1,2.0,1.0,24857.0,24857.0,0.0,1.0,0.0,1.0,4.0,0.0,1.0,0.0,3.0,3.0,248.57,1.0,0,5
06c8c173-3de6-4fae-a4dd-80c3c61cf3c8,4,0,0.0,1.0,1166.0,1166.0,0.0,1.0,0.0,1.0,1.0,0.0,1.0,0.0,1.0,1.0,23.32,0.0,0,1
4e892213-a4ca-47d8-a294-1d6a7c4a80f0,4,0,0.0,1.0,2106.0,2106.0,0.0,1.0,0.0,1.0,1.0,0.0,1.0,0.0,2.0,2.0,42.12,0.0,0,1
48385de5-d26e-4065-a0c5-e6de3a98fe4f,3,0,0.0,2.0,37540.0,18770.0,5938.282748404627,0.5,1.0,1.0,2.0,0.5,0.0,0.5,2.0,2.0,187.7,1.0,0,3
30f603b7-443e-4e00-a8e6-c908b2716423,3,0,0.0,3.0,35652.0,11884.0,8335.594579872512,0.6666666666666667,1.0,1.0,1.0,1.0,0.0,0.0,5.0,5.0,237.67999999999998,0.0,1,1
0c7f5674-3262-467f-8f36-b24ead2a3fa4,3,0,0.0,3.0,53967.0,17989.0,15432.507508502953,0.6666666666666667,1.0,1.0,1.0,1.0,0.0,0.0,7.0,5.0,359.78000000000003,0.0,0,1
abd7e991-cc36-46c7-ae58-71ba7c8d1245,3,0,0.0,2.0,40157.0,20078.5,24654.692139631352,1.0,0.0,1.0,6.0,0.0,0.5,0.5,6.0,6.0,133.85666666666668,1.0,0,9
d6a77681-536f-4a47-b659-169e6423a0ad,3,0,0.0,3.0,14145.0,4715.0,2893.721997704686,0.6666666666666667,1.0,1.0,5.0,0.0,0.0,1.0,1.0,1.0,31.433333333333337,1.0,1,8
a0a8ce70-d208-4771-8355-5fe812d0a6e4,3,0,0.0,2.0,20986.0,10493.0,11588.06593008514,1.0,0.0,1.0,6.0,0.5,0.0,0.5,3.0,3.0,69.95333333333333,1.0,0,9
6e722b3a-fa3b-4b76-a15c-a7db71b0ab8f,3,0,0.0,3.0,62831.0,20943.666666666668,4586.035579161301,0.6666666666666667,1.0,1.0,4.0,0.3333333333333333,0.6666666666666666,0.0,15.0,15.0,209.43666666666664,1.0,1,5
b3b0b6c9-6cf3-4dfd-af1d-37665b223d73,3,0,1.0,2.0,6371.0,3185.5,286.37824638055173,0.5,1.0,1.0,6.0,0.5,0.0,0.5,2.0,2.0,21.236666666666665,1.0,1,9
6efd42c9-68f8-4f03-acb1-d6a3f6e28d81,2,0,0.0,1.0,1808.0,1808.0,0.0,1.0,0.0,1.0,6.0,1.0,0.0,0.0,4.0,3.0,12.053333333333333,1.0,0,9
a9950dab-7d17-4295-9fe4-c41557970c6f,2,0,0.0,2.0,26998.0,13499.0,5448.964855823535,1.0,0.0,1.0,3.0,1.0,0.0,0.0,15.0,13.0,89.99333333333334,1.0,0,4
36babb5e-042b-45c8-93bf-2aa568322ca5,2,0,1.0,3.0,19587.0,6529.0,2708.307774238371,0.6666666666666667,1.0,1.0,1.0,0.3333333333333333,0.0,0.6666666666666666,2.0,2.0,130.58,0.0,1,1
a8880b28-29a6-4b77-b634-e188f5e4c2a7,2,0,0.0,1.0,18391.0,18391.0,0.0,1.0,0.0,1.0,3.0,1.0,0.0,0.0,6.0,6.0,122.60666666666667,1.0,0,4
94882f0b-1ad0-4b4b-9e49-dd2d33fa81c2,2,0,0.0,1.0,3239.0,3239.0,0.0,1.0,0.0,1.0,5.0,1.0,0.0,0.0,3.0,3.0,21.593333333333334,1.0,0,8
b7f92ace-8f20-4f45-a9b1-e1eb541a129c,2,0,2.0,1.0,2842.0,2842.0,0.0,1.0,0.0,1.0,1.0,0.0,0.0,1.0,1.0,1.0,56.84,0.0,1,1
e04bf112-7949-4b6c-9335-417c0c6c0540,2,0,0.0,1.0,35016.0,35016.0,0.0,1.0,0.0,1.0,5.0,0.0,1.0,0.0,13.0,13.0,233.44,1.0,0,8
efcdc7e4-43fd-47a8-b3f7-4951f0865e58,2,0,0.0,3.0,26442.0,8814.0,2720.5028946869365,1.0,0.0,1.0,4.0,0.0,1.0,0.0,9.0,8.0,88.14,1.0,1,5
e36fdc05-a21f-45e7-a5f8-d4a5d722584a,2,0,0.0,2.0,36223.0,18111.5,6128.494472543807,1.0,0.0,1.0,4.0,0.5,0.5,0.0,5.0,6.0,181.115,1.0,1,5
174ce793-8b03-4748-8678-c110df18f9e4,2,0,2.0,1.0,295.0,295.0,0.0,1.0,0.0,1.0,6.0,1.0,0.0,0.0,1.0,1.0,1.9666666666666666,1.0,1,9
41c76ce0-68f3-4296-8e6f-021fa4c28c3f,1,0,2.0,1.0,11614.0,11614.0,0.0,1.0,0.0,1.0,6.0,0.0,0.0,1.0,2.0,2.0,77.42666666666666,1.0,1,9
0a53ae09-6e93-4350-9fee-d502a6379431,1,0,0.0,1.0,3440.0,3440.0,0.0,1.0,0.0,1.0,2.0,0.0,0.0,1.0,2.0,1.0,34.4,1.0,0,3
829f640f-a894-4938-9e47-549d439009c4,1,0,1.0,2.0,46805.0,23402.5,9788.479171965377,1.0,0.0,1.0,3.0,0.5,0.5,0.0,18.0,18.0,156.01666666666665,1.0,0,4
16c4634a-bd7f-478c-ae12-b6c124226a7f,1,0,1.0,1.0,25059.0,25059.0,0.0,1.0,0.0,1.0,5.0,1.0,0.0,0.0,5.0,5.0,167.06,1.0,0,8
3958cb9f-a33a-434c-82f0-3764e71cb9f7,1,0,0.0,3.0,75781.0,25260.333333333332,18585.5079654373,1.0,0.0,1.0,2.0,0.0,1.0,0.0,16.0,16.0,252.60333333333332,1.0,1,3
f0bf7462-d857-4afa-985f-bcf6af36f1a2,1,0,0.0,1.0,3452.0,3452.0,0.0,1.0,0.0,1.0,2.0,0.0,0.0,1.0,1.0,1.0,34.52,1.0,0,3
1bb514e3-1bf0-4786-ade5-2f36b9c1ad86,1,0,1.0,2.0,56671.0,28335.5,2786.7078246561837,1.0,0.0,1.0,4.0,0.0,1.0,0.0,9.0,9.0,283.355,1.0,1,5
4ac4d144-f0ac-41a2-beb2-daf06f2c71fc,1,0,0.0,1.0,21172.0,21172.0,0.0,1.0,0.0,1.0,1.0,0.0,1.0,0.0,3.0,3.0,423.44,0.0,0,1
01ce222e-9b2e-4696-ad88-1ace248789fd,1,0,0.0,2.0,33997.0,16998.5,3755.444114881754,1.0,0.0,1.0,1.0,0.0,1.0,0.0,12.0,12.0,339.97,0.0,0,1
b82b7b11-abb5-4901-9c6d-80d009514a33,1,0,2.0,1.0,8414.0,8414.0,0.0,1.0,0.0,1.0,2.0,0.0,0.0,1.0,1.0,1.0,84.14,1.0,1,3
d3320ae9-4a1b-413f-b698-0ac62a454b9e,0,0,2.0,1.0,12829.0,12829.0,0.0,1.0,0.0,1.0,3.0,0.0,1.0,0.0,6.0,6.0,85.52666666666667,1.0,1,4
ea368a0a-d6ed-4d7c-9a55-56f8db31d570,0,0,0.0,1.0,4672.0,4672.0,0.0,1.0,0.0,1.0,6.0,0.0,0.0,1.0,1.0,1.0,31.14666666666667,1.0,0,9
4cffba30-388a-474d-a69f-e7706e48def5,0,0,1.0,1.0,2168.0,2168.0,0.0,1.0,0.0,1.0,2.0,0.0,1.0,0.0,1.0,1.0,21.68,1.0,0,3
2607a0a7-2f82-4d3b-97ba-9fbc1b111c24,6,1,1.0,3.0,49021.0,16340.333333333334,10650.188464686122,1.0,0.0,2.0,2.0,0.0,0.6666666666666666,0.3333333333333333,7.0,7.0,179.41333333333333,0.0,1,3
18e1ae4d-2003-4175-8a89-c989c8c10fca,6,1,1.0,1.0,8014.0,8014.0,0.0,1.0,0.0,1.0,5.0,1.0,0.0,0.0,2.0,2.0,53.42666666666667,1.0,1,8
d72b7f2c-9ce1-462c-973f-dea3ed5298e2,6,1,1.0,2.0,30898.0,15449.0,2617.709303952599,1.0,0.0,1.0,3.0,1.0,0.0,0.0,8.0,8.0,102.99333333333334,1.0,1,4
3be1afda-a86a-4207-a177-4dfb3e12e38b,6,1,0.0,3.0,14169.0,4723.0,2283.1283362964946,0.6666666666666667,1.0,1.0,1.0,0.3333333333333333,0.0,0.6666666666666666,3.0,3.0,94.46,0.0,1,1
aa2c3578-1324-4127-95ad-734513613a58,6,1,1.0,2.0,7209.0,3604.5,4792.062656101232,1.0,0.0,1.0,2.0,0.0,0.0,1.0,1.0,1.0,36.045,1.0,0,3
3ab198ae-c61c-4f24-a6bf-8d8f4f85182c,6,1,1.0,2.0,16189.0,8094.5,3584.3242738346094,1.0,0.0,1.0,3.0,0.5,0.0,0.5,3.0,3.0,53.96333333333334,1.0,1,4
0ae4fd72-1fc6-4a1c-9611-08be9bfb182e,6,1,1.0,2.0,39611.0,19805.5,16078.901097400903,1.0,0.0,1.0,6.0,0.5,0.0,0.5,2.0,2.0,132.03666666666666,1.0,1,9
575b903c-c3eb-47ac-9276-ccb5e275e17c,6,1,1.0,3.0,88631.0,29543.666666666668,6092.579119989607,1.0,0.0,1.0,2.0,0.0,1.0,0.0,4.0,4.0,295.43666666666667,1.0,1,3
2e2bd335-a081-47e2-9bd0-0836544e08fe,6,1,2.0,1.0,26858.0,26858.0,0.0,1.0,0.0,1.0,4.0,0.0,1.0,0.0,5.0,5.0,268.58,1.0,0,5
bd70dafe-4e26-494f-bb69-59776dc91e98,6,1,1.0,1.0,13911.0,13911.0,0.0,1.0,0.0,1.0,1.0,1.0,0.0,0.0,2.0,2.0,278.22,0.0,0,1
eedd360b-3fdc-4976-938d-c2a59063ebd2,5,1,2.0,1.0,9777.0,9777.0,0.0,1.0,0.0,1.0,1.0,1.0,0.0,0.0,1.0,1.0,195.54,0.0,0,1
d1d0e1ba-dbf9-4e47-ab56-1825741df9ce,5,1,2.0,1.0,31448.0,31448.0,0.0,1.0,0.0,1.0,2.0,1.0,0.0,0.0,2.0,2.0,314.48,1.0,0,3
68d88ef4-8d11-420c-a4d8-179e69fb5a6a,5,1,2.0,2.0,31288.0,15644.0,7389.2658633994215,1.0,0.0,2.0,1.0,0.0,1.0,0.0,1.0,1.0,208.535,0.0,1,1
35fc4cc9-f05d-4f38-aa38-b7ad25f5af6f,3,0,1.0,3.0,65903.0,21967.666666666668,1749.8920919111931,0.33333333333333337,1.0,1.0,5.0,1.0,0.0,0.0,8.0,8.0,146.45111111111112,1.0,1,8
8dc29883-007a-47fa-a680-a90ca888bd14,3,0,0.0,1.0,9041.0,9041.0,0.0,1.0,0.0,1.0,2.0,1.0,0.0,0.0,2.0,2.0,90.41,1.0,0,3
3af94789-09a9-4962-9ea1-823352f75b1d,3,0,0.0,1.0,10221.0,10221.0,0.0,1.0,0.0,1.0,5.0,1.0,0.0,0.0,1.0,1.0,68.14,1.0,0,8
c0b375cd-f901-4609-8d0d-75aafd9f00cd,3,0,1.0,1.0,3555.0,3555.0,0.0,1.0,0.0,1.0,3.0,1.0,0.0,0.0,5.0,5.0,23.7,1.0,0,4
dc4615da-7573-4ff0-a4d6-4a55ca877dc6,3,0,1.0,1.0,3856.0,3856.0,0.0,1.0,0.0,1.0,3.0,1.0,0.0,0.0,4.0,3.0,25.706666666666667,1.0,0,4
4325b114-0159-42b0-a5ab-5f5e0bc51039,3,0,0.0,1.0,11973.0,11973.0,0.0,1.0,0.0,1.0,3.0,1.0,0.0,0.0,5.0,5.0,79.82,1.0,0,4
e1506fd9-6ac6-43d0-892c-bce47ddc2b1f,3,0,0.0,1.0,12109.0,12109.0,0.0,1.0,0.0,1.0,6.0,1.0,0.0,0.0,5.0,6.0,80.72666666666667,1.0,0,9
176ca24a-7848-4723-8b58-4029bb6a6596,3,0,1.0,1.0,14683.0,14683.0,0.0,1.0,0.0,1.0,4.0,1.0,0.0,0.0,2.0,2.0,146.83,1.0,0,5
7f5a8209-10ce-4038-b07e-70b7df1910c5,2,0,1.0,3.0,67682.0,22560.666666666668,5447.167367846643,0.6666666666666667,1.0,1.0,3.0,0.6666666666666666,0.3333333333333333,0.0,8.0,7.0,150.40444444444447,1.0,0,4
51e5a418-58e6-4ff2-b20f-2f3f0a1342d5,2,0,1.0,2.0,58690.0,29345.0,6202.7406845683945,1.0,0.0,2.0,1.0,0.0,1.0,0.0,17.0,17.0,420.50666666666666,0.0,0,1
dd49a413-cd16-4674-88c4-2d1e876b9f87,1,0,2.0,1.0,7522.0,7522.0,0.0,1.0,0.0,1.0,3.0,0.0,1.0,0.0,5.0,5.0,50.14666666666667,1.0,0,4
16a3666e-2a4c-4f8f-b91a-1262248b5f6f,1,0,1.0,3.0,52738.0,17579.333333333332,7075.6303841660165,1.0,0.0,1.0,1.0,0.6666666666666666,0.3333333333333333,0.0,5.0,5.0,351.58666666666664,0.0,0,1
ef2a8291-31a3-4647-bf4d-4fea372afdf1,1,0,1.0,1.0,3077.0,3077.0,0.0,1.0,0.0,1.0,2.0,1.0,0.0,0.0,2.0,1.0,30.77,1.0,0,3
b388c6ca-68fd-4939-aa9b-b2300459c46a,1,0,1.0,1.0,21424.0,21424.0,0.0,1.0,0.0,1.0,2.0,1.0,0.0,0.0,2.0,3.0,214.24,1.0,0,3
27c765be-1350-4fc3-bb40-ee8270447230,1,0,1.0,2.0,16698.0,8349.0,8925.101792136602,1.0,0.0,1.0,3.0,1.0,0.0,0.0,4.0,4.0,55.66,1.0,1,4
29664ae6-647a-489d-a5aa-84f5da859013,1,0,1.0,3.0,43226.0,14408.666666666666,6523.193185345145,1.0,0.0,1.0,6.0,0.6666666666666666,0.3333333333333333,0.0,6.0,6.0,96.05777777777776,1.0,1,9
3d30bd65-1839-47b1-b5d0-d65f9ea1a484,1,0,1.0,1.0,7986.0,7986.0,0.0,1.0,0.0,1.0,6.0,1.0,0.0,0.0,3.0,3.0,53.24,1.0,1,9
2ce31e42-951c-49c1-9068-f0a7ac9ef00b,1,0,2.0,1.0,8984.0,8984.0,0.0,1.0,0.0,1.0,2.0,1.0,0.0,0.0,1.0,1.0,89.84,1.0,0,3
03d805cd-6b19-4bec-8ad1-3a47c0d26aad,0,0,1.0,2.0,33040.0,16520.0,683.0651506262049,1.0,0.0,1.0,2.0,0.0,1.0,0.0,2.0,2.0,165.2,1.0,1,3
0a1b7b3a-ea73-4bbc-b404-fabbcb0bceb4,0,0,0.0,2.0,46216.0,23108.0,6134.858433574486,1.0,0.0,1.0,6.0,1.0,0.0,0.0,8.0,8.0,154.05333333333334,1.0,0,9
270dd4f8-80b9-48bc-b6b7-2ce886432c61,0,0,0.0,1.0,19146.0,19146.0,0.0,1.0,0.0,1.0,5.0,1.0,0.0,0.0,7.0,8.0,127.64,1.0,1,8
03c2a559-45b3-4d83-a46d-23c494fbe406,0,0,0.0,2.0,27415.0,13707.5,413.6574669941303,1.0,0.0,1.0,3.0,1.0,0.0,0.0,8.0,8.0,91.38333333333333,1.0,0,4
43b14ce6-f253-440c-b621-807d1c4c6791,0,0,0.0,3.0,70853.0,23617.666666666668,4176.740036599517,1.0,0.0,1.0,6.0,1.0,0.0,0.0,12.0,12.0,157.45111111111112,1.0,0,9
5acdcc79-78f3-4d82-8670-02b872c5df5b,0,0,1.0,1.0,7058.0,7058.0,0.0,1.0,0.0,1.0,2.0,1.0,0.0,0.0,1.0,1.0,70.58,1.0,0,3
de296c2b-b72d-4526-836b-633f15b8d0b0,0,0,2.0,1.0,2888.0,2888.0,0.0,1.0,0.0,1.0,2.0,1.0,0.0,0.0,1.0,1.0,28.88,1.0,1,3
304520c7-80f1-4c11-944a-1f9d20a00c04,0,0,0.0,3.0,44968.0,14989.333333333334,3285.019989792046,1.0,0.0,1.0,6.0,0.3333333333333333,0.0,0.6666666666666666,10.0,11.0,99.92888888888889,1.0,1,9
4b148aaf-0149-4d63-81ba-0cae91598ff2,0,0,0.0,3.0,100356.0,33452.0,3300.014090879007,1.0,0.0,1.0,6.0,0.0,1.0,0.0,38.0,38.0,223.01333333333332,1.0,0,9
bd7ff37d-ae8c-4cec-8e32-1cad2b6ae354,0,0,0.0,2.0,38117.0,19058.5,2970.555587764686,1.0,0.0,1.0,5.0,1.0,0.0,0.0,13.0,13.0,127.05666666666667,1.0,0,8
0575a28f-09ca-4c28-99dd-54c9ebddb554,0,0,2.0,2.0,43950.0,21975.0,8459.825530115855,1.0,0.0,1.0,6.0,1.0,0.0,0.0,2.0,2.0,146.5,1.0,0,9
ae08fbee-8a66-4fab-b441-fd58b8d58eb4,0,0,1.0,3.0,59365.0,19788.333333333332,594.3166944763826,1.0,0.0,1.0,3.0,1.0,0.0,0.0,11.0,10.0,131.92222222222222,1.0,0,4
a06169f8-f160-4db7-a261-482683cfec63,0,0,1.0,2.0,61334.0,30667.0,7861.613193232035,1.0,0.0,1.0,6.0,0.5,0.5,0.0,14.0,16.0,204.44666666666666,1.0,0,9
09aae807-5b9c-4894-bbfd-d038ba729763,0,0,1.0,2.0,36816.0,18408.0,2431.0331137193502,1.0,0.0,1.0,3.0,1.0,0.0,0.0,14.0,12.0,122.72,1.0,1,4
9cddc4de-4788-4309-93e5-b607cc15e8f0,0,0,1.0,2.0,62633.0,31316.5,2300.218359199839,1.0,0.0,1.0,6.0,0.0,1.0,0.0,14.0,13.0,208.77666666666667,1.0,0,9
6dd0b2dc-ba60-4e71-aa12-75d79c65a3a0,0,0,1.0,3.0,43752.0,14584.0,23391.842958604182,1.0,0.0,1.0,6.0,0.0,0.6666666666666666,0.3333333333333333,8.0,8.0,97.22666666666667,1.0,0,9
1a2d22a7-46b6-4e80-b9dd-045cd494d959,0,0,1.0,3.0,80834.0,26944.666666666668,10610.947004548338,1.0,0.0,1.0,1.0,0.3333333333333333,0.6666666666666666,0.0,9.0,9.0,538.8933333333333,0.0,1,1
8d6e60f7-0ce3-43aa-8a3b-de749a1afecc,0,0,1.0,2.0,36785.0,18392.5,2322.8457761978084,1.0,0.0,1.0,3.0,1.0,0.0,0.0,16.0,16.0,122.61666666666667,1.0,1,4
5cf07091-7366-4b9a-bddc-0b32850355c2,0,0,2.0,1.0,264.0,264.0,0.0,1.0,0.0,1.0,6.0,1.0,0.0,0.0,2.0,2.0,1.76,1.0,0,9
8b2e9852-74ed-4b63-93f3-175aec7cc435,5,1,2.0,1.0,25468.0,25468.0,0.0,1.0,0.0,1.0,6.0,0.0,1.0,0.0,3.0,3.0,169.78666666666666,1.0,1,9
606de165-1b30-47e3-a47e-2383cef034c0,5,1,1.0,3.0,35784.0,11928.0,6435.139392429662,0.6666666666666667,1.0,1.0,6.0,0.0,0.6666666666666666,0.3333333333333333,5.0,5.0,79.52,1.0,0,9
3e9100f9-4e41-4e61-b06b-35c0e6fa7309,5,1,1.0,2.0,9214.0,4607.0,1057.831744655075,0.5,1.0,1.0,2.0,1.0,0.0,0.0,1.0,1.0,46.07,1.0,0,3
93abecbe-fa05-4dbe-8ce7-65a1d9ce6f6a,5,1,2.0,2.0,36217.0,18108.5,10584.681407581429,1.0,0.0,1.0,2.0,0.0,0.0,1.0,1.0,0.0,181.085,1.0,0,3
ab13af14-43b8-4ecc-a9ca-6e2bf3c28c87,4,0,0.0,3.0,49568.0,12392.0,7382.124490957871,0.5,1.0,3.0,2.0,0.75,0.0,0.25,6.0,7.0,137.80833333333334,0.0,0,3
0fed4e7e-56e8-499b-8e5b-aeecb3b68fc4,4,0,0.0,1.0,293.0,293.0,0.0,1.0,0.0,1.0,6.0,0.0,0.0,1.0,1.0,1.0,1.9533333333333334,1.0,0,9
f7230bba-5bc2-47ab-9e52-4b115fce114d,4,0,0.0,1.0,13075.0,13075.0,0.0,1.0,0.0,1.0,3.0,0.0,1.0,0.0,3.0,3.0,87.16666666666667,1.0,0,4
28a15bbf-fb18-4961-bc09-34e73313230b,4,0,1.0,1.0,1811.0,1811.0,0.0,0.0,1.0,1.0,3.0,1.0,0.0,0.0,3.0,3.0,12.073333333333334,1.0,0,4
086c7b9e-1425-42bc-8085-14b7fe2e5a09,4,0,1.0,1.0,14488.0,14488.0,0.0,0.0,1.0,1.0,6.0,1.0,0.0,0.0,3.0,3.0,96.58666666666667,1.0,0,9
5a226745-ffd7-429c-a93c-8404316ad745,4,0,1.0,1.0,13009.0,13009.0,0.0,0.0,1.0,1.0,2.0,1.0,0.0,0.0,1.0,1.0,130.09,1.0,0,3
02ae76d3-0373-4f24-a8a8-f0fc43906f54,4,0,2.0,2.0,47042.0,23521.0,14468.818956639136,0.5,1.0,1.0,1.0,0.5,0.5,0.0,3.0,3.0,470.41999999999996,0.0,1,1
e7944f91-86f8-41fb-a854-10b7d7e50bd1,4,0,1.0,3.0,49030.0,16343.333333333334,11954.331864781625,0.33333333333333337,1.0,1.0,6.0,0.6666666666666666,0.0,0.3333333333333333,12.0,12.0,108.95555555555556,1.0,0,9
d04d3014-f1e2-4a0f-ae0c-ceb04693e0f7,4,0,1.0,1.0,14979.0,14979.0,0.0,0.0,1.0,1.0,6.0,1.0,0.0,0.0,2.0,2.0,99.86,1.0,1,9
1455abe5-b896-4373-b1e2-a66bd287f367,4,0,2.0,2.0,30679.0,15339.5,10351.336169789869,0.5,1.0,1.0,5.0,0.5,0.5,0.0,5.0,3.0,102.26333333333334,1.0,0,8
35781142-f442-4a8a-b139-cdd11ea9635d,3,0,0.0,1.0,3217.0,3217.0,0.0,1.0,0.0,1.0,3.0,1.0,0.0,0.0,3.0,3.0,21.446666666666665,1.0,1,4
a33d4e50-d932-42bd-8256-aaa208360376,3,0,0.0,1.0,24730.0,24730.0,0.0,1.0,0.0,1.0,3.0,0.0,1.0,0.0,3.0,4.0,164.86666666666667,1.0,1,4
ebc3e4f4-2fa8-4c6e-a191-a6cd9c88241a,3,0,1.0,1.0,21801.0,21801.0,0.0,1.0,0.0,1.0,6.0,0.0,1.0,0.0,4.0,4.0,145.34,1.0,0,9
19ce90b6-9636-47b6-948f-354dd668cc0a,3,0,1.0,1.0,13198.0,13198.0,0.0,1.0,0.0,1.0,4.0,0.0,1.0,0.0,3.0,3.0,131.98,1.0,0,5
a8e464d4-73c6-4ccf-ae01-71736bc2fc9c,3,0,1.0,1.0,142.0,142.0,0.0,1.0,0.0,1.0,2.0,1.0,0.0,0.0,1.0,1.0,1.42,1.0,0,3
88b6fc14-1043-4ff0-8819-349aa33d4f5b,3,0,0.0,3.0,66684.0,22228.0,6130.397132323485,0.6666666666666667,1.0,1.0,4.0,0.0,0.6666666666666666,0.3333333333333333,14.0,13.0,222.27999999999997,1.0,1,5
2b3544b6-d479-4c07-b1b1-3342cae0283c,3,0,0.0,1.0,17475.0,17475.0,0.0,1.0,0.0,1.0,6.0,1.0,0.0,0.0,5.0,5.0,116.5,1.0,0,9
6302975f-2911-47be-87bc-e2cb16ae53f8,3,0,0.0,1.0,9452.0,9452.0,0.0,1.0,0.0,1.0,1.0,1.0,0.0,0.0,5.0,5.0,189.04,0.0,0,1
d0bf2edb-ac71-498d-acd6-f90235e005a2,3,0,0.0,3.0,26147.0,8715.666666666666,4084.9840064966393,0.6666666666666667,1.0,1.0,6.0,0.0,0.0,1.0,4.0,4.0,58.10444444444445,1.0,0,9
09087bd1-7a3e-4e97-8bfb-39f2e8018844,3,0,0.0,2.0,28532.0,14266.0,4415.1747417288025,1.0,0.0,1.0,1.0,0.5,0.0,0.5,6.0,6.0,285.32,0.0,0,1
f673c24c-1d35-4906-9ee7-90eb66afb014,1,0,0.0,1.0,544.0,544.0,0.0,1.0,0.0,1.0,3.0,1.0,0.0,0.0,2.0,3.0,3.6266666666666665,1.0,0,4
4012092e-79d4-48a9-af0a-1c7314a1e3c8,1,0,0.0,1.0,24147.0,24147.0,0.0,1.0,0.0,1.0,5.0,0.0,1.0,0.0,7.0,7.0,160.98,1.0,0,8
f1c78eeb-9c6e-4d4b-a03a-fc00645f11e6,1,0,0.0,1.0,15644.0,15644.0,0.0,1.0,0.0,1.0,2.0,0.0,1.0,0.0,3.0,3.0,156.44,1.0,1,3
0d81f530-a993-46a9-9da9-51aa2adc581c,1,0,1.0,1.0,9885.0,9885.0,0.0,1.0,0.0,1.0,1.0,1.0,0.0,0.0,3.0,3.0,197.7,0.0,0,1
39076396-6c25-43ea-9a49-7d48f9cdcf07,1,0,1.0,1.0,17519.0,17519.0,0.0,1.0,0.0,1.0,2.0,1.0,0.0,0.0,2.0,2.0,175.19,1.0,0,3
112513e3-583d-4163-9927-d52257542f5c,1,0,0.0,1.0,29867.0,29867.0,0.0,1.0,0.0,1.0,6.0,1.0,0.0,0.0,2.0,2.0,199.11333333333334,1.0,0,9
bffbc026-971c-47e2-abb8-ae6e13a6f595,1,0,1.0,2.0,6842.0,3421.0,2619.123517514972,1.0,0.0,1.0,6.0,0.0,0.0,1.0,2.0,2.0,22.80666666666667,1.0,1,9
be1f095c-48a2-4b07-9299-7973b3f8c530,1,0,0.0,1.0,3139.0,3139.0,0.0,1.0,0.0,1.0,6.0,1.0,0.0,0.0,2.0,2.0,20.926666666666666,1.0,0,9
14ec9e95-96d7-4ea1-9ffa-ff95a2269001,1,0,0.0,1.0,38132.0,38132.0,0.0,1.0,0.0,1.0,6.0,0.0,0.0,1.0,4.0,4.0,254.21333333333334,1.0,0,9
2a4bcc8e-eb12-4384-88a9-53dba86edaa8,1,0,0.0,1.0,297.0,297.0,0.0,1.0,0.0,1.0,1.0,1.0,0.0,0.0,1.0,1.0,5.94,0.0,0,1
64d4f445-bc78-459a-bc03-20e494ebfcbb,1,0,0.0,3.0,86127.0,28709.0,2131.415726694349,1.0,0.0,1.0,6.0,0.3333333333333333,0.0,0.6666666666666666,10.0,9.0,191.39333333333335,1.0,0,9
e2cf7041-b379-40be-a652-2ae2fb4c50c4,1,0,0.0,1.0,33073.0,33073.0,0.0,1.0,0.0,1.0,2.0,0.0,1.0,0.0,5.0,3.0,330.73,1.0,0,3
4fd1cbe8-ad4c-4b1c-ba5c-06c7133fe641,1,0,2.0,2.0,51693.0,25846.5,251.02290732122438,1.0,0.0,2.0,1.0,0.0,1.0,0.0,6.0,4.0,343.43666666666667,0.0,1,1
492622f4-55fb-49c8-882a-d11bc1f5dd72,1,0,0.0,2.0,45940.0,22970.0,17759.69391628133,1.0,0.0,1.0,2.0,0.0,0.0,1.0,2.0,2.0,229.7,1.0,0,3
2ad3e46a-6f0a-4662-b354-f27916742717,0,0,2.0,1.0,11118.0,11118.0,0.0,1.0,0.0,1.0,2.0,1.0,0.0,0.0,1.0,1.0,111.18,1.0,0,3
05a9937f-f351-4b37-9991-1af75d692d09,0,0,1.0,2.0,22409.0,11204.5,7078.8459864585275,1.0,0.0,1.0,3.0,0.0,0.0,1.0,7.0,8.0,74.69666666666666,1.0,0,4
4460a825-4eef-472f-ab41-95a43c4fe020,0,0,1.0,1.0,21165.0,21165.0,0.0,1.0,0.0,1.0,2.0,0.0,1.0,0.0,2.0,2.0,211.65,1.0,0,3
66a03892-01bf-40c9-b05b-9ad036a0f431,0,0,0.0,2.0,41417.0,20708.5,29263.61413940527,1.0,0.0,1.0,6.0,0.0,0.0,1.0,11.0,11.0,138.05666666666667,1.0,0,9
2b6518ba-c9e3-45ad-abdc-38d7a1962364,0,0,1.0,2.0,29104.0,14552.0,1579.6765491707472,1.0,0.0,1.0,6.0,1.0,0.0,0.0,5.0,5.0,97.01333333333332,1.0,0,9
f00e6a41-de6c-461c-ac87-8582710e1308,6,1,0.0,3.0,61454.0,20484.666666666668,12011.394354251022,0.6666666666666667,1.0,1.0,2.0,0.6666666666666666,0.3333333333333333,0.0,4.0,4.0,204.84666666666666,1.0,1,3
30d1d58a-c247-4f90-8dc7-a0328a66eee2,6,1,1.0,1.0,13983.0,13983.0,0.0,1.0,0.0,1.0,6.0,1.0,0.0,0.0,4.0,4.0,93.22,1.0,0,9
866c3585-b4c2-4fee-861a-092d27131fcd,6,1,1.0,1.0,21999.0,21999.0,0.0,1.0,0.0,1.0,2.0,1.0,0.0,0.0,2.0,2.0,219.99,1.0,0,3
e5083280-9225-4ccc-9f63-56f44ce5d53b,4,0,1.0,2.0,20561.0,10280.5,1567.655733890576,0.0,1.0,1.0,6.0,1.0,0.0,0.0,8.0,8.0,68.53666666666666,1.0,0,9
2e84beac-1c66-4614-a742-64c08be187ba,4,0,2.0,2.0,20386.0,6795.333333333333,5715.562818597425,0.6666666666666667,1.0,2.0,6.0,0.3333333333333333,0.0,0.6666666666666666,1.0,0.0,45.30222222222222,1.0,1,9
967ecb4c-eadc-46c2-846f-96c31ad58d5e,4,0,2.0,1.0,15629.0,15629.0,0.0,0.0,1.0,1.0,6.0,1.0,0.0,0.0,2.0,2.0,104.19333333333333,1.0,1,9
23c4b79e-ab5a-4354-baaa-e5ab3fc9c4af,4,0,0.0,1.0,2456.0,2456.0,0.0,1.0,0.0,1.0,1.0,0.0,1.0,0.0,2.0,2.0,49.12,0.0,1,1
7dee22ab-0f0b-49fe-82dd-77da7191a771,3,0,1.0,1.0,20501.0,20501.0,0.0,1.0,0.0,1.0,5.0,1.0,0.0,0.0,4.0,4.0,136.67333333333335,1.0,1,8
361e0bbf-2528-4049-8089-b9d9b70be95c,3,0,1.0,1.0,3774.0,3774.0,0.0,1.0,0.0,1.0,1.0,0.0,1.0,0.0,2.0,2.0,75.48,0.0,0,1
41853eb2-91a0-418f-8f5a-81dc2b728edd,3,0,0.0,2.0,45172.0,22586.0,3416.7399666933975,1.0,0.0,1.0,4.0,0.0,1.0,0.0,8.0,8.0,225.86,1.0,0,5
7938bfad-e602-46da-9f2f-82f2eed7ab78,3,0,1.0,1.0,11202.0,11202.0,0.0,1.0,0.0,1.0,5.0,0.0,1.0,0.0,5.0,5.0,74.68,1.0,0,8
25054407-5ffd-4b7b-be99-b0ff50992483,2,0,0.0,1.0,20989.0,20989.0,0.0,1.0,0.0,1.0,6.0,0.0,1.0,0.0,2.0,2.0,139.92666666666668,1.0,0,9
bb1f277a-d623-4737-9b5d-7918a36566bc,1,0,1.0,1.0,6988.0,6988.0,0.0,1.0,0.0,1.0,5.0,1.0,0.0,0.0,3.0,3.0,46.586666666666666,1.0,0,8
40d13da2-43dd-40f3-bf9d-4b9be538641c,1,0,1.0,1.0,36598.0,36598.0,0.0,1.0,0.0,1.0,2.0,0.0,0.0,1.0,2.0,2.0,365.98,1.0,0,3
2a8380c6-0e32-4703-a6e7-6d390efd6470,1,0,0.0,3.0,64162.0,21387.333333333332,18868.22186464144,1.0,0.0,1.0,6.0,0.0,0.6666666666666666,0.3333333333333333,13.0,13.0,142.5822222222222,1.0,0,9
d2e0f39a-dec7-441e-8895-3a43d7ccf2dd,1,0,0.0,3.0,109912.0,36637.333333333336,8100.358901513767,1.0,0.0,1.0,6.0,0.3333333333333333,0.0,0.6666666666666666,19.0,18.0,244.2488888888889,1.0,0,9
a26fb3e5-797a-4835-85cf-2bc263d02258,1,0,0.0,2.0,39444.0,19722.0,1746.5537495307724,1.0,0.0,1.0,3.0,0.0,1.0,0.0,9.0,9.0,131.48000000000002,1.0,0,4
d89ffd27-2a66-42a7-a0da-1b2c7efd9fe1,1,0,0.0,3.0,56245.0,18748.333333333332,7677.440350359835,1.0,0.0,1.0,6.0,1.0,0.0,0.0,7.0,8.0,124.9888888888889,1.0,1,9
410aa20a-05b5-49e7-b7c5-2d7e0cee6580,1,0,0.0,2.0,4284.0,2142.0,425.67828227430164,1.0,0.0,2.0,1.0,0.0,0.0,1.0,1.0,1.0,26.553333333333335,0.0,1,1
4beefe81-ae6a-4639-9523-920d8789d177,1,0,0.0,2.0,25517.0,12758.5,1515.3298320827714,1.0,0.0,1.0,6.0,0.0,0.0,1.0,3.0,3.0,85.05666666666667,1.0,1,9
3e8fa80b-4aa0-4d6d-989f-24ac70e1b1bf,1,0,2.0,1.0,14227.0,14227.0,0.0,1.0,0.0,1.0,5.0,1.0,0.0,0.0,2.0,2.0,94.84666666666666,1.0,1,8
baa7c8fb-a38e-45cb-a4c9-eedcbd74fac9,1,0,0.0,3.0,55457.0,18485.666666666668,6884.28008823968,1.0,0.0,1.0,3.0,0.6666666666666666,0.3333333333333333,0.0,11.0,12.0,123.2377777777778,1.0,1,4
3e631ee4-fa9d-4478-879d-1cb36242795e,1,0,1.0,3.0,30773.0,10257.666666666666,1898.6448676183054,1.0,0.0,1.0,6.0,0.6666666666666666,0.3333333333333333,0.0,6.0,6.0,68.38444444444444,1.0,1,9
8ec05e0b-d78c-4163-a711-6299f68c9bdf,1,0,0.0,2.0,16226.0,8113.0,6443.156990171821,1.0,0.0,1.0,1.0,0.0,0.5,0.5,5.0,5.0,162.26,0.0,1,1
6e1ec6cb-8745-4609-b20c-3d303e347c18,1,0,1.0,1.0,922.0,922.0,0.0,1.0,0.0,1.0,4.0,1.0,0.0,0.0,1.0,1.0,9.22,1.0,1,5
72b8b302-aac0-4936-bed2-49a8d562b87a,1,0,1.0,2.0,23157.0,11578.5,1164.6048686142437,1.0,0.0,1.0,3.0,1.0,0.0,0.0,13.0,13.0,77.19,1.0,0,4
411a95c9-d476-4121-8c89-c5e602cffc41,1,0,1.0,1.0,394.0,394.0,0.0,1.0,0.0,1.0,4.0,1.0,0.0,0.0,1.0,1.0,3.94,1.0,0,5
d809b95e-3f2b-41c5-ba18-29c5357bf90c,1,0,0.0,1.0,7818.0,7818.0,0.0,1.0,0.0,1.0,2.0,1.0,0.0,0.0,1.0,1.0,78.18,1.0,0,3
8463645d-06e3-4874-a6f5-1a7869c02bff,1,0,1.0,3.0,81582.0,27194.0,6689.425760108262,1.0,0.0,1.0,6.0,0.3333333333333333,0.6666666666666666,0.0,17.0,17.0,181.29333333333332,1.0,0,9
61981078-28aa-48de-bd4a-5eafe042964c,6,1,2.0,1.0,12031.0,12031.0,0.0,1.0,0.0,1.0,1.0,0.0,1.0,0.0,3.0,3.0,240.62,0.0,0,1
0cfebab2-8e8f-44c2-a253-11145d49fffc,6,1,1.0,2.0,44078.0,22039.0,3167.838379715733,1.0,0.0,1.0,3.0,0.0,1.0,0.0,12.0,12.0,146.92666666666668,1.0,1,4
27980fe6-280e-4c7d-aa08-73e4a9c052a8,6,1,0.0,1.0,24066.0,24066.0,0.0,0.0,1.0,1.0,2.0,1.0,0.0,0.0,1.0,1.0,240.66,1.0,1,3
d297083e-6b49-487f-9122-ca76f652e524,6,1,1.0,2.0,6261.0,3130.5,506.9955621107546,1.0,0.0,1.0,2.0,0.0,0.0,1.0,1.0,1.0,31.305,1.0,0,3
0b0b713c-c185-49ee-b034-51de23fd1f59,6,1,1.0,3.0,88039.0,29346.333333333332,6212.188771546896,1.0,0.0,1.0,6.0,0.3333333333333333,0.0,0.6666666666666666,22.0,22.0,195.64222222222224,1.0,0,9
64f418d9-298a-42cb-98bb-bd3792ff3572,6,1,2.0,1.0,13523.0,13523.0,0.0,1.0,0.0,1.0,6.0,0.0,0.0,1.0,1.0,0.0,90.15333333333334,1.0,0,9
3fa6d357-5cbd-44ff-b62b-8f03bcaef379,6,1,1.0,2.0,14005.0,7002.5,2153.1401487130374,1.0,0.0,1.0,2.0,0.0,0.0,1.0,2.0,3.0,70.025,1.0,1,3
b86f8509-4c88-4d0e-87f1-7d8a2ebdf0a6,6,1,2.0,1.0,1707.0,1707.0,0.0,1.0,0.0,1.0,6.0,0.0,0.0,1.0,1.0,1.0,11.38,1.0,0,9
b522f015-5b32-446e-8e6c-eca268cb6717,6,1,1.0,1.0,1134.0,1134.0,0.0,1.0,0.0,1.0,3.0,0.0,0.0,1.0,3.0,3.0,7.56,1.0,1,4
833e7c7a-dd73-42fb-ab95-004e82c21ff4,5,1,1.0,3.0,61800.0,20600.0,6940.509131180507,0.6666666666666667,1.0,2.0,1.0,0.6666666666666666,0.3333333333333333,0.0,9.0,9.0,316.26222222222225,0.0,0,1
46e16203-ef58-4f8b-a00f-439696397ca1,5,1,2.0,2.0,33876.0,16938.0,5252.389170653675,1.0,0.0,2.0,1.0,1.0,0.0,0.0,3.0,3.0,201.08,0.0,0,1
266bf79d-dc72-448c-aa2e-e6bc29c43368,5,1,1.0,2.0,7692.0,3846.0,765.0895372438445,0.5,1.0,1.0,3.0,0.0,0.5,0.5,1.0,1.0,25.64,1.0,1,4
a2d651de-ed34-473f-af66-abfcd850a5af,4,0,0.0,3.0,63183.0,21061.0,3632.206078955323,0.33333333333333337,1.0,1.0,2.0,0.6666666666666666,0.3333333333333333,0.0,9.0,10.0,210.61,1.0,0,3
83a917db-b79e-41ee-996a-a4a83179df3e,4,0,1.0,1.0,10907.0,10907.0,0.0,0.0,1.0,1.0,6.0,1.0,0.0,0.0,2.0,2.0,72.71333333333334,1.0,0,9
95de66f4-0c4c-4acc-9703-5f5c8f8236b9,4,0,0.0,1.0,3624.0,3624.0,0.0,1.0,0.0,1.0,6.0,1.0,0.0,0.0,1.0,1.0,24.16,1.0,0,9
9c7918ba-42c4-4e9e-a1e5-8603d2ad985e,4,0,0.0,1.0,21092.0,21092.0,0.0,1.0,0.0,1.0,5.0,1.0,0.0,0.0,7.0,7.0,140.61333333333334,1.0,0,8
2f9d313a-6416-4230-89ba-1e106dfe01dd,4,0,0.0,2.0,23202.0,11601.0,490.73210614346397,0.5,1.0,1.0,1.0,1.0,0.0,0.0,2.0,2.0,232.02,0.0,0,1
ef6e891e-f352-4215-a9d0-2fb276a1b781,4,0,0.0,1.0,17794.0,17794.0,0.0,1.0,0.0,1.0,5.0,0.0,1.0,0.0,4.0,4.0,118.62666666666667,1.0,0,8
4c495728-7184-4de1-bd6b-ffe1810660a6,4,0,1.0,2.0,31490.0,15745.0,80.61017305526642,0.0,1.0,1.0,2.0,1.0,0.0,0.0,3.0,3.0,157.45,1.0,0,3
e9fff287-b2d7-4fa7-8777-f5dd80ec634a,4,0,1.0,3.0,7148.0,2382.6666666666665,1059.472195639571,0.33333333333333337,1.0,2.0,3.0,0.0,0.6666666666666666,0.3333333333333333,3.0,3.0,15.884444444444446,1.0,0,4
bc912765-1f10-41ca-84cd-268b8d859e8a,4,0,0.0,2.0,22913.0,11456.5,214.2533546995239,0.5,1.0,1.0,1.0,1.0,0.0,0.0,5.0,5.0,229.13,0.0,0,1
662a2d64-0194-456d-a594-78ebfe52d05f,3,0,1.0,2.0,39414.0,19707.0,4095.562476632483,0.5,1.0,1.0,2.0,0.0,0.0,1.0,3.0,3.0,197.07,1.0,0,3
79d55526-b42c-483d-a7de-88846fce1b1c,3,0,1.0,1.0,16504.0,16504.0,0.0,1.0,0.0,1.0,5.0,1.0,0.0,0.0,3.0,3.0,110.02666666666667,1.0,0,8
cba17e0c-3510-4691-979a-fd3e941e104d,3,0,0.0,1.0,6844.0,6844.0,0.0,1.0,0.0,1.0,2.0,1.0,0.0,0.0,1.0,1.0,68.44,1.0,0,3
97354664-47a8-4958-bce5-43f3ac8a4a01,3,0,2.0,1.0,12118.0,12118.0,0.0,0.0,1.0,1.0,6.0,1.0,0.0,0.0,2.0,2.0,80.78666666666666,1.0,0,9
135463f6-fcc4-4913-b88a-2009f52fe737,3,0,1.0,2.0,35386.0,17693.0,643.4671708797582,0.5,1.0,1.0,5.0,0.5,0.5,0.0,6.0,6.0,117.95333333333333,1.0,0,8
1ffc01d4-4994-4011-9387-2b90ba48748c,3,0,0.0,1.0,4772.0,4772.0,0.0,1.0,0.0,1.0,2.0,1.0,0.0,0.0,1.0,1.0,47.72,1.0,0,3
b199b5c4-51c6-4c01-8b5f-53248ced9cb1,3,0,0.0,1.0,13581.0,13581.0,0.0,1.0,0.0,1.0,5.0,1.0,0.0,0.0,2.0,2.0,90.54,1.0,1,8
915c4c9f-96c4-4d8e-a015-eff381e5d37d,2,0,0.0,2.0,51569.0,25784.5,8951.264743040505,1.0,0.0,2.0,1.0,0.5,0.5,0.0,6.0,6.0,385.99,0.0,0,1
af2ac8d3-b0e1-466a-a958-c418df057e6b,2,0,0.0,2.0,34158.0,17079.0,1052.1748904055828,1.0,0.0,1.0,6.0,0.5,0.0,0.5,11.0,12.0,113.86,1.0,0,9
0f320cad-e654-4866-88cc-d4a55de8873b,2,0,0.0,3.0,53420.0,17806.666666666668,5803.907677878185,1.0,0.0,1.0,3.0,0.3333333333333333,0.6666666666666666,0.0,13.0,13.0,118.71111111111111,1.0,1,4
3802cfc7-044d-495a-be77-6dc29c910970,2,0,0.0,3.0,10506.0,3502.0,93.05374790947434,1.0,0.0,1.0,6.0,0.0,0.0,1.0,3.0,3.0,23.346666666666668,1.0,1,9
10daeb68-8815-47cc-81ed-f30580ec81c7,2,0,0.0,2.0,49510.0,24755.0,164.04877323527901,1.0,0.0,1.0,3.0,1.0,0.0,0.0,5.0,6.0,165.03333333333333,1.0,0,4
efc94e74-6760-444a-b590-74cabeb97c3b,2,0,1.0,1.0,20463.0,20463.0,0.0,1.0,0.0,1.0,2.0,0.0,1.0,0.0,3.0,4.0,204.63,1.0,0,3
e1512fa8-6d06-4e60-b92c-d4b47cdc1f96,2,0,1.0,1.0,17927.0,17927.0,0.0,1.0,0.0,1.0,2.0,1.0,0.0,0.0,1.0,1.0,179.27,1.0,1,3
789532f7-26ce-4e71-a1e7-b93cb2e5ed2a,2,0,1.0,1.0,12422.0,12422.0,0.0,1.0,0.0,1.0,1.0,1.0,0.0,0.0,2.0,2.0,248.44,0.0,1,1
4f9feffc-e1b3-41a2-94c3-b02b57f25576,2,0,0.0,1.0,13912.0,13912.0,0.0,1.0,0.0,1.0,6.0,1.0,0.0,0.0,1.0,1.0,92.74666666666667,1.0,0,9
8efae98d-18f4-4ce8-9033-960add4629b9,2,0,1.0,1.0,22576.0,22576.0,0.0,1.0,0.0,1.0,2.0,1.0,0.0,0.0,1.0,1.0,225.76,1.0,0,3
5d18e37f-7bdf-49f9-9a16-40045db55f85,2,0,2.0,1.0,9109.0,9109.0,0.0,1.0,0.0,1.0,5.0,1.0,0.0,0.0,3.0,3.0,60.72666666666667,1.0,1,8
1bb5aaf9-fd41-42de-80f5-6422a4dbfe42,2,0,0.0,3.0,10523.0,3507.6666666666665,100.12658654589863,1.0,0.0,1.0,6.0,0.0,0.0,1.0,4.0,3.0,23.38444444444444,1.0,1,9
dffda6d6-7332-4aa7-832f-b01d654342ce,2,0,0.0,3.0,83509.0,27836.333333333332,7196.50535561069,1.0,0.0,2.0,1.0,0.0,1.0,0.0,20.0,19.0,400.4644444444445,0.0,1,1
cf175b00-eefd-42fc-b799-5d30088bb67f,1,0,1.0,3.0,43677.0,14559.0,13077.022749846388,1.0,0.0,1.0,3.0,0.6666666666666666,0.0,0.3333333333333333,5.0,5.0,97.06,1.0,1,4
0e41ac07-ab00-469a-b7d4-5205e40bf1a8,1,0,0.0,3.0,67146.0,22382.0,2319.545860723603,1.0,0.0,1.0,4.0,0.0,1.0,0.0,12.0,12.0,223.82000000000002,1.0,0,5
87aa4d33-0d31-4d7d-b436-8bf6fa25a117,1,0,1.0,2.0,8680.0,4340.0,3891.9157236507576,1.0,0.0,1.0,6.0,0.0,0.0,1.0,2.0,2.0,28.933333333333334,1.0,0,9
a0d4f2bb-83ce-4e7d-ae09-d56ec4f85aca,1,0,0.0,3.0,75875.0,25291.666666666668,4461.4679572236455,1.0,0.0,1.0,1.0,0.0,1.0,0.0,23.0,23.0,505.8333333333333,0.0,0,1
8c44331a-bd64-4de2-b75d-75ab7add7636,1,0,0.0,1.0,10239.0,10239.0,0.0,1.0,0.0,1.0,2.0,1.0,0.0,0.0,1.0,1.0,102.39,1.0,0,3
bdf9138b-93e4-430e-a139-fb33376aa3db,1,0,0.0,2.0,32949.0,16474.5,5786.254790449519,1.0,0.0,1.0,3.0,0.0,0.5,0.5,10.0,10.0,109.82999999999998,1.0,0,4
693148a0-1c79-4c3d-a4ea-7f42708005ae,1,0,1.0,3.0,101338.0,33779.333333333336,13294.12040465007,1.0,0.0,1.0,3.0,0.0,1.0,0.0,16.0,16.0,225.19555555555556,1.0,1,4
7d1f909b-5b4b-4c6c-9e4c-8ff493dec251,1,0,0.0,3.0,10073.0,3357.6666666666665,131.50031685639905,1.0,0.0,1.0,4.0,0.0,0.0,1.0,3.0,3.0,33.57666666666667,1.0,1,5
67842c87-4c17-4131-b7bd-88ddb35cb7ef,0,0,1.0,1.0,18053.0,18053.0,0.0,1.0,0.0,1.0,4.0,1.0,0.0,0.0,5.0,5.0,180.53,1.0,1,5
d20ef613-e787-4278-bf9c-c7c0a163d2d4,0,0,0.0,3.0,82873.0,27624.333333333332,7648.172940861977,1.0,0.0,1.0,6.0,0.0,1.0,0.0,22.0,23.0,184.16222222222223,1.0,1,9
b69d0b4d-214e-4d11-ba0d-756ea30efe4f,0,0,0.0,1.0,2093.0,2093.0,0.0,1.0,0.0,1.0,3.0,1.0,0.0,0.0,4.0,3.0,13.953333333333333,1.0,0,4
8ef86ac0-1bdf-4733-9ef2-34717b2188b1,0,0,0.0,3.0,10365.0,3455.0,74.64583042608609,1.0,0.0,1.0,6.0,0.0,0.0,1.0,2.0,2.0,23.03333333333333,1.0,1,9
79f924a1-b5e8-4fcc-8668-60e150e7d93e,0,0,0.0,1.0,3487.0,3487.0,0.0,1.0,0.0,1.0,6.0,0.0,0.0,1.0,1.0,1.0,23.246666666666666,1.0,1,9
c7aa3e60-3b20-4d6b-ac49-284be6204a33,0,0,1.0,3.0,52762.0,17587.333333333332,4863.720215363271,1.0,0.0,1.0,5.0,0.3333333333333333,0.6666666666666666,0.0,10.0,10.0,117.24888888888889,1.0,1,8
1f97b641-90e0-4ef5-b17d-d0821dcf2bbe,0,0,2.0,2.0,6758.0,3379.0,145.6639969244288,1.0,0.0,1.0,6.0,0.0,0.0,1.0,1.0,1.0,22.526666666666667,1.0,1,9
19325a03-6871-4f73-970b-be7068441bde,0,0,2.0,1.0,83865.0,83865.0,0.0,1.0,0.0,1.0,6.0,0.0,0.0,1.0,0.0,1.0,559.1,1.0,1,9
e8877bcd-66e1-4aa4-ba6a-aa15aab27418,6,1,1.0,2.0,48434.0,24217.0,12959.853085587043,1.0,0.0,1.0,3.0,0.0,0.0,1.0,7.0,7.0,161.44666666666666,1.0,0,4
22633b9b-fe19-474e-a54d-87999d6288ad,6,1,0.0,1.0,49997.0,49997.0,0.0,0.0,1.0,1.0,6.0,0.0,0.0,1.0,4.0,5.0,333.31333333333333,1.0,0,9
fe29a881-a94c-42d5-a186-a555900fe689,6,1,0.0,3.0,31464.0,10488.0,4135.615552732144,0.6666666666666667,1.0,1.0,6.0,0.0,0.0,1.0,4.0,4.0,69.92,1.0,1,9
238aeebe-491c-4f01-bfb5-f1307bb05048,6,1,1.0,1.0,13424.0,13424.0,0.0,1.0,0.0,1.0,6.0,1.0,0.0,0.0,3.0,3.0,89.49333333333334,1.0,0,9
71faccb3-bf3a-467b-bd4f-ebcad4ce21c6,6,1,0.0,3.0,48393.0,16131.0,7612.621033520583,0.6666666666666667,1.0,1.0,2.0,0.6666666666666666,0.0,0.3333333333333333,5.0,5.0,161.30999999999997,1.0,0,3
e1089aaa-f1fb-4da2-8318-a370a926a233,6,1,0.0,3.0,79810.0,26603.333333333332,5695.33794724539,0.6666666666666667,1.0,1.0,2.0,1.0,0.0,0.0,7.0,6.0,266.0333333333333,1.0,0,3
8a54c6d9-0b1a-4244-99f7-af74506c4393,6,1,0.0,1.0,22646.0,22646.0,0.0,0.0,1.0,1.0,3.0,1.0,0.0,0.0,8.0,8.0,150.97333333333333,1.0,1,4
5390dbff-d922-4210-b3ed-6f87cad57000,6,1,0.0,1.0,42733.0,42733.0,0.0,0.0,1.0,1.0,6.0,0.0,1.0,0.0,5.0,6.0,284.88666666666666,1.0,0,9
ca2acd62-0e36-443a-b9e6-3edf9780e4f5,6,1,0.0,2.0,17996.0,8998.0,2269.8127676088175,0.5,1.0,1.0,2.0,0.5,0.0,0.5,3.0,3.0,89.98,1.0,1,3
ffb73a8f-3496-4268-84f1-b3bc2dc08d8c,6,1,0.0,1.0,7398.0,7398.0,0.0,0.0,1.0,1.0,6.0,1.0,0.0,0.0,1.0,1.0,49.32,1.0,1,9
f924675c-ff6f-4954-9cd0-9a8b72655efa,6,1,0.0,3.0,38785.0,12928.333333333334,4167.7525518357415,0.6666666666666667,1.0,1.0,6.0,0.0,0.3333333333333333,0.6666666666666666,6.0,6.0,86.18888888888888,1.0,0,9
1f3084fc-cb0e-4ca0-9fb6-42e5255c8537,6,1,0.0,1.0,9684.0,9684.0,0.0,0.0,1.0,1.0,6.0,1.0,0.0,0.0,2.0,2.0,64.56,1.0,1,9
4763c1fd-2b67-4f22-8c71-3cdfa4f0ffeb,5,1,0.0,1.0,1010.0,1010.0,0.0,0.0,1.0,1.0,5.0,1.0,0.0,0.0,1.0,1.0,6.733333333333333,1.0,1,8
cee19d67-3875-4828-adb0-c4b27d181d16,4,0,0.0,1.0,17495.0,17495.0,0.0,1.0,0.0,1.0,2.0,0.0,1.0,0.0,4.0,4.0,174.95,1.0,0,3
442bb60a-d7c5-4943-ae5b-790ff74b773f,4,0,1.0,1.0,21594.0,21594.0,0.0,0.0,1.0,1.0,6.0,1.0,0.0,0.0,3.0,3.0,143.96,1.0,0,9
ab4321a8-accc-4ddf-b984-45a8e8ccb0b9,4,0,0.0,1.0,24249.0,24249.0,0.0,1.0,0.0,1.0,5.0,0.0,1.0,0.0,6.0,6.0,161.66,1.0,0,8
03a5f26a-d7a2-45a9-9134-9ea7107ce824,4,0,1.0,2.0,27641.0,13820.5,9221.379533453766,0.0,1.0,1.0,6.0,1.0,0.0,0.0,10.0,10.0,92.13666666666666,1.0,0,9
66672cfc-4c59-43ad-a407-d496c16836f7,4,0,0.0,1.0,24350.0,12175.0,1947.372075387752,1.0,0.0,1.0,1.0,0.5,0.5,0.0,4.0,4.0,243.5,0.0,1,1
4878e98f-54f5-4e6e-aff6-c6fe30826019,4,0,2.0,1.0,8070.0,8070.0,0.0,0.0,1.0,1.0,5.0,1.0,0.0,0.0,2.0,2.0,53.8,1.0,0,8
81b856a5-3b79-4df4-bbe2-363da8db815b,4,0,0.0,1.0,17856.0,17856.0,0.0,1.0,0.0,1.0,2.0,0.0,0.0,1.0,0.0,1.0,178.56,1.0,0,3
bafded5b-d384-4dbd-9b0a-9c0bad865681,4,0,1.0,2.0,118608.0,59304.0,34409.230186099776,0.0,1.0,1.0,6.0,0.0,0.5,0.5,7.0,8.0,395.36,1.0,0,9
66c63b1f-724f-46ee-a1ab-2e79f504bbfa,4,0,1.0,2.0,34836.0,17418.0,5587.557784936099,0.0,1.0,2.0,1.0,0.5,0.5,0.0,7.0,6.0,241.515,0.0,0,1
4ee8e8de-6a1d-44ce-b706-26e9ee6b6717,4,0,1.0,1.0,3293.0,3293.0,0.0,0.0,1.0,1.0,6.0,0.0,0.0,1.0,1.0,1.0,21.953333333333333,1.0,0,9
66ea3e25-af0a-47fb-a833-c986cd5397ab,4,0,1.0,3.0,60620.0,15155.0,18061.5942264242,0.25,1.0,2.0,2.0,0.25,0.25,0.5,10.0,8.0,134.5875,1.0,1,3
478446b4-04f4-4853-8db2-88752073fa04,4,0,2.0,1.0,23190.0,11595.0,7908.282240790348,0.0,1.0,2.0,1.0,0.0,0.5,0.5,5.0,5.0,191.88,0.0,1,1
c4656198-c4f0-4b35-b230-a7cccccb44c8,4,0,1.0,3.0,45460.0,15153.333333333334,6092.495493090933,0.33333333333333337,1.0,3.0,1.0,0.6666666666666666,0.3333333333333333,0.0,8.0,8.0,201.37333333333333,0.0,0,1
cf390d9d-ac26-4bdd-8f88-c16eb74d70c2,3,0,1.0,2.0,57552.0,28776.0,5488.562835569982,0.5,1.0,1.0,6.0,0.0,1.0,0.0,14.0,14.0,191.84,1.0,1,9
43a656fe-5491-4ecf-b66c-2a6ed939ecf0,3,0,0.0,1.0,12843.0,12843.0,0.0,1.0,0.0,1.0,6.0,0.0,0.0,1.0,3.0,2.0,85.62,1.0,0,9
8512d595-3f09-4b93-8d65-983edff30fc3,2,0,1.0,1.0,31982.0,31982.0,0.0,1.0,0.0,1.0,6.0,0.0,1.0,0.0,10.0,9.0,213.21333333333334,1.0,1,9
55429cfc-2a92-48ff-acd0-0650b2050c15,2,0,1.0,1.0,36158.0,36158.0,0.0,1.0,0.0,1.0,6.0,0.0,1.0,0.0,5.0,5.0,241.05333333333334,1.0,0,9
299d3ce9-6043-4063-bb5c-5a3ba6cc8962,2,0,1.0,1.0,35385.0,35385.0,0.0,1.0,0.0,1.0,6.0,0.0,1.0,0.0,4.0,3.0,235.9,1.0,0,9
e8212d8a-4342-402c-8a9c-7bf14203a618,2,0,2.0,1.0,8294.0,8294.0,0.0,1.0,0.0,1.0,6.0,1.0,0.0,0.0,2.0,2.0,55.29333333333334,1.0,0,9
be029140-de85-42b2-bf45-d055a26c3884,2,0,1.0,2.0,47328.0,23664.0,10244.5630458307,1.0,0.0,1.0,2.0,1.0,0.0,0.0,2.0,2.0,236.64,1.0,0,3
0ce047b4-9523-4d17-9d9d-a98a01982c5c,2,0,0.0,3.0,70868.0,23622.666666666668,3583.908527478531,1.0,0.0,1.0,6.0,0.6666666666666666,0.3333333333333333,0.0,9.0,8.0,157.48444444444445,1.0,1,9
5a8723ea-4207-4d94-ab06-d7f7d7de8b61,2,0,0.0,3.0,103006.0,34335.333333333336,5109.100149080397,1.0,0.0,1.0,2.0,0.0,1.0,0.0,37.0,39.0,343.3533333333333,1.0,1,3
8ccd8bfc-e8df-4883-adc2-f7a4b3651276,2,0,2.0,2.0,19816.0,9908.0,10011.21780803914,0.5,1.0,1.0,6.0,0.0,0.0,1.0,5.0,4.0,66.05333333333334,1.0,0,9
d7b4634e-4c26-4ad2-8176-3a6833ca90ad,2,0,0.0,2.0,8841.0,4420.5,3270.3688629877824,1.0,0.0,1.0,4.0,0.5,0.0,0.5,2.0,3.0,44.205,1.0,1,5
80febf93-a90c-472f-b568-f5bb1ff941f2,2,0,2.0,1.0,23037.0,23037.0,0.0,1.0,0.0,1.0,1.0,1.0,0.0,0.0,5.0,5.0,460.74,0.0,0,1
1338eafc-2dc6-430a-9f8b-7adf3a1771e0,2,0,1.0,2.0,11181.0,5590.5,2583.061071674458,1.0,0.0,1.0,3.0,0.0,0.0,1.0,4.0,3.0,37.269999999999996,1.0,0,4
a625a4cf-d91b-4e1a-915c-9d3620f87106,2,0,1.0,1.0,36519.0,36519.0,0.0,1.0,0.0,1.0,6.0,0.0,1.0,0.0,4.0,5.0,243.46,1.0,1,9
c9fd1bc7-6670-4dc5-b0fa-a361fe174e27,2,0,1.0,2.0,12796.0,6398.0,3187.637369588956,1.0,0.0,1.0,3.0,0.0,0.0,1.0,2.0,2.0,42.653333333333336,1.0,0,4
ec814287-8845-4845-84d9-dd65f9d001ad,2,0,1.0,1.0,36385.0,36385.0,0.0,1.0,0.0,1.0,6.0,0.0,1.0,0.0,6.0,9.0,242.56666666666666,1.0,0,9
7b939b0e-eb6a-4936-82d1-5764058ad6a0,1,0,0.0,3.0,85851.0,28617.0,6268.610611610838,1.0,0.0,1.0,5.0,0.0,1.0,0.0,20.0,18.0,190.78,1.0,1,8
24529a3b-9316-4657-8727-2af4bbd8685d,1,0,0.0,3.0,72807.0,24269.0,5723.326305567419,1.0,0.0,1.0,2.0,1.0,0.0,0.0,4.0,3.0,242.69000000000003,1.0,0,3
6a825b6e-88cc-4e74-9dee-c6c18396bf22,1,0,0.0,3.0,57642.0,19214.0,13699.137053113966,1.0,0.0,1.0,6.0,0.3333333333333333,0.3333333333333333,0.3333333333333333,11.0,10.0,128.09333333333333,1.0,1,9
28b5510d-324c-46c5-87bc-574614fb9138,1,0,1.0,1.0,14975.0,14975.0,0.0,1.0,0.0,1.0,4.0,0.0,1.0,0.0,3.0,3.0,149.75,1.0,0,5
a27fc553-88b3-46e3-bd74-05b327a21ab7,1,0,1.0,2.0,27872.0,13936.0,13881.9203282543,1.0,0.0,1.0,6.0,0.5,0.5,0.0,4.0,4.0,92.90666666666667,1.0,0,9
4e47c024-6e85-4a10-b4c4-550c33093c01,1,0,0.0,2.0,13774.0,6887.0,7523.6161518248655,1.0,0.0,1.0,6.0,0.5,0.0,0.5,5.0,5.0,45.913333333333334,1.0,0,9
306638d2-d495-4e7f-81d7-0c64dd22f37a,1,0,0.0,3.0,93547.0,31182.333333333332,4017.7647185136825,1.0,0.0,1.0,6.0,0.6666666666666666,0.3333333333333333,0.0,21.0,21.0,207.88222222222223,1.0,1,9
272fdcf5-4dda-47c8-87c6-dcf7bf345108,1,0,0.0,2.0,3141.0,1570.5,1830.6994564919714,1.0,0.0,1.0,5.0,1.0,0.0,0.0,1.0,1.0,10.47,1.0,1,8
badca39b-4966-4fd2-87ad-02393a636bcd,1,0,0.0,1.0,15194.0,15194.0,0.0,1.0,0.0,1.0,3.0,1.0,0.0,0.0,4.0,4.0,101.29333333333334,1.0,0,4
9305057b-a2d6-4ac8-85ec-e00b3d00a3a5,1,0,0.0,3.0,47975.0,15991.666666666666,5960.3356728739145,1.0,0.0,1.0,5.0,0.3333333333333333,0.6666666666666666,0.0,7.0,8.0,106.6111111111111,1.0,1,8
416bb06e-626b-47ea-bc0e-31cd17648fcf,1,0,0.0,3.0,27009.0,9003.0,4001.1353388757047,1.0,0.0,1.0,5.0,0.6666666666666666,0.3333333333333333,0.0,4.0,4.0,60.02,1.0,1,8
7f697094-c344-463d-91fb-6e8f8fb1df51,1,0,1.0,1.0,29771.0,29771.0,0.0,1.0,0.0,1.0,6.0,0.0,1.0,0.0,5.0,5.0,198.47333333333333,1.0,0,9
33560bf0-7529-4121-80a6-18d95014079d,0,0,0.0,1.0,10878.0,10878.0,0.0,1.0,0.0,1.0,3.0,1.0,0.0,0.0,6.0,6.0,72.52,1.0,0,4
a21bf99d-c86a-419a-8b40-f2910200b523,0,0,0.0,2.0,18972.0,9486.0,6891.462689444093,1.0,0.0,1.0,6.0,0.0,1.0,0.0,5.0,5.0,63.24,1.0,1,9
eb2b9bbf-09f9-47ea-aeb0-65b9bb3954a1,0,0,0.0,3.0,16946.0,5648.666666666667,457.9654280983808,1.0,0.0,1.0,2.0,0.0,0.0,1.0,3.0,3.0,56.48666666666667,1.0,1,3
1ea8bc19-0207-4f13-a171-dfe3e6cf3191,0,0,1.0,1.0,7918.0,7918.0,0.0,1.0,0.0,1.0,3.0,0.0,0.0,1.0,2.0,2.0,52.78666666666667,1.0,0,4
0df4a744-5d8e-447a-a415-cc6367e0af78,0,0,0.0,3.0,55692.0,18564.0,4560.775701566566,1.0,0.0,2.0,3.0,1.0,0.0,0.0,26.0,21.0,123.76,1.0,1,4
c50d2a23-d42c-4371-b18f-ae1964a81ca2,0,0,2.0,1.0,6278.0,6278.0,0.0,1.0,0.0,1.0,1.0,0.0,0.0,1.0,1.0,1.0,125.56,0.0,1,1
f47b0df8-6655-47d1-bbc1-28b0c3231d8a,0,0,1.0,1.0,10992.0,10992.0,0.0,1.0,0.0,1.0,4.0,1.0,0.0,0.0,1.0,1.0,109.92,1.0,1,5
086d204b-f22f-4738-a7c4-f081f47b755f,0,0,0.0,3.0,73126.0,24375.333333333332,19806.881691304498,1.0,0.0,1.0,6.0,0.3333333333333333,0.6666666666666666,0.0,10.0,11.0,162.50222222222223,1.0,0,9
c37f5021-546d-444e-bce7-e97b0191071a,6,1,1.0,1.0,3662.0,3662.0,0.0,1.0,0.0,1.0,6.0,0.0,0.0,1.0,1.0,1.0,24.413333333333334,1.0,0,9
b4c6d004-727c-442a-b4e9-992d35fcec69,6,1,0.0,3.0,8444.0,2814.6666666666665,456.782588693279,0.6666666666666667,1.0,1.0,3.0,1.0,0.0,0.0,7.0,8.0,18.764444444444447,1.0,0,4
d82f9930-d1ff-4e21-b2fc-f38854a14d76,6,1,0.0,1.0,19300.0,19300.0,0.0,0.0,1.0,1.0,5.0,0.0,1.0,0.0,5.0,4.0,128.66666666666666,1.0,0,8
43e519c1-7192-43bb-923e-68b1f312bd62,6,1,1.0,1.0,38669.0,38669.0,0.0,1.0,0.0,1.0,6.0,0.0,1.0,0.0,8.0,8.0,257.79333333333335,1.0,0,9
6d444e8a-3234-4a10-82ae-7302e25820a7,6,1,2.0,1.0,22846.0,22846.0,0.0,1.0,0.0,1.0,5.0,1.0,0.0,0.0,6.0,5.0,152.30666666666667,1.0,1,8
9cc5eb36-b511-43d7-8e5f-4ff59c6167e8,6,1,0.0,1.0,3440.0,3440.0,0.0,0.0,1.0,1.0,2.0,1.0,0.0,0.0,1.0,1.0,34.4,1.0,0,3
65cef6f6-4f48-40c0-9ac1-d5c7d46abcb7,6,1,1.0,1.0,19826.0,19826.0,0.0,1.0,0.0,1.0,1.0,0.0,1.0,0.0,6.0,5.0,396.52,0.0,0,1
0d64c98d-8afc-47aa-8ad4-4661c5e7ef4d,5,1,0.0,3.0,126116.0,42038.666666666664,3607.2277906078143,0.33333333333333337,1.0,1.0,6.0,0.0,0.3333333333333333,0.6666666666666666,21.0,21.0,280.2577777777778,1.0,0,9
bd939f7f-6420-495e-a481-7ebcf3672ccc,5,1,2.0,1.0,10026.0,10026.0,0.0,1.0,0.0,1.0,5.0,0.0,0.0,1.0,2.0,2.0,66.84,1.0,0,8
835c8a62-3229-4e00-99eb-224a77fac2f5,5,1,0.0,1.0,15548.0,15548.0,0.0,0.0,1.0,1.0,1.0,1.0,0.0,0.0,3.0,3.0,310.96,0.0,0,1
357d42aa-6f18-4c3b-8434-964c3187130d,5,1,0.0,3.0,43450.0,14483.333333333334,8769.976757855937,0.33333333333333337,1.0,1.0,2.0,0.3333333333333333,0.0,0.6666666666666666,5.0,4.0,144.83333333333334,1.0,0,3
67f1f393-7bff-46bf-8c9a-08260deccab6,5,1,0.0,3.0,74804.0,24934.666666666668,3007.354374418374,0.33333333333333337,1.0,1.0,6.0,0.3333333333333333,0.6666666666666666,0.0,16.0,16.0,166.23111111111112,1.0,1,9
82fcd220-ad4e-46e6-abb2-e37211ca0fe1,5,1,0.0,2.0,45377.0,22688.5,1860.3979413018064,0.0,1.0,1.0,3.0,1.0,0.0,0.0,4.0,5.0,151.25666666666666,1.0,0,4
52739388-409c-421c-8800-5c50ce9a3fab,5,1,0.0,3.0,77256.0,25752.0,15656.405174879705,0.33333333333333337,1.0,1.0,6.0,0.3333333333333333,0.3333333333333333,0.3333333333333333,20.0,19.0,171.67999999999998,1.0,0,9
61307602-fcdb-456a-a20f-cd06ee0b0662,5,1,0.0,2.0,39287.0,19643.5,3902.522325368556,0.0,1.0,1.0,3.0,1.0,0.0,0.0,9.0,9.0,130.95666666666665,1.0,0,4
5c3b0303-faca-4b63-966c-52a4a430d42c,4,0,1.0,1.0,13861.0,13861.0,0.0,0.0,1.0,1.0,1.0,1.0,0.0,0.0,3.0,2.0,277.22,0.0,0,1
357f1cad-6d19-4455-9c56-c84b29beaae0,4,0,1.0,1.0,11621.0,11621.0,0.0,0.0,1.0,1.0,6.0,1.0,0.0,0.0,2.0,2.0,77.47333333333333,1.0,0,9
1a63bdd9-82dc-4f8a-8e53-028dcf5bd806,4,0,0.0,3.0,36973.0,12324.333333333334,7134.7079360919415,0.33333333333333337,1.0,1.0,6.0,0.3333333333333333,0.0,0.6666666666666666,7.0,6.0,82.16222222222223,1.0,0,9
52feeb9d-f3fe-4ed4-bba0-4adb546f9215,4,0,0.0,1.0,26115.0,26115.0,0.0,1.0,0.0,1.0,3.0,0.0,1.0,0.0,4.0,4.0,174.1,1.0,0,4
1b24520b-c118-4966-ab31-8a1a5e268ef9,4,0,0.0,1.0,8579.0,8579.0,0.0,1.0,0.0,1.0,6.0,1.0,0.0,0.0,3.0,3.0,57.193333333333335,1.0,0,9
fef7b8ab-b3f6-4f46-b13c-53a4463d788c,4,0,1.0,1.0,7610.0,7610.0,0.0,0.0,1.0,1.0,6.0,1.0,0.0,0.0,3.0,3.0,50.733333333333334,1.0,0,9
e9d582f1-dacc-409e-bf02-889e71313079,4,0,0.0,1.0,9398.0,9398.0,0.0,1.0,0.0,1.0,3.0,1.0,0.0,0.0,2.0,2.0,62.653333333333336,1.0,0,4
7829acf8-df32-4467-89c4-f04b53c85b36,4,0,0.0,1.0,13137.0,13137.0,0.0,1.0,0.0,1.0,6.0,1.0,0.0,0.0,2.0,2.0,87.58,1.0,1,9
7e2d127c-cb20-4145-b542-e2dbe2a5ee23,3,0,2.0,1.0,3375.0,3375.0,0.0,0.0,1.0,1.0,3.0,1.0,0.0,0.0,2.0,2.0,22.5,1.0,0,4
91040c53-482b-44a6-a91a-64b23befbe03,3,0,0.0,1.0,11181.0,11181.0,0.0,1.0,0.0,1.0,6.0,1.0,0.0,0.0,3.0,3.0,74.54,1.0,0,9
5d35011f-8c70-4460-a6b9-34513939abc0,3,0,0.0,1.0,14979.0,14979.0,0.0,1.0,0.0,1.0,2.0,0.0,0.0,1.0,2.0,1.0,149.79,1.0,0,3
90530e78-dd16-4eee-b10b-e4922877412b,3,0,0.0,2.0,53057.0,26528.5,5251.6820638724885,1.0,0.0,1.0,3.0,1.0,0.0,0.0,6.0,5.0,176.85666666666668,1.0,0,4
1b9820e7-3e42-4527-8dff-ad68c177dc00,3,0,1.0,2.0,12513.0,6256.5,3533.412585589178,0.5,1.0,1.0,4.0,1.0,0.0,0.0,3.0,3.0,62.565,1.0,1,5
709dacdb-f5cc-4e84-90ca-6151a40cf158,3,0,0.0,3.0,66295.0,22098.333333333332,4147.889262424123,0.6666666666666667,1.0,1.0,3.0,0.3333333333333333,0.0,0.6666666666666666,6.0,6.0,147.32222222222222,1.0,0,4
185d6eda-e55f-4d07-b9a2-61c5e8aefc9e,3,0,0.0,3.0,69915.0,23305.0,996.1280038228019,0.6666666666666667,1.0,1.0,6.0,0.0,1.0,0.0,12.0,12.0,155.36666666666667,1.0,1,9
93eaaaec-5192-4f04-ae81-a5d7adef271d,3,0,0.0,2.0,51557.0,25778.5,10157.588911744755,1.0,0.0,1.0,2.0,0.0,1.0,0.0,5.0,6.0,257.785,1.0,1,3
f8ddcca6-1a47-495e-841d-4ef4500f874e,3,0,1.0,1.0,23876.0,23876.0,0.0,1.0,0.0,1.0,3.0,1.0,0.0,0.0,3.0,3.0,159.17333333333335,1.0,0,4
b4d5e869-2538-4c68-a5ee-f7186e97fddf,3,0,0.0,1.0,1826.0,1826.0,0.0,1.0,0.0,1.0,3.0,0.0,0.0,1.0,1.0,1.0,12.173333333333334,1.0,0,4
09ff9ae0-fa45-4b46-bcae-a124727d2fa5,3,0,0.0,1.0,7157.0,7157.0,0.0,1.0,0.0,1.0,3.0,0.0,0.0,1.0,2.0,2.0,47.71333333333333,1.0,0,4
759afea2-c0dd-4120-8b61-6738b60d08a6,3,0,0.0,1.0,3565.0,3565.0,0.0,1.0,0.0,1.0,5.0,0.0,1.0,0.0,1.0,1.0,23.766666666666666,1.0,1,8
15d105a0-1e6b-4821-b59a-19027803e57f,3,0,0.0,2.0,18900.0,9450.0,533.1585130146568,1.0,0.0,1.0,2.0,1.0,0.0,0.0,2.0,2.0,94.5,1.0,0,3
8919a910-bbb4-4433-b90f-4fd41aeac455,3,0,0.0,1.0,17198.0,8599.0,11039.35106788438,1.0,0.0,1.0,3.0,1.0,0.0,0.0,11.0,11.0,57.32666666666666,1.0,0,4
504b910d-ed95-487d-9fce-946b8472de5f,2,0,2.0,1.0,17072.0,17072.0,0.0,1.0,0.0,1.0,1.0,0.0,1.0,0.0,3.0,3.0,341.44,0.0,1,1
aa0d2082-9674-4718-bcd3-5c1b9466958a,2,0,1.0,3.0,12794.0,4264.666666666667,389.83372523850915,0.6666666666666667,1.0,1.0,6.0,0.0,1.0,0.0,4.0,4.0,28.43111111111111,1.0,1,9
97df62d1-adab-4906-9393-29fc9337e8b1,2,0,0.0,1.0,18751.0,18751.0,0.0,1.0,0.0,1.0,1.0,1.0,0.0,0.0,4.0,4.0,375.02,0.0,0,1
80aa3e75-2aff-4ad6-bcff-68f8315a027c,2,0,0.0,2.0,25120.0,12560.0,1269.9637790110394,1.0,0.0,1.0,5.0,1.0,0.0,0.0,4.0,4.0,83.73333333333333,1.0,0,8
1ce8e33d-a529-43d5-a53f-d0e70f7098ca,2,0,1.0,2.0,6746.0,3373.0,1069.1454531540599,0.5,1.0,1.0,6.0,0.5,0.5,0.0,1.0,1.0,22.486666666666665,1.0,1,9
90803371-d561-4995-9bb4-bb0acbf67d14,2,0,0.0,2.0,24820.0,12410.0,7788.074087988634,1.0,0.0,1.0,5.0,0.5,0.0,0.5,7.0,6.0,82.73333333333333,1.0,0,8
22785236-7e85-4b23-b497-8ad76526f6aa,2,0,0.0,3.0,11931.0,3977.0,798.0,1.0,0.0,1.0,6.0,0.3333333333333333,0.0,0.6666666666666666,4.0,4.0,26.513333333333335,1.0,0,9
affd4fba-2ec3-4a9c-af75-b84d75fe49a7,2,0,0.0,3.0,43666.0,14555.333333333334,5551.94257294988,1.0,0.0,2.0,1.0,0.0,1.0,0.0,29.0,30.0,203.85777777777778,0.0,1,1
02bde751-3a97-49d8-85f4-c412fe2faadf,2,0,0.0,1.0,5141.0,5141.0,0.0,1.0,0.0,1.0,3.0,0.0,0.0,1.0,2.0,2.0,34.27333333333333,1.0,1,4
93ff1113-9370-41b1-9cd7-66f1ec5f10e7,2,0,2.0,1.0,19832.0,19832.0,0.0,1.0,0.0,1.0,1.0,0.0,1.0,0.0,4.0,4.0,396.64,0.0,0,1
7fb5ac8b-f9a7-4930-96d4-013a695d3d86,2,0,2.0,1.0,11536.0,11536.0,0.0,1.0,0.0,1.0,2.0,1.0,0.0,0.0,2.0,2.0,115.36,1.0,1,3
fe23b21e-eae2-4eca-8b15-05a6565406fe,2,0,1.0,3.0,88190.0,29396.666666666668,11070.133889584775,0.6666666666666667,1.0,1.0,6.0,0.3333333333333333,0.0,0.6666666666666666,10.0,9.0,195.97777777777776,1.0,1,9
6b0cbdc5-9223-4c13-b89b-2b930becdb86,1,0,0.0,3.0,69619.0,23206.333333333332,3342.154145657159,1.0,0.0,1.0,3.0,0.6666666666666666,0.3333333333333333,0.0,15.0,15.0,154.70888888888888,1.0,1,4
9923f4a9-eb19-4e5e-94b6-afed3c5d4abc,1,0,0.0,1.0,6217.0,6217.0,0.0,1.0,0.0,1.0,6.0,1.0,0.0,0.0,2.0,2.0,41.446666666666665,1.0,0,9
35d0ad82-02c0-418e-83c0-fa7d7f0892cf,1,0,0.0,1.0,20352.0,20352.0,0.0,1.0,0.0,1.0,3.0,1.0,0.0,0.0,3.0,3.0,135.68,1.0,0,4
437713b8-d1c6-4fda-81ef-840805f69f50,1,0,0.0,3.0,55405.0,18468.333333333332,9383.025436037853,1.0,0.0,1.0,6.0,0.0,0.3333333333333333,0.6666666666666666,11.0,10.0,123.12222222222222,1.0,1,9
3b371ed1-3ef5-450d-ba29-b4e71fdc1bc4,1,0,0.0,3.0,57654.0,14413.5,6261.943761059074,1.0,0.0,4.0,1.0,0.75,0.0,0.25,15.0,13.0,130.81333333333333,0.0,0,1
737e90cf-8b36-496c-8168-a21fcbcd948e,1,0,0.0,3.0,8803.0,2934.3333333333335,186.15674399100706,1.0,0.0,1.0,6.0,0.6666666666666666,0.3333333333333333,0.0,3.0,3.0,19.56222222222222,1.0,0,9
2ae1058e-e673-4dbf-9e40-779f3bf12677,1,0,0.0,3.0,56631.0,18877.0,1944.4821932843715,1.0,0.0,1.0,6.0,1.0,0.0,0.0,7.0,7.0,125.84666666666665,1.0,0,9
25c96161-d59b-434b-98aa-92e16468f5d2,1,0,1.0,1.0,9370.0,9370.0,0.0,1.0,0.0,1.0,5.0,1.0,0.0,0.0,1.0,1.0,62.46666666666667,1.0,1,8
98b3f9f1-5da8-4b21-ab57-9c4ff284cf97,1,0,1.0,2.0,7636.0,3818.0,316.7838379715733,1.0,0.0,1.0,5.0,1.0,0.0,0.0,2.0,2.0,25.453333333333333,1.0,1,8
914c15cc-fe6a-4c48-9440-3f2eeb844e17,1,0,0.0,2.0,21999.0,10999.5,2762.666194095841,1.0,0.0,1.0,6.0,1.0,0.0,0.0,5.0,5.0,73.33,1.0,0,9
16476177-969f-49a3-a5ec-40a63a8d09da,1,0,2.0,1.0,30150.0,30150.0,0.0,1.0,0.0,1.0,6.0,0.0,1.0,0.0,5.0,5.0,201.0,1.0,0,9
b7ea9d35-d51a-468d-b75e-8d7404aada09,1,0,1.0,2.0,23057.0,11528.5,6721.049955178134,1.0,0.0,1.0,2.0,0.0,0.5,0.5,3.0,4.0,115.285,1.0,0,3
8aaaec62-a661-4cef-9fa2-f1af922f1b55,1,0,0.0,3.0,78637.0,26212.333333333332,1375.7123003496524,1.0,0.0,1.0,2.0,0.3333333333333333,0.0,0.6666666666666666,7.0,5.0,262.12333333333333,1.0,1,3
4708e6cd-f364-40eb-a07d-deb60af036c5,1,0,2.0,1.0,5252.0,5252.0,0.0,1.0,0.0,1.0,1.0,1.0,0.0,0.0,1.0,1.0,105.04,0.0,0,1
69a706d0-8ead-4027-ae91-2f6ea4917743,0,0,0.0,3.0,50550.0,16850.0,1800.4877117048036,1.0,0.0,1.0,3.0,1.0,0.0,0.0,26.0,26.0,112.33333333333333,1.0,0,4
b6883250-ea1d-438d-9714-4b7a39653264,0,0,0.0,3.0,94020.0,31340.0,9457.870426264044,1.0,0.0,1.0,5.0,0.0,0.0,1.0,18.0,16.0,208.9333333333333,1.0,0,8
86a6a9ee-87dc-47fa-a394-4a2b75e2762a,0,0,0.0,1.0,10070.0,10070.0,0.0,1.0,0.0,1.0,3.0,1.0,0.0,0.0,1.0,1.0,67.13333333333334,1.0,0,4
9b12f6d0-f432-4ad9-a966-9b65ee696b4b,0,0,0.0,3.0,88928.0,29642.666666666668,2099.0436711353423,1.0,0.0,1.0,3.0,0.0,1.0,0.0,17.0,17.0,197.61777777777777,1.0,1,4
480b379e-4c36-4aa9-8323-161a48688541,0,0,1.0,1.0,6239.0,6239.0,0.0,1.0,0.0,1.0,4.0,1.0,0.0,0.0,1.0,1.0,62.39,1.0,1,5
fbc19d42-097c-447b-b8d4-12d8446a9bca,0,0,0.0,3.0,16216.0,5405.333333333333,4666.781581918457,1.0,0.0,1.0,2.0,0.6666666666666666,0.3333333333333333,0.0,5.0,7.0,54.053333333333335,1.0,1,3
f6d152e1-7263-496f-b261-f3cfec49f64a,0,0,0.0,3.0,10568.0,3522.6666666666665,48.56267428111161,1.0,0.0,1.0,2.0,0.0,0.0,1.0,2.0,2.0,35.22666666666667,1.0,1,3
06492eb4-8140-4a76-abb2-153e5ed54120,0,0,0.0,3.0,55856.0,18618.666666666668,12162.962317352352,1.0,0.0,1.0,3.0,0.3333333333333333,0.3333333333333333,0.3333333333333333,15.0,15.0,124.12444444444445,1.0,1,4
b04dace3-2500-4a29-9ea6-89e800916008,0,0,2.0,1.0,13448.0,13448.0,0.0,1.0,0.0,1.0,6.0,1.0,0.0,0.0,4.0,5.0,89.65333333333334,1.0,0,9
55a4bad5-e1e2-488b-b40a-59bbcf903292,0,0,1.0,3.0,23912.0,7970.666666666667,4273.5851849861765,1.0,0.0,1.0,5.0,0.3333333333333333,0.0,0.6666666666666666,5.0,5.0,53.13777777777778,1.0,1,8
72360646-ed42-47d2-89b5-476287b94ebb,6,1,1.0,3.0,54664.0,18221.333333333332,11759.620841393371,1.0,0.0,1.0,3.0,0.6666666666666666,0.3333333333333333,0.0,12.0,12.0,121.47555555555556,1.0,1,4
1e330be9-b5c6-4b9e-b0ee-53bf3427eebf,6,1,0.0,1.0,12643.0,12643.0,0.0,0.0,1.0,1.0,6.0,1.0,0.0,0.0,3.0,2.0,84.28666666666666,1.0,0,9
397cc564-dff7-45b6-944c-706a57267141,6,1,0.0,3.0,66494.0,22164.666666666668,17298.4848276759,0.6666666666666667,1.0,1.0,6.0,0.3333333333333333,0.0,0.6666666666666666,13.0,11.0,147.76444444444442,1.0,0,9
ee4d554b-5489-422d-823e-d098136f3248,6,1,1.0,3.0,47420.0,15806.666666666666,13524.733688074353,1.0,0.0,1.0,2.0,0.3333333333333333,0.3333333333333333,0.3333333333333333,12.0,11.0,158.06666666666666,1.0,1,3
86bdcfc5-e74f-48cc-9d0b-40a4f1404f86,6,1,0.0,1.0,19208.0,19208.0,0.0,0.0,1.0,1.0,5.0,0.0,1.0,0.0,5.0,4.0,128.05333333333334,1.0,0,8
b4e83992-be5c-41bb-84b0-8980391e1c32,6,1,2.0,1.0,8150.0,8150.0,0.0,1.0,0.0,1.0,1.0,0.0,0.0,1.0,1.0,1.0,163.0,0.0,1,1
ad591da7-52b8-4c88-ace6-466d6bf09ed7,6,1,0.0,2.0,23229.0,11614.5,2435.982861187656,0.5,1.0,1.0,6.0,0.5,0.0,0.5,5.0,4.0,77.43,1.0,1,9
7fa08b17-b860-439d-9d9e-4a8f56194e2f,6,1,0.0,2.0,28500.0,14250.0,4453.358507912876,0.5,1.0,1.0,6.0,1.0,0.0,0.0,6.0,6.0,95.0,1.0,0,9
3a990fd7-dfe1-4a87-9a8d-3e53af2093f2,6,1,2.0,1.0,3739.0,3739.0,0.0,1.0,0.0,1.0,6.0,0.0,0.0,1.0,1.0,1.0,24.926666666666666,1.0,1,9
d234d622-cca5-4cc1-8843-7dad10a2486b,6,1,1.0,2.0,39887.0,19943.5,5145.616046694507,1.0,0.0,1.0,6.0,1.0,0.0,0.0,15.0,16.0,132.95666666666668,1.0,0,9
2794741f-f673-43dd-b6b6-9941b9b6d5aa,6,1,1.0,1.0,5235.0,5235.0,0.0,1.0,0.0,1.0,6.0,0.0,0.0,1.0,2.0,1.0,34.9,1.0,1,9
bdb4df04-ad1e-475e-aba8-f25066052111,6,1,2.0,1.0,3747.0,3747.0,0.0,1.0,0.0,1.0,6.0,0.0,0.0,1.0,1.0,1.0,24.98,1.0,1,9
40bba8c3-18ee-4953-a990-b18481a0d327,5,1,1.0,2.0,11126.0,5563.0,2906.2088706767104,0.5,1.0,1.0,6.0,0.0,1.0,0.0,4.0,4.0,37.086666666666666,1.0,1,9
517d7b43-c2ae-413d-a5b5-b15439a75f40,5,1,0.0,3.0,80077.0,26692.333333333332,15993.075293180274,0.33333333333333337,1.0,1.0,6.0,0.3333333333333333,0.3333333333333333,0.3333333333333333,15.0,15.0,177.94888888888886,1.0,0,9
3c44658f-de40-4ab2-a81c-7ba627fdf28f,5,1,2.0,1.0,3284.0,3284.0,0.0,1.0,0.0,1.0,1.0,1.0,0.0,0.0,2.0,2.0,65.68,0.0,1,1
57da4dba-c072-46f2-87d8-c5d8edceffaa,5,1,0.0,3.0,57830.0,19276.666666666668,5918.11476175761,0.33333333333333337,1.0,1.0,6.0,0.3333333333333333,0.0,0.6666666666666666,9.0,10.0,128.5111111111111,1.0,0,9
fbef7df0-a88b-484e-a6f7-1f5e84803f48,4,0,0.0,2.0,48162.0,24081.0,9193.802368987492,1.0,0.0,1.0,5.0,0.0,1.0,0.0,5.0,5.0,160.54,1.0,1,8
c949abf2-9c60-4f12-9f32-72e41baebeca,4,0,1.0,1.0,27184.0,27184.0,0.0,0.0,1.0,1.0,3.0,1.0,0.0,0.0,1.0,1.0,181.22666666666666,1.0,1,4
fb7358a9-9dae-43b7-a1b2-a25d489c5b2b,4,0,0.0,2.0,22091.0,11045.5,3263.2977951759167,0.5,1.0,1.0,3.0,1.0,0.0,0.0,11.0,12.0,73.63666666666666,1.0,0,4
4f0bf4f4-d781-4e9b-b553-f667b8dd6434,4,0,1.0,3.0,14263.0,4754.333333333333,2113.821736413299,0.33333333333333337,1.0,1.0,6.0,0.6666666666666666,0.3333333333333333,0.0,2.0,2.0,31.695555555555554,1.0,1,9
699655ff-cb61-41ba-bc03-550b10fb5c60,4,0,0.0,1.0,6512.0,6512.0,0.0,1.0,0.0,1.0,6.0,0.0,1.0,0.0,3.0,3.0,43.413333333333334,1.0,0,9
e4558aab-3351-4605-a0db-c1c8b193b74b,4,0,0.0,3.0,9203.0,3067.6666666666665,3454.4528269080956,0.33333333333333337,1.0,1.0,6.0,0.0,0.6666666666666666,0.3333333333333333,3.0,3.0,20.45111111111111,1.0,0,9
26195de7-908c-4ac4-96f2-1f4f3222126a,3,0,0.0,1.0,24800.0,24800.0,0.0,1.0,0.0,1.0,2.0,1.0,0.0,0.0,1.0,1.0,248.0,1.0,0,3
77894716-1fcb-432a-a639-30f0716ce6ed,3,0,0.0,1.0,25319.0,25319.0,0.0,1.0,0.0,1.0,6.0,1.0,0.0,0.0,5.0,5.0,168.79333333333332,1.0,1,9
38a00575-4735-4e4f-a8ff-8827926dc2c1,3,0,1.0,1.0,14602.0,14602.0,0.0,1.0,0.0,1.0,1.0,1.0,0.0,0.0,2.0,2.0,292.04,0.0,1,1
7532c947-31cb-427e-96c0-ab64961a0347,3,0,0.0,1.0,8202.0,8202.0,0.0,1.0,0.0,1.0,2.0,0.0,0.0,1.0,2.0,2.0,82.02,1.0,0,3
dd75088c-979d-4b4f-bb4c-45608046582e,3,0,0.0,3.0,94630.0,31543.333333333332,16187.436990868362,0.6666666666666667,1.0,1.0,6.0,0.0,0.3333333333333333,0.6666666666666666,17.0,15.0,210.2888888888889,1.0,0,9
8ea6bbf4-dcfa-4774-a2d5-5425f4614715,3,0,1.0,1.0,13361.0,13361.0,0.0,1.0,0.0,1.0,5.0,1.0,0.0,0.0,4.0,4.0,89.07333333333334,1.0,1,8
1ef9ae6d-1b07-4674-93b0-7d465d7c9ac7,3,0,0.0,2.0,68493.0,34246.5,4089.1985156018045,1.0,0.0,2.0,3.0,0.0,1.0,0.0,15.0,16.0,228.31,1.0,0,4
44690217-a350-4a1d-a6cc-9d64a908a8a1,3,0,0.0,2.0,95322.0,47661.0,44998.86134114951,0.5,1.0,2.0,1.0,0.0,0.0,1.0,3.0,3.0,0.0,0.0,0,1
b04ca53e-995d-44e5-8ddc-da8857ed3da0,3,0,0.0,2.0,11305.0,5652.5,2253.549311641527,1.0,0.0,1.0,6.0,0.5,0.0,0.5,3.0,2.0,37.68333333333333,1.0,0,9
64ee06b4-a9e9-42be-8230-ffaf2f3e2842,2,0,0.0,1.0,22883.0,22883.0,0.0,1.0,0.0,1.0,6.0,1.0,0.0,0.0,6.0,5.0,152.55333333333334,1.0,1,9
e6c9f3b9-5059-4fdb-8dd6-bdf8918417c1,2,0,1.0,2.0,15654.0,7827.0,5354.212547144538,1.0,0.0,1.0,6.0,0.5,0.0,0.5,3.0,3.0,52.18,1.0,0,9
8e2c9f54-9217-4d4b-8c30-baa2e237d16b,2,0,0.0,1.0,15877.0,15877.0,0.0,1.0,0.0,1.0,6.0,1.0,0.0,0.0,2.0,2.0,105.84666666666666,1.0,0,9
72f4bf59-2067-4f1d-9ec3-b9502c91ea84,2,0,0.0,1.0,19637.0,19637.0,0.0,1.0,0.0,1.0,6.0,0.0,1.0,0.0,9.0,9.0,130.91333333333333,1.0,0,9
5d2ff070-4bea-4b8e-a9d7-f46c02430318,2,0,2.0,1.0,14680.0,14680.0,0.0,1.0,0.0,1.0,5.0,1.0,0.0,0.0,4.0,4.0,97.86666666666666,1.0,0,8
f20440e3-48c2-4199-b76f-17f60d588f38,2,0,0.0,3.0,77831.0,25943.666666666668,6653.726950614469,1.0,0.0,3.0,2.0,0.3333333333333333,0.6666666666666666,0.0,26.0,24.0,198.21555555555554,1.0,0,3
cc2ded26-b30f-4804-b0ac-890447bb0e8f,1,0,0.0,2.0,19270.0,9635.0,8155.769614205639,1.0,0.0,1.0,6.0,0.0,1.0,0.0,5.0,4.0,64.23333333333333,1.0,1,9
9060fc5a-6a9c-484a-8a55-8e85b56b7585,1,0,0.0,1.0,384.0,384.0,0.0,1.0,0.0,1.0,6.0,0.0,1.0,0.0,1.0,1.0,2.56,1.0,1,9
5490c3ae-c753-4afd-9078-a38d27b7af3b,1,0,0.0,2.0,45478.0,22739.0,11054.907417070484,1.0,0.0,1.0,6.0,0.5,0.5,0.0,6.0,7.0,151.59333333333333,1.0,0,9
d964e58a-3f0e-4bf8-b118-552e2d25b3dd,1,0,1.0,2.0,21772.0,10886.0,554.3717164502533,1.0,0.0,1.0,6.0,0.5,0.0,0.5,7.0,7.0,72.57333333333332,1.0,0,9
d98f3ba6-fcc0-46b9-8da9-6e7559366333,0,0,2.0,1.0,7368.0,7368.0,0.0,1.0,0.0,1.0,6.0,1.0,0.0,0.0,1.0,1.0,49.12,1.0,0,9
27a7e7d2-accd-49e5-b095-24618f77bc14,0,0,1.0,1.0,29756.0,29756.0,0.0,1.0,0.0,1.0,6.0,0.0,1.0,0.0,5.0,5.0,198.37333333333333,1.0,0,9
7b99d143-0747-4719-b9bd-d04530df4887,0,0,1.0,3.0,57075.0,19025.0,13328.670638889686,1.0,0.0,1.0,4.0,0.6666666666666666,0.3333333333333333,0.0,4.0,4.0,190.25,1.0,1,5
42f41938-1af6-48d5-9d63-35c462a1229b,0,0,1.0,1.0,2624.0,2624.0,0.0,1.0,0.0,1.0,6.0,0.0,0.0,1.0,1.0,1.0,17.493333333333332,1.0,0,9
8e69ed38-bb7e-47b8-8222-e7e7679b7652,0,0,1.0,2.0,44785.0,22392.5,3565.939497523759,1.0,0.0,1.0,5.0,0.5,0.5,0.0,8.0,8.0,149.28333333333333,1.0,1,8
5d3aafc0-9926-4e9e-9acd-605d7617bc9b,0,0,1.0,2.0,10256.0,5128.0,1658.8725086636405,1.0,0.0,1.0,6.0,1.0,0.0,0.0,4.0,4.0,34.18666666666667,1.0,0,9
936da508-eaa5-47e6-be8e-2f0b88041604,0,0,1.0,2.0,21401.0,10700.5,7592.20550959996,1.0,0.0,1.0,5.0,0.5,0.5,0.0,2.0,2.0,71.33666666666667,1.0,1,8
93143593-d88d-41bd-8149-6bf23e8c12e6,0,0,1.0,3.0,52917.0,17639.0,2593.757698783755,1.0,0.0,1.0,6.0,0.3333333333333333,0.6666666666666666,0.0,12.0,12.0,117.59333333333332,1.0,0,9
02062b53-d2bf-4bfe-81d6-3495ce4c35f2,0,0,2.0,2.0,30697.0,15348.5,195.86857838867365,1.0,0.0,1.0,4.0,0.0,1.0,0.0,4.0,4.0,153.485,1.0,0,5
8cabfb7e-b94c-445e-ae27-32785c705b71,0,0,2.0,1.0,8621.0,8621.0,0.0,1.0,0.0,1.0,6.0,0.0,0.0,1.0,1.0,1.0,57.473333333333336,1.0,0,9
48005863-a5d4-4cfb-b0d3-3f01befdd71a,0,0,2.0,2.0,46771.0,23385.5,6094.553347046854,1.0,0.0,1.0,6.0,1.0,0.0,0.0,7.0,7.0,155.90333333333334,1.0,0,9
f4852740-b6e9-4dbe-b538-d545f6d37f65,0,0,1.0,3.0,14719.0,4906.333333333333,4583.684362315247,1.0,0.0,1.0,6.0,0.3333333333333333,0.0,0.6666666666666666,3.0,3.0,32.708888888888886,1.0,1,9
e90ffc03-a976-4bce-9f0b-a442761786b9,0,0,1.0,1.0,12674.0,12674.0,0.0,1.0,0.0,1.0,6.0,0.0,0.0,1.0,4.0,3.0,84.49333333333334,1.0,0,9
7a159dfc-4a03-4540-a347-3f75d3528791,0,0,0.0,3.0,30989.0,7747.25,6763.667317612047,1.0,0.0,3.0,1.0,0.5,0.25,0.25,15.0,15.0,116.84833333333333,0.0,1,1
9aba273e-fbf2-4c2b-83db-6642ecb9546f,6,1,0.0,1.0,17918.0,17918.0,0.0,0.0,1.0,1.0,5.0,1.0,0.0,0.0,6.0,5.0,119.45333333333333,1.0,0,8
5866edd6-b97d-4703-9b43-ce9596405bad,6,1,0.0,1.0,7022.0,7022.0,0.0,0.0,1.0,1.0,5.0,1.0,0.0,0.0,2.0,2.0,46.81333333333333,1.0,1,8
66640f4a-aba0-410f-8dc4-2120ab7d853b,6,1,1.0,1.0,5238.0,5238.0,0.0,1.0,0.0,1.0,1.0,1.0,0.0,0.0,1.0,1.0,104.76,0.0,0,1
2f7582cc-5254-4874-87f0-c7ee82c1bb55,6,1,0.0,1.0,8055.0,8055.0,0.0,0.0,1.0,1.0,1.0,1.0,0.0,0.0,3.0,3.0,161.1,0.0,1,1
559fdd6e-bba4-4020-a13f-d788fd96daed,6,1,1.0,1.0,10884.0,10884.0,0.0,1.0,0.0,1.0,1.0,1.0,0.0,0.0,3.0,3.0,217.68,0.0,0,1
48d31122-ec9b-41b0-b837-a02f86721167,5,1,1.0,1.0,12605.0,12605.0,0.0,0.0,1.0,1.0,3.0,1.0,0.0,0.0,4.0,4.0,84.03333333333333,1.0,0,4
a0f67ee3-a89c-42f1-bd45-5389f58c3f82,5,1,0.0,1.0,9252.0,9252.0,0.0,0.0,1.0,1.0,5.0,0.0,1.0,0.0,1.0,1.0,61.68,1.0,0,8
6f60a9aa-422c-4a0e-a938-a84607cb4b9b,5,1,0.0,3.0,61698.0,20566.0,8629.859558532804,0.33333333333333337,1.0,1.0,2.0,0.3333333333333333,0.3333333333333333,0.3333333333333333,7.0,6.0,205.66,1.0,0,3
72c88d48-5366-430e-a165-21ee944acc48,4,0,0.0,2.0,46065.0,23032.5,4521.947865687971,0.5,1.0,1.0,5.0,0.5,0.5,0.0,9.0,9.0,153.55,1.0,0,8
11805e24-40cc-476e-9654-dd780f5b02ee,4,0,1.0,2.0,40822.0,20411.0,6074.047250392443,0.0,1.0,1.0,5.0,0.0,1.0,0.0,13.0,13.0,136.07333333333332,1.0,1,8
1a865e91-6cf4-436e-8e76-b6f5a0df5dc6,4,0,0.0,1.0,20032.0,20032.0,0.0,1.0,0.0,1.0,1.0,0.0,1.0,0.0,7.0,6.0,400.64,0.0,0,1
791681e2-6eef-4df0-ab18-e06e13b48760,4,0,0.0,1.0,1173.0,1173.0,0.0,1.0,0.0,1.0,5.0,1.0,0.0,0.0,1.0,1.0,7.82,1.0,0,8
375e48b2-5b2a-4339-b38c-07284306407a,3,0,0.0,1.0,9643.0,9643.0,0.0,1.0,0.0,1.0,1.0,1.0,0.0,0.0,2.0,2.0,192.86,0.0,0,1
399fab8d-e826-475f-b9dd-f64e19040cda,3,0,0.0,1.0,11963.0,11963.0,0.0,1.0,0.0,1.0,5.0,1.0,0.0,0.0,4.0,4.0,79.75333333333333,1.0,1,8
9c0427da-ce11-4153-a601-5057f9b45b2e,3,0,0.0,1.0,9193.0,9193.0,0.0,1.0,0.0,1.0,1.0,1.0,0.0,0.0,2.0,2.0,183.86,0.0,0,1
79f58c07-da53-4154-a66d-ec7a48eec3ad,3,0,0.0,2.0,30047.0,15023.5,6415.579825705546,1.0,0.0,1.0,2.0,1.0,0.0,0.0,2.0,2.0,150.235,1.0,1,3
9f51e0f2-27d9-41e1-a44f-05397d5c4db2,2,0,0.0,1.0,11255.0,11255.0,0.0,1.0,0.0,1.0,2.0,1.0,0.0,0.0,1.0,1.0,112.55,1.0,0,3
53222b27-e708-443f-a5f4-b2cf7ccba578,2,0,0.0,1.0,40170.0,40170.0,0.0,1.0,0.0,1.0,5.0,0.0,1.0,0.0,4.0,4.0,267.8,1.0,0,8
c604c5f0-bc3b-4093-bb67-61557db102b5,2,0,0.0,1.0,30985.0,30985.0,0.0,1.0,0.0,1.0,1.0,0.0,1.0,0.0,7.0,7.0,619.7,0.0,1,1
cdba0000-84fa-4f42-9e2c-688232578ebf,2,0,0.0,1.0,11250.0,11250.0,0.0,1.0,0.0,1.0,2.0,1.0,0.0,0.0,1.0,1.0,112.5,1.0,0,3
3c5b6ba9-ca84-4a3f-a6ad-85101ab30564,2,0,0.0,2.0,56770.0,28385.0,1914.8451634531707,1.0,0.0,1.0,3.0,0.0,1.0,0.0,8.0,8.0,189.23333333333335,1.0,0,4
59e65d43-2117-4ae3-a9ae-d9db41891ff8,1,0,0.0,3.0,50153.0,16717.666666666668,13459.504238022042,1.0,0.0,1.0,1.0,0.0,1.0,0.0,14.0,14.0,334.3533333333333,0.0,1,1
649e7160-0eda-48f1-b8b5-97e068664b9e,1,0,0.0,3.0,83782.0,27927.333333333332,6234.378423975668,1.0,0.0,1.0,1.0,0.3333333333333333,0.6666666666666666,0.0,18.0,18.0,558.5466666666667,0.0,1,1
39e9a703-2372-40dc-90ab-165e24849e60,1,0,2.0,2.0,34704.0,17352.0,14051.625955739073,1.0,0.0,1.0,5.0,0.0,1.0,0.0,5.0,5.0,115.67999999999999,1.0,1,8
95f7f476-179a-4be2-bf4a-67ac05c605b1,1,0,0.0,1.0,5523.0,5523.0,0.0,1.0,0.0,1.0,3.0,0.0,0.0,1.0,2.0,2.0,36.82,1.0,1,4
46a4e525-f34d-4822-bec1-8abb709b18ec,1,0,0.0,3.0,103449.0,34483.0,3951.579810658011,1.0,0.0,1.0,2.0,0.3333333333333333,0.6666666666666666,0.0,7.0,7.0,344.83,1.0,0,3
02e45dab-3e27-4a6b-affc-ca605ab294b2,1,0,1.0,1.0,21712.0,21712.0,0.0,1.0,0.0,1.0,4.0,0.0,1.0,0.0,4.0,4.0,217.12,1.0,0,5
9de0479e-4767-4af9-854c-33a867b3b490,0,0,2.0,1.0,9160.0,9160.0,0.0,1.0,0.0,1.0,4.0,1.0,0.0,0.0,1.0,1.0,91.6,1.0,0,5
f33c28ca-a073-42e8-8399-41f639f956b1,0,0,0.0,1.0,33393.0,33393.0,0.0,1.0,0.0,1.0,3.0,1.0,0.0,0.0,5.0,5.0,222.62,1.0,1,4
93e4f0f1-c4ce-44fe-b8ad-caa1ab6e2e4b,0,0,1.0,1.0,10497.0,10497.0,0.0,1.0,0.0,1.0,2.0,0.0,0.0,1.0,1.0,1.0,104.97,1.0,1,3
ce3ec0d6-30b5-4ba2-9a71-51ba30fc57ee,0,0,0.0,2.0,19919.0,9959.5,6131.322899668554,1.0,0.0,1.0,5.0,0.5,0.0,0.5,3.0,3.0,66.39666666666666,1.0,1,8
76990368-a790-4455-87b7-2f614c80a735,6,1,2.0,1.0,7056.0,7056.0,0.0,1.0,0.0,1.0,1.0,1.0,0.0,0.0,1.0,1.0,141.12,0.0,0,1
c866202f-8f98-4432-96f7-2efba9bccd7f,6,1,2.0,2.0,6648.0,3324.0,308.2985565973347,1.0,0.0,1.0,1.0,0.0,0.0,1.0,1.0,1.0,66.48,0.0,1,1
b5eeab2a-82e1-4cb6-b2d0-6849d6de6092,6,1,0.0,1.0,23614.0,23614.0,0.0,0.0,1.0,1.0,5.0,0.0,1.0,0.0,12.0,10.0,157.42666666666668,1.0,1,8
f0198dcc-2aae-4c83-b166-e2bb72a284e6,6,1,0.0,3.0,53357.0,17785.666666666668,10622.039179617694,0.6666666666666667,1.0,2.0,3.0,0.3333333333333333,0.0,0.6666666666666666,11.0,10.0,159.1577777777778,0.0,1,4
04f9c8e6-ba79-45a8-bbfb-08e33f1f37bb,5,1,0.0,1.0,7061.0,7061.0,0.0,0.0,1.0,1.0,5.0,0.0,0.0,1.0,3.0,3.0,47.07333333333333,1.0,1,8
c0be0546-8b6c-47ae-a4b0-b9ac9d667691,5,1,2.0,1.0,20217.0,20217.0,0.0,1.0,0.0,1.0,3.0,1.0,0.0,0.0,7.0,7.0,134.78,1.0,0,4
9ba77f2c-abd8-4874-85ff-9533ca8648ac,4,0,0.0,2.0,47052.0,23526.0,1432.5983386839453,0.5,1.0,1.0,5.0,1.0,0.0,0.0,7.0,7.0,156.84,1.0,0,8
54b02ceb-3d19-40ad-b58f-6e19cf09cd9e,4,0,0.0,1.0,4228.0,4228.0,0.0,1.0,0.0,1.0,1.0,1.0,0.0,0.0,2.0,2.0,84.56,0.0,1,1
737b4289-af7d-4a5f-81ce-9f26f76772dd,4,0,2.0,1.0,3529.0,3529.0,0.0,0.0,1.0,1.0,2.0,0.0,0.0,1.0,1.0,2.0,35.29,1.0,0,3
94b5b564-bf73-4d06-b0bd-8d09c79a5c0c,3,0,0.0,1.0,9137.0,9137.0,0.0,1.0,0.0,1.0,3.0,1.0,0.0,0.0,4.0,4.0,60.913333333333334,1.0,0,4
4acc06b7-3b62-4c01-a140-3ead75b80f03,3,0,0.0,3.0,47267.0,15755.666666666666,4660.54828677199,0.6666666666666667,1.0,1.0,5.0,0.3333333333333333,0.6666666666666666,0.0,21.0,21.0,105.03777777777778,1.0,1,8
25da578a-4107-4cfc-a1d0-e6b2be9d2be5,3,0,0.0,3.0,17426.0,5808.666666666667,3639.2200171648506,0.6666666666666667,1.0,1.0,4.0,1.0,0.0,0.0,5.0,5.0,58.086666666666666,1.0,1,5
9c00da30-441e-4499-8b5f-840081458a5c,3,0,1.0,3.0,27216.0,9072.0,6061.77102833817,0.33333333333333337,1.0,1.0,5.0,0.0,0.0,1.0,3.0,2.0,60.48,1.0,1,8
fbf8f600-ddbe-4043-b240-ccc156cc22ad,3,0,1.0,1.0,12100.0,12100.0,0.0,1.0,0.0,1.0,1.0,0.0,1.0,0.0,2.0,2.0,242.0,0.0,0,1
28e8bf9d-9be1-4903-aaf4-8dd770ca6912,3,0,2.0,1.0,9367.0,9367.0,0.0,0.0,1.0,1.0,2.0,1.0,0.0,0.0,1.0,1.0,93.67,1.0,0,3
011c6096-5e86-4ff5-8707-6986a8bd1727,3,0,1.0,2.0,52812.0,26406.0,603.8691911333116,0.5,1.0,1.0,1.0,1.0,0.0,0.0,26.0,26.0,528.12,0.0,0,1
a0668f69-bc08-4cd0-b373-b2af98ba5abd,2,0,1.0,1.0,13397.0,13397.0,0.0,1.0,0.0,1.0,1.0,1.0,0.0,0.0,5.0,6.0,267.94,0.0,0,1
4e480737-2750-484c-b4b9-b4618165d22e,2,0,1.0,2.0,12325.0,6162.5,712.0565286548533,1.0,0.0,1.0,1.0,0.5,0.0,0.5,2.0,2.0,123.25,0.0,1,1
13779908-9e75-45ce-9802-1585318349db,2,0,1.0,1.0,1927.0,1927.0,0.0,1.0,0.0,1.0,3.0,1.0,0.0,0.0,2.0,2.0,12.846666666666666,1.0,0,4
895a1d85-7f4f-4201-833c-09484b8a3749,2,0,0.0,1.0,1300.0,1300.0,0.0,1.0,0.0,1.0,1.0,0.0,0.0,1.0,1.0,1.0,26.0,0.0,1,1
a69d1b19-872d-4b9b-80ec-873cd9c9ad5c,2,0,1.0,2.0,26334.0,13167.0,6638.318461779309,1.0,0.0,1.0,4.0,0.5,0.0,0.5,4.0,3.0,131.67000000000002,1.0,0,5
35cacb30-69c6-41f7-ab4c-e700909fd74e,2,0,0.0,1.0,9207.0,9207.0,0.0,1.0,0.0,1.0,5.0,0.0,1.0,0.0,4.0,4.0,61.38,1.0,1,8
3fd8829b-f728-4a5d-a90c-7b9bd92d0c66,2,0,0.0,1.0,25522.0,25522.0,0.0,1.0,0.0,1.0,2.0,1.0,0.0,0.0,1.0,1.0,255.22,1.0,1,3
65213a41-b076-4c0d-b95a-4922b72c47c6,2,0,1.0,2.0,43876.0,21938.0,2373.0503576620536,1.0,0.0,1.0,1.0,1.0,0.0,0.0,10.0,10.0,438.76,0.0,0,1
f9dd07d8-61f5-4028-9950-1a53394a120c,2,0,1.0,1.0,3488.0,3488.0,0.0,1.0,0.0,1.0,4.0,1.0,0.0,0.0,2.0,1.0,34.88,1.0,0,5
4a0007d6-ecd7-45e7-8414-4f32c23fb58a,1,0,0.0,3.0,100058.0,33352.666666666664,4464.141724154078,1.0,0.0,1.0,5.0,0.3333333333333333,0.6666666666666666,0.0,27.0,27.0,222.3511111111111,1.0,0,8
cffbcc6e-86b6-4712-a692-341f6e2d4b9a,1,0,0.0,2.0,46330.0,23165.0,339.4112549695428,1.0,0.0,1.0,1.0,0.5,0.5,0.0,5.0,5.0,463.3,0.0,0,1
feb58dc8-d33e-4a5e-92d4-db662ac7b47b,1,0,2.0,1.0,741.0,741.0,0.0,1.0,0.0,1.0,3.0,0.0,1.0,0.0,3.0,3.0,4.94,1.0,0,4
5e38dc12-3272-43b2-9155-b70aa25256b8,1,0,0.0,1.0,319.0,319.0,0.0,1.0,0.0,1.0,1.0,0.0,1.0,0.0,1.0,1.0,6.38,0.0,0,1
20c2c04e-013a-4944-8679-a6a5205ee274,1,0,0.0,2.0,31921.0,15960.5,5441.186681230483,1.0,0.0,1.0,3.0,1.0,0.0,0.0,4.0,4.0,106.40333333333334,1.0,0,4
4ec7e65b-81fc-4382-922d-762c3826b148,1,0,0.0,1.0,9778.0,9778.0,0.0,1.0,0.0,1.0,2.0,1.0,0.0,0.0,1.0,1.0,97.78,1.0,0,3
ededf216-d29e-46e6-86af-16e41f4a51cb,0,0,0.0,2.0,17039.0,8519.5,584.7773080412748,1.0,0.0,1.0,1.0,0.0,0.0,1.0,4.0,4.0,170.39,0.0,0,1
48f94b99-a723-459b-be8d-49ddf74fda9f,0,0,0.0,2.0,6022.0,3011.0,845.6997102991108,1.0,0.0,1.0,3.0,0.5,0.0,0.5,4.0,5.0,20.07333333333333,1.0,0,4
7045e7ae-9c04-4fa5-be69-9ee33e5df3bd,6,1,1.0,2.0,20499.0,10249.5,16.263455967290593,1.0,0.0,1.0,2.0,1.0,0.0,0.0,2.0,2.0,102.495,1.0,1,3
7c017050-6ee2-4933-994d-d3d0bf565a19,6,1,1.0,3.0,12586.0,4195.333333333333,3005.4966866282407,1.0,0.0,1.0,5.0,0.0,0.0,1.0,3.0,3.0,27.968888888888888,1.0,1,8
d4c1d6be-1dd3-46f5-bda7-8b6920785936,6,1,1.0,3.0,17496.0,5832.0,1968.4331332305906,1.0,0.0,1.0,4.0,0.3333333333333333,0.0,0.6666666666666666,2.0,2.0,58.32,1.0,1,5
268218c5-85c7-41cd-928d-1e2abd1639e6,6,1,0.0,2.0,2751.0,1375.5,1685.0354595675428,0.5,1.0,1.0,4.0,1.0,0.0,0.0,3.0,3.0,13.755,1.0,0,5
e8e64f5e-e9a5-46db-befc-c0882c1bc0c5,6,1,2.0,1.0,14602.0,14602.0,0.0,1.0,0.0,1.0,1.0,0.0,1.0,0.0,3.0,3.0,292.04,0.0,1,1
d2d3062f-610e-4425-85e1-0abd137e395b,6,1,1.0,1.0,18649.0,18649.0,0.0,1.0,0.0,1.0,3.0,0.0,1.0,0.0,6.0,6.0,124.32666666666667,1.0,0,4
9fd8a3d8-c587-491d-98dc-291cd3c38614,4,0,1.0,3.0,68585.0,22861.666666666668,13976.40341194162,0.33333333333333337,1.0,1.0,2.0,0.0,1.0,0.0,6.0,7.0,228.61666666666667,1.0,1,3
9432ca2f-cf1b-42cb-8c9f-5f20b5400a66,4,0,1.0,2.0,23668.0,11834.0,445.47727214752496,0.5,1.0,1.0,2.0,1.0,0.0,0.0,4.0,3.0,118.34,1.0,0,3
a9493512-6bd2-4a72-892a-c3b00cc27c3e,4,0,2.0,1.0,2489.0,2489.0,0.0,0.0,1.0,1.0,4.0,1.0,0.0,0.0,2.0,2.0,24.89,1.0,0,5
f8fff56c-46f7-4a8d-8827-728d635878bf,4,0,1.0,2.0,33119.0,16559.5,13653.524837931047,0.5,1.0,1.0,1.0,0.5,0.5,0.0,6.0,6.0,331.19,0.0,1,1
b5cb70d9-c572-47a9-9ce1-18c745d44cd3,3,0,1.0,1.0,22707.0,22707.0,0.0,1.0,0.0,1.0,2.0,0.0,1.0,0.0,2.0,2.0,227.07,1.0,1,3
70d8b159-2177-4771-bade-e2aec0267793,2,0,1.0,2.0,68973.0,34486.5,2465.681345997491,1.0,0.0,1.0,5.0,1.0,0.0,0.0,11.0,11.0,229.91,1.0,0,8
a2ff7574-587a-479a-a0ae-125e2e5f10ea,2,0,2.0,2.0,6001.0,3000.5,330.2188668141177,0.5,1.0,1.0,2.0,0.0,0.0,1.0,1.0,1.0,30.005000000000003,1.0,0,3
2918df85-6722-4f42-9501-8ff55730d914,2,0,2.0,1.0,11876.0,11876.0,0.0,1.0,0.0,1.0,3.0,0.0,1.0,0.0,2.0,3.0,79.17333333333333,1.0,1,4
7b116f55-a302-44f8-8fd3-9449e89f8873,2,0,2.0,1.0,17573.0,17573.0,0.0,1.0,0.0,1.0,5.0,0.0,1.0,0.0,4.0,4.0,117.15333333333334,1.0,1,8
833c6d03-018e-4394-9177-3a19f7f1e064,2,0,2.0,1.0,2914.0,2914.0,0.0,1.0,0.0,1.0,1.0,0.0,0.0,1.0,2.0,2.0,58.28,0.0,1,1
59f85005-c81e-47da-b367-cd89a026d6f5,1,0,1.0,2.0,6345.0,3172.5,562.1498910433053,1.0,0.0,1.0,5.0,0.0,1.0,0.0,2.0,2.0,21.15,1.0,1,8
9df4edb8-6a2a-4c8e-b86f-1286a034f2a7,1,0,1.0,2.0,31931.0,15965.5,22167.09048341708,1.0,0.0,1.0,3.0,0.0,0.5,0.5,6.0,6.0,106.43666666666667,1.0,0,4
66d4922e-f492-451d-af35-a930dcf9832c,1,0,1.0,2.0,29310.0,14655.0,5622.913123995426,1.0,0.0,1.0,3.0,0.5,0.5,0.0,7.0,7.0,97.69999999999999,1.0,0,4
4ffbeeb9-7b47-4cc8-94ae-4bcd80bf2db4,1,0,1.0,1.0,13919.0,13919.0,0.0,1.0,0.0,1.0,5.0,1.0,0.0,0.0,2.0,2.0,92.79333333333334,1.0,1,8
aa7eef89-2f02-4b61-a69d-98e16ffba6e5,1,0,1.0,2.0,30682.0,15341.0,988.5352800987935,1.0,0.0,1.0,2.0,1.0,0.0,0.0,2.0,2.0,153.41,1.0,0,3
cdbd46ff-ce2d-415c-b7a1-b1d037c65b72,1,0,1.0,1.0,6641.0,6641.0,0.0,1.0,0.0,1.0,5.0,0.0,1.0,0.0,1.0,1.0,44.27333333333333,1.0,0,8
20772c31-a950-44c4-a176-958808ceda8d,1,0,2.0,2.0,71788.0,35894.0,3797.16341497176,1.0,0.0,1.0,4.0,0.0,1.0,0.0,6.0,6.0,358.94,1.0,0,5
444dd40f-0d1e-40a7-8a5c-03cfea8de794,1,0,2.0,1.0,14999.0,14999.0,0.0,1.0,0.0,1.0,3.0,1.0,0.0,0.0,7.0,7.0,99.99333333333334,1.0,0,4
0a388f29-0829-4f7f-b1a8-4db3bc264e6b,1,0,1.0,2.0,22463.0,11231.5,706.399674405361,1.0,0.0,1.0,5.0,1.0,0.0,0.0,4.0,5.0,74.87666666666667,1.0,0,8
ae250632-c72b-4be0-b5de-ea6b34f5156d,0,0,1.0,1.0,21791.0,21791.0,0.0,1.0,0.0,1.0,2.0,1.0,0.0,0.0,1.0,1.0,217.91,1.0,1,3
91edfe44-8643-4df9-87d7-2845d07f3077,0,0,2.0,1.0,3508.0,3508.0,0.0,1.0,0.0,1.0,3.0,1.0,0.0,0.0,1.0,1.0,23.386666666666667,1.0,0,4
306d6c29-c02f-404d-91df-3621e304c5d2,0,0,1.0,2.0,9589.0,4794.5,1611.4963543241417,1.0,0.0,1.0,5.0,0.5,0.5,0.0,3.0,3.0,31.963333333333335,1.0,0,8
d3d7cd23-7237-464a-ac68-e7a5333fdbdb,0,0,1.0,2.0,10040.0,5020.0,2821.3560569343244,1.0,0.0,1.0,1.0,0.0,0.0,1.0,2.0,2.0,100.4,0.0,1,1
ee283dca-a0be-4f29-a3ae-c0616a000683,0,0,0.0,1.0,28579.0,28579.0,0.0,1.0,0.0,1.0,3.0,1.0,0.0,0.0,5.0,5.0,190.52666666666667,1.0,0,4
173918ee-513d-427f-ae10-f4a0b4a950d9,0,0,2.0,1.0,5096.0,5096.0,0.0,1.0,0.0,1.0,1.0,0.0,0.0,1.0,1.0,2.0,101.92,0.0,1,1
8e325aa7-dee6-41f1-b2a6-7d2d872db770,0,0,0.0,1.0,9647.0,9647.0,0.0,1.0,0.0,1.0,1.0,1.0,0.0,0.0,3.0,2.0,192.94,0.0,0,1
99cb5d43-05dc-4db7-b0c6-ec19bb63b23d,0,0,0.0,3.0,33682.0,11227.333333333334,3973.7611067266407,1.0,0.0,1.0,2.0,0.0,0.0,1.0,3.0,3.0,112.27333333333333,1.0,1,3
99129b15-da41-4497-a54c-93e367462352,0,0,1.0,3.0,76053.0,25351.0,5422.679411508669,1.0,0.0,1.0,3.0,0.3333333333333333,0.6666666666666666,0.0,18.0,18.0,169.00666666666666,1.0,0,4
9e4f139d-a8ac-4485-bb23-ffdc2e7bce27,0,0,1.0,1.0,2670.0,2670.0,0.0,1.0,0.0,1.0,1.0,0.0,0.0,1.0,1.0,1.0,53.4,0.0,0,1
f363056d-0982-431d-878b-ab514b86662a,0,0,1.0,1.0,8998.0,8998.0,0.0,1.0,0.0,1.0,4.0,1.0,0.0,0.0,2.0,2.0,89.98,1.0,0,5
5ffbe182-4f3d-492b-8110-667cd5b0a0be,5,1,1.0,2.0,89501.0,29833.666666666668,41445.32461368029,0.6666666666666667,1.0,1.0,3.0,0.0,0.0,1.0,3.0,4.0,198.89111111111114,1.0,1,4
ddba8260-41e3-411d-bfb0-933449a24a5c,5,1,0.0,3.0,38876.0,12958.666666666666,11634.60451985083,0.33333333333333337,1.0,1.0,2.0,0.0,1.0,0.0,5.0,5.0,129.58666666666667,1.0,1,3
0985c3cd-a33e-473b-a81c-5cab4f5886a1,5,1,0.0,2.0,25485.0,12742.5,5171.071890817222,0.0,1.0,1.0,5.0,0.5,0.0,0.5,6.0,6.0,84.95,1.0,1,8
807a19a6-1f15-4a1f-a66f-72c4645ee7ae,5,1,0.0,2.0,30248.0,15124.0,9960.306119793708,0.0,1.0,1.0,3.0,1.0,0.0,0.0,14.0,11.0,100.82666666666667,1.0,1,4
c58b0357-d4da-447b-826a-023ae4c265fe,5,1,2.0,1.0,22869.0,22869.0,0.0,1.0,0.0,1.0,1.0,1.0,0.0,0.0,4.0,5.0,457.38,0.0,1,1
abecbe7d-2454-40f1-818f-1856ff85a31b,5,1,0.0,2.0,20287.0,10143.5,4459.722468943555,0.0,1.0,1.0,1.0,1.0,0.0,0.0,5.0,5.0,202.87,0.0,0,1
835a12c5-50ad-4b30-98e9-51fddd246061,5,1,0.0,1.0,13338.0,13338.0,0.0,0.0,1.0,1.0,1.0,1.0,0.0,0.0,3.0,3.0,266.76,0.0,0,1
4166c61b-ed7c-4841-b9e4-9f1166cd1a89,5,1,1.0,1.0,17904.0,17904.0,0.0,0.0,1.0,1.0,3.0,1.0,0.0,0.0,8.0,8.0,119.36,1.0,1,4
884254d2-c345-4e25-acdb-f28eee000600,5,1,0.0,3.0,38175.0,12725.0,2490.856679939655,0.33333333333333337,1.0,1.0,1.0,0.6666666666666666,0.0,0.3333333333333333,12.0,12.0,254.5,0.0,0,1
79a57f7c-b4de-4fed-a706-374a195904d5,5,1,0.0,2.0,56256.0,28128.0,3003.789606480454,0.0,1.0,1.0,2.0,0.0,1.0,0.0,4.0,4.0,281.28,1.0,1,3
b391aef4-3510-4b50-9606-752dc7de6d2a,4,0,0.0,3.0,107763.0,35921.0,3153.778844497502,0.33333333333333337,1.0,1.0,2.0,0.3333333333333333,0.0,0.6666666666666666,7.0,6.0,359.21000000000004,1.0,1,3
b0f05a7e-2306-4a4f-9487-b96314ef8617,4,0,1.0,2.0,29624.0,14812.0,20400.030637231896,0.5,1.0,1.0,5.0,0.5,0.5,0.0,1.0,1.0,98.74666666666667,1.0,1,8
67803cb5-9e36-4134-9e2f-d90d18b1ac22,4,0,1.0,2.0,29438.0,14719.0,9726.960882002148,0.0,1.0,1.0,2.0,0.5,0.0,0.5,3.0,3.0,147.19,1.0,0,3
2396e67f-e83e-49e1-9407-334ecb81ed6f,4,0,0.0,1.0,15156.0,15156.0,0.0,1.0,0.0,1.0,3.0,1.0,0.0,0.0,3.0,3.0,101.04,1.0,0,4
f13f529d-6a5e-4bca-aa55-7eab51928212,3,0,2.0,2.0,38024.0,19012.0,7170.062761231592,0.0,1.0,1.0,2.0,0.5,0.5,0.0,1.0,2.0,190.12,1.0,0,3
cb7fc934-90f7-4533-8109-a3b34ab5597a,3,0,0.0,3.0,40469.0,13489.666666666666,7657.415643239782,0.6666666666666667,1.0,1.0,3.0,0.6666666666666666,0.0,0.3333333333333333,11.0,11.0,89.93111111111112,1.0,1,4
1e906710-fdc2-4c84-94cd-559d6081cce6,2,0,0.0,2.0,31837.0,15918.5,932.6738443850562,1.0,0.0,1.0,3.0,1.0,0.0,0.0,7.0,7.0,106.12333333333333,1.0,1,4
f7bd86d1-e1be-4024-b0e7-2965e6eb123a,2,0,0.0,3.0,52001.0,13000.25,8488.87441989023,1.0,0.0,1.0,5.0,1.0,0.0,0.0,9.0,8.0,86.66833333333332,1.0,0,8
983f0aee-d0c0-4f1b-8003-4006a6ab8b05,1,0,0.0,3.0,88119.0,29373.0,6645.2445402708845,1.0,0.0,1.0,3.0,0.3333333333333333,0.3333333333333333,0.3333333333333333,17.0,16.0,195.82000000000002,1.0,1,4
04e89a23-5ba9-413d-b026-78615308e41f,1,0,2.0,2.0,11668.0,5834.0,4374.162548419983,1.0,0.0,1.0,5.0,0.0,0.0,1.0,3.0,2.0,38.89333333333333,1.0,1,8
16777156-d5e1-4222-9d0c-e88068b8655a,1,0,1.0,3.0,81201.0,27067.0,4197.560124643839,1.0,0.0,1.0,2.0,0.3333333333333333,0.6666666666666666,0.0,4.0,2.0,270.67,1.0,1,3
8ec7ec02-fbf3-476f-8571-4af26c97e8b3,1,0,1.0,1.0,10443.0,10443.0,0.0,1.0,0.0,1.0,2.0,1.0,0.0,0.0,2.0,2.0,104.43,1.0,0,3
6a7c8a10-af44-42ac-acbe-94a13e946c1e,1,0,1.0,3.0,5048.0,1682.6666666666667,1382.7951161807498,1.0,0.0,1.0,1.0,0.0,0.0,1.0,1.0,1.0,33.653333333333336,0.0,0,1
66f1e49d-b171-406b-9bf2-ca86e22efad9,1,0,1.0,2.0,37151.0,18575.5,13802.017261980222,1.0,0.0,1.0,5.0,0.5,0.0,0.5,5.0,5.0,123.83666666666667,1.0,0,8
97e89918-ed06-4762-a87a-5c49358d6c65,1,0,2.0,1.0,22368.0,22368.0,0.0,1.0,0.0,1.0,3.0,0.0,1.0,0.0,6.0,7.0,149.12,1.0,1,4
3291a733-153c-4624-9bd5-428911307837,1,0,1.0,2.0,11809.0,5904.5,704.9854608429879,1.0,0.0,1.0,3.0,1.0,0.0,0.0,1.0,1.0,39.36333333333333,1.0,1,4
92567175-2466-4205-b723-3ddb5bd27c57,1,0,1.0,1.0,11295.0,11295.0,0.0,1.0,0.0,1.0,1.0,1.0,0.0,0.0,3.0,3.0,225.9,0.0,1,1
d4fa8ae9-e5c2-4c42-b73f-983d67fc63e1,0,0,1.0,1.0,17401.0,17401.0,0.0,1.0,0.0,1.0,5.0,1.0,0.0,0.0,7.0,7.0,116.00666666666666,1.0,1,8
69087b2e-cece-49af-af69-9ab2d212d322,0,0,1.0,3.0,39652.0,13217.333333333334,1966.7613819000344,1.0,0.0,1.0,5.0,0.0,1.0,0.0,11.0,11.0,88.11555555555556,1.0,1,8
3c34d77f-c2db-4f1f-a996-79f4c7cc685f,0,0,2.0,1.0,20865.0,20865.0,0.0,1.0,0.0,1.0,1.0,1.0,0.0,0.0,3.0,3.0,417.3,0.0,0,1
5b24e9a7-ddc5-4537-917b-47f1e4fca5b4,0,0,1.0,2.0,18652.0,9326.0,2100.107140124046,1.0,0.0,1.0,5.0,0.5,0.5,0.0,6.0,7.0,62.17333333333333,1.0,1,8
97de7780-e035-4aa2-bf91-4fdd18eda6bb,6,1,0.0,1.0,29376.0,29376.0,0.0,0.0,1.0,1.0,5.0,1.0,0.0,0.0,5.0,5.0,195.84,1.0,1,8
cfc61e33-82db-4d60-b878-c13a04775943,6,1,2.0,1.0,3550.0,3550.0,0.0,1.0,0.0,1.0,2.0,0.0,0.0,1.0,1.0,1.0,35.5,1.0,1,3
db047070-57f4-4179-94a3-1fccc6ad6651,6,1,0.0,3.0,79441.0,26480.333333333332,5846.554740471805,0.6666666666666667,1.0,1.0,5.0,0.6666666666666666,0.0,0.3333333333333333,11.0,11.0,176.53555555555556,1.0,0,8
c4829966-d7ae-4f5c-93fc-1a9d96708e3c,6,1,1.0,2.0,23762.0,11881.0,2952.8779182350227,1.0,0.0,1.0,4.0,0.5,0.5,0.0,7.0,7.0,118.81,1.0,0,5
5ac4f21d-9842-4c22-b038-c5415d2caa87,6,1,1.0,2.0,18118.0,9059.0,6607.2057634071,1.0,0.0,1.0,1.0,0.5,0.5,0.0,2.0,2.0,181.18,0.0,0,1
e2003857-4db7-4525-9be9-7d969146ef04,6,1,2.0,1.0,3544.0,3544.0,0.0,1.0,0.0,1.0,2.0,0.0,0.0,1.0,1.0,1.0,35.44,1.0,1,3
3a7ec19a-ba5c-48ef-8e3b-a5fcbb0227cf,6,1,2.0,1.0,23289.0,23289.0,0.0,1.0,0.0,1.0,5.0,0.0,1.0,0.0,4.0,4.0,155.26,1.0,1,8
0ca67702-9005-44c3-8c95-8c64ad206634,6,1,1.0,3.0,31740.0,10580.0,1712.614667693816,1.0,0.0,2.0,2.0,1.0,0.0,0.0,2.0,2.0,94.19666666666667,1.0,0,3
8662eeea-bcf9-4b56-a44c-0cc87ce95c6e,6,1,1.0,3.0,81428.0,27142.666666666668,13135.756785710266,1.0,0.0,1.0,3.0,0.3333333333333333,0.3333333333333333,0.3333333333333333,7.0,7.0,180.95111111111112,1.0,0,4
9462f9f4-78a6-45b3-9a99-b55e1661e2ea,6,1,1.0,2.0,20180.0,10090.0,7300.170408969917,1.0,0.0,1.0,1.0,0.5,0.5,0.0,1.0,1.0,201.8,0.0,0,1
a48432da-bb78-430a-867d-736a2a42e85c,5,1,1.0,1.0,30256.0,30256.0,0.0,0.0,1.0,1.0,5.0,0.0,0.0,1.0,16.0,16.0,201.70666666666668,1.0,0,8
75caa97a-e9f3-4ae5-b9a8-a5d89f47e30c,5,1,1.0,2.0,48361.0,24180.5,1834.9420971790908,0.5,1.0,1.0,2.0,1.0,0.0,0.0,1.0,1.0,241.805,1.0,1,3
8786f7d3-d5a1-47ae-9698-88d812151507,5,1,1.0,1.0,17625.0,17625.0,0.0,0.0,1.0,1.0,3.0,0.0,1.0,0.0,3.0,2.0,117.5,1.0,1,4
b6de63be-6ed6-4f69-a890-c3d5951fb8d7,5,1,1.0,3.0,80628.0,26876.0,3186.890804530334,0.6666666666666667,1.0,1.0,5.0,0.3333333333333333,0.0,0.6666666666666666,6.0,4.0,179.17333333333332,1.0,0,8
8740e974-1371-4ada-9667-35c2079c9074,4,0,0.0,1.0,19353.0,19353.0,0.0,1.0,0.0,1.0,1.0,1.0,0.0,0.0,5.0,5.0,387.06,0.0,0,1
c9cdd441-25f8-4f21-841b-fd042160b424,4,0,0.0,1.0,8148.0,8148.0,0.0,1.0,0.0,1.0,1.0,1.0,0.0,0.0,2.0,2.0,162.96,0.0,0,1
7313e4a8-7b87-4371-bb69-d84525696415,4,0,1.0,2.0,46032.0,23016.0,5225.519112968586,0.0,1.0,1.0,3.0,1.0,0.0,0.0,5.0,5.0,153.44,1.0,0,4
630e9834-f58b-482a-acd7-a9bb0dfa91b9,4,0,1.0,1.0,16496.0,16496.0,0.0,0.0,1.0,1.0,2.0,1.0,0.0,0.0,1.0,1.0,164.96,1.0,0,3
3816c88f-b994-42fb-8dd9-9113c317abfe,4,0,1.0,3.0,76992.0,25664.0,3318.7309321486127,0.33333333333333337,1.0,1.0,2.0,1.0,0.0,0.0,5.0,4.0,256.64,1.0,0,3
26e4b037-d8d3-42c6-9892-7ba856ca6c68,4,0,1.0,3.0,57196.0,19065.333333333332,5323.738755173224,0.33333333333333337,1.0,1.0,2.0,1.0,0.0,0.0,3.0,3.0,190.65333333333334,1.0,0,3
e1fd6c42-f90a-434b-ac9d-6df60c82d5f8,3,0,2.0,2.0,14933.0,7466.5,2533.5635969913997,0.0,1.0,1.0,5.0,1.0,0.0,0.0,2.0,2.0,49.77666666666667,1.0,0,8
19c1a0a8-ff58-4d5e-8920-1095db40bc2e,3,0,1.0,2.0,51674.0,25837.0,2662.964137948538,0.5,1.0,1.0,4.0,0.5,0.5,0.0,10.0,10.0,258.37,1.0,1,5
25d9740b-f554-4c50-a0cb-ab87a2a05a76,3,0,2.0,1.0,10360.0,10360.0,0.0,0.0,1.0,1.0,3.0,1.0,0.0,0.0,3.0,3.0,69.06666666666666,1.0,0,4
c3059439-1778-457f-8474-25dc87102a44,3,0,2.0,1.0,20478.0,20478.0,0.0,0.0,1.0,1.0,2.0,1.0,0.0,0.0,2.0,2.0,204.78,1.0,1,3
d71426b3-856d-412a-a85f-9b1c2905ee9c,2,0,0.0,1.0,29250.0,29250.0,0.0,1.0,0.0,1.0,2.0,0.0,1.0,0.0,3.0,3.0,292.5,1.0,0,3
1c331ac1-9d23-4d75-9f46-847628f4d4f5,2,0,0.0,1.0,1932.0,1932.0,0.0,1.0,0.0,1.0,1.0,0.0,1.0,0.0,1.0,1.0,38.64,0.0,0,1
238c99e9-6e01-4509-a82d-0659efcee1bd,2,0,0.0,3.0,10513.0,3504.3333333333335,136.51495644556064,0.6666666666666667,1.0,1.0,5.0,0.3333333333333333,0.6666666666666666,0.0,3.0,3.0,23.362222222222226,1.0,1,8
504b6543-3284-433c-a12a-5ed1f9a040ec,2,0,1.0,1.0,5349.0,5349.0,0.0,1.0,0.0,1.0,1.0,0.0,0.0,1.0,1.0,2.0,106.98,0.0,0,1
f81267ab-efbd-419e-a8e7-61d7f88004d9,2,0,0.0,1.0,2944.0,2944.0,0.0,1.0,0.0,1.0,1.0,0.0,1.0,0.0,1.0,1.0,58.88,0.0,0,1
dbedf556-7361-4972-9227-aef9f3a6ebcc,2,0,0.0,1.0,2675.0,2675.0,0.0,1.0,0.0,1.0,1.0,0.0,1.0,0.0,1.0,1.0,53.5,0.0,1,1
1705d5fc-eded-4fcf-8a93-a5c5755e3d9d,2,0,0.0,1.0,18872.0,18872.0,0.0,1.0,0.0,1.0,1.0,1.0,0.0,0.0,2.0,3.0,377.44,0.0,0,1
99556314-6837-43f8-b3b5-8799f2bd429e,1,0,1.0,3.0,52705.0,17568.333333333332,3750.8678106983903,1.0,0.0,1.0,5.0,1.0,0.0,0.0,9.0,9.0,117.12222222222222,1.0,1,8
852c566c-ed82-4f61-ac7b-08745a0ef0aa,1,0,1.0,3.0,63067.0,21022.333333333332,9044.387062335034,1.0,0.0,1.0,5.0,1.0,0.0,0.0,12.0,13.0,140.1488888888889,1.0,1,8
a42dcd22-d58a-4fd6-81f1-6881c2cc01cd,1,0,0.0,1.0,6932.0,6932.0,0.0,1.0,0.0,1.0,5.0,1.0,0.0,0.0,4.0,4.0,46.21333333333333,1.0,1,8
92011b50-5535-47d7-8445-4cabd0917fc1,1,0,0.0,3.0,56805.0,18935.0,12212.379129391618,1.0,0.0,1.0,3.0,0.3333333333333333,0.3333333333333333,0.3333333333333333,12.0,11.0,126.23333333333333,1.0,1,4
37f358b9-7187-41ba-9a44-fddfc90d21ae,0,0,1.0,2.0,53362.0,26681.0,2114.249275747777,1.0,0.0,1.0,2.0,0.0,1.0,0.0,2.0,2.0,266.81,1.0,1,3
b8789e7d-cd14-4c94-8773-144ce8d02d60,0,0,1.0,3.0,86094.0,28698.0,6156.577052226343,1.0,0.0,1.0,1.0,0.0,1.0,0.0,15.0,15.0,573.9599999999999,0.0,0,1
7daaaadd-b1c1-4fbf-b946-545a744516c8,0,0,2.0,1.0,6545.0,6545.0,0.0,1.0,0.0,1.0,2.0,1.0,0.0,0.0,1.0,1.0,65.45,1.0,0,3
f55a5a86-d5c9-4950-8045-ccf40ae3c850,0,0,1.0,3.0,59841.0,19947.0,2605.064874432113,1.0,0.0,1.0,3.0,1.0,0.0,0.0,6.0,6.0,132.98,1.0,0,4
5cb8fbef-1dbf-4fcd-b2c6-41a5fd64b694,0,0,1.0,3.0,27343.0,9114.333333333334,5382.793172074637,1.0,0.0,1.0,5.0,0.0,1.0,0.0,14.0,14.0,60.76222222222222,1.0,1,8
b17065d6-cdf4-4a1c-ac6b-6f22cfde11f1,0,0,1.0,1.0,14861.0,14861.0,0.0,1.0,0.0,1.0,4.0,1.0,0.0,0.0,4.0,4.0,148.61,1.0,0,5
92bfecfb-b512-4f02-8b8c-dbe210b03652,0,0,1.0,3.0,48643.0,16214.333333333334,12700.027572148549,1.0,0.0,1.0,5.0,0.3333333333333333,0.0,0.6666666666666666,14.0,13.0,108.09555555555555,1.0,1,8
b4624d89-df9f-438b-92d7-899d2c654baa,6,1,1.0,3.0,35525.0,11841.666666666666,3985.4095565366097,1.0,0.0,1.0,3.0,0.3333333333333333,0.0,0.6666666666666666,7.0,7.0,78.94444444444444,1.0,1,4
c58ffbd6-bd76-4d94-a201-c9d2507520d5,6,1,1.0,1.0,30815.0,30815.0,0.0,1.0,0.0,1.0,1.0,0.0,1.0,0.0,10.0,10.0,616.3,0.0,0,1
d975eac3-7151-4c45-bdeb-c93405b060f7,6,1,2.0,2.0,65017.0,32508.5,628.6179284748407,1.0,0.0,1.0,3.0,0.0,1.0,0.0,6.0,6.0,216.72333333333333,1.0,0,4
0588e6fb-126b-40b6-bcfd-6dbd9514dba0,6,1,1.0,3.0,34928.0,11642.666666666666,7691.9759706679615,1.0,0.0,1.0,2.0,0.6666666666666666,0.0,0.3333333333333333,2.0,2.0,116.42666666666668,1.0,1,3
b60d38f1-adb5-4965-9f94-4b24e1b84d0c,6,1,1.0,1.0,31332.0,31332.0,0.0,1.0,0.0,1.0,1.0,0.0,1.0,0.0,9.0,9.0,626.64,0.0,0,1
25b44692-e5a9-452b-996e-92336c0d9d0e,5,1,2.0,1.0,12752.0,12752.0,0.0,1.0,0.0,1.0,3.0,1.0,0.0,0.0,4.0,4.0,85.01333333333334,1.0,1,4
0dc3bbd3-7653-49db-93ad-61e26afd060c,5,1,1.0,2.0,25122.0,12561.0,16814.9992566161,0.5,1.0,2.0,3.0,0.0,1.0,0.0,7.0,7.0,83.74,1.0,1,4
6449eafe-92f8-416d-9ebc-15202ecfa4f5,5,1,1.0,3.0,20226.0,6742.0,2862.0096086491394,0.6666666666666667,1.0,1.0,2.0,0.3333333333333333,0.0,0.6666666666666666,2.0,2.0,67.42,1.0,1,3
3eec8741-7d70-406e-9352-4a30d65a8925,5,1,1.0,2.0,43110.0,21555.0,5272.188160526898,0.5,1.0,1.0,5.0,0.5,0.5,0.0,9.0,9.0,143.7,1.0,0,8
4596f9f7-3ecb-4432-aefd-2379db118f02,4,0,1.0,3.0,57054.0,19018.0,2924.885809736852,0.33333333333333337,1.0,1.0,3.0,0.6666666666666666,0.3333333333333333,0.0,13.0,13.0,126.78666666666668,1.0,0,4
ad6b5f26-87e4-4ab1-9120-568f0b3c061f,4,0,1.0,3.0,39050.0,13016.666666666666,6860.686870374811,0.33333333333333337,1.0,1.0,5.0,1.0,0.0,0.0,4.0,4.0,86.77777777777777,1.0,1,8
c173478f-5c5b-4c87-a90e-7bd69e59b471,4,0,1.0,1.0,5625.0,5625.0,0.0,0.0,1.0,1.0,1.0,1.0,0.0,0.0,1.0,1.0,112.5,0.0,0,1
8e8e9b99-1a72-43a4-8919-27defdbae197,3,0,2.0,1.0,16522.0,16522.0,0.0,0.0,1.0,1.0,5.0,0.0,1.0,0.0,3.0,7.0,110.14666666666666,1.0,0,8
e2672ede-b2e2-4eb8-b1d3-d9b2ea157407,3,0,1.0,1.0,32724.0,32724.0,0.0,1.0,0.0,1.0,2.0,0.0,0.0,1.0,3.0,4.0,327.24,1.0,0,3
383ea0ca-1010-443f-acc2-3136cb5c2d9f,3,0,1.0,2.0,27195.0,13597.5,67.17514421272202,0.5,1.0,1.0,1.0,0.0,0.0,1.0,6.0,5.0,271.95,0.0,0,1
cbc8b080-7768-43f6-98ad-951add65be14,3,0,0.0,1.0,18879.0,18879.0,0.0,1.0,0.0,1.0,2.0,1.0,0.0,0.0,1.0,3.0,188.79,1.0,0,3
45849263-5cfe-435c-96fa-1ab522464863,2,0,1.0,2.0,23253.0,11626.5,395.2726906832801,1.0,0.0,1.0,3.0,1.0,0.0,0.0,6.0,6.0,77.50999999999999,1.0,1,4
50afcbcb-7ba8-4cbb-8e2b-bea46aff0071,2,0,2.0,1.0,14128.0,14128.0,0.0,1.0,0.0,1.0,3.0,1.0,0.0,0.0,3.0,3.0,94.18666666666667,1.0,0,4
abaf6559-3db6-4d2d-acef-599358e8e6ea,2,0,1.0,1.0,19915.0,19915.0,0.0,1.0,0.0,1.0,5.0,1.0,0.0,0.0,6.0,6.0,132.76666666666668,1.0,0,8
8f434bb1-be7d-42b7-b908-6718b478fd47,2,0,1.0,2.0,54884.0,27442.0,6399.316369738255,1.0,0.0,1.0,1.0,0.5,0.5,0.0,6.0,8.0,548.84,0.0,0,1
c3c794a7-50c3-41e9-a859-f4c90f464c3c,2,0,0.0,1.0,59669.0,59669.0,0.0,1.0,0.0,1.0,5.0,0.0,0.0,1.0,4.0,5.0,397.79333333333335,1.0,0,8
a4e50e9b-056b-4383-b5e8-5085ead5ef18,1,0,0.0,1.0,12300.0,12300.0,0.0,1.0,0.0,1.0,3.0,0.0,0.0,1.0,4.0,3.0,82.0,1.0,0,4
0f3da21b-591b-4342-bfd2-c9ec4ec790cd,1,0,1.0,1.0,12851.0,12851.0,0.0,1.0,0.0,1.0,5.0,0.0,0.0,1.0,2.0,2.0,85.67333333333333,1.0,1,8
e1477a64-27e1-44d5-b889-c6154de23fcd,1,0,1.0,2.0,23598.0,11799.0,533.1585130146568,1.0,0.0,1.0,2.0,0.0,0.0,1.0,4.0,5.0,117.99000000000001,1.0,0,3
324ede10-97d8-48b8-8bd2-a5aaf056377e,1,0,2.0,2.0,50397.0,25198.5,5125.817056821283,1.0,0.0,1.0,2.0,1.0,0.0,0.0,1.0,1.0,251.985,1.0,1,3
1a1aa917-c55a-4101-88d7-f1f21b64d27e,1,0,1.0,1.0,14985.0,14985.0,0.0,1.0,0.0,1.0,5.0,0.0,0.0,1.0,1.0,1.0,99.9,1.0,1,8
f4385161-e053-4bad-9be5-799b9ff02504,0,0,1.0,3.0,32731.0,10910.333333333334,4682.81008939433,1.0,0.0,1.0,5.0,0.6666666666666666,0.3333333333333333,0.0,3.0,3.0,72.73555555555556,1.0,1,8
88cbaadc-2b51-48a3-b542-f4e41f3ec6f3,0,0,0.0,1.0,69766.0,69766.0,0.0,1.0,0.0,1.0,5.0,0.0,0.0,1.0,1.0,2.0,465.1066666666667,1.0,1,8
67b7021c-061f-45eb-ae64-82559f35ea9e,0,0,1.0,3.0,46274.0,15424.666666666666,2949.4842487006663,1.0,0.0,1.0,5.0,0.6666666666666666,0.0,0.3333333333333333,8.0,9.0,102.83111111111111,1.0,0,8
199ff561-2a7a-495f-a491-809a1436336e,0,0,1.0,2.0,27859.0,13929.5,5185.214026440953,1.0,0.0,1.0,3.0,1.0,0.0,0.0,5.0,5.0,92.86333333333334,1.0,0,4
3551d35b-fd2e-478c-ae7f-938bf2601224,0,0,1.0,3.0,15568.0,5189.333333333333,759.1161527285093,1.0,0.0,1.0,5.0,0.0,0.0,1.0,6.0,7.0,34.595555555555556,1.0,1,8
fac05612-61ee-41e9-bda8-8a10d3f7c029,0,0,2.0,1.0,10382.0,10382.0,0.0,1.0,0.0,1.0,2.0,1.0,0.0,0.0,2.0,2.0,103.82,1.0,1,3
a50a654c-d32f-46a6-849f-ed3c33834647,0,0,2.0,1.0,2863.0,2863.0,0.0,1.0,0.0,1.0,3.0,0.0,0.0,1.0,1.0,1.0,19.086666666666666,1.0,0,4
653554de-4523-433f-b0ce-89db121b6693,0,0,1.0,3.0,89358.0,29786.0,15454.538880212505,1.0,0.0,1.0,5.0,0.3333333333333333,0.6666666666666666,0.0,14.0,14.0,198.57333333333335,1.0,0,8
e8f54e0d-b744-4156-a104-ea733bf3374b,6,1,0.0,1.0,8104.0,8104.0,0.0,0.0,1.0,1.0,5.0,1.0,0.0,0.0,1.0,1.0,54.026666666666664,1.0,0,8
076e2227-8ce4-4bf5-b5d7-d91cb6f42e70,6,1,1.0,2.0,28994.0,14497.0,8800.65099864777,1.0,0.0,1.0,3.0,0.5,0.0,0.5,10.0,8.0,96.64666666666666,1.0,0,4
3a1687ba-fd91-4c41-b11b-534490534c08,6,1,1.0,1.0,10698.0,10698.0,0.0,1.0,0.0,1.0,5.0,0.0,0.0,1.0,2.0,2.0,71.32,1.0,1,8
9d95ad10-fec4-457e-9931-41552a08aad5,6,1,1.0,2.0,25455.0,12727.5,5079.148009262971,1.0,0.0,1.0,3.0,0.5,0.0,0.5,2.0,2.0,84.85,1.0,1,4
330f121f-20fc-4bad-b212-8c7a6cb21e40,6,1,1.0,3.0,47705.0,15901.666666666666,2371.2668203585467,1.0,0.0,1.0,2.0,0.3333333333333333,0.0,0.6666666666666666,3.0,3.0,159.01666666666668,1.0,0,3
98700600-35dc-4081-93cb-e7be0c518cda,6,1,0.0,1.0,25807.0,25807.0,0.0,0.0,1.0,1.0,3.0,1.0,0.0,0.0,5.0,5.0,172.04666666666665,1.0,0,4
a5d3a536-215a-4110-915b-23c5ae65cf20,5,1,1.0,2.0,23671.0,11835.5,16578.118484918607,0.5,1.0,1.0,4.0,0.5,0.0,0.5,5.0,5.0,118.355,1.0,0,5
c622016a-082c-46d4-98f0-a4d560463ead,5,1,1.0,2.0,51847.0,25923.5,5859.793895692919,0.5,1.0,1.0,3.0,1.0,0.0,0.0,10.0,10.0,172.82333333333332,1.0,0,4
59b1dc77-3d6d-42f2-bea6-bfe04d244130,5,1,1.0,3.0,45961.0,15320.333333333334,5534.031833422477,0.6666666666666667,1.0,1.0,3.0,0.6666666666666666,0.0,0.3333333333333333,12.0,13.0,102.13555555555554,1.0,1,4
987c7859-3d92-4adc-81a0-c274f6dd27bb,5,1,1.0,3.0,62218.0,20739.333333333332,3378.7977644915854,0.6666666666666667,1.0,1.0,3.0,0.6666666666666666,0.0,0.3333333333333333,7.0,7.0,138.26222222222222,1.0,0,4
107b5b99-75d0-4711-95e0-e1020cefaba8,5,1,1.0,3.0,70378.0,23459.333333333332,10933.043598803279,0.6666666666666667,1.0,1.0,5.0,0.3333333333333333,0.6666666666666666,0.0,8.0,8.0,156.39555555555557,1.0,0,8
b9cd918c-770a-4e84-9659-3fcb498b2ca6,5,1,1.0,2.0,26833.0,13416.5,7126.929247579213,0.5,1.0,1.0,1.0,0.5,0.5,0.0,6.0,6.0,268.33,0.0,1,1
dca09856-847c-4c78-a8c4-0e2237df5b64,5,1,2.0,1.0,28123.0,28123.0,0.0,1.0,0.0,1.0,5.0,0.0,1.0,0.0,7.0,7.0,187.48666666666668,1.0,0,8
66e5bc5f-2ebd-4b97-ac4b-409b7e2f7cc6,4,0,1.0,1.0,27072.0,27072.0,0.0,0.0,1.0,1.0,5.0,1.0,0.0,0.0,7.0,7.0,180.48,1.0,1,8
525302ed-0e52-42c0-bd15-ec6bae01cfe7,4,0,0.0,2.0,30397.0,15198.5,2625.487478545651,0.5,1.0,1.0,3.0,1.0,0.0,0.0,4.0,4.0,101.32333333333334,1.0,0,4
55d37988-778a-496d-b87d-bde238dda3b1,4,0,1.0,3.0,82841.0,27613.666666666668,14426.756750334891,0.33333333333333337,1.0,1.0,4.0,0.0,0.0,1.0,5.0,4.0,276.13666666666666,1.0,0,5
ff773dc0-7163-48a0-8865-be8f56bc1754,4,0,1.0,1.0,22152.0,22152.0,0.0,0.0,1.0,1.0,3.0,0.0,1.0,0.0,7.0,7.0,147.68,1.0,0,4
f50c2a55-4668-4004-810f-33f58d7242ea,4,0,2.0,1.0,9029.0,9029.0,0.0,0.0,1.0,1.0,2.0,1.0,0.0,0.0,1.0,1.0,90.29,1.0,1,3
90b3e4c1-6fd4-4afb-a8c3-8ef2373cfabc,4,0,1.0,3.0,75232.0,25077.333333333332,2257.9498075318975,0.33333333333333337,1.0,1.0,3.0,0.0,0.6666666666666666,0.3333333333333333,9.0,9.0,167.18222222222224,1.0,1,4
78e14e8b-9c18-4016-bdff-8757dc752c13,4,0,1.0,1.0,13404.0,13404.0,0.0,0.0,1.0,1.0,5.0,1.0,0.0,0.0,2.0,2.0,89.36,1.0,1,8
63b9b88a-855b-453a-86d0-e4fc193f8ee2,4,0,1.0,2.0,30217.0,15108.5,1972.120812729281,0.0,1.0,1.0,5.0,1.0,0.0,0.0,11.0,11.0,100.72333333333333,1.0,0,8
78752c79-d4a1-4b51-9047-204710318c2b,4,0,2.0,1.0,13403.0,13403.0,0.0,0.0,1.0,1.0,2.0,1.0,0.0,0.0,4.0,4.0,134.03,1.0,1,3
f7caaa88-d528-4538-bda8-12abed0426c0,3,0,1.0,1.0,17519.0,17519.0,0.0,1.0,0.0,1.0,5.0,1.0,0.0,0.0,6.0,6.0,116.79333333333334,1.0,1,8
fca27c9d-0a6a-4e59-9582-45b8cacb56f2,3,0,0.0,1.0,15665.0,15665.0,0.0,1.0,0.0,1.0,3.0,1.0,0.0,0.0,2.0,2.0,104.43333333333334,1.0,0,4
cccc9d7a-e986-492d-9aa3-0f981e62271b,3,0,0.0,1.0,2022.0,2022.0,0.0,1.0,0.0,1.0,5.0,0.0,0.0,1.0,1.0,1.0,13.48,1.0,0,8
f4c4f1d1-6863-463c-9da3-d678c0384e68,3,0,1.0,1.0,9852.0,9852.0,0.0,1.0,0.0,1.0,2.0,0.0,1.0,0.0,1.0,1.0,98.52,1.0,0,3
7f5084bf-b234-4f84-b1ab-097da7651538,3,0,0.0,3.0,43676.0,14558.666666666666,8519.63569252426,0.6666666666666667,1.0,2.0,2.0,0.6666666666666666,0.0,0.3333333333333333,8.0,8.0,118.48222222222222,1.0,1,3
e53c8c06-eae2-4319-986a-b453f447fbe2,3,0,2.0,1.0,16101.0,16101.0,0.0,0.0,1.0,1.0,5.0,1.0,0.0,0.0,3.0,2.0,107.34,1.0,0,8
328a46f3-c826-42ca-a58e-afe3a09ace87,3,0,0.0,3.0,34340.0,11446.666666666666,8908.065577516441,0.6666666666666667,1.0,1.0,1.0,0.6666666666666666,0.0,0.3333333333333333,3.0,3.0,228.9333333333333,0.0,1,1
222da340-1e26-4a4e-be72-15f522f6fe52,2,0,1.0,1.0,3375.0,3375.0,0.0,1.0,0.0,1.0,3.0,1.0,0.0,0.0,2.0,2.0,22.5,1.0,0,4
19c58dfa-30bb-4e8e-95d1-5df962063b6a,2,0,0.0,1.0,14944.0,14944.0,0.0,1.0,0.0,1.0,3.0,0.0,0.0,1.0,5.0,5.0,99.62666666666667,1.0,0,4
173a9577-75c0-4052-be70-3bf479663eea,2,0,0.0,2.0,9166.0,4583.0,1637.659305228044,0.5,1.0,1.0,3.0,0.0,0.0,1.0,1.0,1.0,30.553333333333335,1.0,1,4
5954115a-303d-4a9b-a036-1e2f5e304765,2,0,0.0,1.0,16894.0,16894.0,0.0,1.0,0.0,1.0,3.0,1.0,0.0,0.0,5.0,5.0,112.62666666666667,1.0,0,4
cf7a6e42-1ac8-4f00-b30b-717f6cbebe4b,2,0,0.0,1.0,26064.0,26064.0,0.0,1.0,0.0,1.0,3.0,1.0,0.0,0.0,15.0,15.0,173.76,1.0,0,4
83d3ce65-d8e1-42d4-a665-865f379f9c9d,2,0,0.0,1.0,6438.0,6438.0,0.0,1.0,0.0,1.0,5.0,0.0,1.0,0.0,2.0,2.0,42.92,1.0,0,8
abb9d84f-7850-4986-ad79-5cf7dabe1211,2,0,0.0,1.0,5669.0,5669.0,0.0,1.0,0.0,1.0,4.0,1.0,0.0,0.0,1.0,1.0,56.69,1.0,1,5
867935f8-76db-4467-9fa4-e0894dc9acd6,2,0,2.0,2.0,29701.0,14850.5,4093.4411562889236,0.5,1.0,1.0,4.0,1.0,0.0,0.0,4.0,4.0,148.505,1.0,1,5
8d7a7514-b690-4194-b671-cfc26579f641,2,0,2.0,1.0,26272.0,26272.0,0.0,1.0,0.0,1.0,5.0,1.0,0.0,0.0,5.0,5.0,175.14666666666668,1.0,0,8
bf6fbd19-2b56-45ad-a8e6-46c706dde4ae,2,0,1.0,1.0,6989.0,6989.0,0.0,1.0,0.0,1.0,3.0,1.0,0.0,0.0,3.0,3.0,46.593333333333334,1.0,1,4
000be14f-ba0f-4af6-bc2c-7b00dfcbc98c,2,0,1.0,3.0,45569.0,15189.666666666666,9341.159260677088,0.6666666666666667,1.0,1.0,3.0,0.6666666666666666,0.0,0.3333333333333333,9.0,9.0,101.26444444444444,1.0,1,4
5d55913a-b047-4fe5-92ff-a4999857012e,2,0,1.0,1.0,7562.0,7562.0,0.0,1.0,0.0,1.0,3.0,1.0,0.0,0.0,1.0,1.0,50.413333333333334,1.0,0,4
eee130e4-7663-49ee-9b44-d3a3862f7687,2,0,2.0,2.0,24777.0,12388.5,3895.4512575566905,0.5,1.0,1.0,1.0,0.0,0.0,1.0,2.0,2.0,247.77,0.0,1,1
b67ad1bb-03ee-4a42-8302-5d112257ae11,2,0,1.0,3.0,35480.0,11826.666666666666,5726.238672403843,0.6666666666666667,1.0,1.0,1.0,1.0,0.0,0.0,5.0,6.0,236.53333333333333,0.0,0,1
7e14fb39-5b1b-4df9-aab4-e45c747d3dd7,2,0,2.0,2.0,35189.0,17594.5,10525.28443796176,0.5,1.0,1.0,2.0,0.5,0.0,0.5,1.0,1.0,175.945,1.0,1,3
c8a8c3bf-0d06-4f0c-b9fc-da1373b249ab,1,0,0.0,1.0,5372.0,5372.0,0.0,1.0,0.0,1.0,2.0,0.0,0.0,1.0,2.0,1.0,53.72,1.0,0,3
4fb9160a-2174-4c59-bcab-f5158095113c,1,0,1.0,3.0,83719.0,27906.333333333332,9138.35545015258,1.0,0.0,1.0,2.0,0.3333333333333333,0.6666666666666666,0.0,3.0,3.0,279.06333333333333,1.0,0,3
7b2b7e47-a795-4252-9a0b-e2d4fc921c08,1,0,1.0,2.0,22174.0,11087.0,3099.9561287218244,1.0,0.0,1.0,5.0,0.0,0.0,1.0,2.0,2.0,73.91333333333333,1.0,0,8
3e5b6a3c-cb1a-4d1a-a56b-568f6aa74b48,1,0,1.0,2.0,41696.0,20848.0,7352.496310777721,1.0,0.0,1.0,5.0,0.5,0.0,0.5,4.0,4.0,138.98666666666668,1.0,1,8
28841eef-a1d5-476f-bd21-1a015ab447c0,0,0,1.0,2.0,17986.0,8993.0,2445.1752493430813,1.0,0.0,1.0,3.0,1.0,0.0,0.0,2.0,2.0,59.95333333333333,1.0,0,4
18e53ba5-d9d0-4154-800a-9e8820029f3b,0,0,2.0,1.0,20066.0,20066.0,0.0,1.0,0.0,1.0,3.0,1.0,0.0,0.0,3.0,4.0,133.77333333333334,1.0,0,4
7841fe24-0212-4a7c-9b94-71e05896639d,0,0,1.0,1.0,8342.0,8342.0,0.0,1.0,0.0,1.0,1.0,1.0,0.0,0.0,2.0,2.0,166.84,0.0,1,1
02d5a393-0f0f-4e41-8238-0d9b27277956,0,0,1.0,1.0,18191.0,18191.0,0.0,1.0,0.0,1.0,1.0,1.0,0.0,0.0,2.0,3.0,363.82,0.0,1,1
ad3d1fed-4215-4171-ae13-ad7a1f6ea22b,0,0,1.0,1.0,6955.0,6955.0,0.0,1.0,0.0,1.0,2.0,0.0,0.0,1.0,1.0,1.0,69.55,1.0,0,3
f74289b3-4d31-43ec-b2df-c0c83aa94e54,0,0,1.0,2.0,30072.0,15036.0,128.69343417595164,1.0,0.0,1.0,1.0,0.0,0.0,1.0,5.0,5.0,300.72,0.0,0,1
91acba24-efd3-42e4-b9ff-1bdf059b8eb3,0,0,2.0,2.0,42886.0,21443.0,7683.422284373026,1.0,0.0,1.0,3.0,0.5,0.5,0.0,2.0,2.0,142.95333333333335,1.0,0,4
3c016b2b-5e8f-45d4-9f2f-134eb8e29235,0,0,1.0,2.0,14580.0,7290.0,640.638743755012,1.0,0.0,1.0,1.0,1.0,0.0,0.0,4.0,4.0,145.8,0.0,1,1
5fd2826d-08cd-45be-9e9c-bf19ac7cdcf4,0,0,1.0,3.0,63029.0,21009.666666666668,6603.388549323244,1.0,0.0,1.0,5.0,0.0,1.0,0.0,13.0,12.0,140.06444444444443,1.0,0,8
63acc574-9c6e-4e6e-b4fb-3a8c69aff757,0,0,1.0,1.0,7472.0,7472.0,0.0,1.0,0.0,1.0,1.0,0.0,0.0,1.0,1.0,1.0,149.44,0.0,1,1
4180d1e2-87d9-4bd8-a82a-bc8835144c39,6,1,0.0,2.0,23606.0,11803.0,4152.131019127407,0.5,1.0,1.0,4.0,0.5,0.0,0.5,4.0,4.0,118.03,1.0,0,5
e5e8feb2-5c4f-4b48-899d-f46d7a484d58,6,1,0.0,3.0,166760.0,55586.666666666664,44669.642491666906,0.6666666666666667,1.0,1.0,1.0,0.0,0.0,1.0,13.0,10.0,0.0,0.0,1,1
58b467f6-a7ab-4b02-aee4-7d2a4285e6b5,6,1,2.0,1.0,16491.0,16491.0,0.0,1.0,0.0,1.0,3.0,1.0,0.0,0.0,3.0,4.0,109.94,1.0,0,4
61b981ad-0e6a-4314-b9b9-c16722f0e4a2,6,1,2.0,2.0,28308.0,14154.0,7554.728850197073,1.0,0.0,1.0,3.0,1.0,0.0,0.0,3.0,3.0,94.36,1.0,1,4
8ce80651-fa00-423d-b8f0-142eb316533f,6,1,1.0,1.0,23645.0,23645.0,0.0,1.0,0.0,1.0,1.0,1.0,0.0,0.0,7.0,7.0,472.9,0.0,0,1
afb779fd-7222-4a28-9f3f-10cc4762f96b,6,1,2.0,1.0,12270.0,12270.0,0.0,1.0,0.0,1.0,2.0,1.0,0.0,0.0,1.0,1.0,122.7,1.0,0,3
3fbf3931-1606-4ffa-b658-8cc96b3a62d7,5,1,2.0,2.0,53281.0,26640.5,13850.100523100906,1.0,0.0,1.0,3.0,0.5,0.5,0.0,3.0,3.0,177.60333333333335,1.0,1,4
2a450f4e-71d5-45e6-b0ea-5a0bc7cdc603,5,1,0.0,3.0,43306.0,14435.333333333334,5524.1213177602585,0.33333333333333337,1.0,1.0,4.0,0.6666666666666666,0.0,0.3333333333333333,9.0,9.0,144.35333333333332,1.0,0,5
cab03bb2-1fcd-4c9f-b81b-e3c7dbe54ea5,5,1,1.0,3.0,31894.0,10631.333333333334,8899.552872663511,0.6666666666666667,1.0,1.0,3.0,0.6666666666666666,0.3333333333333333,0.0,12.0,12.0,70.87555555555555,1.0,1,4
04e0cc64-674e-4763-9b55-6ebf9f523210,5,1,1.0,2.0,41933.0,20966.5,18657.012421607058,0.5,1.0,1.0,3.0,0.0,0.5,0.5,11.0,11.0,139.77666666666667,1.0,0,4
47e84c83-540f-48b1-943f-a9e788779b13,5,1,1.0,2.0,40436.0,20218.0,16988.94752478799,0.5,1.0,1.0,5.0,0.0,0.5,0.5,7.0,7.0,134.78666666666666,1.0,1,8
b7c40731-533c-4d61-8311-0eb0eea9d347,5,1,1.0,2.0,33849.0,16924.5,2464.267132435118,0.5,1.0,1.0,1.0,0.5,0.5,0.0,27.0,25.0,338.49,0.0,0,1
18e829b1-ebc0-471d-b64f-294f1f6c5bc8,5,1,2.0,2.0,13036.0,6518.0,995.6063479106589,1.0,0.0,1.0,5.0,1.0,0.0,0.0,3.0,3.0,43.45333333333333,1.0,0,8
5aaf705e-84ce-479b-8280-8186a50853c3,5,1,2.0,1.0,14852.0,14852.0,0.0,1.0,0.0,1.0,5.0,1.0,0.0,0.0,2.0,2.0,99.01333333333334,1.0,1,8
709b3a0c-2594-438a-8ba6-914563202f07,5,1,1.0,1.0,23974.0,23974.0,0.0,0.0,1.0,1.0,5.0,0.0,1.0,0.0,3.0,3.0,159.82666666666665,1.0,0,8
a4639fa3-e8f1-4663-9df4-0b9ef0aab351,5,1,1.0,3.0,97952.0,32650.666666666668,181.77275190009505,0.6666666666666667,1.0,1.0,3.0,0.3333333333333333,0.0,0.6666666666666666,12.0,10.0,217.67111111111112,1.0,0,4
1efec2a4-a3d3-4ea7-9dcc-025f6e834fcb,5,1,1.0,3.0,31640.0,10546.666666666666,8916.227135584497,0.6666666666666667,1.0,1.0,3.0,0.6666666666666666,0.3333333333333333,0.0,10.0,10.0,70.31111111111112,1.0,1,4
b8d0053f-d3d8-42d8-b629-ca59072e8914,5,1,2.0,1.0,15131.0,15131.0,0.0,1.0,0.0,1.0,5.0,1.0,0.0,0.0,1.0,1.0,100.87333333333333,1.0,1,8
e4383088-60be-472d-bd89-f9be2f1024ac,5,1,2.0,1.0,18556.0,18556.0,0.0,1.0,0.0,1.0,2.0,0.0,1.0,0.0,3.0,3.0,185.56,1.0,1,3
9767ea37-b4da-4b8f-859a-659c3a466b56,5,1,1.0,1.0,496.0,496.0,0.0,0.0,1.0,1.0,4.0,0.0,0.0,1.0,1.0,1.0,4.96,1.0,0,5
5303d3cf-2861-4190-a522-d9f890c49d3c,5,1,1.0,2.0,14197.0,7098.5,92.63098833543772,0.5,1.0,1.0,5.0,0.0,1.0,0.0,2.0,2.0,47.32333333333333,1.0,1,8
8ed425fc-51cc-4d80-a3e2-e8b9b8db901d,4,0,0.0,2.0,9063.0,4531.5,4538.918428436448,0.5,1.0,1.0,4.0,0.0,0.0,1.0,2.0,2.0,45.315,1.0,0,5
72d1ae64-ceff-4b79-8e32-af1ae3d795d1,4,0,2.0,1.0,16811.0,16811.0,0.0,0.0,1.0,1.0,5.0,1.0,0.0,0.0,2.0,2.0,112.07333333333334,1.0,1,8
0b6e784a-bb87-4cbc-b9aa-1896d2db64d6,3,0,1.0,2.0,38163.0,19081.5,17307.852683103123,0.5,1.0,1.0,2.0,1.0,0.0,0.0,1.0,1.0,190.815,1.0,1,3
4d968519-b07d-4fe1-952d-ce2a9067f131,3,0,1.0,2.0,27571.0,13785.5,2597.203207298189,0.5,1.0,1.0,1.0,0.5,0.5,0.0,6.0,6.0,275.71,0.0,1,1
fc2bb1eb-468a-415c-b82e-9bce0773e78f,3,0,1.0,3.0,36717.0,12239.0,2344.5246853040385,0.33333333333333337,1.0,1.0,5.0,0.6666666666666666,0.3333333333333333,0.0,9.0,9.0,81.59333333333335,1.0,0,8
ee4232a0-2fff-4dcc-84db-6aad0b556ccc,3,0,2.0,2.0,13137.0,6568.5,8592.054498197738,0.0,1.0,1.0,4.0,0.0,0.0,1.0,3.0,3.0,65.685,1.0,0,5
0b63e224-fb05-47cd-bac0-537c9313a2ef,3,0,2.0,2.0,20818.0,10409.0,1405.7282809988565,0.0,1.0,2.0,1.0,0.5,0.5,0.0,5.0,5.0,132.16,0.0,1,1
c801d461-4b5c-4ed3-a893-ffb5f48e3eb7,3,0,1.0,3.0,84002.0,28000.666666666668,3436.969643935386,0.33333333333333337,1.0,1.0,5.0,0.3333333333333333,0.6666666666666666,0.0,12.0,12.0,186.67111111111112,1.0,0,8
05a3847b-3855-4c6b-bc54-0527377e3a13,3,0,1.0,2.0,22920.0,11460.0,5116.624668665858,0.5,1.0,1.0,5.0,0.5,0.5,0.0,8.0,8.0,76.4,1.0,0,8
b94edded-b767-4d61-a0cd-36bd75a85f9c,3,0,2.0,2.0,20974.0,10487.0,1302.4906909456206,0.0,1.0,2.0,1.0,0.5,0.5,0.0,4.0,3.0,133.68666666666667,0.0,0,1
3c14662b-e2c7-48c9-b575-89dfa63eaa92,3,0,1.0,1.0,2058.0,2058.0,0.0,1.0,0.0,1.0,4.0,0.0,0.0,1.0,1.0,1.0,20.58,1.0,0,5
9d446797-96aa-440a-9a55-ce5d14a1c1fd,3,0,1.0,3.0,73196.0,24398.666666666668,7274.228916753537,0.33333333333333337,1.0,1.0,5.0,0.6666666666666666,0.3333333333333333,0.0,9.0,9.0,162.6577777777778,1.0,1,8
6de97a9e-ccf2-4ca9-a202-84dccfd02aef,3,0,1.0,2.0,4015.0,2007.5,2198.3949827089764,0.5,1.0,1.0,2.0,0.5,0.0,0.5,2.0,1.0,20.075,1.0,1,3
72793aa4-7bdb-41f0-bf43-c71f5670c9ad,3,0,2.0,1.0,11813.0,11813.0,0.0,0.0,1.0,1.0,1.0,1.0,0.0,0.0,2.0,2.0,236.26,0.0,0,1
ede4ecf4-b696-482f-b842-d94ce73b744e,2,0,0.0,1.0,2094.0,2094.0,0.0,1.0,0.0,1.0,5.0,1.0,0.0,0.0,1.0,1.0,13.96,1.0,0,8
34c75265-1fcf-4eb3-b49e-3c1b11c39e40,2,0,1.0,3.0,53930.0,17976.666666666668,3221.2800768224633,0.6666666666666667,1.0,1.0,1.0,1.0,0.0,0.0,8.0,8.0,359.5333333333333,0.0,0,1
6cf7ff94-f897-44fc-b387-4d23ab11620d,2,0,1.0,2.0,16393.0,8196.5,3589.981128084102,0.5,1.0,1.0,3.0,0.5,0.0,0.5,3.0,3.0,54.64333333333333,1.0,0,4
178c191f-cc29-47d2-b407-d8c1ea7d523a,2,0,1.0,2.0,6502.0,3251.0,428.5067093990478,1.0,0.0,1.0,5.0,1.0,0.0,0.0,2.0,2.0,21.673333333333332,1.0,1,8
17e4e483-ea91-4515-9ae5-49748e1a52e8,2,0,0.0,1.0,16028.0,16028.0,0.0,1.0,0.0,1.0,3.0,0.0,0.0,1.0,7.0,7.0,106.85333333333334,1.0,0,4
812f964a-3eb6-40f0-a12b-d1fb6ab08c02,2,0,0.0,3.0,30261.0,10087.0,7741.997868767467,1.0,0.0,1.0,3.0,0.6666666666666666,0.0,0.3333333333333333,13.0,13.0,67.24666666666667,1.0,0,4
fecdf1ea-91ec-4027-99f5-0092bbb3cfe2,2,0,1.0,1.0,12752.0,12752.0,0.0,1.0,0.0,1.0,2.0,0.0,1.0,0.0,1.0,1.0,127.52,1.0,0,3
c19e9c29-b69a-4d28-ad13-d30648258de2,2,0,1.0,1.0,4607.0,4607.0,0.0,1.0,0.0,1.0,3.0,0.0,0.0,1.0,2.0,2.0,30.713333333333335,1.0,0,4
4e9d260d-4c9c-4075-9061-b74a43bbda3f,2,0,1.0,1.0,10051.0,10051.0,0.0,1.0,0.0,1.0,3.0,1.0,0.0,0.0,4.0,4.0,67.00666666666666,1.0,1,4
e6b0d80b-2c4e-493e-9991-275723638d2b,2,0,1.0,1.0,7136.0,7136.0,0.0,1.0,0.0,1.0,2.0,0.0,0.0,1.0,1.0,1.0,71.36,1.0,0,3
3fd515fc-3bae-41d7-88fc-bbf797679f1f,2,0,1.0,3.0,55409.0,18469.666666666668,7357.975831255042,0.6666666666666667,1.0,1.0,3.0,0.0,1.0,0.0,14.0,14.0,123.13111111111111,1.0,1,4
3e9c788f-d2fe-42f1-87b4-dcae07bce6d5,2,0,1.0,2.0,34116.0,17058.0,1630.5882374161786,0.5,1.0,2.0,2.0,1.0,0.0,0.0,2.0,2.0,140.22833333333335,1.0,1,3
02b3932f-cc31-4ebc-9859-77d5dbbd847f,1,0,1.0,2.0,13438.0,6719.0,3757.5654352253136,1.0,0.0,1.0,5.0,1.0,0.0,0.0,4.0,4.0,44.79333333333334,1.0,1,8
fb5b6f89-b107-4689-afc0-47dba52d8830,1,0,1.0,2.0,13013.0,6506.5,96.87362902255701,1.0,0.0,1.0,2.0,0.0,0.0,1.0,3.0,3.0,65.065,1.0,1,3
c0180a0f-ce69-483d-90fb-7c4c16b5614f,1,0,2.0,1.0,8820.0,8820.0,0.0,1.0,0.0,1.0,3.0,1.0,0.0,0.0,2.0,2.0,58.8,1.0,0,4
1391b2ae-9cc7-446d-8aa1-8c00d9e7152a,1,0,0.0,3.0,16706.0,5568.666666666667,4309.599323989799,1.0,0.0,1.0,3.0,0.6666666666666666,0.0,0.3333333333333333,6.0,6.0,37.12444444444444,1.0,1,4
0e1ec41b-0e4e-466d-bdb5-bcb55555abf4,1,0,0.0,1.0,25725.0,25725.0,0.0,1.0,0.0,1.0,5.0,1.0,0.0,0.0,5.0,5.0,171.5,1.0,0,8
40a7f8ef-8bbd-4718-994c-0720bc74f894,1,0,1.0,2.0,22166.0,11083.0,420.0214280248092,1.0,0.0,1.0,5.0,0.5,0.0,0.5,5.0,5.0,73.88666666666666,1.0,1,8
4a73f055-f3fd-4573-8419-cd3ced493455,1,0,0.0,2.0,22439.0,11219.5,1567.655733890576,1.0,0.0,1.0,4.0,1.0,0.0,0.0,3.0,3.0,112.195,1.0,1,5
03ebb0ad-4136-4000-8a9a-cb76800d6e8d,1,0,1.0,1.0,10808.0,10808.0,0.0,1.0,0.0,1.0,3.0,1.0,0.0,0.0,2.0,2.0,72.05333333333333,1.0,1,4
71ea5fd7-6e64-4b63-bd1d-81fe3fd7475d,1,0,1.0,1.0,15175.0,15175.0,0.0,1.0,0.0,1.0,2.0,1.0,0.0,0.0,1.0,1.0,151.75,1.0,0,3
e7b48911-f07c-4463-86db-b8704126f8d7,1,0,2.0,2.0,69635.0,34817.5,1347.038418160373,1.0,0.0,1.0,3.0,0.0,1.0,0.0,14.0,14.0,232.11666666666667,1.0,0,4
5d4058cb-528a-45b1-a2dd-7cf2cc6c401a,0,0,1.0,3.0,77116.0,25705.333333333332,6183.197905075765,1.0,0.0,1.0,1.0,0.0,0.6666666666666666,0.3333333333333333,35.0,32.0,514.1066666666667,0.0,0,1
4b1def23-42ad-45d6-b3ab-487dc1c54f31,0,0,2.0,1.0,15214.0,15214.0,0.0,1.0,0.0,1.0,2.0,1.0,0.0,0.0,1.0,1.0,152.14,1.0,0,3
39767a13-b294-4eea-9572-4d129209a19c,0,0,1.0,3.0,33644.0,11214.666666666666,11822.975781643694,1.0,0.0,1.0,5.0,0.3333333333333333,0.3333333333333333,0.3333333333333333,6.0,6.0,74.76444444444445,1.0,1,8
af4ac2ec-1231-4915-9f14-dbef6fccffd2,0,0,0.0,3.0,54089.0,18029.666666666668,12416.514379379316,1.0,0.0,1.0,4.0,0.6666666666666666,0.3333333333333333,0.0,7.0,8.0,180.29666666666665,1.0,0,5
a5685ab4-da2f-4809-8335-4470f9e35591,0,0,2.0,1.0,9670.0,9670.0,0.0,1.0,0.0,1.0,3.0,1.0,0.0,0.0,4.0,6.0,64.46666666666667,1.0,1,4
ff28adf7-8e1e-47e2-b1d7-f17dad65cf75,0,0,0.0,3.0,50856.0,16952.0,11866.309072327418,1.0,0.0,1.0,1.0,1.0,0.0,0.0,7.0,7.0,339.04,0.0,0,1
5d592c3d-5579-434b-979e-6a532dc3edcc,0,0,1.0,1.0,11562.0,11562.0,0.0,1.0,0.0,1.0,1.0,1.0,0.0,0.0,2.0,2.0,231.24,0.0,1,1
6eca71ac-5024-47be-8eca-823a2c8499c1,0,0,0.0,2.0,27295.0,13647.5,1406.4353877800431,1.0,0.0,1.0,3.0,1.0,0.0,0.0,5.0,5.0,90.98333333333333,1.0,1,4
23e893fb-76be-45f4-8524-ad4d2494ba1a,0,0,0.0,1.0,21908.0,21908.0,0.0,1.0,0.0,1.0,3.0,1.0,0.0,0.0,2.0,2.0,146.05333333333334,1.0,0,4
334ef4cf-eccd-4cd8-a23a-903f7323952e,0,0,0.0,1.0,15280.0,15280.0,0.0,1.0,0.0,1.0,4.0,1.0,0.0,0.0,3.0,3.0,152.8,1.0,0,5
426e3910-35e8-4123-ac84-a8c26e90e564,0,0,0.0,1.0,11526.0,11526.0,0.0,1.0,0.0,1.0,5.0,1.0,0.0,0.0,1.0,1.0,76.84,1.0,0,8
89269230-e793-431c-9d24-347fe2e539fb,0,0,0.0,1.0,8892.0,8892.0,0.0,1.0,0.0,1.0,5.0,1.0,0.0,0.0,4.0,4.0,59.28,1.0,0,8
b010d70e-b1d8-4a8e-9a9f-5c53ff2ace75,0,0,0.0,1.0,67169.0,67169.0,0.0,1.0,0.0,1.0,3.0,0.0,0.0,1.0,1.0,2.0,447.79333333333335,1.0,1,4
83ae939c-2ce5-49de-b71b-27232e4298fb,0,0,0.0,1.0,8710.0,8710.0,0.0,1.0,0.0,1.0,4.0,1.0,0.0,0.0,2.0,2.0,87.1,1.0,0,5
90fb6e1f-8131-40c8-8c69-ff57307c6ddf,0,0,1.0,2.0,18915.0,9457.5,6613.569724437779,1.0,0.0,2.0,1.0,1.0,0.0,0.0,3.0,2.0,118.48,0.0,1,1
76f0c7f6-0a51-4a60-b666-29cdc27e29b7,0,0,0.0,1.0,4257.0,4257.0,0.0,1.0,0.0,1.0,4.0,1.0,0.0,0.0,1.0,1.0,42.57,1.0,0,5
99cf95ea-cf15-4b2c-a30a-cc56f08fa5f6,6,1,2.0,1.0,7900.0,7900.0,0.0,1.0,0.0,1.0,1.0,1.0,0.0,0.0,2.0,3.0,158.0,0.0,0,1
46f5a6ef-a110-46ce-a590-b1f2381fbced,6,1,1.0,3.0,57492.0,19164.0,4716.395127637208,1.0,0.0,1.0,3.0,1.0,0.0,0.0,11.0,11.0,127.75999999999999,1.0,0,4
8e00edeb-f854-4cab-b66b-4409f6522b89,6,1,1.0,3.0,54000.0,18000.0,6739.42794308241,1.0,0.0,1.0,5.0,1.0,0.0,0.0,10.0,10.0,120.0,1.0,0,8
cf722543-efa7-43b4-8991-da54fea18f9f,6,1,1.0,3.0,10455.0,3485.0,113.84638773364749,1.0,0.0,1.0,3.0,0.3333333333333333,0.3333333333333333,0.3333333333333333,3.0,2.0,23.233333333333334,1.0,1,4
a97abdd6-b36e-48ee-8c8c-6e6c6219ecb4,6,1,1.0,3.0,55707.0,18569.0,14933.584867673268,1.0,0.0,1.0,3.0,0.0,0.6666666666666666,0.3333333333333333,7.0,8.0,123.79333333333334,1.0,1,4
8bd4639a-fe43-4395-b5a0-2173b4b4cc25,6,1,1.0,3.0,63224.0,21074.666666666668,3330.3718010656607,1.0,0.0,1.0,2.0,0.3333333333333333,0.6666666666666666,0.0,4.0,4.0,210.74666666666667,1.0,0,3
7e7508bc-d901-4100-906f-e2edcb07a061,6,1,2.0,1.0,19183.0,19183.0,0.0,1.0,0.0,1.0,1.0,0.0,1.0,0.0,7.0,7.0,383.66,0.0,1,1
85f5a7d0-25b2-44b0-b723-0799e69e2500,6,1,1.0,1.0,5244.0,5244.0,0.0,1.0,0.0,1.0,2.0,1.0,0.0,0.0,1.0,1.0,52.44,1.0,1,3
51ab1ce1-20ac-4a11-866b-d38a43122a8d,6,1,2.0,2.0,34545.0,17272.5,4430.023984133721,1.0,0.0,1.0,1.0,0.5,0.5,0.0,3.0,3.0,345.45000000000005,0.0,0,1
7950b601-e20a-4c19-983a-9a8272a8aa12,6,1,1.0,1.0,16550.0,16550.0,0.0,1.0,0.0,1.0,3.0,0.0,1.0,0.0,11.0,11.0,110.33333333333333,1.0,0,4
9980d479-8615-4fc5-9b75-6bb9e1152161,6,1,2.0,2.0,32653.0,16326.5,6667.309839807956,1.0,0.0,1.0,2.0,1.0,0.0,0.0,1.0,1.0,163.265,1.0,0,3
a0832e16-86a5-40f3-88ef-52760702d04f,6,1,2.0,1.0,849.0,849.0,0.0,1.0,0.0,1.0,2.0,0.0,0.0,1.0,1.0,1.0,8.49,1.0,1,3
a5cec8c5-550e-4a3e-9873-13e6f9430d5a,6,1,2.0,1.0,10521.0,10521.0,0.0,1.0,0.0,1.0,5.0,1.0,0.0,0.0,1.0,1.0,70.14,1.0,0,8
8ea9d037-3a41-4e54-b8ff-82ba3ef021ae,6,1,1.0,3.0,35269.0,11756.333333333334,1734.2402755481528,1.0,0.0,1.0,1.0,0.6666666666666666,0.3333333333333333,0.0,4.0,3.0,235.12666666666667,0.0,1,1
41b23942-8a76-418c-88d8-e5d1d1e6760e,6,1,2.0,1.0,17115.0,17115.0,0.0,1.0,0.0,1.0,4.0,1.0,0.0,0.0,3.0,3.0,171.15,1.0,0,5
4d0849b7-16ac-4918-8a27-bdeb88cbf1b6,6,1,0.0,1.0,12929.0,12929.0,0.0,0.0,1.0,1.0,1.0,1.0,0.0,0.0,3.0,3.0,258.58,0.0,0,1
a199b33c-0137-4e39-af9e-130362f25224,6,1,1.0,1.0,16022.0,16022.0,0.0,1.0,0.0,1.0,2.0,0.0,1.0,0.0,3.0,3.0,160.22,1.0,0,3
376ce02a-bc90-439d-8b6e-6b03219365da,6,1,1.0,1.0,4336.0,4336.0,0.0,1.0,0.0,1.0,1.0,1.0,0.0,0.0,2.0,2.0,86.72,0.0,1,1
c9de4c08-9255-4089-ac58-1b6d3c81590f,6,1,2.0,1.0,10394.0,10394.0,0.0,1.0,0.0,1.0,5.0,1.0,0.0,0.0,3.0,3.0,69.29333333333334,1.0,1,8
68a0a26f-dd7d-4428-b8bb-a9e1883005b5,6,1,1.0,2.0,24708.0,12354.0,7467.047609329942,1.0,0.0,1.0,1.0,1.0,0.0,0.0,1.0,1.0,247.07999999999998,0.0,1,1
4b9cc2bc-761f-46f9-8925-5b4bde0adbac,6,1,1.0,3.0,26586.0,8862.0,2114.034767926015,1.0,0.0,1.0,4.0,0.3333333333333333,0.0,0.6666666666666666,2.0,2.0,88.62,1.0,0,5
cbca7393-1bbe-4efd-83a3-51bbd606cd21,6,1,1.0,1.0,14491.0,14491.0,0.0,1.0,0.0,1.0,5.0,1.0,0.0,0.0,3.0,3.0,96.60666666666667,1.0,0,8
e943b258-c5c1-49f3-b63a-92ce69e15779,6,1,1.0,3.0,149344.0,49781.333333333336,2374.8872253926793,1.0,0.0,1.0,2.0,0.0,0.3333333333333333,0.6666666666666666,6.0,5.0,497.81333333333333,1.0,1,3
9fc73e98-1285-41f5-9219-4c5655cf6027,6,1,1.0,1.0,7348.0,7348.0,0.0,1.0,0.0,1.0,5.0,1.0,0.0,0.0,1.0,1.0,48.986666666666665,1.0,1,8
0bd48546-0a03-41c4-bea3-2749dfd91bd4,6,1,1.0,2.0,12036.0,6018.0,3938.58477120907,1.0,0.0,1.0,3.0,1.0,0.0,0.0,4.0,4.0,40.120000000000005,1.0,0,4
65c2383c-7e5e-47e8-95d7-3a63a1bd0f4f,6,1,1.0,1.0,16704.0,16704.0,0.0,1.0,0.0,1.0,3.0,0.0,1.0,0.0,7.0,6.0,111.36,1.0,1,4
6cac8089-fabb-4a95-9ced-4d62867e18d8,6,1,2.0,1.0,13392.0,13392.0,0.0,1.0,0.0,1.0,1.0,1.0,0.0,0.0,2.0,2.0,267.84,0.0,0,1
21dacfca-2531-48e1-b111-dd73dbe84dd2,5,1,2.0,2.0,40145.0,20072.5,12455.685950601035,1.0,0.0,1.0,5.0,0.5,0.0,0.5,6.0,6.0,133.81666666666666,1.0,0,8
98946b5a-1ad7-4217-8e57-a8c642d1e28f,5,1,2.0,2.0,39731.0,19865.5,710.6423150924803,1.0,0.0,1.0,1.0,1.0,0.0,0.0,3.0,3.0,397.31,0.0,0,1
2f9432b7-c26c-4746-8867-d24554cebdb2,5,1,1.0,2.0,42598.0,21299.0,4896.007352935655,0.5,1.0,1.0,5.0,1.0,0.0,0.0,9.0,11.0,141.99333333333334,1.0,0,8
d638cc9f-6af9-4ab3-a848-269288d8174e,5,1,2.0,2.0,36803.0,18401.5,2421.8407255639254,1.0,0.0,1.0,4.0,0.5,0.5,0.0,3.0,3.0,184.015,1.0,0,5
731c2f93-eeb9-4862-a101-e13f6fa77216,5,1,2.0,1.0,16118.0,16118.0,0.0,1.0,0.0,1.0,2.0,0.0,1.0,0.0,2.0,2.0,161.18,1.0,1,3
17bc9545-c276-4040-b4d1-1109fe77ca52,5,1,2.0,1.0,6586.0,6586.0,0.0,1.0,0.0,1.0,3.0,1.0,0.0,0.0,4.0,4.0,43.906666666666666,1.0,0,4
7b48a035-40aa-4bea-90ce-e2aff9819262,5,1,2.0,1.0,17940.0,17940.0,0.0,1.0,0.0,1.0,3.0,1.0,0.0,0.0,5.0,5.0,119.6,1.0,1,4
a27e975e-777c-4223-b016-892c6fa9fe97,5,1,2.0,2.0,44766.0,22383.0,4009.2954493277243,1.0,0.0,1.0,3.0,1.0,0.0,0.0,4.0,4.0,149.22,1.0,1,4
db137876-8464-4ca2-8dff-f076b0512d70,5,1,2.0,2.0,19919.0,9959.5,5142.78761956976,1.0,0.0,1.0,1.0,1.0,0.0,0.0,4.0,4.0,199.19,0.0,1,1
5f98e615-168d-4844-8dde-e6f0c8543e62,5,1,2.0,1.0,2145.0,2145.0,0.0,1.0,0.0,1.0,1.0,0.0,0.0,1.0,1.0,1.0,42.9,0.0,0,1
0373e9b5-1f9b-4c1f-b25b-d4b0c102d0da,4,0,2.0,2.0,53307.0,26653.5,946.8159800087872,0.5,1.0,1.0,1.0,1.0,0.0,0.0,8.0,8.0,533.0699999999999,0.0,0,1
0689730e-55a5-4d05-85a1-3f1e2f512951,4,0,1.0,2.0,34933.0,17466.5,205.76807332528534,0.5,1.0,1.0,5.0,1.0,0.0,0.0,4.0,6.0,116.44333333333333,1.0,0,8
07f0ecaa-9d73-40bb-97f6-6e41f7755e80,4,0,2.0,2.0,53340.0,26670.0,1882.3182515185895,0.5,1.0,1.0,2.0,1.0,0.0,0.0,1.0,1.0,266.7,1.0,0,3
5e3b5ee2-2ed0-49a6-9d52-d580481ab644,4,0,1.0,3.0,41114.0,13704.666666666666,8540.046857794947,0.33333333333333337,1.0,1.0,4.0,1.0,0.0,0.0,10.0,10.0,137.04666666666665,1.0,1,5
6b1d0b81-5fa4-4624-994c-609687ab7f6b,3,0,1.0,2.0,25324.0,12662.0,9403.105976218709,0.5,1.0,1.0,5.0,1.0,0.0,0.0,7.0,7.0,84.41333333333334,1.0,0,8
6c43e18e-afe5-4558-be64-4137d461455c,3,0,1.0,3.0,62809.0,20936.333333333332,7618.14001796589,0.33333333333333337,1.0,1.0,3.0,0.6666666666666666,0.3333333333333333,0.0,8.0,7.0,139.57555555555555,1.0,1,4
a798e73d-0245-41cd-9fec-b8af77309710,3,0,1.0,1.0,13203.0,13203.0,0.0,1.0,0.0,1.0,1.0,0.0,1.0,0.0,2.0,2.0,264.06,0.0,1,1
fafbc40c-15fe-43b5-a39e-44bdea3379f6,3,0,1.0,1.0,20426.0,20426.0,0.0,1.0,0.0,1.0,3.0,0.0,1.0,0.0,3.0,3.0,136.17333333333335,1.0,0,4
efe47c1f-5d84-482b-9f3a-1e7f0eb433ee,3,0,1.0,2.0,27538.0,13769.0,9446.946596652275,0.5,1.0,1.0,3.0,1.0,0.0,0.0,12.0,12.0,91.79333333333332,1.0,0,4
3197ec24-cf85-473c-bcf4-77522831befc,3,0,2.0,1.0,23505.0,23505.0,0.0,0.0,1.0,1.0,5.0,1.0,0.0,0.0,6.0,6.0,156.7,1.0,0,8
925a40a6-774e-4842-883e-979fa4695035,3,0,2.0,1.0,6765.0,6765.0,0.0,0.0,1.0,1.0,3.0,1.0,0.0,0.0,3.0,3.0,45.1,1.0,1,4
61a15788-0204-420e-abc1-a860878cd1d4,2,0,1.0,2.0,42468.0,21234.0,12199.006189030319,1.0,0.0,1.0,5.0,0.0,1.0,0.0,6.0,6.0,141.56,1.0,1,8
bc264028-3ab8-4ea9-950b-a0329ab4ebd7,2,0,0.0,1.0,18849.0,18849.0,0.0,1.0,0.0,1.0,2.0,1.0,0.0,0.0,2.0,1.0,188.49,1.0,0,3
00d1d4ee-c143-4434-bd9e-b79ae5376a55,2,0,1.0,2.0,4092.0,2046.0,924.8956697920041,1.0,0.0,1.0,5.0,1.0,0.0,0.0,5.0,4.0,13.64,1.0,1,8
ff090bd2-3db0-41ef-a6b6-a32e85a4de33,2,0,0.0,2.0,4458.0,2229.0,878.2266222336921,1.0,0.0,1.0,1.0,1.0,0.0,0.0,2.0,2.0,44.58,0.0,1,1
68ca2504-58ce-45f6-961b-fe39e5c750e9,2,0,1.0,1.0,18968.0,18968.0,0.0,1.0,0.0,1.0,5.0,0.0,1.0,0.0,3.0,3.0,126.45333333333333,1.0,1,8
4cda6bb2-04be-45f8-897a-de85f4584488,2,0,1.0,1.0,12603.0,12603.0,0.0,1.0,0.0,1.0,5.0,1.0,0.0,0.0,6.0,6.0,84.02,1.0,0,8
dbf1b80f-d56f-4ddd-8816-3d6c6cc7513e,2,0,0.0,3.0,10508.0,3502.6666666666665,3425.1693875388605,0.6666666666666667,1.0,1.0,5.0,0.3333333333333333,0.0,0.6666666666666666,3.0,2.0,23.351111111111113,1.0,0,8
bad63177-175b-4917-ac5e-925c13d0148f,1,0,0.0,1.0,645.0,645.0,0.0,1.0,0.0,1.0,1.0,0.0,0.0,1.0,2.0,1.0,12.9,0.0,0,1
9fe920d3-e3de-492e-968c-92cdf8a6acf8,1,0,0.0,1.0,310.0,310.0,0.0,1.0,0.0,1.0,4.0,0.0,0.0,1.0,1.0,1.0,3.1,1.0,0,5
31318c7d-f92e-49fc-bc15-7630e14ce12d,1,0,1.0,3.0,74656.0,24885.333333333332,6707.09507412362,1.0,0.0,1.0,5.0,0.3333333333333333,0.6666666666666666,0.0,13.0,13.0,165.9022222222222,1.0,0,8
a76910ac-f504-4064-aee3-5d6aaa6c6379,1,0,0.0,1.0,1284.0,642.0,111.72287142747452,1.0,0.0,2.0,1.0,0.0,0.0,1.0,2.0,2.0,8.033333333333333,0.0,1,1
be9488fa-73fd-4dbb-8f03-9d1d9f8483f8,1,0,1.0,1.0,9572.0,9572.0,0.0,1.0,0.0,1.0,2.0,1.0,0.0,0.0,1.0,1.0,95.72,1.0,0,3
2a18ba4e-0145-438a-93e5-f9f0e53fdee3,1,0,1.0,3.0,38880.0,12960.0,2765.385506579508,1.0,0.0,1.0,4.0,1.0,0.0,0.0,5.0,5.0,129.6,1.0,0,5
6d477807-15e3-4156-b438-408cde4e11ff,1,0,1.0,1.0,22490.0,22490.0,0.0,1.0,0.0,1.0,1.0,1.0,0.0,0.0,3.0,3.0,449.8,0.0,0,1
e218ca23-00a8-4e20-b53d-b8aad3d5c0a9,1,0,2.0,2.0,20988.0,10494.0,428.5067093990478,1.0,0.0,1.0,2.0,1.0,0.0,0.0,2.0,2.0,104.94,1.0,1,3
661d6e27-bb63-42dc-97b1-3662cb0bd30f,1,0,1.0,1.0,11.0,11.0,0.0,1.0,0.0,1.0,1.0,1.0,0.0,0.0,1.0,1.0,0.22,0.0,1,1
84959acc-4746-4c9e-bde5-ad96bfbd23be,1,0,0.0,1.0,8623.0,8623.0,0.0,1.0,0.0,1.0,1.0,0.0,0.0,1.0,2.0,2.0,172.46,0.0,1,1
f1945979-9562-4525-bdc5-59c242e5b28e,1,0,2.0,1.0,3610.0,3610.0,0.0,1.0,0.0,1.0,5.0,1.0,0.0,0.0,2.0,2.0,24.066666666666666,1.0,0,8
cdd396c9-2436-460d-915f-c27703443929,1,0,1.0,1.0,14995.0,14995.0,0.0,1.0,0.0,1.0,3.0,1.0,0.0,0.0,4.0,4.0,99.96666666666667,1.0,1,4
f670d2d5-c9eb-4944-bfde-bd97e37ba036,1,0,0.0,1.0,19980.0,19980.0,0.0,1.0,0.0,1.0,3.0,0.0,1.0,0.0,7.0,5.0,133.2,1.0,0,4
79755d02-2ad0-4d74-9566-6e69a948b7e5,1,0,1.0,3.0,118132.0,39377.333333333336,6954.814327739694,1.0,0.0,1.0,2.0,0.0,1.0,0.0,8.0,9.0,393.77333333333337,1.0,1,3
e03eb9ba-bbd0-4f3d-b1b5-f44c58407eca,1,0,2.0,2.0,3551.0,1775.5,1973.535026291654,1.0,0.0,1.0,5.0,0.5,0.0,0.5,3.0,3.0,11.836666666666666,1.0,1,8
0ccc7d8c-c067-41aa-983f-06cf8d6d8f38,1,0,1.0,3.0,56993.0,18997.666666666668,3346.282763505399,1.0,0.0,1.0,5.0,0.6666666666666666,0.0,0.3333333333333333,7.0,7.0,126.65111111111112,1.0,0,8
9be56ac9-9226-47d5-af90-326b02c3dd82,1,0,1.0,2.0,34418.0,17209.0,299.8132752230961,1.0,0.0,1.0,5.0,0.5,0.5,0.0,13.0,13.0,114.72666666666666,1.0,0,8
500c5a6e-c3d8-4936-9e8e-58e4c2a66dc6,0,0,1.0,1.0,1637.0,1637.0,0.0,1.0,0.0,1.0,3.0,1.0,0.0,0.0,2.0,2.0,10.913333333333334,1.0,0,4
723c25b4-9835-4f38-a163-cbf5c11bf30e,0,0,0.0,3.0,104808.0,34936.0,6925.235230661844,1.0,0.0,1.0,3.0,0.6666666666666666,0.0,0.3333333333333333,30.0,30.0,232.90666666666667,1.0,1,4
a16b2af5-ffae-49fd-88e0-45d1ae1a0b51,0,0,0.0,2.0,10826.0,5413.0,714.177848998413,1.0,0.0,1.0,1.0,1.0,0.0,0.0,3.0,3.0,108.25999999999999,0.0,1,1
880d4477-2cf6-4b1e-9670-2800e2fb6aa7,0,0,1.0,2.0,10606.0,5303.0,3204.6079323374333,1.0,0.0,1.0,5.0,0.0,0.0,1.0,1.0,1.0,35.35333333333333,1.0,0,8
85bd0aa7-ff63-4c14-8e13-caf1d1bbf3aa,0,0,1.0,3.0,114019.0,38006.333333333336,15706.36610847122,1.0,0.0,1.0,5.0,0.0,1.0,0.0,8.0,6.0,253.37555555555556,1.0,1,8
402366b8-c2b9-44c8-a19d-d6c65df7f85b,0,0,1.0,3.0,51615.0,17205.0,1891.2649206285193,1.0,0.0,2.0,3.0,1.0,0.0,0.0,9.0,9.0,196.4422222222222,0.0,0,4
1f99a702-49f8-4468-a0a5-60df4db75f67,0,0,1.0,3.0,56573.0,18857.666666666668,6226.407658781533,1.0,0.0,1.0,5.0,0.3333333333333333,0.6666666666666666,0.0,6.0,6.0,125.71777777777778,1.0,1,8
e9f0c506-59e2-4000-b74c-82d71acbd812,0,0,1.0,3.0,30833.0,10277.666666666666,7526.548633559298,1.0,0.0,1.0,5.0,0.3333333333333333,0.0,0.6666666666666666,5.0,4.0,68.51777777777778,1.0,1,8
3590bf7e-9573-4ddc-b928-b3cecfee7446,0,0,1.0,1.0,15219.0,15219.0,0.0,1.0,0.0,1.0,4.0,1.0,0.0,0.0,2.0,2.0,152.19,1.0,0,5
ae3fba00-f61d-43cb-b590-23b8f878e6a7,0,0,2.0,2.0,62597.0,31298.5,4285.774200771664,1.0,0.0,1.0,3.0,0.0,1.0,0.0,8.0,8.0,208.6566666666667,1.0,0,4
42b1c336-e46b-4bc9-95dc-46f10056b07a,6,1,0.0,1.0,64368.0,64368.0,0.0,0.0,1.0,1.0,3.0,0.0,0.0,1.0,1.0,2.0,429.12,1.0,0,4
49491597-5cca-481d-9d1d-d1267976e4d5,6,1,1.0,3.0,87390.0,29130.0,9509.386310377762,1.0,0.0,1.0,5.0,1.0,0.0,0.0,8.0,8.0,194.20000000000002,1.0,0,8
29c22657-4833-45a3-b61d-dfd562f17575,6,1,2.0,1.0,4893.0,4893.0,0.0,1.0,0.0,1.0,4.0,1.0,0.0,0.0,2.0,2.0,48.93,1.0,1,5
b128deaa-f389-4ba8-a216-2b7d07b245ca,6,1,1.0,2.0,28132.0,14066.0,28.284271247461902,1.0,0.0,1.0,2.0,1.0,0.0,0.0,1.0,2.0,140.66000000000003,1.0,1,3
99fb718c-ac85-4212-8fb5-f848abf206e3,6,1,1.0,3.0,96663.0,32221.0,12670.971667555728,1.0,0.0,1.0,2.0,0.0,0.0,1.0,3.0,2.0,322.21,1.0,0,3
0b10ddb7-4309-4db6-a56d-c74c51bb59fa,6,1,1.0,2.0,36742.0,18371.0,15504.023284296241,1.0,0.0,1.0,2.0,0.5,0.5,0.0,5.0,5.0,183.70999999999998,1.0,0,3
171176ae-d3d4-4002-bf10-fee39a6a6cb8,6,1,1.0,3.0,62419.0,20806.333333333332,8119.055384300155,1.0,0.0,1.0,2.0,0.0,0.0,1.0,3.0,2.0,208.06333333333336,1.0,0,3
21ced7f6-96a9-4a9b-b034-3ab2a0c89e1a,5,1,2.0,1.0,14737.0,14737.0,0.0,1.0,0.0,1.0,5.0,0.0,0.0,1.0,1.0,1.0,98.24666666666667,1.0,1,8
800bc61b-ba00-4534-8b67-c594e7836c46,5,1,1.0,3.0,95061.0,31687.0,5933.458097939178,0.6666666666666667,1.0,1.0,4.0,0.3333333333333333,0.6666666666666666,0.0,13.0,13.0,316.87,1.0,0,5
6dfb54cb-60d3-43ac-8d3f-0b15e757af6f,5,1,1.0,1.0,10493.0,10493.0,0.0,0.0,1.0,1.0,5.0,1.0,0.0,0.0,1.0,1.0,69.95333333333333,1.0,0,8
69a27995-c8ad-4e75-9fdb-025170df0807,5,1,1.0,1.0,27843.0,27843.0,0.0,0.0,1.0,1.0,5.0,1.0,0.0,0.0,9.0,11.0,185.62,1.0,0,8
23e277fa-33d8-4e07-a4a0-6141791d75ce,4,0,1.0,2.0,20984.0,10492.0,4819.639820567508,0.5,1.0,1.0,1.0,0.5,0.0,0.5,3.0,3.0,209.84,0.0,1,1
7381af72-e42f-4762-b5f7-9a8c86ea8810,4,0,1.0,1.0,14873.0,14873.0,0.0,0.0,1.0,1.0,1.0,1.0,0.0,0.0,2.0,2.0,297.46,0.0,1,1
22451dc8-2890-4c0b-ad03-32f7ba80d32f,4,0,1.0,3.0,69137.0,23045.666666666668,7147.385279480415,0.33333333333333337,1.0,1.0,1.0,0.6666666666666666,0.3333333333333333,0.0,6.0,6.0,460.91333333333336,0.0,0,1
e59516de-9802-43c4-be11-81f5914bcb22,4,0,1.0,1.0,9088.0,9088.0,0.0,0.0,1.0,1.0,3.0,1.0,0.0,0.0,4.0,4.0,60.586666666666666,1.0,0,4
e49662ad-1f64-41d2-b05c-a70f696ce0b7,4,0,1.0,1.0,5643.0,5643.0,0.0,0.0,1.0,1.0,1.0,0.0,1.0,0.0,1.0,1.0,112.86,0.0,1,1
bb71b6c9-86fd-4406-9a4a-418fc2a341f7,4,0,1.0,3.0,9967.0,3322.3333333333335,78.03418054502362,0.33333333333333337,1.0,1.0,3.0,0.6666666666666666,0.0,0.3333333333333333,2.0,2.0,22.14888888888889,1.0,1,4
879f3fbb-8321-4938-a9ec-4546c492c76d,4,0,2.0,1.0,25307.0,25307.0,0.0,0.0,1.0,1.0,5.0,1.0,0.0,0.0,6.0,4.0,168.71333333333334,1.0,1,8
2ba1d54f-2751-4eda-bd1e-c3bcbd2baf7c,4,0,1.0,1.0,9784.0,9784.0,0.0,0.0,1.0,1.0,4.0,1.0,0.0,0.0,2.0,2.0,97.84,1.0,1,5
e07e0f88-32dd-4442-9019-79c4e6ec0d6a,4,0,1.0,3.0,41091.0,13697.0,11506.86442954813,0.33333333333333337,1.0,1.0,2.0,0.6666666666666666,0.0,0.3333333333333333,8.0,7.0,136.97,1.0,1,3
93eb628c-e81e-4677-88c2-2cd9a85de1c2,4,0,1.0,1.0,4189.0,4189.0,0.0,0.0,1.0,1.0,1.0,1.0,0.0,0.0,1.0,1.0,83.78,0.0,1,1
ecdd6db6-ea24-4aae-88b7-eecf2cc3e622,4,0,1.0,2.0,25238.0,12619.0,4657.005260894602,0.0,1.0,1.0,5.0,0.5,0.0,0.5,7.0,7.0,84.12666666666667,1.0,1,8
366ba701-94a2-40e4-9fe7-400cc84216af,3,0,1.0,2.0,30208.0,15104.0,1646.1445866022827,0.5,1.0,1.0,3.0,1.0,0.0,0.0,9.0,9.0,100.69333333333333,1.0,0,4
44a67ac1-9f1c-4e81-ae80-a28d499172a3,3,0,1.0,1.0,5380.0,5380.0,0.0,1.0,0.0,1.0,3.0,1.0,0.0,0.0,4.0,4.0,35.86666666666667,1.0,1,4
5c693a98-6fa9-4e5a-b461-67be4724b98d,3,0,0.0,3.0,37089.0,12363.0,14281.470967655958,0.6666666666666667,1.0,1.0,5.0,0.0,0.6666666666666666,0.3333333333333333,5.0,6.0,82.42,1.0,1,8
5d709be8-633f-4d2c-ba95-840112db1a08,3,0,0.0,1.0,5988.0,5988.0,0.0,1.0,0.0,1.0,3.0,1.0,0.0,0.0,3.0,3.0,39.92,1.0,1,4
dd305a0c-e543-4c64-a856-78021df7bf67,3,0,1.0,1.0,8089.0,8089.0,0.0,1.0,0.0,1.0,5.0,1.0,0.0,0.0,4.0,4.0,53.92666666666667,1.0,1,8
8811192d-bd08-4342-b5a0-161a87d82ab5,3,0,1.0,2.0,26115.0,13057.5,5895.149234752247,0.5,1.0,1.0,5.0,1.0,0.0,0.0,4.0,4.0,87.05,1.0,0,8
192095ba-148c-449a-b96a-505a461ce516,3,0,1.0,1.0,3368.0,3368.0,0.0,1.0,0.0,1.0,3.0,1.0,0.0,0.0,1.0,1.0,22.453333333333333,1.0,0,4
dde652be-4d79-4c8f-ac6f-d8093ea7da42,3,0,0.0,1.0,14231.0,14231.0,0.0,1.0,0.0,1.0,5.0,0.0,1.0,0.0,2.0,2.0,94.87333333333333,1.0,1,8
3585f230-a5e3-4dd2-8bc0-f8d18fbec48e,3,0,1.0,2.0,29223.0,14611.5,371.23106012293744,0.5,1.0,1.0,1.0,0.5,0.5,0.0,2.0,2.0,292.23,0.0,1,1
d55141d4-abd1-41bc-9e2d-0db762c008a2,2,0,1.0,1.0,14414.0,14414.0,0.0,1.0,0.0,1.0,5.0,1.0,0.0,0.0,8.0,7.0,96.09333333333333,1.0,1,8
ee158653-dd70-4e4f-bbeb-e9163b0299a6,2,0,1.0,1.0,18807.0,18807.0,0.0,1.0,0.0,1.0,5.0,0.0,1.0,0.0,4.0,4.0,125.38,1.0,1,8
2c332cb5-7125-43c9-ac74-4ccc441ed956,2,0,2.0,1.0,13654.0,13654.0,0.0,1.0,0.0,1.0,5.0,1.0,0.0,0.0,4.0,4.0,91.02666666666667,1.0,0,8
8aa51c33-fc07-4732-b1f3-3107eb512c53,2,0,0.0,1.0,10988.0,10988.0,0.0,1.0,0.0,1.0,5.0,1.0,0.0,0.0,6.0,6.0,73.25333333333333,1.0,0,8
80d71c46-ea1c-4b8b-b2be-2b0de1431af4,2,0,1.0,3.0,79410.0,26470.0,6888.542734134702,0.6666666666666667,1.0,1.0,3.0,0.6666666666666666,0.3333333333333333,0.0,17.0,17.0,176.46666666666667,1.0,0,4
dff02994-4f2f-4821-bdd4-56d442d8d190,2,0,0.0,2.0,13155.0,6577.5,4414.467634947616,1.0,0.0,1.0,3.0,1.0,0.0,0.0,2.0,2.0,43.849999999999994,1.0,1,4
bca76d92-49f1-4a21-9586-853ff3f6aa24,2,0,1.0,3.0,105924.0,35308.0,2955.9411360850877,0.6666666666666667,1.0,1.0,3.0,0.0,1.0,0.0,9.0,9.0,235.38666666666668,1.0,0,4
b90b70a0-119d-4f16-9c31-e98e1be57c6e,2,0,2.0,1.0,25355.0,25355.0,0.0,1.0,0.0,1.0,1.0,1.0,0.0,0.0,5.0,5.0,507.1,0.0,0,1
9837f220-c66d-48a4-9e3a-ee800d24adbc,1,0,1.0,2.0,39532.0,19766.0,2005.3548314450488,1.0,0.0,1.0,1.0,0.0,1.0,0.0,3.0,3.0,395.32,0.0,1,1
89371bb2-5be1-4986-beb0-b91d828c3054,1,0,0.0,3.0,57866.0,19288.666666666668,10801.692012519767,1.0,0.0,1.0,1.0,0.3333333333333333,0.6666666666666666,0.0,13.0,13.0,385.7733333333333,0.0,1,1
18f165d4-aed0-431e-8ad7-83230dd51128,1,0,0.0,1.0,9309.0,9309.0,0.0,1.0,0.0,1.0,5.0,0.0,0.0,1.0,4.0,4.0,62.06,1.0,0,8
002a7570-90dd-4cab-b0aa-b0e40f7ef27a,1,0,1.0,2.0,23609.0,11804.5,9782.822317715885,1.0,0.0,1.0,5.0,1.0,0.0,0.0,5.0,5.0,78.69666666666666,1.0,1,8
654bc73e-6694-46b9-841b-c75366026143,1,0,1.0,2.0,48079.0,24039.5,6163.849811603135,1.0,0.0,1.0,5.0,0.5,0.5,0.0,8.0,6.0,160.26333333333332,1.0,0,8
b1eff042-d6b1-466c-ba51-88b38d3c4f63,1,0,2.0,1.0,19955.0,19955.0,0.0,1.0,0.0,1.0,3.0,0.0,1.0,0.0,8.0,8.0,133.03333333333333,1.0,0,4
9e733bcf-60d5-4f32-85b3-8f3ec633a52a,1,0,1.0,1.0,23451.0,23451.0,0.0,1.0,0.0,1.0,5.0,0.0,1.0,0.0,4.0,5.0,156.34,1.0,0,8
b683e7a1-8d88-4845-9a73-17dbb659633e,1,0,1.0,1.0,613.0,613.0,0.0,1.0,0.0,1.0,2.0,0.0,0.0,1.0,1.0,1.0,6.13,1.0,1,3
dbc13f1e-704e-4659-9188-0b00b1612149,1,0,2.0,1.0,9518.0,9518.0,0.0,1.0,0.0,1.0,3.0,0.0,0.0,1.0,1.0,1.0,63.45333333333333,1.0,0,4
ae5488f5-f1bc-48ac-b32c-7100ce2514a5,1,0,1.0,2.0,42970.0,21485.0,1719.6836918456836,1.0,0.0,1.0,1.0,0.0,1.0,0.0,1.0,1.0,429.7,0.0,1,1
62fa4442-7b2d-4480-99c9-f19eb8d2e097,1,0,1.0,2.0,20867.0,10433.5,6.363961030678928,1.0,0.0,2.0,1.0,0.0,0.0,1.0,2.0,2.0,156.48000000000002,0.0,0,1
cbe43e66-5023-411a-901c-9ba6c78b4984,1,0,1.0,1.0,21420.0,21420.0,0.0,1.0,0.0,1.0,1.0,0.0,1.0,0.0,4.0,4.0,428.4,0.0,1,1
abacc997-01de-4818-951d-da52b48d5e3c,1,0,1.0,1.0,24955.0,24955.0,0.0,1.0,0.0,1.0,1.0,0.0,1.0,0.0,5.0,5.0,499.1,0.0,0,1
05f526bc-2b1e-4c73-8fa9-7ad0c1171faf,1,0,0.0,2.0,46197.0,23098.5,16182.13868745414,1.0,0.0,1.0,1.0,0.5,0.5,0.0,14.0,14.0,461.97,0.0,0,1
03e960cc-4f6b-4f0f-bdf7-70b03fff5b61,0,0,1.0,3.0,52724.0,17574.666666666668,7265.3320181071795,1.0,0.0,1.0,5.0,0.6666666666666666,0.0,0.3333333333333333,10.0,8.0,117.16444444444444,1.0,1,8
67956df5-5028-4a71-a84b-3f9be5620ea4,0,0,1.0,2.0,41056.0,20528.0,104.65180361560904,1.0,0.0,1.0,3.0,0.0,1.0,0.0,8.0,9.0,136.85333333333335,1.0,0,4
c5ecda6d-3063-4af8-b0fb-b6898b1263c6,0,0,1.0,2.0,59854.0,29927.0,3070.2576439119894,1.0,0.0,1.0,3.0,1.0,0.0,0.0,6.0,6.0,199.51333333333332,1.0,0,4
5e574783-b12c-4dce-ba95-e8d9a1e1db7b,0,0,1.0,3.0,63256.0,21085.333333333332,3777.5180123109058,1.0,0.0,1.0,5.0,1.0,0.0,0.0,12.0,12.0,140.5688888888889,1.0,0,8
c90e279f-d018-4aa3-a7dd-e27a77e6ed8b,0,0,1.0,2.0,35930.0,17965.0,15829.292403642054,1.0,0.0,1.0,3.0,0.5,0.5,0.0,10.0,10.0,119.76666666666667,1.0,1,4
bf9b24db-677b-40ca-af5e-0741cfa6d852,0,0,1.0,1.0,36328.0,36328.0,0.0,1.0,0.0,1.0,1.0,0.0,1.0,0.0,5.0,4.0,0.0,0.0,1,1
8b5deb7f-199f-4f94-88b2-020586d5ceaf,0,0,2.0,2.0,30310.0,15155.0,11272.696305675941,1.0,0.0,1.0,2.0,1.0,0.0,0.0,1.0,1.0,151.55,1.0,1,3
fe8a5aaf-af8e-44e3-bec6-701b0f196f2b,0,0,1.0,1.0,4446.0,4446.0,0.0,1.0,0.0,1.0,5.0,0.0,0.0,1.0,1.0,1.0,29.64,1.0,0,8
f632dab8-f3a0-417b-a5f0-81f73a3f3bb9,0,0,1.0,3.0,83324.0,27774.666666666668,3446.5945995044635,1.0,0.0,1.0,5.0,0.6666666666666666,0.3333333333333333,0.0,10.0,10.0,185.16444444444446,1.0,0,8
199b5809-f7bc-4245-9101-e08b1ee74837,0,0,1.0,3.0,79464.0,26488.0,7485.514210794072,1.0,0.0,1.0,5.0,0.6666666666666666,0.3333333333333333,0.0,16.0,15.0,176.58666666666667,1.0,0,8
dbae83dc-22c5-46db-a0ad-3911921c6987,0,0,1.0,1.0,4803.0,4803.0,0.0,1.0,0.0,1.0,5.0,0.0,0.0,1.0,1.0,1.0,32.02,1.0,0,8
bb323a69-73b4-4f2b-96df-878332b30774,0,0,1.0,2.0,47229.0,23614.5,840.749962830805,1.0,0.0,1.0,5.0,0.0,1.0,0.0,3.0,3.0,157.43,1.0,0,8
5361efaf-3955-49e6-aa50-51e5affd3026,0,0,2.0,2.0,30984.0,15492.0,1101.672365088641,1.0,0.0,1.0,2.0,0.0,0.0,1.0,1.0,0.0,154.92000000000002,1.0,0,3
c3fe7ee0-c883-41ad-acce-aba843601ced,0,0,1.0,2.0,74526.0,37263.0,15946.67212931902,1.0,0.0,1.0,2.0,0.0,1.0,0.0,6.0,6.0,372.63,1.0,0,3
652c9486-4f71-4004-ba2f-d4c5562c835a,0,0,2.0,2.0,9584.0,4792.0,769.3321779309637,1.0,0.0,2.0,2.0,1.0,0.0,0.0,1.0,1.0,39.026666666666664,1.0,1,3
7066ada1-8b00-4429-9426-527a9b100c6b,0,0,1.0,3.0,58114.0,19371.333333333332,4654.328129100196,1.0,0.0,1.0,3.0,0.3333333333333333,0.6666666666666666,0.0,7.0,8.0,129.14222222222222,1.0,0,4
9f3d44c4-a0f3-4d58-8e62-a0840ab573f6,6,1,1.0,1.0,5942.0,5942.0,0.0,1.0,0.0,1.0,2.0,0.0,0.0,1.0,1.0,1.0,59.42,1.0,0,3
f2fa64aa-cb37-4a83-ba12-2f5b7a216091,6,1,2.0,1.0,4310.0,4310.0,0.0,1.0,0.0,1.0,4.0,0.0,1.0,0.0,1.0,1.0,43.1,1.0,1,5
1fa6f4b7-1f49-4483-952c-8dc4277e24fa,6,1,2.0,1.0,32147.0,32147.0,0.0,1.0,0.0,1.0,1.0,0.0,1.0,0.0,6.0,6.0,642.94,0.0,1,1
26a8a93a-1736-4901-aa78-c903c9a41aae,6,1,1.0,1.0,7371.0,7371.0,0.0,1.0,0.0,1.0,5.0,0.0,0.0,1.0,1.0,1.0,49.14,1.0,0,8
7982d84f-be46-4113-a514-e00019520989,6,1,1.0,1.0,10440.0,10440.0,0.0,1.0,0.0,1.0,3.0,0.0,1.0,0.0,2.0,2.0,69.6,1.0,0,4
beab51e3-8007-44d4-aff8-80323dc8ecad,5,1,1.0,1.0,21284.0,21284.0,0.0,0.0,1.0,1.0,5.0,1.0,0.0,0.0,1.0,1.0,141.89333333333335,1.0,0,8
a90407f6-7a7b-44b6-9712-743272485a53,5,1,1.0,3.0,24766.0,8255.333333333334,3485.0298898766036,0.6666666666666667,1.0,1.0,2.0,0.6666666666666666,0.3333333333333333,0.0,2.0,2.0,82.55333333333333,1.0,0,3
dc7644aa-151f-48d7-a607-285b37b1de55,5,1,1.0,1.0,10487.0,10487.0,0.0,0.0,1.0,1.0,2.0,1.0,0.0,0.0,1.0,1.0,104.87,1.0,1,3
02cf9c1a-1c72-4f3e-897d-ce7d7b552dee,5,1,0.0,3.0,70518.0,23506.0,5325.028168939579,0.33333333333333337,1.0,1.0,5.0,1.0,0.0,0.0,22.0,21.0,156.70666666666668,1.0,0,8
295ed545-8249-40ef-86aa-8a389718bf8b,5,1,2.0,1.0,10114.0,10114.0,0.0,1.0,0.0,1.0,3.0,1.0,0.0,0.0,1.0,1.0,67.42666666666666,1.0,1,4
1b128a98-978b-4b9a-879a-015dc0406d5a,5,1,1.0,3.0,48686.0,16228.666666666666,8980.819691616869,0.6666666666666667,1.0,2.0,1.0,0.3333333333333333,0.3333333333333333,0.3333333333333333,7.0,7.0,210.10666666666665,0.0,1,1
a1b12e61-18e6-4d0c-9db6-0d8670299e83,5,1,1.0,3.0,87752.0,29250.666666666668,5366.542772897029,0.6666666666666667,1.0,1.0,1.0,0.6666666666666666,0.3333333333333333,0.0,19.0,19.0,585.0133333333334,0.0,0,1
862de4a0-bb37-4808-a704-ce625231f924,5,1,1.0,2.0,41210.0,20605.0,12754.792119042944,0.5,1.0,1.0,5.0,0.0,0.5,0.5,14.0,14.0,137.36666666666667,1.0,0,8
bd5d1a0d-f8c1-4c38-b7c0-f60e13160424,5,1,2.0,2.0,13150.0,6575.0,1425.5272708720797,1.0,0.0,1.0,3.0,0.0,0.0,1.0,1.0,1.0,43.833333333333336,1.0,1,4
9eb65795-8cfa-4957-9808-5a7252f11ee9,5,1,1.0,1.0,187.0,187.0,0.0,0.0,1.0,1.0,3.0,0.0,0.0,1.0,2.0,2.0,1.2466666666666666,1.0,1,4
ff87a91c-2fe3-4ec4-9094-e8b2819685a5,4,0,1.0,1.0,24513.0,24513.0,0.0,0.0,1.0,1.0,2.0,1.0,0.0,0.0,2.0,3.0,245.13,1.0,0,3
398cd04a-cc41-4541-b716-6ec8d3560446,4,0,0.0,1.0,3022.0,3022.0,0.0,1.0,0.0,1.0,5.0,0.0,0.0,1.0,3.0,2.0,20.14666666666667,1.0,0,8
897bd22f-a491-4ce9-bfb9-295dd427ac7f,4,0,1.0,1.0,15872.0,15872.0,0.0,0.0,1.0,1.0,1.0,1.0,0.0,0.0,2.0,2.0,317.44,0.0,0,1
de338eed-456a-4a2a-aeb3-bb526e7853d6,4,0,0.0,1.0,19394.0,19394.0,0.0,1.0,0.0,1.0,5.0,0.0,1.0,0.0,3.0,3.0,129.29333333333332,1.0,0,8
e11fd908-5155-45d5-93a6-6ddc3e86e37d,4,0,1.0,1.0,3695.0,3695.0,0.0,0.0,1.0,1.0,5.0,0.0,1.0,0.0,2.0,2.0,24.633333333333333,1.0,1,8
9b4a96df-a0da-4947-9854-aa393bae48b6,4,0,0.0,1.0,1160.0,1160.0,0.0,1.0,0.0,1.0,5.0,1.0,0.0,0.0,1.0,1.0,7.733333333333333,1.0,1,8
1607b484-eb16-44e9-84dc-936b27f6037c,4,0,0.0,1.0,18532.0,18532.0,0.0,1.0,0.0,1.0,3.0,0.0,1.0,0.0,5.0,5.0,123.54666666666667,1.0,0,4
f6fd2579-61d2-4d17-8765-b32c8d575670,4,0,1.0,2.0,43896.0,14632.0,3763.6413219115343,0.0,1.0,2.0,5.0,0.0,1.0,0.0,10.0,10.0,144.01777777777775,0.0,0,8
fede51b3-1cc7-413e-85a8-b63fc622f7ff,4,0,0.0,1.0,4411.0,4411.0,0.0,1.0,0.0,1.0,5.0,0.0,1.0,0.0,1.0,1.0,29.406666666666666,1.0,0,8
400c3dd0-09bd-48e0-82b2-3bb878860cb5,4,0,0.0,3.0,49449.0,16483.0,21286.35734455287,0.33333333333333337,1.0,1.0,5.0,0.3333333333333333,0.0,0.6666666666666666,7.0,7.0,109.88666666666667,1.0,1,8
e66890b3-4d7f-4920-814a-fd6436cc046c,4,0,0.0,1.0,1171.0,1171.0,0.0,1.0,0.0,1.0,5.0,1.0,0.0,0.0,1.0,1.0,7.806666666666667,1.0,0,8
23931ce4-d767-400c-8f7f-2a0bd6af365b,4,0,0.0,3.0,105309.0,35103.0,29462.188106113234,0.6666666666666667,1.0,1.0,5.0,0.0,0.3333333333333333,0.6666666666666666,15.0,15.0,234.02,1.0,1,8
49b8b033-acd8-4099-bb45-9ceb5b33981d,4,0,0.0,1.0,1152.0,1152.0,0.0,1.0,0.0,1.0,5.0,1.0,0.0,0.0,1.0,1.0,7.68,1.0,0,8
1d44e0bb-5eef-4b6c-95e4-1318cdaa214e,4,0,0.0,1.0,3130.0,3130.0,0.0,1.0,0.0,1.0,5.0,1.0,0.0,0.0,1.0,1.0,20.866666666666667,1.0,0,8
68e5dd83-72a3-4c15-a02f-209438985585,3,0,1.0,2.0,35535.0,17767.5,10593.166688955669,0.5,1.0,1.0,2.0,1.0,0.0,0.0,2.0,1.0,177.675,1.0,0,3
a6d481ad-afdd-4bd8-b585-adcae843626f,3,0,2.0,2.0,30965.0,15482.5,1670.8933239438118,0.0,1.0,1.0,5.0,1.0,0.0,0.0,2.0,2.0,103.21666666666667,1.0,1,8
b01eddc0-5e25-419a-b1bb-72ebd12b6203,3,0,1.0,3.0,63555.0,21185.0,8680.898743793756,0.33333333333333337,1.0,1.0,3.0,0.6666666666666666,0.3333333333333333,0.0,8.0,7.0,141.23333333333332,1.0,1,4
b1257340-53c9-4466-a87e-0adb4d58d22f,3,0,1.0,1.0,11110.0,11110.0,0.0,1.0,0.0,1.0,5.0,1.0,0.0,0.0,4.0,4.0,74.06666666666666,1.0,0,8
123eff78-ce5d-4dcf-abbf-35a52f9b8848,3,0,2.0,1.0,3565.0,3565.0,0.0,0.0,1.0,1.0,5.0,1.0,0.0,0.0,1.0,1.0,23.766666666666666,1.0,0,8
022ff001-2cb3-4efc-bd5c-05ea311655d4,3,0,1.0,1.0,12558.0,12558.0,0.0,1.0,0.0,1.0,5.0,0.0,1.0,0.0,7.0,7.0,83.72,1.0,0,8
58e401fb-09be-44e1-95ea-2196c00b370d,3,0,1.0,2.0,26526.0,13263.0,6765.597682392887,0.5,1.0,1.0,3.0,1.0,0.0,0.0,5.0,5.0,88.42,1.0,1,4
5d5ff698-271f-4a63-b413-99ea54f82235,3,0,1.0,3.0,52543.0,17514.333333333332,8447.795590172229,0.33333333333333337,1.0,1.0,2.0,0.3333333333333333,0.0,0.6666666666666666,2.0,2.0,175.14333333333335,1.0,0,3
f733f0ff-e6cf-491a-aeb8-99e0e69e30d5,3,0,1.0,1.0,3728.0,3728.0,0.0,1.0,0.0,1.0,2.0,0.0,1.0,0.0,1.0,1.0,37.28,1.0,1,3
94d05c60-e071-4305-9a12-b713e7a3a12d,3,0,1.0,1.0,1742.0,1742.0,0.0,1.0,0.0,1.0,5.0,1.0,0.0,0.0,2.0,2.0,11.613333333333333,1.0,0,8
341312be-aca9-4f55-8b63-38384e24a650,3,0,1.0,1.0,26720.0,26720.0,0.0,1.0,0.0,1.0,4.0,0.0,1.0,0.0,6.0,6.0,267.2,1.0,0,5
46557cca-0435-4a36-aaf4-5407ccd538e9,3,0,1.0,1.0,14842.0,14842.0,0.0,1.0,0.0,1.0,3.0,0.0,0.0,1.0,4.0,4.0,98.94666666666667,1.0,0,4
1f78af18-ae79-44e0-8c9f-6c172c25e3cb,3,0,1.0,2.0,25156.0,12578.0,17107.74146402733,0.5,1.0,1.0,3.0,0.0,0.5,0.5,12.0,12.0,83.85333333333334,1.0,0,4
1c1e3f89-4c7c-4299-b307-552caf7823a5,2,0,2.0,1.0,24905.0,24905.0,0.0,1.0,0.0,1.0,5.0,1.0,0.0,0.0,3.0,3.0,166.03333333333333,1.0,0,8
202638c6-1709-4f3d-8125-b526260cf0c1,2,0,1.0,2.0,61386.0,30693.0,7628.267955440475,1.0,0.0,1.0,2.0,0.0,1.0,0.0,8.0,9.0,306.93,1.0,1,3
1662421d-4775-4d62-8993-10fa46cb8b78,2,0,1.0,3.0,36898.0,12299.333333333334,2471.0047214308056,0.6666666666666667,1.0,1.0,2.0,0.6666666666666666,0.3333333333333333,0.0,3.0,3.0,122.99333333333334,1.0,1,3
a259c7d5-51af-40bd-8a4e-88f3a905b317,2,0,2.0,2.0,54870.0,27435.0,2196.2736623654164,0.5,1.0,1.0,5.0,1.0,0.0,0.0,9.0,9.0,182.89999999999998,1.0,1,8
a0002ac7-dc3a-4ef5-9c89-f7e2b7b600a6,2,0,2.0,1.0,25737.0,25737.0,0.0,1.0,0.0,1.0,3.0,0.0,1.0,0.0,6.0,7.0,171.58,1.0,0,4
e038fbee-789b-4766-9591-600f28d9a1cc,2,0,0.0,1.0,3500.0,3500.0,0.0,1.0,0.0,1.0,2.0,0.0,1.0,0.0,1.0,2.0,35.0,1.0,0,3
628c9d49-619b-4807-a983-6cafc31f0608,2,0,1.0,2.0,24325.0,12162.5,7445.127299113159,1.0,0.0,1.0,1.0,1.0,0.0,0.0,9.0,10.0,243.25,0.0,1,1
dffc8595-b631-4457-b45c-5e16a77f1f60,2,0,2.0,2.0,6551.0,3275.5,95.45941546018392,0.5,1.0,1.0,3.0,1.0,0.0,0.0,3.0,3.0,21.836666666666666,1.0,1,4
283d11bc-eab9-4430-8f4c-cbdc29027b06,1,0,1.0,1.0,8835.0,8835.0,0.0,1.0,0.0,1.0,1.0,0.0,1.0,0.0,2.0,2.0,176.7,0.0,1,1
89a8a76c-bfbb-4689-9a24-8de796c98f2f,1,0,0.0,2.0,44427.0,22213.5,1195.7175669864519,1.0,0.0,1.0,3.0,0.5,0.5,0.0,16.0,16.0,148.09,1.0,1,4
330a29fc-6571-4f30-9fa0-8db77f725df9,1,0,0.0,2.0,33508.0,16754.0,2225.9721471752514,1.0,0.0,1.0,1.0,1.0,0.0,0.0,4.0,4.0,335.08000000000004,0.0,1,1
e99a780b-d07f-412d-8bc3-8277ac9cd7c3,1,0,1.0,1.0,11438.0,11438.0,0.0,1.0,0.0,1.0,1.0,1.0,0.0,0.0,3.0,3.0,228.76,0.0,1,1
06985080-96ef-4cb7-96c7-baaad23c5b67,1,0,1.0,1.0,23929.0,23929.0,0.0,1.0,0.0,1.0,3.0,0.0,1.0,0.0,6.0,5.0,159.52666666666667,1.0,0,4
1187f913-8975-4009-b839-1b772317cc01,1,0,0.0,1.0,14158.0,14158.0,0.0,1.0,0.0,1.0,1.0,1.0,0.0,0.0,1.0,2.0,283.16,0.0,1,1
4a8feae8-0b1f-41b6-8ba4-66791df6466b,1,0,1.0,1.0,3019.0,3019.0,0.0,1.0,0.0,1.0,2.0,0.0,1.0,0.0,1.0,1.0,30.19,1.0,0,3
a8b89151-d18f-45b4-a20e-d935cc692789,1,0,1.0,1.0,5358.0,5358.0,0.0,1.0,0.0,1.0,2.0,0.0,1.0,0.0,1.0,1.0,53.58,1.0,0,3
b7e3d17f-521f-4e1d-98cb-ce3cfe3697a1,1,0,1.0,1.0,11637.0,11637.0,0.0,1.0,0.0,1.0,1.0,1.0,0.0,0.0,3.0,3.0,232.74,0.0,1,1
45be924b-3c23-4b78-b9ec-e75fe9e3aad4,0,0,0.0,2.0,23010.0,11505.0,16116.377756803791,1.0,0.0,1.0,1.0,0.5,0.5,0.0,5.0,4.0,230.1,0.0,1,1
301edc56-0a80-41e1-87fc-55f061252213,0,0,2.0,1.0,1928.0,1928.0,0.0,1.0,0.0,1.0,4.0,1.0,0.0,0.0,2.0,1.0,19.28,1.0,1,5
da5f4347-5613-410a-a56b-400e5d3ef58c,0,0,0.0,2.0,7495.0,3747.5,1291.8840892278224,1.0,0.0,1.0,3.0,0.5,0.5,0.0,4.0,4.0,24.983333333333334,1.0,1,4
45adec57-e7b2-4988-ab76-116bd5be4379,0,0,1.0,3.0,112866.0,37622.0,42482.36618880827,1.0,0.0,1.0,3.0,0.0,0.0,1.0,11.0,11.0,250.81333333333336,1.0,1,4
9010c521-367a-4d63-8be6-3116222e8be9,0,0,1.0,2.0,19940.0,9970.0,2655.8930701366726,1.0,0.0,1.0,3.0,0.5,0.5,0.0,8.0,7.0,66.46666666666667,1.0,0,4
cc68ed97-4baa-446e-a276-e93f3348c065,0,0,1.0,1.0,24624.0,24624.0,0.0,1.0,0.0,1.0,3.0,0.0,1.0,0.0,6.0,9.0,164.16,1.0,0,4
7f5c88ef-afe4-4068-b2ce-d598c6c79364,0,0,1.0,3.0,32524.0,10841.333333333334,2678.0687693435607,1.0,0.0,1.0,3.0,0.0,1.0,0.0,9.0,9.0,72.27555555555556,1.0,0,4
98d4f2a1-7c52-4ce5-a9d7-b8eb2c973d93,6,1,1.0,1.0,25644.0,25644.0,0.0,1.0,0.0,1.0,2.0,1.0,0.0,0.0,2.0,2.0,256.44,1.0,0,3
59f9309d-d636-4598-842e-202ebea5af40,6,1,1.0,1.0,11451.0,11451.0,0.0,1.0,0.0,1.0,1.0,0.0,1.0,0.0,5.0,5.0,229.02,0.0,0,1
49b28a11-443d-40e0-bb48-5ffe736b0b7c,6,1,1.0,1.0,44432.0,44432.0,0.0,1.0,0.0,1.0,2.0,0.0,1.0,0.0,7.0,7.0,444.32,1.0,0,3
328e4737-5983-4bad-8b1f-b88e0e31b064,5,1,1.0,1.0,6938.0,6938.0,0.0,0.0,1.0,1.0,3.0,1.0,0.0,0.0,1.0,1.0,46.25333333333333,1.0,0,4
42f70e47-e731-4dba-878f-e782b73090ac,5,1,0.0,2.0,54993.0,27496.5,5097.5327855738215,0.0,1.0,1.0,1.0,0.5,0.5,0.0,5.0,4.0,549.93,0.0,1,1
09966790-7a05-4577-a45c-87b3da6ff0d1,5,1,1.0,3.0,75190.0,25063.333333333332,3535.591652514941,0.6666666666666667,1.0,1.0,3.0,1.0,0.0,0.0,14.0,13.0,167.08888888888887,1.0,1,4
cad96b3d-4e2e-4ef7-b04a-b62789c07d92,5,1,2.0,1.0,10122.0,10122.0,0.0,1.0,0.0,1.0,1.0,1.0,0.0,0.0,4.0,3.0,202.44,0.0,1,1
c1453078-f214-4703-98b0-15afb8f7cdff,5,1,1.0,3.0,30690.0,10230.0,8623.586666810974,0.6666666666666667,1.0,1.0,3.0,0.3333333333333333,0.0,0.6666666666666666,9.0,9.0,68.2,1.0,1,4
dcc61f67-7760-47b0-b32c-503a6ad239cc,4,0,2.0,1.0,3133.0,3133.0,0.0,0.0,1.0,1.0,4.0,1.0,0.0,0.0,1.0,1.0,31.33,1.0,1,5
d17798d7-6f10-4a02-bf9c-530cdc1b4d47,4,0,2.0,1.0,1249.0,1249.0,0.0,0.0,1.0,1.0,1.0,1.0,0.0,0.0,1.0,1.0,24.98,0.0,1,1
f420ca87-b587-4221-b1c7-7ab01dd6f6bf,4,0,1.0,3.0,90820.0,30273.333333333332,14324.607580430722,0.33333333333333337,1.0,1.0,2.0,0.3333333333333333,0.6666666666666666,0.0,3.0,2.0,302.73333333333335,1.0,0,3
bbf88af9-b003-4588-b6d3-539e298c7963,4,0,1.0,2.0,97329.0,48664.5,43219.07357290297,0.0,1.0,1.0,3.0,0.5,0.0,0.5,8.0,6.0,324.42999999999995,1.0,0,4
0c70104c-34dd-4e94-b9f1-c75f054f9e6d,4,0,0.0,3.0,78251.0,26083.666666666668,11047.478731970174,0.33333333333333337,1.0,1.0,1.0,0.3333333333333333,0.0,0.6666666666666666,18.0,18.0,521.6733333333333,0.0,1,1
94b66393-c2a0-48ca-88c1-48e18ff9d706,4,0,2.0,1.0,1537.0,1537.0,0.0,0.0,1.0,1.0,1.0,1.0,0.0,0.0,1.0,1.0,30.74,0.0,0,1
23710469-2bb0-4e0c-95cc-8a21d65e5b0f,4,0,0.0,3.0,54066.0,18022.0,7496.612101476239,0.33333333333333337,1.0,1.0,2.0,0.3333333333333333,0.3333333333333333,0.3333333333333333,6.0,7.0,180.22000000000003,1.0,1,3
c486056b-3c43-4c96-8e8f-c0dbd8c8adb7,4,0,1.0,1.0,20162.0,20162.0,0.0,0.0,1.0,1.0,1.0,1.0,0.0,0.0,6.0,6.0,403.24,0.0,0,1
c1d55be1-32d1-4a1c-9b2d-e37e8eab0d33,4,0,2.0,2.0,26755.0,13377.5,1040.1540751254115,0.5,1.0,1.0,2.0,0.0,1.0,0.0,1.0,1.0,133.775,1.0,0,3
1cfef154-91c6-41c5-b7ac-cab23608d42f,4,0,2.0,1.0,1386.0,1386.0,0.0,0.0,1.0,1.0,1.0,1.0,0.0,0.0,1.0,1.0,27.72,0.0,0,1
4cf7be79-5d38-40b8-b292-3fa8e1e7cc44,4,0,1.0,2.0,35995.0,17997.5,1659.5796154448271,0.0,1.0,1.0,3.0,0.0,0.0,1.0,8.0,5.0,119.98333333333333,1.0,0,4
1b480761-8612-4e46-b4ea-0177cea6d9a3,4,0,1.0,1.0,20355.0,20355.0,0.0,0.0,1.0,1.0,1.0,1.0,0.0,0.0,4.0,4.0,407.1,0.0,0,1
248700bb-197a-4b37-99c9-6f43d8adb447,3,0,2.0,1.0,3402.0,3402.0,0.0,0.0,1.0,1.0,3.0,1.0,0.0,0.0,1.0,1.0,22.68,1.0,0,4
56ebb8cc-2cf5-4379-926d-37841448cec3,2,0,1.0,1.0,57060.0,57060.0,0.0,1.0,0.0,1.0,3.0,0.0,0.0,1.0,1.0,2.0,380.4,1.0,1,4
d5e006f0-f594-4889-b1a4-5120255ce0a1,2,0,0.0,1.0,20134.0,20134.0,0.0,1.0,0.0,1.0,1.0,1.0,0.0,0.0,3.0,3.0,402.68,0.0,0,1
1b553c46-0cab-489c-9e0b-8920d492f1f3,2,0,0.0,1.0,4627.0,4627.0,0.0,1.0,0.0,1.0,2.0,0.0,0.0,1.0,1.0,1.0,46.27,1.0,0,3
8e400e4b-7d5c-4ae2-9ff8-e5e0359da1bd,1,0,0.0,3.0,33061.0,11020.333333333334,2551.470621687291,1.0,0.0,1.0,4.0,1.0,0.0,0.0,10.0,10.0,110.20333333333333,1.0,0,5
181d97f6-bf66-40ef-b2b2-ff717b0751e1,1,0,2.0,2.0,46247.0,23123.5,12516.497133783078,1.0,0.0,1.0,2.0,0.0,0.0,1.0,2.0,1.0,231.235,1.0,0,3
76e1677c-d67b-438e-aaa5-432bf45a0d90,1,0,1.0,3.0,77955.0,25985.0,1919.9158835740695,1.0,0.0,1.0,2.0,0.0,1.0,0.0,5.0,4.0,259.84999999999997,1.0,1,3
484582e1-4a8a-46ad-9d4c-cd3c7606f655,0,0,2.0,2.0,52551.0,26275.5,6127.080258981434,1.0,0.0,1.0,3.0,0.0,1.0,0.0,5.0,5.0,175.17000000000002,1.0,0,4
177561cf-ae67-4d87-8c61-46647f76f1d5,0,0,1.0,1.0,4487.0,4487.0,0.0,1.0,0.0,1.0,3.0,1.0,0.0,0.0,5.0,5.0,29.913333333333334,1.0,0,4
4ad89b1b-c2e0-4a78-bd2e-330069cabc9c,0,0,2.0,1.0,29393.0,29393.0,0.0,1.0,0.0,1.0,3.0,0.0,1.0,0.0,10.0,11.0,195.95333333333335,1.0,0,4
a3425d6d-dabe-4993-b108-3e287ddf9040,0,0,0.0,2.0,31698.0,15849.0,8621.045876226388,1.0,0.0,1.0,3.0,0.0,1.0,0.0,12.0,13.0,105.66,1.0,0,4
edf9f749-0a2a-4f6a-b741-3fc33b22bc74,6,1,1.0,3.0,43065.0,14355.0,8129.196516261616,1.0,0.0,2.0,2.0,1.0,0.0,0.0,2.0,2.0,173.42,0.0,1,3
1313b9dc-ec77-4eed-8d7a-f9412db3c7b6,6,1,1.0,3.0,62161.0,20720.333333333332,9551.422529305954,1.0,0.0,1.0,3.0,0.6666666666666666,0.3333333333333333,0.0,12.0,12.0,138.13555555555556,1.0,0,4
d2f04580-08ab-4f25-a7fb-28a6ee0a8f13,6,1,1.0,1.0,27986.0,27986.0,0.0,1.0,0.0,1.0,1.0,0.0,1.0,0.0,12.0,11.0,559.72,0.0,0,1
a47f9995-44d6-42f6-a59d-19e2e081fa65,6,1,0.0,1.0,26383.0,26383.0,0.0,0.0,1.0,1.0,3.0,1.0,0.0,0.0,3.0,2.0,175.88666666666666,1.0,0,4
72b1646b-4e31-4376-aa5b-7fcf8eb6be54,6,1,0.0,2.0,65089.0,32544.5,8495.887975956368,0.5,1.0,1.0,3.0,0.5,0.5,0.0,33.0,25.0,216.9633333333333,1.0,0,4
c122c89b-699f-4f4c-9e96-e8ff18de6faf,6,1,0.0,1.0,7904.0,7904.0,0.0,0.0,1.0,1.0,3.0,1.0,0.0,0.0,2.0,2.0,52.693333333333335,1.0,0,4
02f0e20e-5314-4c75-bb28-c3346042f1b7,6,1,0.0,3.0,49290.0,16430.0,12509.696678976672,0.6666666666666667,1.0,1.0,2.0,0.6666666666666666,0.0,0.3333333333333333,5.0,5.0,164.29999999999998,1.0,0,3
802d7c6f-3e9f-486c-887d-dd958570762d,6,1,0.0,1.0,5189.0,5189.0,0.0,0.0,1.0,1.0,3.0,1.0,0.0,0.0,4.0,4.0,34.593333333333334,1.0,0,4
62ef24f6-9df8-4764-bbec-fddf4c601aa1,6,1,0.0,1.0,5033.0,5033.0,0.0,0.0,1.0,1.0,3.0,1.0,0.0,0.0,2.0,2.0,33.553333333333335,1.0,0,4
2dee7e85-7c45-42dd-88f8-b01b5a281e29,6,1,0.0,1.0,10223.0,10223.0,0.0,0.0,1.0,1.0,1.0,1.0,0.0,0.0,3.0,3.0,204.46,0.0,0,1
eb5d76f1-72c9-4d12-9385-83b4c007c2cd,5,1,1.0,1.0,18570.0,18570.0,0.0,0.0,1.0,1.0,3.0,1.0,0.0,0.0,3.0,5.0,123.8,1.0,0,4
67290a68-097d-4918-8846-47321b2a7353,5,1,0.0,1.0,7996.0,7996.0,0.0,0.0,1.0,1.0,1.0,1.0,0.0,0.0,1.0,1.0,159.92,0.0,1,1
a47c0b1c-b820-4449-adde-91077789a28c,5,1,2.0,2.0,21128.0,10564.0,14102.537643984504,1.0,0.0,1.0,1.0,0.0,0.0,1.0,2.0,1.0,211.28,0.0,1,1
d7f2180e-5ccd-45ae-8b7a-e185070def6d,4,0,0.0,1.0,17152.0,17152.0,0.0,1.0,0.0,1.0,4.0,1.0,0.0,0.0,1.0,1.0,171.52,1.0,1,5
3ecb7b10-9265-49c3-807e-93520a0293ef,4,0,0.0,1.0,1869.0,1869.0,0.0,1.0,0.0,1.0,2.0,0.0,0.0,1.0,1.0,1.0,18.69,1.0,0,3
1d47a5a7-2c06-4cbf-a3d4-2e38e7f61547,4,0,0.0,1.0,1505.0,1505.0,0.0,1.0,0.0,1.0,1.0,0.0,0.0,1.0,1.0,2.0,30.1,0.0,1,1
b7d9e402-0987-4033-81a0-25f8b93ed708,4,0,0.0,2.0,66400.0,33200.0,9879.695946738442,0.5,1.0,1.0,3.0,0.5,0.5,0.0,13.0,13.0,221.33333333333334,1.0,0,4
e2039726-44ca-41f4-ac81-5b3b761d1157,4,0,0.0,1.0,61800.0,61800.0,0.0,1.0,0.0,1.0,2.0,0.0,0.0,1.0,1.0,2.0,618.0,1.0,0,3
10de231a-c9e2-4173-95e8-784afa65731e,4,0,0.0,3.0,62087.0,20695.666666666668,6544.779013330651,0.33333333333333337,1.0,1.0,2.0,0.3333333333333333,0.0,0.6666666666666666,7.0,8.0,206.9566666666667,1.0,1,3
08d99a28-2139-4869-99e0-48b63b9e848a,4,0,1.0,2.0,16843.0,8421.5,3314.209483421348,0.0,1.0,2.0,1.0,1.0,0.0,0.0,5.0,5.0,127.91000000000001,0.0,0,1
79dca2f7-5a08-4411-b711-715faccfda06,3,0,1.0,1.0,24784.0,24784.0,0.0,1.0,0.0,1.0,2.0,0.0,1.0,0.0,2.0,1.0,247.84,1.0,0,3
69d57646-c220-4ba4-85a1-a38ca98ddfac,3,0,0.0,1.0,28096.0,28096.0,0.0,1.0,0.0,1.0,2.0,0.0,1.0,0.0,1.0,1.0,280.96,1.0,1,3
155e8f7b-ed9d-4830-9f06-b2ff2bf778b0,3,0,0.0,2.0,17543.0,8771.5,9934.143168889806,0.5,1.0,1.0,4.0,1.0,0.0,0.0,9.0,9.0,87.715,1.0,1,5
37b19db3-1a0b-49c2-9f0b-a82d708b4fdd,3,0,1.0,1.0,24364.0,24364.0,0.0,1.0,0.0,1.0,2.0,0.0,1.0,0.0,4.0,3.0,243.64,1.0,0,3
03e9b1ee-0796-4251-b224-d220a17d3a5f,2,0,1.0,2.0,4963.0,2481.5,3495.2288194051043,0.5,1.0,1.0,4.0,0.0,0.0,1.0,1.0,0.0,24.815,1.0,0,5
3854b7c9-2444-4a05-a10b-a3473cf1eff8,2,0,0.0,3.0,95877.0,31959.0,7583.087234101952,1.0,0.0,1.0,2.0,0.6666666666666666,0.3333333333333333,0.0,8.0,8.0,319.59,1.0,0,3
6859ddf8-a8cf-4202-8bd6-957cd15e500d,2,0,0.0,2.0,17816.0,8908.0,4268.096531242001,1.0,0.0,1.0,1.0,1.0,0.0,0.0,2.0,2.0,178.16,0.0,0,1
a8866d6e-f1e1-44bc-939a-3d62e4ce7b85,1,0,1.0,2.0,28294.0,14147.0,6362.546817116555,1.0,0.0,1.0,2.0,0.5,0.0,0.5,2.0,2.0,141.47,1.0,0,3
14b4bccd-8bb4-4e5b-b73e-32201388b3db,1,0,1.0,3.0,87977.0,29325.666666666668,7181.712632327566,1.0,0.0,1.0,3.0,0.6666666666666666,0.3333333333333333,0.0,18.0,19.0,195.50444444444443,1.0,0,4
37f62a6c-444f-4a08-a414-699ed178b341,1,0,1.0,2.0,40818.0,20409.0,1268.5495654486663,1.0,0.0,1.0,3.0,1.0,0.0,0.0,5.0,5.0,136.06,1.0,0,4
694728ba-771a-4cd9-8c29-5ce54a3fa8b6,1,0,1.0,2.0,63084.0,31542.0,3552.504468681215,1.0,0.0,1.0,1.0,0.0,1.0,0.0,14.0,13.0,630.84,0.0,0,1
ec9d8c43-be17-4d80-8e2c-a199e262b939,1,0,2.0,1.0,1827.0,1827.0,0.0,1.0,0.0,1.0,1.0,1.0,0.0,0.0,1.0,1.0,36.54,0.0,0,1
e3caf6b3-bc96-4160-af7b-e3ee9d195233,1,0,0.0,3.0,124535.0,41511.666666666664,6942.2789725949015,1.0,0.0,1.0,2.0,0.0,1.0,0.0,10.0,9.0,415.1166666666666,1.0,0,3
8ca171e0-1a43-4142-96fa-7738fb968648,1,0,2.0,1.0,31053.0,31053.0,0.0,1.0,0.0,1.0,4.0,0.0,1.0,0.0,5.0,7.0,310.53,1.0,0,5
f0372d44-d5eb-4025-9138-4bba1a5ba020,0,0,1.0,2.0,15567.0,7783.5,2120.613236778456,1.0,0.0,1.0,1.0,0.0,0.0,1.0,5.0,5.0,155.67000000000002,0.0,1,1
871049ec-5a40-456d-aeb0-06e42f91aef5,0,0,1.0,3.0,16316.0,5438.666666666667,5615.185155748057,1.0,0.0,1.0,4.0,1.0,0.0,0.0,2.0,2.0,54.38666666666666,1.0,0,5
b582bef4-28a7-4dfa-b280-b32d4a011051,0,0,2.0,2.0,65100.0,32550.0,41087.14662762553,1.0,0.0,1.0,4.0,0.0,0.0,1.0,0.0,1.0,325.5,1.0,0,5
c3260780-d0dc-4acf-b761-8b3422fe2825,0,0,2.0,2.0,47815.0,23907.5,7117.029752642601,1.0,0.0,1.0,2.0,1.0,0.0,0.0,2.0,3.0,239.075,1.0,1,3
2b327cab-f2e8-41ab-8c34-fa17e055e335,0,0,0.0,3.0,84238.0,28079.333333333332,24177.33120783461,1.0,0.0,1.0,3.0,0.0,0.6666666666666666,0.3333333333333333,16.0,16.0,187.19555555555553,1.0,1,4
ad7207d1-8b44-4015-b8db-00157d892794,0,0,2.0,1.0,7099.0,7099.0,0.0,1.0,0.0,1.0,1.0,0.0,0.0,1.0,2.0,2.0,141.98,0.0,0,1
58c409cb-55f7-4732-b16f-1892c1850e85,0,0,1.0,1.0,9519.0,9519.0,0.0,1.0,0.0,1.0,1.0,1.0,0.0,0.0,2.0,2.0,190.38,0.0,0,1
81552955-9401-4617-9d7e-b0626001eb32,6,1,0.0,2.0,51565.0,25782.5,1573.3125881400683,0.5,1.0,2.0,1.0,1.0,0.0,0.0,18.0,18.0,336.35,0.0,0,1
a943c145-1a59-4694-b3d2-41ee0b57d49b,6,1,1.0,1.0,5604.0,5604.0,0.0,1.0,0.0,1.0,3.0,1.0,0.0,0.0,2.0,2.0,37.36,1.0,0,4
7cab4768-714e-45a6-b2cf-db537efcaef8,6,1,0.0,1.0,7434.0,7434.0,0.0,0.0,1.0,1.0,2.0,1.0,0.0,0.0,1.0,1.0,74.34,1.0,0,3
b1efcc47-3e4b-4c4c-8ddc-b1f98c992049,6,1,0.0,2.0,35077.0,17538.5,5292.694257181308,0.5,1.0,2.0,1.0,1.0,0.0,0.0,9.0,9.0,258.7966666666667,0.0,1,1
579fb815-6325-4677-84de-894c30103458,6,1,1.0,1.0,4183.0,4183.0,0.0,1.0,0.0,1.0,4.0,1.0,0.0,0.0,2.0,2.0,41.83,1.0,0,5
114eadab-1f68-42e1-a529-e4959c74481e,6,1,2.0,1.0,27141.0,27141.0,0.0,1.0,0.0,1.0,3.0,0.0,1.0,0.0,4.0,4.0,180.94,1.0,1,4
90ad6ff2-a43d-42c0-8ac1-8ba98ce113b0,6,1,2.0,1.0,24934.0,24934.0,0.0,1.0,0.0,1.0,3.0,0.0,1.0,0.0,5.0,5.0,166.22666666666666,1.0,1,4
66426627-dfb2-43b5-8a1d-5c6bcf4a1606,6,1,1.0,1.0,18984.0,18984.0,0.0,1.0,0.0,1.0,1.0,1.0,0.0,0.0,4.0,4.0,379.68,0.0,0,1
8399dde3-b03b-4524-9ec1-2486afab8c4d,5,1,1.0,2.0,31290.0,15645.0,5235.418607905198,0.5,1.0,1.0,2.0,1.0,0.0,0.0,3.0,3.0,156.45,1.0,0,3
3d6f57b8-e3be-4254-8fec-2e22efdf2e72,5,1,0.0,1.0,13300.0,13300.0,0.0,0.0,1.0,1.0,3.0,1.0,0.0,0.0,7.0,7.0,88.66666666666667,1.0,0,4
4c45d7c6-2209-43d3-a43c-d46275530ecd,4,0,1.0,1.0,6697.0,6697.0,0.0,0.0,1.0,1.0,3.0,1.0,0.0,0.0,2.0,2.0,44.64666666666667,1.0,1,4
64f54154-8ef2-4f02-853f-8892e4eae177,4,0,1.0,1.0,6961.0,6961.0,0.0,0.0,1.0,1.0,3.0,1.0,0.0,0.0,2.0,2.0,46.406666666666666,1.0,0,4
10583621-7863-4273-ab77-fdf70673bc84,4,0,2.0,2.0,28629.0,14314.5,11011.773903418105,0.5,1.0,1.0,2.0,1.0,0.0,0.0,1.0,1.0,143.14499999999998,1.0,1,3
295a56dc-6fb3-403b-85f6-d5466c530a42,4,0,1.0,1.0,6990.0,6990.0,0.0,0.0,1.0,1.0,3.0,1.0,0.0,0.0,1.0,2.0,46.6,1.0,0,4
f694f85c-31ca-47b1-86d4-fc3dfcdae5f6,4,0,0.0,2.0,19787.0,9893.5,154.8563850798539,0.5,1.0,1.0,3.0,1.0,0.0,0.0,3.0,3.0,65.95666666666668,1.0,0,4
b983af67-d2ee-4831-a182-b563a86e36c7,4,0,0.0,1.0,15746.0,15746.0,0.0,1.0,0.0,1.0,4.0,0.0,1.0,0.0,5.0,5.0,157.46,1.0,0,5
b497693a-355d-4937-aeb8-a1cacd4c8f6d,4,0,2.0,1.0,16553.0,16553.0,0.0,0.0,1.0,1.0,2.0,0.0,1.0,0.0,1.0,1.0,165.53,1.0,0,3
db269588-d3e1-46c5-8c1d-495a1b0a1113,4,0,1.0,1.0,19093.0,19093.0,0.0,0.0,1.0,1.0,3.0,1.0,0.0,0.0,7.0,7.0,127.28666666666666,1.0,0,4
762e5a2e-6432-4527-bb6e-7e23f6523446,3,0,0.0,3.0,50708.0,16902.666666666668,11128.921076786075,0.6666666666666667,1.0,1.0,3.0,0.6666666666666666,0.0,0.3333333333333333,7.0,7.0,112.68444444444445,1.0,1,4
dfcf88d6-b293-4598-89c0-6598865e3fd9,3,0,0.0,3.0,95245.0,31748.333333333332,6261.809749052853,0.6666666666666667,1.0,1.0,3.0,0.6666666666666666,0.0,0.3333333333333333,40.0,40.0,211.65555555555557,1.0,0,4
24a424c6-8030-4b6f-9e3f-094c0b9233c2,3,0,0.0,1.0,765.0,765.0,0.0,1.0,0.0,1.0,4.0,0.0,1.0,0.0,1.0,1.0,7.65,1.0,0,5
4565bec6-cd50-494e-86d4-9811bfb13c32,3,0,2.0,2.0,6798.0,3399.0,161.22034611053283,0.0,1.0,1.0,4.0,0.0,0.0,1.0,5.0,7.0,33.99,1.0,1,5
a19e4642-ecda-4ba7-964b-ed2c5fe1e71a,3,0,0.0,1.0,6626.0,6626.0,0.0,1.0,0.0,1.0,4.0,1.0,0.0,0.0,1.0,1.0,66.26,1.0,0,5
0f535426-9c2b-48a1-9911-186956a02599,3,0,1.0,1.0,11458.0,5729.0,2053.438092565734,1.0,0.0,2.0,2.0,0.0,1.0,0.0,6.0,6.0,45.32166666666667,1.0,1,3
f2fbb44f-a55d-49ce-aa90-53b6719a5ba1,3,0,2.0,1.0,12022.0,12022.0,0.0,0.0,1.0,1.0,4.0,1.0,0.0,0.0,1.0,1.0,120.22,1.0,0,5
7d2e1084-23a9-44af-b813-72c4d140cbc6,3,0,1.0,1.0,11361.0,5680.5,1984.848734790639,1.0,0.0,2.0,2.0,0.0,1.0,0.0,5.0,5.0,44.998333333333335,1.0,0,3
c5ea4803-6e62-4547-8725-aa6fcf80d55a,3,0,0.0,1.0,1688.0,1688.0,0.0,1.0,0.0,1.0,4.0,1.0,0.0,0.0,1.0,1.0,16.88,1.0,0,5
7f67acc2-cc05-4f76-b3bd-216110cc2f0d,3,0,1.0,3.0,38853.0,12951.0,4523.917218517598,0.33333333333333337,1.0,1.0,4.0,0.0,0.3333333333333333,0.6666666666666666,6.0,5.0,129.51,1.0,1,5
1f108143-c3ed-4497-8c65-ed86db7c281d,3,0,1.0,1.0,675.0,675.0,0.0,1.0,0.0,1.0,2.0,0.0,1.0,0.0,1.0,2.0,6.75,1.0,0,3
ad34b48b-17e4-43a8-bf7c-211670c7b7aa,2,0,2.0,1.0,20502.0,20502.0,0.0,1.0,0.0,1.0,2.0,1.0,0.0,0.0,2.0,2.0,205.02,1.0,0,3
1fbb851c-6680-496f-86fa-7ab950242cf3,2,0,0.0,3.0,27734.0,9244.666666666666,3391.243184045245,1.0,0.0,2.0,3.0,0.3333333333333333,0.6666666666666666,0.0,16.0,17.0,90.38666666666667,0.0,0,4
03de570f-b81e-428c-bbde-a41d9cf83c4a,2,0,0.0,3.0,37840.0,12613.333333333334,6873.812648984065,1.0,0.0,1.0,2.0,1.0,0.0,0.0,4.0,4.0,126.13333333333333,1.0,0,3
e5220bfa-3372-4c01-963c-dd8f32d5ce9e,2,0,2.0,1.0,7254.0,7254.0,0.0,1.0,0.0,1.0,3.0,1.0,0.0,0.0,5.0,4.0,48.36,1.0,1,4
105e770a-408b-4ed9-a548-510f69e96726,2,0,0.0,3.0,10431.0,3477.0,1436.1730397135298,1.0,0.0,1.0,4.0,0.0,0.0,1.0,6.0,6.0,34.77,1.0,1,5
7060cc8f-ebeb-4e38-ae8d-1171284c963f,2,0,1.0,3.0,10353.0,3451.0,50.08991914547278,0.6666666666666667,1.0,1.0,2.0,0.0,0.0,1.0,2.0,2.0,34.51,1.0,1,3
472633b2-1662-4c49-ad34-d873890ed8e7,2,0,1.0,2.0,29331.0,14665.5,659.7306268470488,1.0,0.0,1.0,4.0,1.0,0.0,0.0,5.0,5.0,146.655,1.0,0,5
62e51da2-246a-4532-8a98-406bae472927,2,0,1.0,2.0,27232.0,13616.0,2313.6533880423835,1.0,0.0,1.0,4.0,0.0,1.0,0.0,8.0,8.0,136.16,1.0,0,5
57485e2b-99de-4928-a17d-f11392c6d963,2,0,0.0,1.0,14174.0,14174.0,0.0,1.0,0.0,1.0,2.0,1.0,0.0,0.0,1.0,1.0,141.74,1.0,0,3
e98621d0-6d7d-460a-9362-5caa4e35eb4f,2,0,0.0,1.0,11759.0,11759.0,0.0,1.0,0.0,1.0,3.0,1.0,0.0,0.0,1.0,1.0,78.39333333333333,1.0,1,4
c6eed13b-e290-473f-9dbf-de6b216d3d50,2,0,1.0,1.0,12998.0,12998.0,0.0,1.0,0.0,1.0,3.0,1.0,0.0,0.0,3.0,3.0,86.65333333333334,1.0,0,4
e860ec16-8bc8-443c-b625-473113bf3341,1,0,0.0,1.0,875.0,875.0,0.0,1.0,0.0,1.0,3.0,1.0,0.0,0.0,6.0,5.0,5.833333333333333,1.0,0,4
ca76e5bd-5e76-47ff-9ef9-f0fac8b64edd,1,0,1.0,3.0,66163.0,22054.333333333332,1663.048506007366,1.0,0.0,1.0,3.0,0.3333333333333333,0.6666666666666666,0.0,36.0,39.0,147.0288888888889,1.0,1,4
974ef9a1-610c-40a8-a4fc-cd6f916ab440,1,0,1.0,3.0,65529.0,21843.0,2379.0159730443174,1.0,0.0,1.0,3.0,0.0,1.0,0.0,15.0,15.0,145.62,1.0,1,4
9c728dd3-86b7-4f57-b547-ee54d2c5afb3,1,0,1.0,3.0,108080.0,36026.666666666664,6427.744731500569,1.0,0.0,1.0,3.0,0.0,1.0,0.0,5.0,5.0,240.17777777777778,1.0,0,4
81d49e3b-aae6-4b52-af99-1e942f703602,1,0,1.0,3.0,85265.0,28421.666666666668,2522.5987261816604,1.0,0.0,1.0,3.0,0.0,1.0,0.0,15.0,13.0,189.4777777777778,1.0,0,4
9e34f807-78de-48c7-a6f6-7d392b5a4e51,1,0,1.0,2.0,61818.0,30909.0,11476.343058657667,1.0,0.0,1.0,2.0,0.0,1.0,0.0,5.0,5.0,309.09000000000003,1.0,0,3
47e229a0-cc85-46f3-900f-188403dbcfbc,1,0,1.0,2.0,48896.0,24448.0,7546.243568822835,1.0,0.0,1.0,3.0,0.0,1.0,0.0,17.0,17.0,162.98666666666668,1.0,0,4
68300fd5-8872-472f-8185-a1c6af32c665,1,0,0.0,3.0,49661.0,16553.666666666668,6289.966640081117,1.0,0.0,1.0,3.0,0.6666666666666666,0.3333333333333333,0.0,15.0,15.0,110.3577777777778,1.0,1,4
115b68bc-a0ce-42b5-bdcd-660d133a6a36,1,0,0.0,2.0,10798.0,5399.0,882.4692629208113,1.0,0.0,1.0,2.0,0.0,0.0,1.0,2.0,2.0,53.989999999999995,1.0,1,3
ff0c6504-ad3f-43cd-ab58-f937a5fad71e,1,0,1.0,2.0,36529.0,18264.5,6709.736246679149,1.0,0.0,1.0,3.0,0.0,0.5,0.5,7.0,7.0,121.76333333333335,1.0,0,4
735093d1-2f19-4bf9-8035-071fa0d9153f,1,0,0.0,1.0,5734.0,5734.0,0.0,1.0,0.0,1.0,3.0,1.0,0.0,0.0,2.0,2.0,38.22666666666667,1.0,1,4
cdc6f51a-0e12-4ced-a326-ad8b070929da,1,0,0.0,2.0,49583.0,24791.5,2342.644766071032,1.0,0.0,1.0,3.0,1.0,0.0,0.0,8.0,9.0,165.27666666666664,1.0,0,4
1ef87c94-fae5-46c6-aeb9-26d4bee1b9b1,1,0,0.0,1.0,565.0,565.0,0.0,1.0,0.0,1.0,3.0,1.0,0.0,0.0,2.0,2.0,3.7666666666666666,1.0,0,4
6befff6f-2953-4770-a19f-12fd4e75ac67,0,0,1.0,3.0,58779.0,19593.0,14078.270525884918,1.0,0.0,1.0,3.0,0.6666666666666666,0.3333333333333333,0.0,10.0,9.0,130.62,1.0,1,4
394c596d-5422-4bef-b2e5-73d667149c4a,0,0,1.0,1.0,30845.0,30845.0,0.0,1.0,0.0,1.0,2.0,0.0,1.0,0.0,1.0,1.0,308.45,1.0,0,3
af48d51c-e088-4cd3-83af-5bf3ff8831be,0,0,1.0,2.0,66323.0,33161.5,2052.7309857845476,1.0,0.0,1.0,4.0,0.0,1.0,0.0,8.0,8.0,331.615,1.0,0,5
2017e736-b364-4d6d-b171-07dbd63f6b1b,0,0,1.0,1.0,32521.0,32521.0,0.0,1.0,0.0,1.0,3.0,0.0,1.0,0.0,8.0,7.0,216.80666666666667,1.0,1,4
ee94bca5-73aa-4767-b0f1-dc48734577a8,0,0,1.0,1.0,5432.0,5432.0,0.0,1.0,0.0,1.0,2.0,1.0,0.0,0.0,1.0,1.0,54.32,1.0,1,3
25ae5e98-9279-4560-88c9-9239ec4b8c83,0,0,0.0,1.0,7711.0,7711.0,0.0,1.0,0.0,1.0,4.0,1.0,0.0,0.0,1.0,1.0,77.11,1.0,1,5
17717189-2882-437f-be99-5b9eb0dff1fa,0,0,0.0,2.0,25386.0,12693.0,4934.191119119729,1.0,0.0,1.0,3.0,0.5,0.0,0.5,3.0,3.0,84.62,1.0,0,4
ad40dc98-8105-412d-b6f7-aac9384d945e,0,0,0.0,3.0,58960.0,19653.333333333332,14248.05984453088,1.0,0.0,1.0,3.0,0.0,0.3333333333333333,0.6666666666666666,16.0,17.0,131.0222222222222,1.0,0,4
a423313a-b291-47d2-a0a5-2a975273c664,0,0,0.0,3.0,68106.0,22702.0,11802.10133832107,1.0,0.0,1.0,3.0,0.6666666666666666,0.0,0.3333333333333333,18.0,18.0,151.34666666666666,1.0,0,4
f59852af-9430-4ca9-b614-e58dd41a8b0b,6,1,0.0,3.0,41385.0,13795.0,2844.802805116727,0.6666666666666667,1.0,1.0,3.0,0.0,0.3333333333333333,0.6666666666666666,18.0,17.0,91.96666666666665,1.0,1,4
ba0c23e2-37f2-4eea-b6ea-bcae674b15a3,5,1,0.0,1.0,65401.0,65401.0,0.0,0.0,1.0,1.0,3.0,0.0,0.0,1.0,3.0,4.0,436.00666666666666,1.0,0,4
0c956ea3-a6ea-4d8b-885f-ed3b3796b51d,5,1,0.0,3.0,84633.0,28211.0,7513.635870868377,0.33333333333333337,1.0,1.0,2.0,1.0,0.0,0.0,21.0,21.0,282.11,1.0,1,3
eba47b5b-be6f-4832-ad6f-a7417c89cfd6,5,1,0.0,1.0,4303.0,4303.0,0.0,0.0,1.0,1.0,3.0,1.0,0.0,0.0,2.0,2.0,28.686666666666667,1.0,0,4
d1b4b38b-3111-429b-ab84-6f59b3725877,5,1,0.0,1.0,9673.0,9673.0,0.0,0.0,1.0,1.0,2.0,1.0,0.0,0.0,1.0,1.0,96.73,1.0,0,3
d8c5e6f1-701e-4238-b840-8405fe38e14f,5,1,1.0,1.0,10466.0,10466.0,0.0,0.0,1.0,1.0,2.0,0.0,0.0,1.0,1.0,1.0,104.66,1.0,1,3
81d8ec49-9bde-419b-ba60-32d49dc60bad,4,0,1.0,2.0,75760.0,25253.333333333332,11840.254952209994,0.0,1.0,2.0,3.0,1.0,0.0,0.0,11.0,13.0,211.25333333333333,1.0,0,4
592417c1-ff6b-4a56-a7da-6660c65de953,4,0,2.0,1.0,8416.0,8416.0,0.0,0.0,1.0,1.0,3.0,0.0,0.0,1.0,6.0,5.0,56.10666666666667,1.0,1,4
4c4ef4ba-d012-49bd-81cd-172cc62ad5d4,3,0,1.0,3.0,110610.0,36870.0,8206.495537073057,0.33333333333333337,1.0,1.0,2.0,0.3333333333333333,0.6666666666666666,0.0,7.0,7.0,368.7,1.0,1,3
c721ca41-f5ae-44a8-b331-1e00e1ecb2a3,3,0,0.0,2.0,66108.0,33054.0,4228.498551495554,1.0,0.0,1.0,2.0,0.0,1.0,0.0,7.0,5.0,330.53999999999996,1.0,0,3
ad9cd212-496d-41eb-8ce1-d88fddb51e4d,3,0,1.0,1.0,23346.0,23346.0,0.0,1.0,0.0,1.0,3.0,1.0,0.0,0.0,4.0,4.0,155.64,1.0,1,4
1646a602-366c-4414-8891-c2125792afe2,2,0,0.0,3.0,76262.0,25420.666666666668,18846.693246650284,1.0,0.0,1.0,2.0,0.6666666666666666,0.3333333333333333,0.0,2.0,2.0,254.20666666666668,1.0,0,3
b0391e5e-5baf-4688-9205-fd0a39e51c32,2,0,0.0,2.0,23799.0,11899.5,801.1519830843583,1.0,0.0,1.0,4.0,1.0,0.0,0.0,4.0,4.0,118.995,1.0,1,5
da8842d7-d1a7-40c0-9a98-6ee27a92b000,2,0,1.0,1.0,22548.0,22548.0,0.0,1.0,0.0,1.0,3.0,1.0,0.0,0.0,1.0,1.0,150.32,1.0,1,4
851d3d1a-c371-42b8-bb07-92af5dc413bf,2,0,2.0,2.0,23976.0,11988.0,3945.655839020935,0.5,1.0,1.0,3.0,0.5,0.5,0.0,3.0,3.0,79.92,1.0,1,4
0d6b56c6-519e-4d9a-88d4-1ae776abab9a,2,0,1.0,1.0,17771.0,17771.0,0.0,1.0,0.0,1.0,3.0,0.0,1.0,0.0,9.0,9.0,118.47333333333333,1.0,0,4
b076bd5d-5333-4806-a742-886f2ff911c4,1,0,0.0,3.0,73396.0,24465.333333333332,6352.203580910591,1.0,0.0,1.0,2.0,0.6666666666666666,0.3333333333333333,0.0,7.0,5.0,244.65333333333334,1.0,0,3
dba7fa32-594d-4367-82bd-04ca28459a1b,1,0,1.0,3.0,10457.0,3485.6666666666665,1698.5853918285454,1.0,0.0,1.0,3.0,0.3333333333333333,0.0,0.6666666666666666,3.0,3.0,23.23777777777778,1.0,1,4
8b43b0d0-2471-4c87-9b86-fea85c50e821,1,0,0.0,1.0,19374.0,19374.0,0.0,1.0,0.0,1.0,3.0,0.0,1.0,0.0,4.0,4.0,129.16,1.0,0,4
2f2dca50-e3ca-43fb-8966-3e8c7c344168,1,0,1.0,1.0,13301.0,13301.0,0.0,1.0,0.0,1.0,4.0,1.0,0.0,0.0,3.0,3.0,133.01,1.0,0,5
a9fa212c-4ebc-49ba-ab50-37ec549a6f92,1,0,1.0,3.0,79826.0,26608.666666666668,9332.020485046813,1.0,0.0,1.0,3.0,0.3333333333333333,0.6666666666666666,0.0,17.0,17.0,177.39111111111114,1.0,0,4
ecc120b0-7b25-4029-ac54-769a47304ea5,0,0,1.0,1.0,10179.0,10179.0,0.0,1.0,0.0,1.0,4.0,1.0,0.0,0.0,1.0,1.0,101.79,1.0,0,5
7de2f18c-f731-4f87-a2e0-08ae6f8724f9,0,0,1.0,2.0,28773.0,14386.5,342.94678887547553,1.0,0.0,1.0,3.0,0.5,0.5,0.0,9.0,12.0,95.91,1.0,0,4
881f91e3-159f-40f4-b1a8-0bd4c7a82cd6,0,0,0.0,3.0,93650.0,31216.666666666668,6458.502793475694,1.0,0.0,1.0,3.0,0.3333333333333333,0.6666666666666666,0.0,16.0,16.0,208.1111111111111,1.0,1,4
bd556e28-ad51-4084-9da9-aa46b30625d2,0,0,0.0,1.0,34748.0,34748.0,0.0,1.0,0.0,1.0,4.0,0.0,1.0,0.0,5.0,6.0,347.48,1.0,0,5
948cc606-620f-4402-897d-63345d272628,0,0,0.0,1.0,17347.0,17347.0,0.0,1.0,0.0,1.0,2.0,1.0,0.0,0.0,1.0,1.0,173.47,1.0,0,3
b97e7ea9-dad9-4775-bddf-f24b22ac2a42,0,0,0.0,1.0,3048.0,3048.0,0.0,1.0,0.0,1.0,1.0,1.0,0.0,0.0,1.0,1.0,60.96,0.0,0,1
520f9360-e628-45e7-8198-1ced3f873e78,0,0,1.0,3.0,62892.0,20964.0,3320.6088297178276,1.0,0.0,1.0,3.0,0.6666666666666666,0.3333333333333333,0.0,11.0,8.0,139.76000000000002,1.0,0,4
f1f3efb5-1636-4327-ab72-aa67b3d601bc,0,0,0.0,1.0,13401.0,13401.0,0.0,1.0,0.0,1.0,4.0,0.0,1.0,0.0,4.0,4.0,134.01,1.0,0,5
bbb3c080-001f-4375-9c8e-2770859805dc,0,0,1.0,2.0,62703.0,31351.5,357.0889244992065,1.0,0.0,1.0,3.0,0.0,1.0,0.0,10.0,11.0,209.01,1.0,0,4
5c27a467-ae43-4063-82ea-9bbefe4496f0,0,0,1.0,3.0,25405.0,8468.333333333334,1771.4153474928835,1.0,0.0,1.0,4.0,1.0,0.0,0.0,3.0,3.0,84.68333333333334,1.0,0,5
32b94a80-0e35-49cb-972c-709a9453524f,0,0,1.0,3.0,102534.0,34178.0,758.6033219015061,1.0,0.0,1.0,3.0,0.0,0.6666666666666666,0.3333333333333333,25.0,27.0,227.85333333333332,1.0,0,4
338391f5-d571-494b-a3dd-8281e405d4ab,0,0,1.0,3.0,70768.0,23589.333333333332,10104.696449341433,1.0,0.0,1.0,2.0,0.0,1.0,0.0,6.0,7.0,235.89333333333335,1.0,0,3
2ede338b-e830-48da-99dc-15bd2dcfab51,0,0,0.0,3.0,59686.0,19895.333333333332,9811.435029257103,1.0,0.0,1.0,4.0,0.3333333333333333,0.3333333333333333,0.3333333333333333,7.0,7.0,198.9533333333333,1.0,1,5
e9d1c35e-ec83-4a0e-8733-65717603eb35,6,1,0.0,1.0,6617.0,6617.0,0.0,0.0,1.0,1.0,3.0,1.0,0.0,0.0,3.0,3.0,44.11333333333334,1.0,1,4
6ee866be-8382-4cde-9a79-454a6fe6446c,6,1,1.0,1.0,13800.0,13800.0,0.0,1.0,0.0,1.0,2.0,1.0,0.0,0.0,1.0,1.0,138.0,1.0,1,3
f8c83ebb-3ebe-4696-ade0-435f675a3813,6,1,1.0,1.0,34809.0,34809.0,0.0,1.0,0.0,1.0,4.0,0.0,1.0,0.0,2.0,1.0,348.09,1.0,0,5
e78fe6b1-7f26-425e-8eb4-078618d8b598,6,1,1.0,3.0,69378.0,23126.0,2863.4180623862803,1.0,0.0,1.0,4.0,0.0,1.0,0.0,10.0,10.0,231.26,1.0,1,5
7caa49be-2d74-484f-b907-a93935ef642a,6,1,2.0,1.0,29825.0,29825.0,0.0,1.0,0.0,1.0,2.0,1.0,0.0,0.0,1.0,1.0,298.25,1.0,0,3
9f541e1d-ed87-4219-8ee3-16e5815ff8b0,6,1,1.0,1.0,14077.0,14077.0,0.0,1.0,0.0,1.0,2.0,0.0,1.0,0.0,3.0,3.0,140.77,1.0,1,3
e8fa6922-0e0c-4c1e-a2fb-fa554117cc3f,6,1,0.0,1.0,17745.0,17745.0,0.0,0.0,1.0,1.0,2.0,1.0,0.0,0.0,2.0,2.0,177.45,1.0,1,3
0b29f818-d79c-42ff-9e8d-884fcb48a532,5,1,1.0,3.0,52748.0,17582.666666666668,13164.317275625552,0.6666666666666667,1.0,1.0,3.0,0.0,0.0,1.0,5.0,4.0,117.21777777777777,1.0,1,4
aeff9253-9a15-41dd-9e17-c61d3850c197,5,1,1.0,2.0,16500.0,8250.0,6680.744868650501,0.5,1.0,1.0,2.0,1.0,0.0,0.0,2.0,2.0,82.5,1.0,1,3
fb2313d8-3e9f-4b79-b8ad-46f11c16b998,5,1,0.0,3.0,31516.0,10505.333333333334,2980.6613919285323,0.33333333333333337,1.0,1.0,3.0,0.6666666666666666,0.3333333333333333,0.0,23.0,23.0,70.03555555555555,1.0,1,4
76326f8d-0eda-4b3a-a877-1f930bab6aff,5,1,0.0,2.0,29526.0,14763.0,1322.2896808188439,0.5,1.0,2.0,2.0,1.0,0.0,0.0,8.0,8.0,121.46666666666667,1.0,1,3
f702696f-582b-4668-ba6d-2cda1a62960d,5,1,2.0,1.0,13066.0,13066.0,0.0,1.0,0.0,1.0,4.0,1.0,0.0,0.0,2.0,2.0,130.66,1.0,1,5
77ec99ca-0b02-48cf-85e6-be89587b246c,5,1,0.0,1.0,11490.0,11490.0,0.0,0.0,1.0,1.0,4.0,0.0,1.0,0.0,2.0,1.0,114.9,1.0,0,5
787d21b7-b4ac-44ea-822f-d1bf9a5fdb42,5,1,1.0,3.0,39738.0,13246.0,6417.870986549979,0.6666666666666667,1.0,1.0,3.0,0.3333333333333333,0.0,0.6666666666666666,11.0,11.0,88.30666666666667,1.0,1,4
62e4700a-f88f-4d59-a1e8-db543cd6c609,4,0,1.0,3.0,113629.0,37876.333333333336,39050.673570802,0.33333333333333337,1.0,1.0,2.0,0.0,0.0,1.0,7.0,7.0,378.7633333333333,1.0,1,3
9bfaed48-b7d5-48cd-8fdc-a45221fbc7c1,4,0,1.0,1.0,16286.0,16286.0,0.0,0.0,1.0,1.0,3.0,1.0,0.0,0.0,3.0,3.0,108.57333333333334,1.0,1,4
6ab6280f-b3a8-4d36-a65e-286a8d26ebdf,4,0,1.0,2.0,18343.0,9171.5,6527.30269713302,0.5,1.0,1.0,3.0,0.5,0.0,0.5,3.0,3.0,61.14333333333333,1.0,1,4
94bebc10-3e9f-4926-95ae-01187f937c29,4,0,2.0,1.0,5566.0,5566.0,0.0,0.0,1.0,1.0,1.0,1.0,0.0,0.0,2.0,2.0,111.32,0.0,0,1
a6c39233-8e7f-42bc-9d1e-d8e2a82644eb,3,0,1.0,1.0,1044.0,1044.0,0.0,1.0,0.0,1.0,3.0,1.0,0.0,0.0,2.0,1.0,6.96,1.0,1,4
3151ff69-2fe7-42b1-9d78-2b8fce33991d,3,0,0.0,1.0,9.0,9.0,0.0,1.0,0.0,1.0,4.0,1.0,0.0,0.0,1.0,1.0,0.09,1.0,0,5
1535e125-8277-4fac-8285-bdca1324d094,3,0,1.0,1.0,26415.0,26415.0,0.0,1.0,0.0,1.0,2.0,0.0,1.0,0.0,2.0,1.0,264.15,1.0,1,3
6e6a4af4-ccef-402f-86cc-1be85073e994,3,0,1.0,2.0,9014.0,4507.0,6284.765071186034,0.5,1.0,1.0,4.0,0.0,0.0,1.0,2.0,2.0,45.07,1.0,0,5
af378c47-b049-4219-ba37-bdfa655067d9,3,0,2.0,1.0,16033.0,16033.0,0.0,0.0,1.0,1.0,3.0,1.0,0.0,0.0,6.0,6.0,106.88666666666667,1.0,0,4
94271092-02ce-4880-928f-f3dee73a4089,3,0,1.0,3.0,77634.0,25878.0,3035.8904789204767,0.33333333333333337,1.0,1.0,2.0,0.0,1.0,0.0,6.0,6.0,258.78000000000003,1.0,1,3
57a27060-d20e-40a9-9b51-0d432c99ccc3,3,0,1.0,1.0,19496.0,19496.0,0.0,1.0,0.0,1.0,3.0,0.0,1.0,0.0,8.0,8.0,129.97333333333333,1.0,0,4
763ec55c-b87f-45de-bb51-9302d68db250,2,0,0.0,3.0,83091.0,27697.0,11074.96352138462,1.0,0.0,1.0,3.0,0.6666666666666666,0.3333333333333333,0.0,18.0,18.0,184.64666666666668,1.0,0,4
1460c4bd-95e5-4676-a6a7-56ccdb57dac0,2,0,1.0,2.0,53331.0,26665.5,5897.977661876993,1.0,0.0,1.0,2.0,0.0,1.0,0.0,5.0,5.0,266.655,1.0,1,3
8a8b007f-301d-4605-86cb-b984b032748b,2,0,0.0,3.0,83509.0,27836.333333333332,5594.1902303491015,1.0,0.0,1.0,4.0,0.6666666666666666,0.3333333333333333,0.0,18.0,18.0,278.3633333333333,1.0,0,5
7ec5390b-e520-43d8-abc1-fcaf2502cedf,2,0,2.0,1.0,15511.0,15511.0,0.0,1.0,0.0,1.0,2.0,1.0,0.0,0.0,3.0,1.0,155.11,1.0,1,3
b639b892-9640-448f-b85b-5727632b6a8b,2,0,1.0,2.0,21572.0,10786.0,951.7657274770929,1.0,0.0,1.0,3.0,0.0,0.5,0.5,5.0,5.0,71.90666666666667,1.0,0,4
a86c3481-1e12-4566-8cf7-e254604d6b33,2,0,1.0,1.0,32600.0,32600.0,0.0,1.0,0.0,1.0,2.0,1.0,0.0,0.0,3.0,2.0,326.0,1.0,0,3
cb654379-b06a-41f9-a438-e164450e9b9e,2,0,1.0,2.0,49872.0,24936.0,2967.0200538587533,1.0,0.0,1.0,4.0,0.0,1.0,0.0,11.0,11.0,249.35999999999999,1.0,0,5
151ba663-1f58-4f8c-8d62-0ef490cbe6be,1,0,1.0,3.0,81676.0,27225.333333333332,2815.3794297276045,1.0,0.0,1.0,2.0,0.6666666666666666,0.3333333333333333,0.0,5.0,5.0,272.25333333333333,1.0,1,3
92c55f0a-7f92-48be-a44d-3fde16c3fac9,1,0,2.0,1.0,12200.0,12200.0,0.0,1.0,0.0,1.0,1.0,0.0,0.0,1.0,3.0,3.0,244.0,0.0,1,1
19509be9-e6ec-4aba-a181-a6d5e1f36f6b,1,0,1.0,3.0,75778.0,25259.333333333332,2970.1485372508455,1.0,0.0,1.0,2.0,1.0,0.0,0.0,3.0,3.0,252.59333333333333,1.0,0,3
4d1db868-b3c5-4c2e-85dd-71316f32d7eb,1,0,1.0,1.0,19155.0,19155.0,0.0,1.0,0.0,1.0,2.0,1.0,0.0,0.0,1.0,1.0,191.55,1.0,0,3
2fe3cc72-ed97-4a9a-8f5b-902c9cbeafa7,1,0,1.0,2.0,50166.0,25083.0,2563.9691885824213,1.0,0.0,1.0,4.0,0.0,1.0,0.0,2.0,1.0,250.82999999999998,1.0,1,5
a8458d5b-469c-401d-abb0-24008c50241c,1,0,1.0,1.0,24543.0,24543.0,0.0,1.0,0.0,1.0,4.0,0.0,1.0,0.0,6.0,6.0,245.43,1.0,0,5
3a471ce0-832e-4d03-a763-7045f1a792bc,1,0,0.0,1.0,23299.0,23299.0,0.0,1.0,0.0,1.0,2.0,1.0,0.0,0.0,1.0,1.0,232.99,1.0,0,3
3ac5d31f-68cc-4f10-8b5e-0c398526cc63,1,0,2.0,1.0,14297.0,14297.0,0.0,1.0,0.0,1.0,3.0,0.0,0.0,1.0,2.0,2.0,95.31333333333333,1.0,0,4
2c0c5d16-05de-4ffc-ad3e-5ba06458a2de,1,0,1.0,3.0,30159.0,10053.0,3281.475887462835,1.0,0.0,1.0,4.0,0.6666666666666666,0.3333333333333333,0.0,5.0,5.0,100.53000000000002,1.0,1,5
bfe60a0a-1b47-442f-bd31-8d8936c9fbd2,0,0,0.0,3.0,47417.0,15805.666666666666,14038.017037079464,1.0,0.0,2.0,3.0,0.3333333333333333,0.3333333333333333,0.3333333333333333,15.0,13.0,118.08999999999999,1.0,1,4
4efb2f2f-1538-4702-9ee6-38e8a4ea2976,0,0,1.0,2.0,37008.0,18504.0,227.6883835420683,1.0,0.0,1.0,3.0,0.5,0.5,0.0,8.0,8.0,123.36,1.0,0,4
7ffffde4-14d8-48fd-a26f-134f87f47f7f,0,0,2.0,1.0,3458.0,3458.0,0.0,1.0,0.0,1.0,2.0,1.0,0.0,0.0,1.0,1.0,34.58,1.0,1,3
9ead7d67-7c29-4485-a185-8fc5b18f6f5e,0,0,0.0,1.0,7249.0,7249.0,0.0,1.0,0.0,1.0,3.0,1.0,0.0,0.0,3.0,3.0,48.32666666666667,1.0,1,4
5f79f28d-96b7-498a-b0d3-41b37ba29796,0,0,0.0,1.0,20844.0,20844.0,0.0,1.0,0.0,1.0,2.0,0.0,1.0,0.0,2.0,2.0,208.44,1.0,0,3
be0f8fed-6d2d-4201-bcdb-9745c0851cea,0,0,2.0,1.0,5948.0,5948.0,0.0,1.0,0.0,1.0,3.0,1.0,0.0,0.0,1.0,1.0,39.653333333333336,1.0,1,4
8f98bc07-b457-4453-941d-2e518bf46b10,0,0,0.0,1.0,16416.0,16416.0,0.0,1.0,0.0,1.0,3.0,1.0,0.0,0.0,2.0,2.0,109.44,1.0,0,4
c0a0b3c8-acb5-468b-b974-30942eb31949,0,0,0.0,1.0,5375.0,5375.0,0.0,1.0,0.0,1.0,3.0,1.0,0.0,0.0,1.0,1.0,35.833333333333336,1.0,0,4
2d243079-3cb0-451f-8d7e-145cfea43384,0,0,0.0,3.0,32050.0,10683.333333333334,7488.3026336636085,1.0,0.0,3.0,1.0,0.0,0.3333333333333333,0.6666666666666666,14.0,14.0,162.69444444444443,0.0,1,1
599ff487-7d9e-4361-8007-2d00bdba088f,0,0,0.0,1.0,3250.0,3250.0,0.0,1.0,0.0,1.0,3.0,1.0,0.0,0.0,2.0,2.0,21.666666666666668,1.0,0,4
b44ab4f1-7f90-4391-a751-3c3e2f0f7c1a,0,0,0.0,2.0,51699.0,25849.5,6378.8102730838455,1.0,0.0,1.0,2.0,0.0,1.0,0.0,6.0,6.0,258.495,1.0,0,3
bf3efa1a-3b13-45cd-8c9a-1caf87997832,6,1,1.0,1.0,14965.0,14965.0,0.0,1.0,0.0,1.0,3.0,0.0,1.0,0.0,4.0,3.0,99.76666666666667,1.0,0,4
ba31dfae-dfc0-4577-8661-9bb0848b5891,6,1,1.0,2.0,8971.0,4485.5,3099.2490219406377,1.0,0.0,1.0,2.0,0.5,0.0,0.5,3.0,3.0,44.855,1.0,0,3
81fe04ea-46c0-4eae-bd43-59b580769ac1,6,1,1.0,2.0,32995.0,16497.5,11778.277654224323,1.0,0.0,2.0,1.0,0.0,1.0,0.0,10.0,10.0,164.44333333333333,0.0,0,1
09b07709-601f-4954-8326-daf592201223,6,1,0.0,1.0,14843.0,14843.0,0.0,0.0,1.0,1.0,3.0,1.0,0.0,0.0,3.0,3.0,98.95333333333333,1.0,0,4
321d0eaa-6a69-4641-9f26-cafb340575fa,6,1,1.0,1.0,9461.0,9461.0,0.0,1.0,0.0,1.0,2.0,0.0,0.0,1.0,1.0,1.0,94.61,1.0,1,3
cfc3a9a1-b25a-4d9b-8065-28d4edbef278,6,1,1.0,2.0,48723.0,24361.5,1024.5977259393073,1.0,0.0,1.0,3.0,0.0,1.0,0.0,14.0,14.0,162.41000000000003,1.0,1,4
320d813d-34b6-4876-b9ed-5deaa248c384,5,1,1.0,1.0,10318.0,10318.0,0.0,0.0,1.0,1.0,3.0,1.0,0.0,0.0,3.0,3.0,68.78666666666666,1.0,1,4
8090c327-fa8d-4075-8af0-842ef43dff77,5,1,1.0,1.0,15056.0,15056.0,0.0,0.0,1.0,1.0,4.0,0.0,1.0,0.0,5.0,6.0,150.56,1.0,0,5
cd43a723-b677-4fc7-95ec-ba6b355521c7,5,1,0.0,1.0,9202.0,9202.0,0.0,0.0,1.0,1.0,3.0,1.0,0.0,0.0,5.0,6.0,61.346666666666664,1.0,1,4
d0c23d0e-8526-4f2a-87e2-0d0722b82de4,5,1,1.0,1.0,16666.0,16666.0,0.0,0.0,1.0,1.0,3.0,0.0,1.0,0.0,3.0,3.0,111.10666666666667,1.0,1,4
f490ba4a-fdd0-4857-aee7-ead668f86867,5,1,2.0,1.0,9642.0,9642.0,0.0,1.0,0.0,1.0,2.0,0.0,0.0,1.0,1.0,1.0,96.42,1.0,0,3
06424ddb-d2ed-440a-9610-bfa21ee47506,4,0,2.0,1.0,14467.0,14467.0,0.0,0.0,1.0,1.0,1.0,1.0,0.0,0.0,1.0,1.0,289.34,0.0,0,1
df10af75-febe-4c63-bc18-7b9d6248d343,4,0,2.0,1.0,12728.0,12728.0,0.0,0.0,1.0,1.0,3.0,0.0,1.0,0.0,6.0,5.0,84.85333333333334,1.0,1,4
c8f2a812-5699-45ba-b1a3-9517f7c5a713,4,0,0.0,1.0,14923.0,14923.0,0.0,1.0,0.0,1.0,3.0,0.0,0.0,1.0,3.0,3.0,99.48666666666666,1.0,0,4
f8ea1039-9d52-45da-83df-84d556d9338b,3,0,1.0,2.0,56010.0,28005.0,22432.255526362034,0.5,1.0,1.0,3.0,0.0,1.0,0.0,2.0,2.0,186.7,1.0,0,4
712d5402-a278-4e3b-994f-50587113e2ae,3,0,1.0,3.0,57720.0,19240.0,5312.279830731811,0.33333333333333337,1.0,2.0,2.0,0.6666666666666666,0.3333333333333333,0.0,3.0,3.0,261.1433333333333,0.0,0,3
70a956c7-defe-4c5c-b698-7e5ee0579aa1,3,0,1.0,1.0,29537.0,29537.0,0.0,1.0,0.0,1.0,4.0,0.0,1.0,0.0,4.0,4.0,295.37,1.0,0,5
11845ca0-bdaa-4c0f-aeb0-e5c3bcff7a2b,3,0,1.0,1.0,11423.0,11423.0,0.0,1.0,0.0,1.0,3.0,1.0,0.0,0.0,2.0,2.0,76.15333333333334,1.0,1,4
b53e75d9-a9f0-4b3c-a24d-54902c47f008,3,0,0.0,2.0,47782.0,23891.0,7703.221274246249,1.0,0.0,2.0,1.0,0.0,1.0,0.0,15.0,15.0,354.86,0.0,0,1
e6cec7d2-4eaf-432b-927c-c900a4b9b16b,3,0,0.0,2.0,35050.0,17525.0,3739.1806589144635,1.0,0.0,1.0,3.0,1.0,0.0,0.0,11.0,12.0,116.83333333333334,1.0,0,4
1d56743a-c8ea-4d2e-bfbd-93ff6f21025b,3,0,1.0,1.0,33450.0,33450.0,0.0,1.0,0.0,1.0,2.0,0.0,1.0,0.0,2.0,2.0,334.5,1.0,0,3
0114ae7a-34e3-492f-855d-693d96f3a4a6,3,0,1.0,1.0,28355.0,28355.0,0.0,1.0,0.0,1.0,2.0,0.0,1.0,0.0,2.0,2.0,283.55,1.0,0,3
d736fdf6-84ee-49a2-b60d-4b6d176a328e,3,0,0.0,2.0,27570.0,13785.0,2145.361974119985,1.0,0.0,1.0,3.0,0.0,1.0,0.0,7.0,7.0,91.9,1.0,1,4
b8cd2854-869b-4053-aca0-1ebb1e1a192c,2,0,1.0,1.0,31784.0,31784.0,0.0,1.0,0.0,1.0,3.0,0.0,1.0,0.0,10.0,10.0,211.89333333333335,1.0,1,4
6b4eb6d3-6c03-4af5-a025-d99ad983df1f,2,0,1.0,2.0,25988.0,12994.0,6250.82394568908,1.0,0.0,1.0,3.0,1.0,0.0,0.0,5.0,4.0,86.62666666666667,1.0,0,4
02bcef9f-ca5e-4f2a-95c0-68c1baf917b3,2,0,1.0,2.0,38984.0,19492.0,10193.65135758527,0.5,1.0,1.0,1.0,0.5,0.0,0.5,2.0,2.0,389.84000000000003,0.0,0,1
4ff81ed4-328f-4ecc-bc6d-b9c11b1e7d7e,2,0,0.0,1.0,25365.0,25365.0,0.0,1.0,0.0,1.0,2.0,1.0,0.0,0.0,1.0,1.0,253.65,1.0,0,3
f2ad0667-693a-4be4-bd08-3e0bfcf3092c,2,0,2.0,1.0,11732.0,11732.0,0.0,1.0,0.0,1.0,3.0,1.0,0.0,0.0,5.0,5.0,78.21333333333334,1.0,0,4
f40cbc2f-ad7e-4115-a1a6-97ebf429855e,2,0,0.0,3.0,36031.0,12010.333333333334,3955.4723274639823,1.0,0.0,1.0,3.0,0.6666666666666666,0.3333333333333333,0.0,7.0,6.0,80.06888888888888,1.0,1,4
77b8d46e-5a34-4625-b95e-ec2cec961a79,2,0,0.0,2.0,16626.0,8313.0,533.1585130146568,1.0,0.0,1.0,3.0,0.0,0.0,1.0,6.0,8.0,55.42,1.0,0,4
39edfe71-8104-4c22-8c9c-d3df3ac24fb0,2,0,2.0,1.0,14062.0,14062.0,0.0,1.0,0.0,1.0,3.0,0.0,0.0,1.0,2.0,2.0,93.74666666666667,1.0,1,4
b8df682e-052a-494a-a92c-11f70eab34ff,2,0,0.0,2.0,58865.0,29432.5,12694.688042642088,1.0,0.0,1.0,3.0,0.5,0.5,0.0,14.0,13.0,196.21666666666667,1.0,1,4
6ffc8091-a9ac-4360-ab1f-c0e5f49a2f27,1,0,2.0,2.0,60177.0,30088.5,5339.363304739621,1.0,0.0,2.0,1.0,0.0,1.0,0.0,4.0,4.0,376.01,0.0,0,1
97c25f2f-d4c4-4dbe-bf0f-4f518167ee9f,1,0,1.0,1.0,15933.0,15933.0,0.0,1.0,0.0,1.0,3.0,1.0,0.0,0.0,5.0,5.0,106.22,1.0,1,4
5340b11c-9770-45f7-9982-7a39ecc915da,1,0,1.0,3.0,94233.0,31411.0,25696.330847029505,1.0,0.0,1.0,4.0,0.6666666666666666,0.0,0.3333333333333333,11.0,12.0,314.10999999999996,1.0,1,5
75cdf281-f8a3-4a0c-8bf5-abfdf33972fa,1,0,1.0,2.0,49187.0,24593.5,1010.4555903155764,1.0,0.0,1.0,4.0,1.0,0.0,0.0,8.0,8.0,245.935,1.0,1,5
64845d89-8895-46c0-9c15-df2dd48c7a7f,1,0,0.0,2.0,35710.0,17855.0,22911.673924006514,1.0,0.0,1.0,4.0,0.5,0.5,0.0,8.0,8.0,178.55,1.0,0,5
a745e665-d06f-4a45-99c1-73b3d7b41f11,1,0,0.0,1.0,9044.0,9044.0,0.0,1.0,0.0,1.0,4.0,1.0,0.0,0.0,2.0,2.0,90.44,1.0,0,5
2810234c-9695-4758-8830-47cef53f2f92,1,0,0.0,1.0,8815.0,8815.0,0.0,1.0,0.0,1.0,3.0,1.0,0.0,0.0,2.0,2.0,58.766666666666666,1.0,0,4
251ec9cc-52d3-46b1-aa3b-8c14592d85b0,1,0,0.0,2.0,52946.0,26473.0,823.0722933011414,1.0,0.0,1.0,2.0,1.0,0.0,0.0,4.0,4.0,264.73,1.0,0,3
af60f04f-878d-4cf2-a0f3-82251e362659,1,0,0.0,1.0,16361.0,16361.0,0.0,1.0,0.0,1.0,3.0,0.0,1.0,0.0,6.0,9.0,109.07333333333334,1.0,0,4
c71394a4-df8b-4dcd-b5f3-568416206b38,1,0,0.0,2.0,24847.0,12423.5,7645.945624970138,1.0,0.0,1.0,2.0,1.0,0.0,0.0,4.0,4.0,124.23500000000001,1.0,0,3
aac8799d-5272-4087-a514-621b4bcbd74f,0,0,1.0,2.0,26293.0,13146.5,816.7083322704624,1.0,0.0,1.0,3.0,0.0,0.0,1.0,6.0,6.0,87.64333333333335,1.0,1,4
314a2e0b-cdfa-4dba-b827-a2a3f17bf04c,0,0,1.0,2.0,43872.0,21936.0,20139.815341755246,1.0,0.0,1.0,2.0,0.0,1.0,0.0,4.0,4.0,219.35999999999999,1.0,0,3
22b4e750-f5c6-44ea-85fa-3672b85bc8d0,0,0,0.0,2.0,22197.0,11098.5,870.44844764064,1.0,0.0,1.0,3.0,0.5,0.0,0.5,8.0,9.0,73.99000000000001,1.0,1,4
0f8fa2b6-5fea-4ca9-bb3b-11a1ca7ebf79,0,0,0.0,3.0,59927.0,19975.666666666668,8011.401396343422,1.0,0.0,1.0,3.0,0.3333333333333333,0.6666666666666666,0.0,24.0,25.0,133.17111111111112,1.0,0,4
891127aa-959d-4788-a836-dfcc9cf5bfdf,0,0,0.0,3.0,119392.0,39797.333333333336,36928.836406436276,1.0,0.0,1.0,3.0,0.0,0.0,1.0,33.0,34.0,265.3155555555556,1.0,0,4
74d8893e-eb5a-4199-b451-2a58f77d1fa7,0,0,1.0,2.0,21276.0,10638.0,4867.723081688193,1.0,0.0,1.0,3.0,1.0,0.0,0.0,2.0,2.0,70.92,1.0,1,4
4749e319-263e-43dc-9142-f2185ae7b2d3,0,0,0.0,3.0,39108.0,13036.0,9690.076521885676,1.0,0.0,1.0,3.0,0.6666666666666666,0.0,0.3333333333333333,31.0,31.0,86.90666666666668,1.0,0,4
17bf90e7-f29c-4fdb-8091-076cf91585dd,0,0,1.0,2.0,81743.0,40871.5,4656.298154113416,1.0,0.0,1.0,2.0,0.0,1.0,0.0,7.0,7.0,408.71500000000003,1.0,0,3
d745d8e7-3317-4a41-89ab-ec86a0dbaf07,0,0,2.0,1.0,44894.0,44894.0,0.0,1.0,0.0,1.0,4.0,0.0,1.0,0.0,3.0,3.0,448.94,1.0,1,5
18d11ee6-a6dd-4c52-afd8-3071a21047ba,0,0,2.0,1.0,23189.0,23189.0,0.0,1.0,0.0,1.0,1.0,1.0,0.0,0.0,7.0,7.0,463.78,0.0,0,1
b7d37a63-2077-4b01-8244-df72ccd0238d,6,1,0.0,2.0,16738.0,8369.0,1385.9292911256332,0.5,1.0,1.0,2.0,0.0,0.5,0.5,2.0,2.0,83.69,1.0,0,3
656f1afd-e76b-4692-b317-f8a889622f60,6,1,1.0,3.0,100854.0,33618.0,5243.822174711877,1.0,0.0,1.0,2.0,0.3333333333333333,0.6666666666666666,0.0,5.0,5.0,336.18,1.0,0,3
85a8afe8-56d2-4f8b-9fea-081a167c59ab,6,1,2.0,1.0,32078.0,32078.0,0.0,1.0,0.0,1.0,3.0,1.0,0.0,0.0,1.0,0.0,213.85333333333332,1.0,1,4
a594021d-53a4-44fc-9430-191936757cd1,6,1,0.0,2.0,31826.0,15913.0,9984.34775035405,0.5,1.0,1.0,4.0,0.5,0.0,0.5,2.0,2.0,159.13,1.0,0,5
8106ae57-c51b-42e6-8b98-dd98ae65c1a7,6,1,0.0,1.0,19897.0,19897.0,0.0,0.0,1.0,1.0,4.0,0.0,1.0,0.0,5.0,5.0,198.97,1.0,0,5
cfecb67f-30f7-407d-a77e-cc82a1dde5ff,6,1,0.0,2.0,43529.0,21764.5,16974.098282383075,0.5,1.0,1.0,2.0,0.5,0.5,0.0,5.0,5.0,217.645,1.0,0,3
decd92ae-4989-4bd2-bc8d-27b698346604,6,1,1.0,3.0,111435.0,37145.0,768.5447286918309,1.0,0.0,1.0,2.0,0.0,1.0,0.0,6.0,7.0,371.45,1.0,0,3
cc13576d-1901-4f99-95a4-bdb2d178ceea,6,1,1.0,3.0,70647.0,23549.0,2975.532893449508,1.0,0.0,1.0,2.0,0.0,1.0,0.0,5.0,4.0,235.49,1.0,0,3
1898518a-baf8-4cf5-904e-62f76b624c95,6,1,1.0,3.0,68171.0,22723.666666666668,686.7614821270436,1.0,0.0,1.0,2.0,0.0,1.0,0.0,2.0,2.0,227.23666666666668,1.0,0,3
e790acee-ed0c-4168-a436-bb86b52c1687,5,1,0.0,2.0,11384.0,5692.0,3334.715580075758,0.5,1.0,1.0,3.0,0.5,0.0,0.5,2.0,3.0,37.946666666666665,1.0,1,4
edde0c42-79ed-4a8b-9bfb-35cd268a1f95,5,1,0.0,1.0,16939.0,16939.0,0.0,0.0,1.0,1.0,2.0,1.0,0.0,0.0,2.0,1.0,169.39,1.0,0,3
a3b8f210-fca2-4676-b620-ae5852e644b6,5,1,0.0,2.0,37064.0,18532.0,2375.8787847867998,0.0,1.0,1.0,2.0,1.0,0.0,0.0,9.0,10.0,185.32,1.0,0,3
ba698b19-a070-4f6e-80d8-78a15a5e3659,4,0,0.0,2.0,19312.0,9656.0,4600.436718399678,0.5,1.0,1.0,2.0,0.5,0.0,0.5,2.0,2.0,96.56,1.0,0,3
7f2a2fa2-0c44-4ae7-8719-1fcda74abb3b,4,0,0.0,3.0,21245.0,7081.666666666667,6150.954912315106,0.6666666666666667,1.0,1.0,2.0,0.3333333333333333,0.0,0.6666666666666666,3.0,3.0,70.81666666666668,1.0,1,3
0c8bcc66-4103-4e5c-bb5d-0c603b633950,4,0,1.0,2.0,23665.0,11832.5,979.3428919433683,0.0,1.0,1.0,3.0,1.0,0.0,0.0,3.0,3.0,78.88333333333333,1.0,0,4
67d20de4-dbc1-4ce8-81be-a1149a95262d,4,0,2.0,1.0,17453.0,17453.0,0.0,0.0,1.0,1.0,2.0,1.0,0.0,0.0,4.0,4.0,174.53,1.0,1,3
32b98257-053d-47cc-b156-1fa6157a96f8,4,0,2.0,1.0,14655.0,14655.0,0.0,0.0,1.0,1.0,3.0,0.0,0.0,1.0,1.0,1.0,97.7,1.0,0,4
34cfd8ec-3971-4c24-ad1f-e632799e52a3,3,0,1.0,2.0,30999.0,15499.5,1628.466917072619,0.5,1.0,2.0,1.0,1.0,0.0,0.0,4.0,3.0,226.73499999999999,0.0,1,1
8a8814bc-9cab-4868-9b9f-a9d58492b0ea,3,0,0.0,2.0,24544.0,12272.0,7250.672934286858,1.0,0.0,1.0,2.0,1.0,0.0,0.0,2.0,2.0,122.72,1.0,0,3
fcb88a04-574d-4aef-a58e-bb82109bde29,3,0,1.0,1.0,6721.0,6721.0,0.0,1.0,0.0,1.0,3.0,0.0,0.0,1.0,4.0,4.0,44.806666666666665,1.0,0,4
00be7ab1-eb8f-47e1-8821-48de36d16b01,3,0,1.0,1.0,25430.0,25430.0,0.0,1.0,0.0,1.0,4.0,0.0,1.0,0.0,4.0,4.0,254.3,1.0,0,5
e14e0ce5-9de1-42d0-8385-a3071b8470a7,3,0,1.0,1.0,13242.0,13242.0,0.0,1.0,0.0,1.0,2.0,1.0,0.0,0.0,1.0,1.0,132.42,1.0,0,3
a07bfb97-65f5-45a6-a533-3da1bb9aa765,3,0,0.0,2.0,37699.0,18849.5,10229.713803425782,1.0,0.0,1.0,3.0,0.0,0.5,0.5,7.0,7.0,125.66333333333333,1.0,1,4
fc44a707-a53f-4273-8344-da42f0d4cea8,3,0,1.0,1.0,12501.0,12501.0,0.0,1.0,0.0,1.0,3.0,1.0,0.0,0.0,4.0,5.0,83.34,1.0,1,4
a84e1d31-42dd-4007-b76c-241144f2a1ab,3,0,1.0,2.0,44423.0,22211.5,1335.7247096613883,0.5,1.0,1.0,1.0,1.0,0.0,0.0,11.0,11.0,444.23,0.0,1,1
fd1b76b3-9842-43db-bf91-2562453dd449,3,0,0.0,2.0,18002.0,9001.0,472.34732983261375,1.0,0.0,1.0,3.0,0.0,0.0,1.0,3.0,3.0,60.00666666666667,1.0,0,4
81f82404-b707-433b-a2c6-ddf0cb9c0d09,3,0,1.0,1.0,12429.0,12429.0,0.0,1.0,0.0,1.0,3.0,1.0,0.0,0.0,3.0,3.0,82.86,1.0,1,4
d3ce2fc3-7d4f-43e2-8509-c1d64c6713d0,3,0,1.0,1.0,7212.0,7212.0,0.0,1.0,0.0,1.0,3.0,1.0,0.0,0.0,1.0,1.0,48.08,1.0,0,4
eb19e2e4-329f-4aaf-8bef-56997c02f8ec,3,0,1.0,2.0,33573.0,16786.5,1516.7440456451445,0.5,1.0,1.0,3.0,1.0,0.0,0.0,6.0,6.0,111.91,1.0,1,4
92270757-e91f-40cf-8426-bbcc3734aaea,2,0,0.0,2.0,21420.0,10710.0,6747.212906082036,1.0,0.0,1.0,3.0,0.5,0.0,0.5,5.0,5.0,71.4,1.0,1,4
adae5639-a7c6-47fd-ac75-f70fad75facb,2,0,0.0,3.0,59997.0,19999.0,6299.305676024938,1.0,0.0,1.0,2.0,0.3333333333333333,0.6666666666666666,0.0,10.0,11.0,199.99,1.0,1,3
19642d47-42bf-4902-9772-16a5960a3236,2,0,0.0,1.0,17468.0,17468.0,0.0,1.0,0.0,1.0,4.0,1.0,0.0,0.0,1.0,1.0,174.68,1.0,1,5
b926af1b-ae4f-408a-9d1d-a860e5306376,2,0,0.0,2.0,43178.0,21589.0,12570.944355934442,1.0,0.0,1.0,4.0,0.5,0.0,0.5,6.0,6.0,215.89,1.0,0,5
e15637b4-c953-44c9-bb15-821e5d6594bb,2,0,2.0,2.0,46673.0,23336.5,23528.978143982367,0.5,1.0,1.0,4.0,0.5,0.5,0.0,6.0,6.0,233.365,1.0,1,5
89251f6e-6259-45e0-9499-0e164b17a570,2,0,0.0,2.0,25563.0,12781.5,5347.848586113859,1.0,0.0,2.0,2.0,0.5,0.0,0.5,4.0,3.0,100.21000000000001,1.0,0,3
96c85f78-3ba6-485a-b147-3c11d90194c3,2,0,0.0,1.0,9608.0,9608.0,0.0,1.0,0.0,1.0,4.0,1.0,0.0,0.0,2.0,2.0,96.08,1.0,0,5
324bcfdd-9013-4aee-be82-a260762e5938,1,0,1.0,2.0,62485.0,31242.5,3724.3314165095458,1.0,0.0,1.0,2.0,0.0,1.0,0.0,2.0,2.0,312.42499999999995,1.0,0,3
62de04a4-8ab0-41d2-9204-76853233d4f2,1,0,1.0,2.0,58264.0,29132.0,9620.894864824166,1.0,0.0,1.0,2.0,0.0,1.0,0.0,3.0,3.0,291.32,1.0,0,3
50914938-a425-46a7-bcc7-54f451474453,1,0,1.0,1.0,3474.0,3474.0,0.0,1.0,0.0,1.0,4.0,0.0,1.0,0.0,1.0,1.0,34.74,1.0,0,5
f2105569-36f1-4d21-8165-66f3aff3c8bd,1,0,1.0,1.0,8943.0,8943.0,0.0,1.0,0.0,1.0,4.0,1.0,0.0,0.0,4.0,5.0,89.43,1.0,1,5
25a81398-d49f-4e39-b719-c4b6aad9fed4,1,0,0.0,3.0,11748.0,3916.0,380.57456562413626,1.0,0.0,1.0,2.0,0.0,0.0,1.0,3.0,3.0,39.160000000000004,1.0,1,3
0e73c1e2-2fdf-434a-ad0f-1b46100db5a4,1,0,1.0,1.0,12299.0,12299.0,0.0,1.0,0.0,1.0,4.0,0.0,0.0,1.0,2.0,2.0,122.99,1.0,1,5
6beddf10-8141-405d-8df3-703e135bcae5,1,0,0.0,1.0,6264.0,6264.0,0.0,1.0,0.0,1.0,2.0,1.0,0.0,0.0,1.0,1.0,62.64,1.0,1,3
b751acf6-f634-4b72-ac03-65f67fddfd9c,1,0,0.0,3.0,43425.0,14475.0,13049.743024289788,1.0,0.0,1.0,2.0,0.6666666666666666,0.0,0.3333333333333333,4.0,3.0,144.75,1.0,1,3
32c7cdd5-dad2-41a6-8ef8-dac3b14767d3,1,0,0.0,3.0,75331.0,25110.333333333332,8352.405781170675,1.0,0.0,1.0,3.0,0.0,1.0,0.0,21.0,31.0,167.40222222222224,1.0,1,4
525caaf2-36e1-4fb1-b2bd-6fef3f8f756f,0,0,1.0,2.0,53766.0,26883.0,6180.113267570426,1.0,0.0,1.0,3.0,0.0,1.0,0.0,17.0,16.0,179.22,1.0,0,4
095cbdee-d1ba-444e-b49e-d12b8cbfdfbf,0,0,0.0,3.0,69059.0,23019.666666666668,19515.517936589164,1.0,0.0,1.0,2.0,0.3333333333333333,0.0,0.6666666666666666,11.0,9.0,230.19666666666663,1.0,0,3
570b586c-d63c-42d7-b68a-cf18f5102d66,0,0,0.0,1.0,17968.0,17968.0,0.0,1.0,0.0,1.0,2.0,1.0,0.0,0.0,1.0,1.0,179.68,1.0,0,3
0e9f2088-91e1-4b7f-8739-95953bbf4b1f,0,0,0.0,2.0,11299.0,5649.5,2208.294477645588,1.0,0.0,1.0,3.0,0.5,0.5,0.0,6.0,6.0,37.663333333333334,1.0,0,4
a2df5ed6-9cc2-4135-94ba-062a8765919d,0,0,1.0,1.0,31519.0,31519.0,0.0,1.0,0.0,1.0,3.0,1.0,0.0,0.0,1.0,0.0,210.12666666666667,1.0,1,4
dcbfbb8b-05a7-49a3-9484-fd6c8325a99b,0,0,0.0,1.0,22413.0,22413.0,0.0,1.0,0.0,1.0,4.0,1.0,0.0,0.0,2.0,2.0,224.13,1.0,0,5
508b42d3-8307-490c-9afc-203bcfd4255a,0,0,0.0,3.0,14109.0,4703.0,3818.4241514006794,1.0,0.0,1.0,4.0,0.6666666666666666,0.0,0.3333333333333333,6.0,6.0,47.03,1.0,0,5
60f0deed-2f12-49da-a0be-234cd5f2bac7,0,0,1.0,1.0,7509.0,7509.0,0.0,1.0,0.0,1.0,2.0,1.0,0.0,0.0,1.0,1.0,75.09,1.0,0,3
b6ad8b1e-620d-4b31-80af-7f0e914ac01e,0,0,0.0,3.0,61786.0,20595.333333333332,7775.519939742508,1.0,0.0,1.0,3.0,0.6666666666666666,0.3333333333333333,0.0,18.0,18.0,137.3022222222222,1.0,0,4
bca1646d-a492-47ea-b117-fc76511d6568,0,0,1.0,1.0,19410.0,19410.0,0.0,1.0,0.0,1.0,3.0,1.0,0.0,0.0,4.0,4.0,129.4,1.0,1,4
47e8a8bb-3a5b-492d-81e5-b5f7bcc93a74,0,0,2.0,2.0,60708.0,30354.0,1477.8531726798844,1.0,0.0,1.0,4.0,0.0,1.0,0.0,9.0,9.0,303.53999999999996,1.0,1,5
18f54182-a522-4f42-9da1-6c16c1f30ce8,0,0,1.0,3.0,93706.0,31235.333333333332,7521.49601697251,1.0,0.0,1.0,2.0,0.3333333333333333,0.3333333333333333,0.3333333333333333,6.0,6.0,312.35333333333335,1.0,0,3
e93f682c-bbd9-435f-a955-dd92b1940363,0,0,1.0,2.0,27859.0,13929.5,7136.828742515824,1.0,0.0,1.0,3.0,0.5,0.5,0.0,6.0,6.0,92.86333333333333,1.0,1,4
e2936178-ea14-41ee-be86-a94e94279d98,0,0,1.0,2.0,20337.0,10168.5,1061.3672785610079,1.0,0.0,1.0,3.0,0.5,0.5,0.0,1.0,1.0,67.79,1.0,1,4
d841c299-70fa-4c45-a031-22df2dceb2d9,0,0,0.0,3.0,89259.0,29753.0,1552.1285384915773,1.0,0.0,1.0,3.0,0.0,1.0,0.0,14.0,17.0,198.35333333333332,1.0,0,4
065d022f-1f08-427c-95f1-245ba9ad5763,6,1,1.0,2.0,50494.0,25247.0,7857.370552544916,1.0,0.0,1.0,2.0,0.5,0.5,0.0,4.0,4.0,252.46999999999997,1.0,0,3
97655ab5-bafa-4a70-8f1e-c864b9a7279b,6,1,0.0,3.0,40885.0,13628.333333333334,7199.6015399002,0.6666666666666667,1.0,1.0,3.0,0.0,0.3333333333333333,0.6666666666666666,7.0,6.0,90.85555555555555,1.0,1,4
207f0c7c-8bae-46c6-b9ea-92ff8fe5fd7b,6,1,1.0,1.0,29313.0,29313.0,0.0,1.0,0.0,1.0,2.0,0.0,1.0,0.0,3.0,2.0,293.13,1.0,1,3
27be8f02-b731-49fc-be7c-f5d757260b67,6,1,1.0,2.0,65178.0,32589.0,601.0407640085654,1.0,0.0,1.0,3.0,0.0,1.0,0.0,6.0,6.0,217.26,1.0,0,4
876a4c41-88d8-4ada-80fe-fa23605ad3df,6,1,0.0,1.0,21821.0,21821.0,0.0,0.0,1.0,1.0,3.0,0.0,1.0,0.0,6.0,6.0,145.47333333333333,1.0,1,4
00fff7e8-c1b1-47da-bcdf-94ac997f62cb,6,1,0.0,2.0,37365.0,18682.5,17685.44770425674,0.5,1.0,2.0,1.0,0.0,0.5,0.5,9.0,11.0,217.71,0.0,0,1
35633eb2-f33f-4363-a503-a48168db4dd0,5,1,1.0,3.0,32192.0,10730.666666666666,5718.311056014121,0.6666666666666667,1.0,1.0,1.0,0.0,1.0,0.0,3.0,3.0,214.61333333333337,0.0,1,1
96bd4b04-86bd-4abc-8bb0-2d69f2d4125a,5,1,0.0,2.0,25465.0,12732.5,61.518289963229634,0.0,1.0,1.0,3.0,1.0,0.0,0.0,8.0,7.0,84.88333333333333,1.0,0,4
16dcae1e-1a48-4218-9160-809ba692c321,5,1,1.0,1.0,7780.0,7780.0,0.0,0.0,1.0,1.0,3.0,1.0,0.0,0.0,4.0,4.0,51.86666666666667,1.0,1,4
5a301a4d-e2be-4184-8eef-c46aac8ee93f,4,0,1.0,2.0,1098.0,549.0,489.31789258109086,0.5,1.0,1.0,3.0,0.0,0.5,0.5,2.0,2.0,3.66,1.0,0,4
0da58244-e9aa-43cb-b0cd-105f2efd85eb,4,0,0.0,1.0,11988.0,11988.0,0.0,1.0,0.0,1.0,2.0,1.0,0.0,0.0,1.0,1.0,119.88,1.0,1,3
742780dd-127c-45ee-8c00-af74b334052b,4,0,0.0,2.0,34553.0,17276.5,22052.539184864858,0.5,1.0,1.0,3.0,0.5,0.0,0.5,5.0,5.0,115.17666666666666,1.0,0,4
b1e001bc-b530-4be8-81eb-71508b0711d0,4,0,1.0,2.0,21712.0,10856.0,1128.5424227737299,0.0,1.0,1.0,3.0,1.0,0.0,0.0,8.0,8.0,72.37333333333333,1.0,0,4
3ec59d0a-8a86-4db4-a76f-ef0d0b091642,4,0,0.0,1.0,10970.0,10970.0,0.0,1.0,0.0,1.0,2.0,1.0,0.0,0.0,2.0,2.0,109.7,1.0,0,3
71bcabaf-19ad-403d-ad6e-826fde96b2bd,4,0,0.0,1.0,9830.0,9830.0,0.0,1.0,0.0,1.0,3.0,1.0,0.0,0.0,7.0,6.0,65.53333333333333,1.0,0,4
97f06339-05d0-4933-a79b-ee1091ff0eba,4,0,0.0,3.0,28460.0,9486.666666666666,5352.542791359387,0.6666666666666667,1.0,1.0,4.0,0.6666666666666666,0.0,0.3333333333333333,10.0,10.0,94.86666666666666,1.0,1,5
9ae30b10-8729-44f7-8f27-ed94f292c2b1,3,0,1.0,2.0,10194.0,2548.5,2125.3568327851835,0.25,1.0,4.0,1.0,0.25,0.25,0.5,5.0,5.0,38.44416666666667,0.0,1,1
d41f89dc-d06d-44e0-b5b0-7266842f9383,3,0,0.0,1.0,21039.0,21039.0,0.0,1.0,0.0,1.0,4.0,1.0,0.0,0.0,2.0,2.0,210.39,1.0,0,5
cbb344ed-09b3-4553-a039-39a453d3419c,3,0,0.0,3.0,25350.0,8450.0,7589.804411182148,0.6666666666666667,1.0,1.0,4.0,0.0,0.3333333333333333,0.6666666666666666,10.0,10.0,84.5,1.0,0,5
f0f03319-8fc3-4100-a185-ec6837ec57b1,3,0,1.0,3.0,23361.0,7787.0,2706.713874793566,0.33333333333333337,1.0,1.0,4.0,0.0,0.6666666666666666,0.3333333333333333,3.0,3.0,77.86999999999999,1.0,1,5
4ecba5ee-7bfc-4464-a90f-55f1e451f69a,2,0,1.0,1.0,15505.0,15505.0,0.0,1.0,0.0,1.0,3.0,1.0,0.0,0.0,5.0,5.0,103.36666666666666,1.0,0,4
af122b19-ad52-42c7-933b-fb0b9c9db322,2,0,1.0,1.0,2106.0,2106.0,0.0,1.0,0.0,1.0,4.0,0.0,1.0,0.0,1.0,1.0,21.06,1.0,1,5
a2ae4cfd-ea49-4b7c-9b4c-d429b2795b20,2,0,0.0,2.0,43563.0,21781.5,22311.340266779134,1.0,0.0,2.0,2.0,1.0,0.0,0.0,2.0,1.0,207.80666666666667,1.0,0,3
c011583c-7b12-4b7b-ba8d-a1b110b37698,2,0,0.0,3.0,116903.0,38967.666666666664,11292.41826772872,1.0,0.0,1.0,2.0,0.3333333333333333,0.6666666666666666,0.0,5.0,6.0,389.6766666666667,1.0,0,3
8d7df0ca-3c33-401a-b16e-249da90fc97e,2,0,0.0,3.0,52644.0,17548.0,3662.001228836495,1.0,0.0,1.0,3.0,0.3333333333333333,0.0,0.6666666666666666,13.0,13.0,116.98666666666668,1.0,1,4
bb612390-34ac-4a26-96ce-83d125e4bee0,2,0,0.0,1.0,19776.0,19776.0,0.0,1.0,0.0,1.0,4.0,1.0,0.0,0.0,2.0,2.0,197.76,1.0,0,5
f3bf6271-dc80-495b-ad38-aa17e83a04af,2,0,2.0,1.0,15483.0,15483.0,0.0,1.0,0.0,1.0,3.0,1.0,0.0,0.0,5.0,5.0,103.22,1.0,0,4
9339f1bc-a2bc-4923-9498-e14d6571d896,1,0,0.0,3.0,109580.0,36526.666666666664,37904.75862386322,1.0,0.0,1.0,2.0,0.0,0.0,1.0,3.0,4.0,365.2666666666667,1.0,0,3
3cc93bb4-388c-4f7c-8afe-47d4a78afd83,1,0,2.0,1.0,1984.0,1984.0,0.0,1.0,0.0,1.0,3.0,0.0,0.0,1.0,2.0,2.0,13.226666666666667,1.0,1,4
c3a27f06-a35f-46e0-b189-0f659bb74c91,1,0,2.0,1.0,3571.0,3571.0,0.0,1.0,0.0,1.0,2.0,1.0,0.0,0.0,1.0,2.0,35.71,1.0,0,3
5affbac0-6f9e-4cf9-b37f-6b7716a11f94,1,0,1.0,1.0,15572.0,15572.0,0.0,1.0,0.0,1.0,3.0,1.0,0.0,0.0,2.0,2.0,103.81333333333333,1.0,0,4
b88cb2d3-9bd7-495d-a406-ead6ad39b8b6,1,0,0.0,3.0,64258.0,21419.333333333332,3211.7709029962475,1.0,0.0,1.0,3.0,0.3333333333333333,0.6666666666666666,0.0,22.0,22.0,142.79555555555555,1.0,1,4
57f55664-6d65-45b1-8b3c-027974f6e59c,1,0,1.0,1.0,26019.0,26019.0,0.0,1.0,0.0,1.0,4.0,1.0,0.0,0.0,2.0,2.0,260.19,1.0,1,5
0b08c9e7-37a1-4a65-8f49-4c7674c178e6,1,0,1.0,1.0,21897.0,21897.0,0.0,1.0,0.0,1.0,3.0,1.0,0.0,0.0,6.0,7.0,145.98,1.0,0,4
755ea515-dbb2-4083-9807-5baea0babd6a,0,0,0.0,2.0,52494.0,26247.0,3336.129793638131,1.0,0.0,1.0,4.0,1.0,0.0,0.0,7.0,7.0,262.47,1.0,0,5
0ba2b1af-bda4-4871-9b74-d1836ac4e028,0,0,0.0,2.0,38275.0,19137.5,7759.082709959986,1.0,0.0,1.0,2.0,0.5,0.5,0.0,6.0,5.0,191.375,1.0,0,3
9945f0ca-6987-4d94-9b36-c201ffeb556a,0,0,0.0,1.0,10232.0,10232.0,0.0,1.0,0.0,1.0,2.0,1.0,0.0,0.0,1.0,1.0,102.32,1.0,0,3
cd09b84c-f3a7-435e-8f0b-b49135a71e48,0,0,0.0,2.0,57473.0,28736.5,2881.460133335181,1.0,0.0,1.0,4.0,1.0,0.0,0.0,10.0,10.0,287.365,1.0,0,5
f7526e0b-6b6d-4762-ae58-f782c930ce49,0,0,1.0,1.0,9108.0,9108.0,0.0,1.0,0.0,1.0,3.0,0.0,1.0,0.0,4.0,3.0,60.72,1.0,1,4
6ea199f9-166d-4e09-a599-039282a18dda,0,0,2.0,1.0,23543.0,23543.0,0.0,1.0,0.0,1.0,2.0,1.0,0.0,0.0,2.0,2.0,235.43,1.0,0,3
bcee39a6-867b-4fb0-b805-28bdd2084724,6,1,2.0,1.0,2772.0,2772.0,0.0,1.0,0.0,1.0,3.0,0.0,0.0,1.0,1.0,1.0,18.48,1.0,0,4
b6aadf3a-b977-4c27-9fae-7a67211e48db,6,1,0.0,3.0,54686.0,18228.666666666668,852.5000488758535,0.6666666666666667,1.0,1.0,2.0,0.0,1.0,0.0,12.0,12.0,182.28666666666663,1.0,1,3
69c8fc97-8c83-418b-bb24-a952689d6855,5,1,0.0,3.0,78695.0,26231.666666666668,3714.4639362003954,0.33333333333333337,1.0,1.0,3.0,1.0,0.0,0.0,15.0,11.0,174.87777777777777,1.0,0,4
2f2396f9-9de9-49c4-8188-8d1e25617470,4,0,1.0,3.0,58764.0,19588.0,9228.590737485329,0.33333333333333337,1.0,1.0,2.0,0.0,0.0,1.0,4.0,3.0,195.88,1.0,0,3
597182ef-c3fa-4faf-9503-e0cdda0fe3ef,4,0,1.0,2.0,35352.0,17676.0,13232.796303125051,0.0,1.0,2.0,1.0,0.5,0.5,0.0,8.0,8.0,218.355,0.0,0,1
8be37ae4-42a8-47ab-a794-8a3193a051fc,4,0,1.0,1.0,26277.0,26277.0,0.0,0.0,1.0,1.0,4.0,1.0,0.0,0.0,10.0,9.0,262.77,1.0,0,5
a741d434-7471-48bc-b6fc-cef2d3da5ca3,4,0,0.0,3.0,77627.0,25875.666666666668,5908.5528967195805,0.33333333333333337,1.0,1.0,3.0,1.0,0.0,0.0,20.0,20.0,172.50444444444443,1.0,0,4
1944e132-cfb9-42fc-b20c-2706d6a0ff49,4,0,0.0,3.0,28391.0,9463.666666666666,4666.519723877028,0.33333333333333337,1.0,1.0,1.0,0.6666666666666666,0.0,0.3333333333333333,5.0,5.0,189.27333333333334,0.0,1,1
1e309999-e3a2-4ca1-9dd9-1465a6dc803b,4,0,2.0,1.0,3566.0,3566.0,0.0,0.0,1.0,1.0,2.0,0.0,0.0,1.0,1.0,1.0,35.66,1.0,1,3
33cbf92c-6ccd-4ba8-80df-b66806a959d7,4,0,1.0,3.0,23647.0,7882.333333333333,2313.4892118471903,0.33333333333333337,1.0,1.0,2.0,0.6666666666666666,0.0,0.3333333333333333,4.0,5.0,78.82333333333334,1.0,1,3
f7787857-8185-4ba9-8385-696006c884d9,4,0,0.0,2.0,23758.0,11879.0,3620.3867196751235,0.5,1.0,1.0,1.0,0.5,0.0,0.5,4.0,3.0,237.57999999999998,0.0,1,1
65dbaae9-8fcf-4b37-81f2-318a47061aaf,4,0,0.0,3.0,65352.0,21784.0,5028.835948805648,0.33333333333333337,1.0,1.0,2.0,0.3333333333333333,0.6666666666666666,0.0,10.0,9.0,217.84,1.0,1,3
dc8226fc-c379-403d-aee1-1256946bbcc2,4,0,1.0,1.0,3360.0,3360.0,0.0,0.0,1.0,1.0,2.0,0.0,1.0,0.0,1.0,2.0,33.6,1.0,0,3
c53985a4-3755-4ae0-8e8b-711a3046662c,4,0,0.0,1.0,5833.0,2916.5,1136.3205973667818,1.0,0.0,2.0,1.0,1.0,0.0,0.0,2.0,2.0,39.730000000000004,0.0,0,1
3148217e-e8e8-4dfb-9fa1-d870adf92c28,3,0,1.0,2.0,6232.0,3116.0,369.10973977937783,0.5,1.0,1.0,3.0,0.5,0.5,0.0,2.0,2.0,20.773333333333333,1.0,0,4
22398294-7d7c-4168-961b-d161d1df00e6,3,0,1.0,3.0,83649.0,27883.0,2680.9742632110438,0.33333333333333337,1.0,1.0,4.0,0.0,1.0,0.0,14.0,13.0,278.83,1.0,0,5
33353816-7ba1-4400-9789-e595f0765dd0,3,0,2.0,1.0,3363.0,3363.0,0.0,0.0,1.0,1.0,2.0,0.0,1.0,0.0,1.0,2.0,33.63,1.0,0,3
8ed66968-56bc-437a-9d66-93d1abfe121c,3,0,1.0,3.0,38812.0,12937.333333333334,4797.760553980715,0.33333333333333337,1.0,2.0,3.0,0.3333333333333333,0.0,0.6666666666666666,6.0,6.0,167.95111111111112,0.0,1,4
e081a5b5-7966-4c6d-8564-ff22c953ec1a,3,0,1.0,2.0,6670.0,3335.0,110.30865786510141,0.5,1.0,1.0,4.0,1.0,0.0,0.0,2.0,2.0,33.35,1.0,1,5
8a29a64e-1474-4042-9fd3-a31b39161b7b,3,0,2.0,1.0,10346.0,10346.0,0.0,0.0,1.0,1.0,3.0,1.0,0.0,0.0,6.0,6.0,68.97333333333333,1.0,1,4
0d683891-497a-487a-be82-5cc475721591,3,0,0.0,2.0,30815.0,15407.5,5968.688339995648,0.5,1.0,1.0,3.0,0.5,0.5,0.0,10.0,10.0,102.71666666666667,1.0,1,4
79e6b258-7d99-4c3c-85b2-fd954da86b83,2,0,0.0,1.0,13084.0,13084.0,0.0,1.0,0.0,1.0,3.0,1.0,0.0,0.0,1.0,1.0,87.22666666666667,1.0,0,4
1cc7119d-73f1-475d-be56-59d8ba9050af,2,0,1.0,2.0,38352.0,19176.0,9748.174085437744,1.0,0.0,1.0,2.0,0.5,0.5,0.0,4.0,4.0,191.76,1.0,1,3
42360a06-abb0-4b3f-8c76-dfaadd0034ea,2,0,1.0,1.0,7617.0,7617.0,0.0,1.0,0.0,1.0,2.0,1.0,0.0,0.0,1.0,1.0,76.17,1.0,0,3
1b33bbb9-9075-4810-b53b-107e978e4e64,2,0,1.0,1.0,7585.0,7585.0,0.0,1.0,0.0,1.0,2.0,1.0,0.0,0.0,1.0,1.0,75.85,1.0,0,3
25034325-b30f-4728-8475-4e9e2bceea5f,2,0,0.0,1.0,14124.0,14124.0,0.0,1.0,0.0,1.0,4.0,1.0,0.0,0.0,3.0,3.0,141.24,1.0,0,5
d20f8231-b6d2-4313-b5d9-347baa43cbc0,2,0,1.0,2.0,4302.0,2151.0,1131.370849898476,1.0,0.0,1.0,3.0,0.5,0.0,0.5,5.0,6.0,14.34,1.0,0,4
9c09c5b7-8bef-42f6-90cd-27ecc6f3b9bc,2,0,0.0,3.0,144790.0,48263.333333333336,12257.538918287526,1.0,0.0,1.0,2.0,0.3333333333333333,0.3333333333333333,0.3333333333333333,6.0,5.0,482.6333333333334,1.0,0,3
57521fee-05a3-4d93-9e22-9475a9740c19,2,0,0.0,1.0,6689.0,6689.0,0.0,1.0,0.0,1.0,3.0,0.0,0.0,1.0,1.0,1.0,44.593333333333334,1.0,0,4
8bfed726-b136-4521-a4f1-c7e5cd604e7a,2,0,0.0,3.0,82732.0,27577.333333333332,16879.45397023652,1.0,0.0,1.0,3.0,0.3333333333333333,0.6666666666666666,0.0,13.0,12.0,183.84888888888887,1.0,0,4
182b8806-1b52-4f7b-b34c-0325e12d15ff,2,0,1.0,2.0,35866.0,17933.0,14399.522492082853,1.0,0.0,1.0,3.0,0.0,0.0,1.0,20.0,19.0,119.55333333333334,1.0,0,4
4cca4336-e9d6-4d84-80bd-2d733bd0f033,2,0,2.0,1.0,11491.0,11491.0,0.0,1.0,0.0,1.0,3.0,0.0,1.0,0.0,5.0,5.0,76.60666666666667,1.0,1,4
e39b62c4-0613-4b31-b67c-9ce6306d5e3e,2,0,0.0,3.0,80065.0,26688.333333333332,10020.694104368886,1.0,0.0,1.0,2.0,0.6666666666666666,0.0,0.3333333333333333,6.0,6.0,266.8833333333333,1.0,1,3
5a27345f-1f6f-4c4e-bfad-3f655c103311,2,0,0.0,3.0,28246.0,9415.333333333334,3369.7472209845846,1.0,0.0,1.0,3.0,0.0,0.0,1.0,21.0,21.0,62.76888888888889,1.0,1,4
aa73f671-93f6-4bb1-8e84-03f8c690a0eb,2,0,0.0,2.0,34668.0,17334.0,1531.593288050062,1.0,0.0,1.0,4.0,0.5,0.5,0.0,6.0,6.0,173.33999999999997,1.0,1,5
2615f042-385c-436e-945e-38d84ce578fd,2,0,0.0,3.0,50525.0,16841.666666666668,2542.402866056702,1.0,0.0,1.0,2.0,1.0,0.0,0.0,3.0,3.0,168.41666666666666,1.0,1,3
d59e10ee-4fb9-4939-b214-80b4a65412e3,1,0,1.0,2.0,13583.0,6791.5,8766.00276636963,1.0,0.0,1.0,4.0,0.0,1.0,0.0,2.0,2.0,67.915,1.0,1,5
6ce43312-04d3-4a3b-beba-6beaabff0c85,1,0,0.0,3.0,49340.0,16446.666666666668,12455.809501326414,1.0,0.0,1.0,2.0,0.3333333333333333,0.0,0.6666666666666666,11.0,11.0,164.46666666666667,1.0,1,3
f33f5406-23c8-40fa-8eaa-4ed6a450bb8c,1,0,0.0,1.0,18846.0,18846.0,0.0,1.0,0.0,1.0,3.0,0.0,0.0,1.0,5.0,5.0,125.64,1.0,0,4
607820c0-0262-4440-9f96-214cd2f68814,1,0,2.0,1.0,24902.0,24902.0,0.0,1.0,0.0,1.0,2.0,0.0,1.0,0.0,3.0,4.0,249.02,1.0,1,3
3b95db7a-72b7-4e54-8497-252a0e488297,0,0,0.0,3.0,14445.0,4815.0,3400.460557042237,1.0,0.0,1.0,2.0,0.0,0.0,1.0,2.0,2.0,48.15,1.0,1,3
54109800-9e13-4556-be28-dd452bf7e253,0,0,1.0,2.0,25392.0,12696.0,7266.229283472962,1.0,0.0,1.0,3.0,0.5,0.0,0.5,6.0,6.0,84.64,1.0,1,4
e602b6ce-b96c-4041-bcea-4b1c7cdcde5d,0,0,0.0,2.0,22071.0,11035.5,6818.630690981878,1.0,0.0,1.0,2.0,0.0,0.0,1.0,2.0,2.0,110.35499999999999,1.0,1,3
1cbb74e8-1460-471b-b5fd-844b3ae43583,0,0,0.0,2.0,22060.0,11030.0,6817.923584200691,1.0,0.0,1.0,2.0,0.0,0.0,1.0,2.0,3.0,110.3,1.0,1,3
90854717-9385-45fd-909c-dc03b0ba8f2b,0,0,1.0,1.0,39341.0,39341.0,0.0,1.0,0.0,1.0,2.0,0.0,0.0,1.0,3.0,3.0,393.41,1.0,0,3
1023231e-74ec-4864-9000-0fb1a8121682,0,0,0.0,3.0,26579.0,8859.666666666666,3374.1369760774883,1.0,0.0,1.0,2.0,0.0,0.0,1.0,3.0,4.0,88.59666666666668,1.0,1,3
cc8ac908-3463-434c-8b4b-369d19f0e749,6,1,1.0,3.0,47855.0,15951.666666666666,600.4051409950894,1.0,0.0,1.0,3.0,0.0,0.0,1.0,3.0,3.0,106.34444444444443,1.0,1,4
0f8f7221-cc3a-4f0a-94b5-342e284d9d02,5,1,2.0,1.0,5630.0,5630.0,0.0,1.0,0.0,1.0,3.0,0.0,0.0,1.0,3.0,3.0,37.53333333333333,1.0,0,4
5798d7ce-87d6-454c-a60a-66cc01932e53,5,1,0.0,2.0,38423.0,19211.5,6822.873331668997,0.0,1.0,1.0,4.0,0.0,0.0,1.0,6.0,6.0,192.115,1.0,1,5
96d659fb-9f7d-4f7b-9cfd-9446ab9221c7,5,1,2.0,2.0,91004.0,45502.0,49067.553760096904,1.0,0.0,1.0,3.0,0.0,0.0,1.0,5.0,4.0,303.34666666666664,1.0,1,4
381873f9-bd14-4832-84b9-e94c5b172bc8,5,1,0.0,2.0,32058.0,16029.0,4365.677267045744,0.0,1.0,1.0,4.0,0.0,0.0,1.0,12.0,12.0,160.29,1.0,0,5
45a8d12e-76e2-4162-bbc2-a4defacbc276,4,0,2.0,2.0,50246.0,25123.0,2978.333762357738,0.5,1.0,1.0,2.0,0.0,0.0,1.0,5.0,5.0,251.23000000000002,1.0,0,3
08e33a22-1945-4ec8-8883-198119a5aaac,4,0,2.0,1.0,11031.0,11031.0,0.0,0.0,1.0,1.0,3.0,0.0,0.0,1.0,3.0,3.0,73.54,1.0,0,4
355924f6-1137-452f-a4b2-0f2d19437cfc,3,0,0.0,1.0,20207.0,20207.0,0.0,1.0,0.0,1.0,2.0,0.0,0.0,1.0,1.0,1.0,202.07,1.0,1,3
82b11c57-3f45-4e08-a3b1-c840679899f2,3,0,0.0,1.0,44661.0,44661.0,0.0,1.0,0.0,1.0,1.0,0.0,0.0,1.0,0.0,1.0,0.0,0.0,0,1
74c0c098-b31f-44fd-83d3-ea8a61ea84c6,3,0,0.0,1.0,10972.0,10972.0,0.0,1.0,0.0,1.0,1.0,0.0,0.0,1.0,3.0,3.0,219.44,0.0,0,1
5432f6be-b90c-45cd-bdf0-1ecf2c79da47,3,0,0.0,1.0,16321.0,16321.0,0.0,1.0,0.0,1.0,4.0,0.0,0.0,1.0,4.0,4.0,163.21,1.0,0,5
1cd9361d-2127-4e93-b896-e4a5a0964350,3,0,0.0,1.0,9011.0,9011.0,0.0,1.0,0.0,1.0,3.0,0.0,0.0,1.0,2.0,1.0,60.07333333333333,1.0,0,4
baf8cb95-a4d7-4ae0-b640-61224f5f263a,3,0,0.0,2.0,11374.0,5687.0,852.7707781109763,1.0,0.0,1.0,3.0,0.0,0.0,1.0,2.0,2.0,37.91333333333333,1.0,1,4
e3999752-448b-43a1-9155-892ff54faade,3,0,0.0,1.0,10170.0,10170.0,0.0,1.0,0.0,1.0,4.0,0.0,0.0,1.0,2.0,2.0,101.7,1.0,1,5
f29e0b33-0b13-4aa3-a141-6bb482bf365a,3,0,0.0,1.0,10253.0,10253.0,0.0,1.0,0.0,1.0,4.0,0.0,0.0,1.0,2.0,2.0,102.53,1.0,0,5
eb079dec-a13f-4018-b2fc-e90c6f1a8803,3,0,0.0,1.0,2739.0,2739.0,0.0,1.0,0.0,1.0,3.0,0.0,0.0,1.0,3.0,3.0,18.26,1.0,1,4
9e16fb62-bfb0-43ce-9ef8-892f9d7280d2,2,0,0.0,3.0,64002.0,21334.0,7465.135832655693,1.0,0.0,2.0,3.0,0.0,0.0,1.0,16.0,16.0,170.59333333333333,1.0,0,4
67a52b62-0441-4b12-94a5-3e601bf0f4c0,2,0,1.0,2.0,13309.0,6654.5,2250.7208845167806,1.0,0.0,1.0,3.0,0.0,0.0,1.0,4.0,4.0,44.36333333333333,1.0,1,4
d768238d-06ed-44b5-a7f1-e847a5e7da05,2,0,0.0,1.0,13823.0,13823.0,0.0,1.0,0.0,1.0,3.0,0.0,0.0,1.0,6.0,5.0,92.15333333333334,1.0,0,4
84391811-2762-4d49-98b8-2a68b1058649,2,0,0.0,3.0,56737.0,18912.333333333332,7182.191680353103,1.0,0.0,1.0,3.0,0.0,0.0,1.0,13.0,13.0,126.08222222222223,1.0,0,4
7cf987d1-7ed9-4907-8617-9f88a7905562,2,0,0.0,1.0,14048.0,14048.0,0.0,1.0,0.0,1.0,3.0,0.0,0.0,1.0,2.0,2.0,93.65333333333334,1.0,0,4
373b0577-ef6c-4d4c-aaf8-05e9dd67b196,2,0,0.0,1.0,11153.0,11153.0,0.0,1.0,0.0,1.0,3.0,0.0,0.0,1.0,3.0,3.0,74.35333333333334,1.0,0,4
29ea30d0-2fd6-403f-9b9d-2115ea391991,1,0,0.0,3.0,28225.0,9408.333333333334,5063.1069841880035,1.0,0.0,1.0,3.0,0.0,0.0,1.0,8.0,8.0,62.72222222222223,1.0,0,4
495ee791-463f-4c24-b77a-16a62a274c57,1,0,1.0,1.0,12777.0,12777.0,0.0,1.0,0.0,1.0,3.0,0.0,0.0,1.0,2.0,2.0,85.18,1.0,1,4
51ac99c1-e4be-4584-a1f5-e3477abe9a3d,1,0,0.0,2.0,25395.0,12697.5,4148.5954852214745,1.0,0.0,1.0,3.0,0.0,0.0,1.0,8.0,8.0,84.65,1.0,1,4
9894f446-3a15-4627-bb12-826953aba72f,1,0,1.0,1.0,18925.0,18925.0,0.0,1.0,0.0,1.0,2.0,0.0,0.0,1.0,2.0,2.0,189.25,1.0,1,3
760f859b-e8d6-4819-8aa1-624b0352b6bd,0,0,1.0,2.0,56017.0,28008.5,27.577164466275352,1.0,0.0,1.0,4.0,0.0,0.0,1.0,15.0,14.0,280.085,1.0,0,5
a95db60c-7c2c-43d4-a61d-8f976babf5f3,0,0,0.0,2.0,29935.0,14967.5,4377.6980823259155,1.0,0.0,2.0,1.0,0.0,0.0,1.0,6.0,6.0,239.99,0.0,0,1
2965514a-3b8c-497a-a797-ad5b320e0b41,0,0,0.0,3.0,72468.0,24156.0,3327.6736618845302,1.0,0.0,1.0,4.0,0.0,0.0,1.0,22.0,22.0,241.56000000000003,1.0,1,5
7c295a4e-d5c5-4f0d-9af1-e18ef8fd88ad,0,0,1.0,3.0,43009.0,14336.333333333334,5456.828871545573,1.0,0.0,1.0,1.0,0.0,0.0,1.0,7.0,7.0,286.7266666666667,0.0,0,1
d43fff32-da03-4eef-bd49-2702e89b404d,0,0,0.0,3.0,84176.0,28058.666666666668,2511.0165935997584,1.0,0.0,1.0,3.0,0.0,0.0,1.0,11.0,10.0,187.05777777777777,1.0,1,4
3d79efe3-83a3-441f-a71b-97502fd40e36,0,0,1.0,1.0,208.0,208.0,0.0,1.0,0.0,1.0,1.0,0.0,0.0,1.0,1.0,1.0,4.16,0.0,0,1
c9516677-a8ee-4832-95b9-0136337da883,0,0,1.0,2.0,12671.0,6335.5,316.07673119038674,1.0,0.0,2.0,1.0,0.0,0.0,1.0,3.0,3.0,93.91499999999999,0.0,1,1
41daf6cf-538a-4dd8-85f0-0dded6a4b99e,0,0,0.0,2.0,16180.0,8090.0,5282.08765546351,1.0,0.0,1.0,3.0,0.0,0.0,1.0,3.0,3.0,53.93333333333333,1.0,1,4
ab7e6fcc-2006-476d-95a5-f1552230e36b,0,0,1.0,1.0,4385.0,4385.0,0.0,1.0,0.0,1.0,4.0,0.0,0.0,1.0,1.0,1.0,43.85,1.0,0,5
899f568b-1622-49bb-b002-bb696f60af9f,6,1,2.0,2.0,12928.0,6464.0,1954.4431431996175,1.0,0.0,1.0,3.0,0.0,0.0,1.0,1.0,0.0,43.093333333333334,1.0,0,4
a4ce4f05-853f-4a5b-98e4-1e90cd3c5f9e,6,1,1.0,1.0,11693.0,11693.0,0.0,1.0,0.0,1.0,3.0,0.0,0.0,1.0,4.0,4.0,77.95333333333333,1.0,0,4
05aa5a08-ae0c-495b-a6c2-592585854d03,6,1,1.0,3.0,38784.0,12928.0,2302.438489949297,1.0,0.0,1.0,3.0,0.0,0.0,1.0,6.0,6.0,86.18666666666667,1.0,1,4
3feea081-3cdf-4de6-975a-04f607159ed9,6,1,1.0,1.0,47636.0,47636.0,0.0,1.0,0.0,1.0,4.0,0.0,0.0,1.0,5.0,5.0,476.36,1.0,1,5
dcd613ec-4962-418b-aa7a-6d3de4e67af4,6,1,0.0,2.0,76001.0,38000.5,49122.00098224827,0.5,1.0,1.0,3.0,0.0,0.0,1.0,2.0,3.0,253.33666666666664,1.0,1,4
5c79a1f4-731d-407f-8292-a99bca10449d,5,1,0.0,3.0,75757.0,25252.333333333332,7806.834591134447,0.33333333333333337,1.0,1.0,2.0,0.0,0.0,1.0,8.0,8.0,252.5233333333333,1.0,1,3
9037ef30-8d70-48f8-a770-776b96d82ab6,5,1,0.0,1.0,19878.0,19878.0,0.0,0.0,1.0,1.0,3.0,0.0,0.0,1.0,2.0,1.0,132.52,1.0,0,4
ef88fc0e-0c72-4881-9129-74a92a2d89ad,5,1,1.0,1.0,16976.0,16976.0,0.0,0.0,1.0,1.0,3.0,0.0,0.0,1.0,4.0,4.0,113.17333333333333,1.0,0,4
eb938770-c4a7-416a-b51a-8d9865d209b5,5,1,2.0,1.0,37992.0,37992.0,0.0,1.0,0.0,1.0,2.0,0.0,0.0,1.0,6.0,6.0,379.92,1.0,0,3
6bf7dce0-0ec4-4c0b-877a-af3469d29b7a,5,1,1.0,1.0,3772.0,3772.0,0.0,0.0,1.0,1.0,3.0,0.0,0.0,1.0,1.0,1.0,25.14666666666667,1.0,0,4
ca916c2f-31b9-4318-ab97-a311d79e647d,4,0,0.0,1.0,9210.0,9210.0,0.0,1.0,0.0,1.0,2.0,0.0,0.0,1.0,1.0,1.0,92.1,1.0,0,3
a37e8a56-510c-4178-bfef-4384dd235d0f,4,0,0.0,1.0,18463.0,18463.0,0.0,1.0,0.0,1.0,3.0,0.0,0.0,1.0,5.0,5.0,123.08666666666667,1.0,0,4
537ab18a-daa0-4241-a4eb-47bd754c2f4e,4,0,1.0,2.0,51690.0,25845.0,5260.874452027913,0.0,1.0,1.0,2.0,0.0,0.0,1.0,3.0,3.0,258.45,1.0,1,3
53de5960-f46a-4561-8c18-03e69c50f762,4,0,1.0,1.0,15269.0,15269.0,0.0,0.0,1.0,1.0,3.0,0.0,0.0,1.0,3.0,3.0,101.79333333333334,1.0,0,4
6ef13aaf-62e1-40a4-b86f-85415a7f130d,4,0,0.0,2.0,16116.0,8058.0,6959.344940438001,1.0,0.0,1.0,2.0,0.0,0.0,1.0,1.0,1.0,80.58,1.0,1,3
a7093fa7-c25d-4e7f-8cfc-ca769a466d81,4,0,2.0,1.0,1871.0,1871.0,0.0,0.0,1.0,1.0,3.0,0.0,0.0,1.0,1.0,1.0,12.473333333333333,1.0,0,4
2477a1e1-ddba-4831-8472-310c10705650,4,0,2.0,1.0,7121.0,7121.0,0.0,0.0,1.0,1.0,2.0,0.0,0.0,1.0,1.0,1.0,71.21,1.0,1,3
a9ea462a-0cae-429c-96bd-e889fd93d97e,4,0,1.0,3.0,23264.0,7754.666666666667,8166.025002002709,0.33333333333333337,1.0,2.0,1.0,0.0,0.0,1.0,7.0,7.0,136.48333333333332,0.0,1,1
2f50b976-558d-461b-a520-dbc6c7ea41b3,4,0,1.0,3.0,57069.0,19023.0,10613.519680106125,0.33333333333333337,1.0,1.0,3.0,0.0,0.0,1.0,13.0,12.0,126.82,1.0,1,4
18f41ca4-700a-4126-9f81-9ab2f983fbcd,3,0,1.0,1.0,6665.0,6665.0,0.0,1.0,0.0,1.0,4.0,0.0,0.0,1.0,2.0,2.0,66.65,1.0,0,5
270b8cc6-0d2e-4d89-8f43-e3f334f72198,3,0,0.0,1.0,7541.0,7541.0,0.0,1.0,0.0,1.0,4.0,0.0,0.0,1.0,2.0,2.0,75.41,1.0,1,5
58472d22-ba10-4b27-95e7-209555d290b6,3,0,0.0,2.0,27969.0,13984.5,2938.028675830105,1.0,0.0,1.0,3.0,0.0,0.0,1.0,10.0,10.0,93.22999999999999,1.0,1,4
5d8a261d-85d5-4fe2-87b0-e557cf2da26a,2,0,1.0,2.0,10408.0,5204.0,2254.2564184227135,1.0,0.0,1.0,3.0,0.0,0.0,1.0,3.0,3.0,34.693333333333335,1.0,1,4
ec11d523-f5db-4620-b9f8-08767b0fa7a2,2,0,0.0,2.0,24548.0,12274.0,7830.500494859827,0.5,1.0,1.0,3.0,0.0,0.0,1.0,5.0,5.0,81.82666666666667,1.0,1,4
bb00c2fc-8e4d-4986-a1d2-346c4203b603,2,0,0.0,2.0,34702.0,17351.0,7844.642630483559,1.0,0.0,1.0,3.0,0.0,0.0,1.0,10.0,10.0,115.67333333333333,1.0,1,4
839d1a47-0a82-4059-a80b-9f41267c67de,2,0,0.0,1.0,7897.0,7897.0,0.0,1.0,0.0,1.0,2.0,0.0,0.0,1.0,1.0,1.0,78.97,1.0,1,3
31324065-cb3d-488a-83ae-e3e4841416a6,2,0,1.0,1.0,3546.0,3546.0,0.0,1.0,0.0,1.0,3.0,0.0,0.0,1.0,4.0,4.0,23.64,1.0,1,4
aeab043e-b2a5-4100-bfd0-9b97696deb21,2,0,1.0,1.0,4191.0,4191.0,0.0,1.0,0.0,1.0,3.0,0.0,0.0,1.0,1.0,1.0,27.94,1.0,1,4
fa8a52de-8ee7-4d14-949f-b3a86b85acc6,2,0,1.0,1.0,2755.0,2755.0,0.0,1.0,0.0,1.0,3.0,0.0,0.0,1.0,4.0,4.0,18.366666666666667,1.0,1,4
522f7237-4164-4f38-91fb-213cdfea29ac,2,0,0.0,1.0,1700.0,1700.0,0.0,1.0,0.0,1.0,2.0,0.0,0.0,1.0,1.0,1.0,17.0,1.0,0,3
3e469bf6-2842-4029-a457-3d60454197d8,2,0,1.0,2.0,13359.0,6679.5,3867.1669863092284,1.0,0.0,1.0,2.0,0.0,0.0,1.0,3.0,2.0,66.795,1.0,0,3
6a8eb72b-abdc-4d98-b941-afbc61c1aabd,2,0,0.0,1.0,20377.0,20377.0,0.0,1.0,0.0,1.0,2.0,0.0,0.0,1.0,1.0,1.0,203.77,1.0,1,3
e0246072-f300-49b8-b96a-d27bbcdf99f3,2,0,0.0,1.0,68029.0,68029.0,0.0,1.0,0.0,1.0,4.0,0.0,0.0,1.0,1.0,2.0,0.0,1.0,0,5
a4db6b12-48a3-4488-a9bf-f9bbbc56a4f0,2,0,0.0,2.0,15952.0,7976.0,3631.7004281741083,1.0,0.0,2.0,1.0,0.0,0.0,1.0,3.0,3.0,132.48,0.0,1,1
c4c93667-13e5-47d1-abd9-63d5ac824149,1,0,1.0,2.0,53033.0,26516.5,5814.53906169698,1.0,0.0,1.0,4.0,0.0,0.0,1.0,14.0,14.0,265.16499999999996,1.0,0,5
0a2a775e-a77f-44bf-99c1-40d74521a6b1,1,0,0.0,3.0,27281.0,9093.666666666666,1833.1651134945084,1.0,0.0,1.0,4.0,0.0,0.0,1.0,3.0,3.0,90.93666666666667,1.0,1,5
bad793d4-57bd-4efc-9660-360a506139ab,1,0,0.0,1.0,2457.0,2457.0,0.0,1.0,0.0,1.0,3.0,0.0,0.0,1.0,6.0,6.0,16.38,1.0,1,4
9ed6587c-bdf2-4c29-8eb0-1de71cf85baf,1,0,0.0,1.0,8332.0,8332.0,0.0,1.0,0.0,1.0,4.0,0.0,0.0,1.0,3.0,3.0,83.32,1.0,1,5
6d91f4d4-2bc2-423b-9576-176b6c1ae367,1,0,0.0,1.0,8611.0,8611.0,0.0,1.0,0.0,1.0,4.0,0.0,0.0,1.0,1.0,1.0,86.11,1.0,1,5
9c80af23-f2f6-4da5-b817-afab7a1b4e67,1,0,0.0,1.0,8585.0,8585.0,0.0,1.0,0.0,1.0,4.0,0.0,0.0,1.0,1.0,1.0,85.85,1.0,0,5
7f5d3d1d-6d99-46af-be61-77c17e5a85d9,1,0,1.0,3.0,21854.0,7284.666666666667,5222.086013590099,1.0,0.0,1.0,2.0,0.0,0.0,1.0,2.0,2.0,72.84666666666668,1.0,1,3
1f6151a8-8de4-49e4-8962-aee97155a0d5,1,0,1.0,2.0,57727.0,28863.5,20601.55606987006,1.0,0.0,1.0,2.0,0.0,0.0,1.0,1.0,1.0,288.635,1.0,0,3
7cad4a2c-d915-44c7-a19a-641a2ff1922a,1,0,2.0,1.0,8261.0,8261.0,0.0,1.0,0.0,1.0,3.0,0.0,0.0,1.0,2.0,2.0,55.07333333333333,1.0,1,4
a3cbc7a6-9987-4301-b764-4a64b1a82749,0,0,0.0,2.0,4987.0,2493.5,750.240294838927,1.0,0.0,1.0,3.0,0.0,0.0,1.0,2.0,2.0,16.623333333333335,1.0,0,4
32a84273-da29-48fd-b551-4725b22051f5,0,0,1.0,1.0,4617.0,4617.0,0.0,1.0,0.0,1.0,3.0,0.0,0.0,1.0,2.0,2.0,30.78,1.0,0,4
e4b84a3e-dc6b-4e17-9ab8-108119fc482c,0,0,0.0,3.0,63375.0,21125.0,2856.88589201599,1.0,0.0,1.0,1.0,0.0,0.0,1.0,14.0,14.0,422.5,0.0,0,1
499e87e4-e06f-4b92-b45b-934182aae847,0,0,1.0,1.0,13449.0,13449.0,0.0,1.0,0.0,1.0,4.0,0.0,0.0,1.0,3.0,3.0,134.49,1.0,0,5
8a653ab4-0223-4412-9bb0-41d6ac34fce8,0,0,0.0,3.0,76663.0,25554.333333333332,4170.570264763961,1.0,0.0,1.0,2.0,0.0,0.0,1.0,8.0,8.0,255.54333333333332,1.0,0,3
e8f87b8b-fc99-41be-92d4-65d00eda5a05,0,0,0.0,3.0,27730.0,9243.333333333334,960.2678445794868,1.0,0.0,1.0,2.0,0.0,0.0,1.0,3.0,3.0,92.43333333333332,1.0,1,3
8e6d15e1-2486-4bef-a7ae-9b748f5e2596,0,0,0.0,2.0,19471.0,9735.5,7248.551613943298,1.0,0.0,1.0,4.0,0.0,0.0,1.0,5.0,5.0,97.355,1.0,0,5
7b240f5d-0072-42de-959f-390793fef802,0,0,0.0,2.0,14122.0,7061.0,5136.423658539081,1.0,0.0,1.0,3.0,0.0,0.0,1.0,4.0,4.0,47.07333333333333,1.0,1,4
37143d61-110d-4552-a638-f8980e4a6947,0,0,0.0,2.0,53568.0,26784.0,4222.841697246062,1.0,0.0,1.0,3.0,0.0,0.0,1.0,9.0,9.0,178.56,1.0,1,4
9ead2281-30ea-4011-a2d3-5749f6ca8abd,0,0,0.0,2.0,17778.0,8889.0,445.47727214752496,1.0,0.0,1.0,2.0,0.0,0.0,1.0,4.0,4.0,88.89,1.0,1,3
61a29686-824e-4b0d-8cfc-a0d0ccf04b03,6,1,2.0,1.0,17806.0,17806.0,0.0,1.0,0.0,1.0,3.0,0.0,0.0,1.0,5.0,5.0,118.70666666666666,1.0,0,4
c2ca8e86-cf84-44a9-9fea-f2a1c07f5417,6,1,2.0,2.0,59828.0,29914.0,8290.119902631082,1.0,0.0,1.0,3.0,0.0,0.0,1.0,3.0,2.0,199.42666666666668,1.0,1,4
9d3cb062-02f1-450c-84bd-d413064e3dd8,5,1,0.0,1.0,6460.0,6460.0,0.0,0.0,1.0,1.0,3.0,0.0,0.0,1.0,1.0,1.0,43.06666666666667,1.0,0,4
2dbbbe7f-b7e1-45fa-a6ad-85f2b7a1a164,5,1,0.0,2.0,14835.0,7417.5,7035.005366024961,0.0,1.0,1.0,4.0,0.0,0.0,1.0,4.0,3.0,74.175,1.0,0,5
2ced92f9-804a-438e-9031-ad7c1fd4e4fe,5,1,0.0,1.0,8884.0,8884.0,0.0,0.0,1.0,1.0,4.0,0.0,0.0,1.0,4.0,4.0,88.84,1.0,0,5
57848355-a08f-4947-ae47-c030ad36d93b,5,1,0.0,2.0,53899.0,26949.5,5168.243463692475,0.0,1.0,1.0,4.0,0.0,0.0,1.0,8.0,8.0,269.495,1.0,0,5
45ff8518-3f89-4dbc-9e4b-c12c849ba3db,5,1,0.0,1.0,6458.0,6458.0,0.0,0.0,1.0,1.0,3.0,0.0,0.0,1.0,1.0,1.0,43.053333333333335,1.0,0,4
b6a10a5d-ba5d-4287-aa56-8e4b144311ec,5,1,0.0,1.0,6369.0,6369.0,0.0,0.0,1.0,1.0,3.0,0.0,0.0,1.0,3.0,3.0,42.46,1.0,1,4
7243dd69-3fd9-4132-bf22-c738660358f5,5,1,0.0,3.0,92797.0,30932.333333333332,5930.277424651678,0.33333333333333337,1.0,1.0,2.0,0.0,0.0,1.0,5.0,4.0,309.3233333333333,1.0,1,3
117bf88e-59ea-4ab8-b197-5cf89cfb6222,5,1,0.0,1.0,29549.0,29549.0,0.0,0.0,1.0,1.0,4.0,0.0,0.0,1.0,3.0,3.0,295.49,1.0,1,5
1e3647be-fb78-4cea-9296-a93b5d8bf1a3,4,0,0.0,1.0,66544.0,66544.0,0.0,1.0,0.0,1.0,2.0,0.0,0.0,1.0,2.0,2.0,0.0,1.0,0,3
4a0f3b44-5c65-402e-8d1e-5d91e52ff0ca,4,0,0.0,3.0,35205.0,11735.0,1836.5475762963506,0.33333333333333337,1.0,1.0,4.0,0.0,0.0,1.0,14.0,13.0,117.35000000000001,1.0,1,5
3e074769-5679-4203-abd0-af6ed7434ae3,4,0,0.0,2.0,42125.0,21062.5,17522.813144583833,0.5,1.0,1.0,4.0,0.0,0.0,1.0,12.0,10.0,210.625,1.0,1,5
f7bb5a44-c596-4a47-b04a-18e9545abb29,4,0,0.0,1.0,268.0,268.0,0.0,1.0,0.0,1.0,4.0,0.0,0.0,1.0,1.0,1.0,2.68,1.0,0,5
cc738001-05c4-4441-bf49-bc45faeeeabe,3,0,0.0,2.0,32793.0,16396.5,9895.959402705732,1.0,0.0,1.0,4.0,0.0,0.0,1.0,5.0,5.0,163.965,1.0,0,5
e2c4a223-9e34-4083-85f8-8e1d9fdf1cc3,3,0,0.0,2.0,38188.0,19094.0,2865.1966773678905,0.5,1.0,1.0,3.0,0.0,0.0,1.0,11.0,10.0,127.29333333333334,1.0,1,4
e7e839ca-d84d-4646-85a2-c2f854921709,3,0,0.0,2.0,34370.0,17185.0,6341.3336136809585,0.5,1.0,1.0,4.0,0.0,0.0,1.0,2.0,2.0,171.85,1.0,1,5
3f7622c8-f2fb-42aa-9efc-8d8d3d3a2edb,3,0,0.0,2.0,29661.0,14830.5,3814.841084501424,1.0,0.0,1.0,3.0,0.0,0.0,1.0,3.0,4.0,98.87,1.0,1,4
6cb2d0f5-0da5-4c4f-9fc9-d3ad53cd30d3,3,0,0.0,2.0,19992.0,9996.0,916.4103884177656,1.0,0.0,1.0,4.0,0.0,0.0,1.0,4.0,4.0,99.96000000000001,1.0,0,5
2b5b7ff5-d5e9-4ee2-a901-2205caa8535c,2,0,1.0,1.0,3381.0,3381.0,0.0,1.0,0.0,1.0,3.0,0.0,0.0,1.0,3.0,4.0,22.54,1.0,0,4
b95613e2-ff30-43bf-95b6-8ec11184326f,2,0,2.0,1.0,14437.0,14437.0,0.0,1.0,0.0,1.0,2.0,0.0,0.0,1.0,2.0,2.0,144.37,1.0,0,3
0963747d-bbba-4fe0-bf64-7d275e12f61b,2,0,1.0,1.0,3574.0,3574.0,0.0,1.0,0.0,1.0,3.0,0.0,0.0,1.0,1.0,1.0,23.826666666666668,1.0,0,4
fdf24c69-28ea-4dc8-b1b2-f035cf3914d8,2,0,2.0,1.0,13417.0,13417.0,0.0,1.0,0.0,1.0,3.0,0.0,0.0,1.0,1.0,1.0,89.44666666666667,1.0,1,4
b981071d-5b41-473c-968d-28591022a552,2,0,1.0,1.0,20402.0,20402.0,0.0,1.0,0.0,1.0,2.0,0.0,0.0,1.0,1.0,1.0,204.02,1.0,1,3
7c6cccd8-9235-4bbc-9dd8-4a3473788bb4,2,0,0.0,3.0,22575.0,7525.0,2885.9960152432645,1.0,0.0,1.0,4.0,0.0,0.0,1.0,3.0,3.0,75.25,1.0,1,5
04e9d40c-d4b4-4d86-8438-c1799e65b6f4,2,0,0.0,2.0,10356.0,5178.0,7010.256628683433,0.5,1.0,1.0,3.0,0.0,0.0,1.0,4.0,4.0,34.519999999999996,1.0,1,4
8519318b-c9bd-4c07-b77d-15a2a9136159,1,0,1.0,3.0,38421.0,12807.0,4616.916286873739,1.0,0.0,1.0,1.0,0.0,0.0,1.0,5.0,5.0,256.14000000000004,0.0,1,1
0be449c2-e40f-4c1b-9400-bb57e59b47ec,1,0,1.0,2.0,62548.0,31274.0,38257.305289316966,1.0,0.0,1.0,4.0,0.0,0.0,1.0,4.0,5.0,312.74,1.0,0,5
7ee3d40f-b2b3-4c1e-8f5b-fedfe77a28e0,1,0,0.0,3.0,88714.0,29571.333333333332,12952.105864813388,1.0,0.0,1.0,3.0,0.0,0.0,1.0,23.0,24.0,197.14222222222222,1.0,1,4
8eb5e52e-30c4-4f4e-8d6b-dd0c0d5cfc8e,1,0,0.0,3.0,58914.0,19638.0,15563.097249583709,1.0,0.0,1.0,2.0,0.0,0.0,1.0,4.0,4.0,196.38,1.0,0,3
f850cbfe-fb09-487f-ba59-6d1cd9e450e7,1,0,1.0,2.0,51331.0,25665.5,5749.485237827818,1.0,0.0,1.0,2.0,0.0,0.0,1.0,6.0,6.0,256.655,1.0,0,3
c4c22238-4b4d-418c-8732-8b31bccef3dc,1,0,1.0,2.0,53940.0,26970.0,2197.6878759277897,1.0,0.0,1.0,2.0,0.0,0.0,1.0,7.0,7.0,269.7,1.0,1,3
9d986c5e-cccf-4cb0-9708-fe83784899ce,1,0,2.0,1.0,11577.0,11577.0,0.0,1.0,0.0,1.0,1.0,0.0,0.0,1.0,4.0,4.0,231.54,0.0,0,1
953a48a9-1292-4353-ad72-5c99dd47ae28,1,0,0.0,3.0,112688.0,37562.666666666664,7370.837966834799,1.0,0.0,3.0,1.0,0.0,0.0,1.0,11.0,13.0,428.57666666666665,0.0,0,1
9b245c72-66b2-4b60-9371-0ebb1d2d3fa1,1,0,0.0,1.0,11800.0,11800.0,0.0,1.0,0.0,1.0,4.0,0.0,0.0,1.0,2.0,2.0,118.0,1.0,0,5
3ea29b0e-572a-4d54-b8e1-add541f38a13,1,0,1.0,2.0,48340.0,24170.0,6388.00266123927,1.0,0.0,1.0,3.0,0.0,0.0,1.0,15.0,15.0,161.13333333333333,1.0,0,4
03fff432-51a7-42f5-ad48-cc08e488e0d9,1,0,0.0,3.0,45702.0,15234.0,5115.837272627033,1.0,0.0,1.0,3.0,0.0,0.0,1.0,4.0,4.0,101.56,1.0,1,4
950616b5-e3c9-4cbe-9ace-131b066e5599,0,0,1.0,2.0,10911.0,5455.5,143.54267658086914,1.0,0.0,1.0,4.0,0.0,0.0,1.0,1.0,1.0,54.555,1.0,0,5
4ec055d4-987f-4545-8490-186d86482ce4,0,0,1.0,1.0,13098.0,13098.0,0.0,1.0,0.0,1.0,2.0,0.0,0.0,1.0,1.0,1.0,130.98,1.0,1,3
4622f625-f93d-4f65-9e9a-e7b24171da62,0,0,0.0,3.0,110428.0,36809.333333333336,18713.10987872762,1.0,0.0,1.0,3.0,0.0,0.0,1.0,36.0,36.0,245.39555555555557,1.0,1,4
6abf4c0e-e38c-4f7a-a92e-46541d200ee1,0,0,0.0,3.0,68704.0,22901.333333333332,14973.179700161663,1.0,0.0,1.0,2.0,0.0,0.0,1.0,5.0,5.0,229.01333333333332,1.0,1,3
e1234ed0-4f41-4987-8417-7508660b6035,0,0,0.0,2.0,25782.0,12891.0,10753.679928285015,1.0,0.0,1.0,4.0,0.0,0.0,1.0,5.0,5.0,128.91,1.0,1,5
06f2bfcc-174e-40c5-99aa-fc5631a1ea26,0,0,0.0,3.0,87386.0,29128.666666666668,16616.58913054461,1.0,0.0,1.0,3.0,0.0,0.0,1.0,9.0,9.0,194.1911111111111,1.0,1,4
3c62d29c-c57b-40ee-9874-9c0a0cb7fac8,0,0,0.0,1.0,7315.0,7315.0,0.0,1.0,0.0,1.0,2.0,0.0,0.0,1.0,1.0,1.0,73.15,1.0,0,3
daa8e9ef-c0f8-4ddb-8182-91a99f88f135,0,0,0.0,1.0,7312.0,7312.0,0.0,1.0,0.0,1.0,2.0,0.0,0.0,1.0,1.0,1.0,73.12,1.0,0,3
19b63ab8-d324-4681-a1f6-9057e9053156,6,1,0.0,3.0,103757.0,34585.666666666664,40487.11338603104,0.6666666666666667,1.0,1.0,2.0,0.0,0.0,1.0,5.0,8.0,345.8566666666666,1.0,1,3
bb3e9f41-645b-4d8e-ad11-bde5ece88470,6,1,2.0,1.0,12565.0,12565.0,0.0,1.0,0.0,1.0,4.0,0.0,0.0,1.0,3.0,3.0,125.65,1.0,1,5
a78a56f8-24b2-4d0d-9acb-93491ccc72f6,6,1,1.0,3.0,30738.0,10246.0,7559.686303015489,1.0,0.0,1.0,4.0,0.0,0.0,1.0,2.0,2.0,102.46,1.0,1,5
3089a481-372f-4c4a-afde-e9abfaf3d74f,6,1,0.0,1.0,1770.0,1770.0,0.0,0.0,1.0,1.0,3.0,0.0,0.0,1.0,1.0,1.0,11.8,1.0,1,4
6d22fe6f-6ff5-4d04-b8cf-c323fb3c8d67,6,1,0.0,1.0,587.0,587.0,0.0,0.0,1.0,1.0,4.0,0.0,0.0,1.0,0.0,1.0,5.87,1.0,0,5
62e1baae-56c0-47a5-9c39-8b6b527614ee,6,1,2.0,1.0,2614.0,2614.0,0.0,1.0,0.0,1.0,4.0,0.0,0.0,1.0,1.0,1.0,26.14,1.0,1,5
aa12973f-714c-4d81-b507-3e6f58ec5bfb,6,1,0.0,1.0,17406.0,17406.0,0.0,0.0,1.0,1.0,2.0,0.0,0.0,1.0,1.0,1.0,174.06,1.0,0,3
f2838847-e7f5-4719-8818-5d39256d122e,6,1,0.0,3.0,48467.0,16155.666666666666,11813.171307203385,0.6666666666666667,1.0,1.0,2.0,0.0,0.0,1.0,9.0,8.0,161.55666666666667,1.0,1,3
85e42781-8627-423d-aabc-2bb3f8d08566,6,1,0.0,2.0,20682.0,10341.0,8010.1056172812105,0.5,1.0,1.0,3.0,0.0,0.0,1.0,4.0,4.0,68.94,1.0,0,4
65f5b470-f41c-4abc-a17e-888162098d5c,6,1,0.0,1.0,11009.0,11009.0,0.0,0.0,1.0,1.0,3.0,0.0,0.0,1.0,1.0,1.0,73.39333333333333,1.0,1,4
b42fdcd5-2a0f-407c-9ceb-4c1a3b9209a2,6,1,0.0,1.0,582.0,582.0,0.0,0.0,1.0,1.0,4.0,0.0,0.0,1.0,0.0,1.0,5.82,1.0,0,5
56391e6a-ff75-40df-8bcf-200274a36a5d,6,1,0.0,3.0,84433.0,28144.333333333332,7320.678201733315,0.6666666666666667,1.0,1.0,2.0,0.0,0.0,1.0,8.0,7.0,281.4433333333333,1.0,1,3
52d7e6a1-fc98-4429-8a5f-38857bb99fe6,5,1,1.0,3.0,34618.0,11539.333333333334,7947.27578062655,0.6666666666666667,1.0,1.0,2.0,0.0,0.0,1.0,1.0,1.0,115.39333333333336,1.0,1,3
c18527c6-d06b-4177-bb62-d06bfcd29455,5,1,0.0,1.0,6753.0,6753.0,0.0,0.0,1.0,1.0,4.0,0.0,0.0,1.0,1.0,1.0,67.53,1.0,0,5
07c227b4-2f05-4a55-8e66-35592b7db0c4,5,1,0.0,1.0,7193.0,7193.0,0.0,0.0,1.0,1.0,4.0,0.0,0.0,1.0,2.0,2.0,71.93,1.0,0,5
d44c400b-eb08-43ff-8376-7f271db9fd7b,4,0,1.0,2.0,57667.0,28833.5,4454.065614694063,0.0,1.0,1.0,2.0,0.0,0.0,1.0,4.0,4.0,288.335,1.0,0,3
f96326cb-072d-413e-bf4c-4f9895ea69ba,4,0,1.0,1.0,13746.0,13746.0,0.0,0.0,1.0,1.0,4.0,0.0,0.0,1.0,3.0,3.0,137.46,1.0,0,5
166044bf-45b6-4e48-9060-436640ae63aa,4,0,0.0,1.0,14465.0,14465.0,0.0,1.0,0.0,1.0,4.0,0.0,0.0,1.0,5.0,5.0,144.65,1.0,1,5
eb7681f1-5b1f-4001-8a84-c16536bed266,4,0,0.0,2.0,12506.0,6253.0,125.86500705120545,0.5,1.0,2.0,1.0,0.0,0.0,1.0,4.0,3.0,94.24000000000001,0.0,1,1
f3352771-f216-4bed-8af3-da16e048f7eb,3,0,0.0,2.0,30842.0,15421.0,10105.970116718137,1.0,0.0,1.0,2.0,0.0,0.0,1.0,2.0,2.0,154.20999999999998,1.0,1,3
a46357f4-4d19-43cf-afa4-5b5275a9f571,2,0,1.0,2.0,48488.0,24244.0,2531.44227664784,1.0,0.0,1.0,3.0,0.0,0.0,1.0,12.0,12.0,161.62666666666667,1.0,1,4
8884ae9d-099b-4af5-9f1d-fbd6b5c21bf9,2,0,2.0,1.0,17066.0,17066.0,0.0,1.0,0.0,1.0,2.0,0.0,0.0,1.0,1.0,1.0,170.66,1.0,1,3
0a5224fa-98b4-4dde-aef7-a0b23860583d,2,0,1.0,1.0,11254.0,11254.0,0.0,1.0,0.0,1.0,2.0,0.0,0.0,1.0,2.0,2.0,112.54,1.0,1,3
a86b29b0-8d99-4248-9936-ffbf3a1a07d3,2,0,0.0,2.0,15226.0,7613.0,305.47012947258855,1.0,0.0,1.0,3.0,0.0,0.0,1.0,5.0,5.0,50.75333333333333,1.0,1,4
7886b485-c4f8-4eab-b4c0-1d1a6f4ac9e1,2,0,1.0,3.0,52335.0,17445.0,13604.631233517504,0.6666666666666667,1.0,1.0,4.0,0.0,0.0,1.0,7.0,6.0,174.45000000000002,1.0,0,5
fe024035-f878-462a-a5ba-1db6f5f19646,1,0,0.0,2.0,63382.0,31691.0,25881.522404990013,1.0,0.0,1.0,4.0,0.0,0.0,1.0,3.0,4.0,316.91,1.0,1,5
f05146f2-a24f-497c-8aef-834d6b8b0db9,1,0,0.0,1.0,8331.0,8331.0,0.0,1.0,0.0,1.0,3.0,0.0,0.0,1.0,5.0,5.0,55.54,1.0,1,4
a26beff8-e0d4-473a-a9a1-b8270c3d5f96,1,0,1.0,2.0,32084.0,16042.0,759.432682994352,1.0,0.0,2.0,1.0,0.0,0.0,1.0,3.0,3.0,217.47333333333333,0.0,0,1
b53fbff6-6fb9-4ac9-b5c3-d19727492492,1,0,1.0,3.0,65069.0,21689.666666666668,10032.315103371371,1.0,0.0,1.0,2.0,0.0,0.0,1.0,2.0,2.0,216.89666666666668,1.0,0,3
90146753-e8a2-4db6-aad6-d2ddc9a6d70f,1,0,1.0,3.0,45467.0,15155.666666666666,1752.5799078311188,1.0,0.0,1.0,4.0,0.0,0.0,1.0,6.0,6.0,151.55666666666664,1.0,0,5
66f8c2ad-b05c-4b14-869e-37a9885db2df,1,0,1.0,2.0,39118.0,19559.0,27469.684235534998,1.0,0.0,1.0,3.0,0.0,0.0,1.0,2.0,3.0,130.39333333333332,1.0,0,4
b8fd4306-26b8-44b8-a648-669871fe3afb,1,0,1.0,3.0,157098.0,52366.0,41619.19167883971,1.0,0.0,1.0,2.0,0.0,0.0,1.0,3.0,2.0,523.66,1.0,1,3
9caa3617-66c5-44d7-9ff2-c5eafe7a1dc2,1,0,1.0,2.0,19391.0,9695.5,12618.320510273941,1.0,0.0,1.0,4.0,0.0,0.0,1.0,3.0,3.0,96.955,1.0,0,5
12e1413c-9d4d-4990-b710-b1373b72b004,1,0,0.0,2.0,48830.0,24415.0,16199.816356983803,1.0,0.0,1.0,3.0,0.0,0.0,1.0,13.0,13.0,162.76666666666665,1.0,0,4
11c240bb-f176-4053-affa-20043a7ec439,1,0,0.0,2.0,8043.0,4021.5,1918.3806973591034,1.0,0.0,1.0,4.0,0.0,0.0,1.0,4.0,4.0,40.215,1.0,1,5
05a9cf4a-ceaf-4396-ac13-7db53c1ca393,1,0,0.0,3.0,86497.0,28832.333333333332,10226.87216764409,1.0,0.0,3.0,1.0,0.0,0.0,1.0,18.0,18.0,336.83333333333337,0.0,0,1
c3b9d7a8-01c1-4a9f-8af5-802f2537c757,1,0,0.0,2.0,36673.0,18336.5,2752.7666991592296,1.0,0.0,1.0,3.0,0.0,0.0,1.0,11.0,12.0,122.24333333333334,1.0,0,4
d98caa2e-ed8f-461b-8f4a-b860ea7c6c49,1,0,0.0,2.0,29614.0,14807.0,11941.619320678414,1.0,0.0,1.0,4.0,0.0,0.0,1.0,5.0,5.0,148.07,1.0,1,5
fe2c2ec8-c4b5-485b-ba3c-1d2cbdfb6a6d,1,0,0.0,3.0,77703.0,25901.0,3503.9611869996506,1.0,0.0,3.0,1.0,0.0,0.0,1.0,17.0,16.0,308.52777777777777,0.0,0,1
199253ba-8f28-4b50-8a47-cedb7bbf0c98,0,0,0.0,2.0,39325.0,19662.5,410.82903986938413,1.0,0.0,1.0,1.0,0.0,0.0,1.0,8.0,7.0,393.25,0.0,0,1
3e0da42a-7f57-41ef-9843-fd2cbd252b16,0,0,0.0,2.0,61200.0,30600.0,10483.565137871754,1.0,0.0,1.0,3.0,0.0,0.0,1.0,8.0,8.0,204.0,1.0,1,4
72398317-26d3-4107-a902-e8b2bfcc2c8a,0,0,0.0,3.0,46231.0,15410.333333333334,6526.809123402746,1.0,0.0,1.0,1.0,0.0,0.0,1.0,5.0,5.0,308.20666666666665,0.0,1,1
eb7cf947-5c73-4b54-8511-16315ec53a02,0,0,0.0,3.0,34547.0,11515.666666666666,7127.919355136766,1.0,0.0,1.0,4.0,0.0,0.0,1.0,6.0,6.0,115.15666666666668,1.0,1,5
91bded23-9587-46f8-91bf-62872c06f95e,0,0,1.0,3.0,39193.0,13064.333333333334,11759.799927436407,1.0,0.0,2.0,4.0,0.0,0.0,1.0,3.0,3.0,175.26333333333335,0.0,1,5
1e7a0e9b-99b6-4425-ab02-32829207537f,0,0,0.0,1.0,816.0,816.0,0.0,1.0,0.0,1.0,3.0,0.0,0.0,1.0,3.0,3.0,5.44,1.0,0,4
4e3c2c1b-61e6-4035-b69a-5944febfe194,0,0,1.0,2.0,42450.0,21225.0,6656.703238090158,1.0,0.0,1.0,4.0,0.0,0.0,1.0,7.0,7.0,212.25,1.0,0,5
8d25ab04-e1b5-48f1-b448-689c9f21398e,0,0,0.0,2.0,37489.0,18744.5,8164.962002361064,1.0,0.0,1.0,4.0,0.0,0.0,1.0,6.0,6.0,187.445,1.0,0,5
ada01a8d-9bde-499c-b209-a00b0a2c6108,0,0,0.0,3.0,45746.0,15248.666666666666,6410.6949961243145,1.0,0.0,1.0,1.0,0.0,0.0,1.0,9.0,10.0,304.97333333333336,0.0,1,1
1186287e-6157-4407-ba71-c1906dafd8da,0,0,1.0,1.0,24046.0,24046.0,0.0,1.0,0.0,1.0,4.0,0.0,0.0,1.0,6.0,6.0,240.46,1.0,0,5
6527961c-517d-4f26-87c7-1797fe0dc1dd,6,1,0.0,3.0,7039.0,2346.3333333333335,455.2332735349354,0.6666666666666667,1.0,1.0,3.0,0.0,0.0,1.0,4.0,4.0,15.642222222222221,1.0,1,4
fed5faad-a3d5-4d4b-8261-e4ffac4b3e05,6,1,0.0,2.0,29358.0,14679.0,741.0479066835018,0.5,1.0,1.0,1.0,0.0,0.0,1.0,6.0,5.0,293.58000000000004,0.0,0,1
e2b152bc-aaa2-4601-923d-14eeb5a85271,6,1,0.0,1.0,7423.0,7423.0,0.0,0.0,1.0,1.0,1.0,0.0,0.0,1.0,2.0,2.0,148.46,0.0,0,1
2200ed27-05d1-4e71-adfc-44b0d0e4fedc,6,1,0.0,3.0,39891.0,13297.0,1074.2909289387117,0.6666666666666667,1.0,1.0,1.0,0.0,0.0,1.0,5.0,5.0,265.94,0.0,1,1
fd941954-e2cc-4de6-8ae0-bcf6df3e7333,4,0,1.0,2.0,15504.0,7752.0,824.4865068635144,0.0,1.0,1.0,1.0,0.0,0.0,1.0,2.0,2.0,155.04,0.0,0,1
6216cc0f-9387-45c2-aeec-6be9a163b27c,4,0,0.0,2.0,7061.0,3530.5,53.033008588991066,0.5,1.0,1.0,2.0,0.0,0.0,1.0,2.0,2.0,35.305,1.0,0,3
44e4b1a4-5c6e-43d8-b7b0-83b0bf7e6e8b,4,0,0.0,1.0,20663.0,20663.0,0.0,1.0,0.0,1.0,4.0,0.0,0.0,1.0,4.0,3.0,206.63,1.0,0,5
e7421a1f-73cf-468f-ad81-bf7ec64368a5,4,0,1.0,1.0,12537.0,12537.0,0.0,0.0,1.0,1.0,1.0,0.0,0.0,1.0,2.0,2.0,250.74,0.0,0,1
5df91333-81f1-433f-a2d6-76a65e1e52a3,4,0,0.0,2.0,22260.0,11130.0,991.3637072235397,0.5,1.0,1.0,1.0,0.0,0.0,1.0,3.0,2.0,222.60000000000002,0.0,1,1
2d38cd29-3606-47cb-999d-45d391da8590,4,0,0.0,3.0,44337.0,14779.0,5470.937488218998,0.33333333333333337,1.0,1.0,1.0,0.0,0.0,1.0,7.0,7.0,295.58,0.0,0,1
09d833a6-4360-4765-94f2-b0c796529ed1,3,0,0.0,2.0,7564.0,3782.0,606.6976182580578,1.0,0.0,2.0,1.0,0.0,0.0,1.0,2.0,2.0,54.585,0.0,1,1
1b7dfeae-ae36-41ba-958d-0d0fa5a1a1ee,3,0,0.0,3.0,77467.0,25822.333333333332,5100.736842195776,0.6666666666666667,1.0,1.0,2.0,0.0,0.0,1.0,6.0,7.0,258.2233333333333,1.0,1,3
731d1232-bfc5-4ef1-8917-05966ee90d3d,3,0,0.0,2.0,21448.0,10724.0,322.44069222106566,1.0,0.0,1.0,4.0,0.0,0.0,1.0,4.0,4.0,107.24,1.0,1,5
3bfcff77-f64e-4e78-b325-d7e64850dd41,3,0,0.0,1.0,47761.0,47761.0,0.0,1.0,0.0,1.0,3.0,0.0,0.0,1.0,5.0,5.0,318.4066666666667,1.0,1,4
ffc79669-ed11-4cde-86d4-8ec232ac7b14,3,0,2.0,2.0,34585.0,17292.5,1239.5581874200177,0.0,1.0,1.0,1.0,0.0,0.0,1.0,5.0,4.0,345.85,0.0,0,1
4d9ffebc-0c60-4a34-b622-16dd9922d049,2,0,1.0,1.0,22811.0,22811.0,0.0,1.0,0.0,1.0,2.0,0.0,0.0,1.0,2.0,3.0,228.11,1.0,1,3
0108e159-2b10-4fd8-944b-62200086d7cb,2,0,2.0,1.0,27143.0,27143.0,0.0,1.0,0.0,1.0,1.0,0.0,0.0,1.0,7.0,7.0,542.86,0.0,1,1
62c80e7e-1041-4fba-82d8-35b4c0785eea,2,0,2.0,1.0,28336.0,28336.0,0.0,1.0,0.0,1.0,1.0,0.0,0.0,1.0,10.0,10.0,566.72,0.0,1,1
57b0a14b-645f-4950-97a4-cb033e862d49,2,0,1.0,1.0,15499.0,15499.0,0.0,1.0,0.0,1.0,1.0,0.0,0.0,1.0,3.0,3.0,309.98,0.0,0,1
dc7c384c-355d-4087-8cb8-bae8b764c195,2,0,0.0,2.0,30375.0,15187.5,106.77312395916867,1.0,0.0,1.0,3.0,0.0,0.0,1.0,12.0,11.0,101.25,1.0,1,4
e3b723b8-6b36-4f3f-9850-c6f86423154a,2,0,2.0,1.0,29531.0,29531.0,0.0,1.0,0.0,1.0,3.0,0.0,0.0,1.0,9.0,9.0,196.87333333333333,1.0,0,4
f45a5e3d-8305-42ab-8947-1343cc706002,2,0,2.0,2.0,52121.0,26060.5,17898.99395217508,0.5,1.0,1.0,4.0,0.0,0.0,1.0,3.0,3.0,260.605,1.0,0,5
62f6aace-1c63-4b67-adfe-8a625ccdca3d,1,0,0.0,1.0,1504.0,1504.0,0.0,1.0,0.0,1.0,2.0,0.0,0.0,1.0,1.0,1.0,15.04,1.0,0,3
5355f73c-1bc7-4bca-82aa-80857e2656b8,1,0,1.0,2.0,46609.0,23304.5,4463.965109630674,1.0,0.0,1.0,1.0,0.0,0.0,1.0,17.0,18.0,466.09000000000003,0.0,1,1
c9de7c68-f1ad-459f-9519-881dabc6c161,1,0,1.0,1.0,3486.0,3486.0,0.0,1.0,0.0,1.0,4.0,0.0,0.0,1.0,1.0,1.0,34.86,1.0,1,5
3a0e94f6-c6c6-491e-ada3-bc7b68387e60,1,0,0.0,1.0,1526.0,1526.0,0.0,1.0,0.0,1.0,2.0,0.0,0.0,1.0,1.0,1.0,15.26,1.0,0,3
9374453e-0c0c-4a0e-9aaa-3dfbd3d27854,1,0,0.0,1.0,201.0,201.0,0.0,1.0,0.0,1.0,4.0,0.0,0.0,1.0,1.0,1.0,2.01,1.0,1,5
82da752d-41ee-4fd9-89aa-834c88f66f13,1,0,1.0,2.0,35788.0,17894.0,1957.2715703243634,1.0,0.0,1.0,2.0,0.0,0.0,1.0,4.0,3.0,178.94,1.0,0,3
c5b951c2-6dad-481a-a183-bbccde946a9f,1,0,0.0,1.0,18766.0,18766.0,0.0,1.0,0.0,1.0,4.0,0.0,0.0,1.0,3.0,2.0,187.66,1.0,0,5
c8be2353-f4ae-4dda-8f93-e5cb4d72ec19,0,0,0.0,3.0,59467.0,19822.333333333332,10269.61568576611,1.0,0.0,1.0,3.0,0.0,0.0,1.0,17.0,17.0,132.14888888888888,1.0,0,4
7e05b0e0-67ae-496f-a494-3b8909d5413a,0,0,0.0,3.0,52411.0,17470.333333333332,1183.7104094048225,1.0,0.0,1.0,4.0,0.0,0.0,1.0,10.0,9.0,174.70333333333335,1.0,0,5
ca16b4f5-deaf-4d56-85cd-47e9d2eebde3,0,0,0.0,1.0,14906.0,14906.0,0.0,1.0,0.0,1.0,4.0,0.0,0.0,1.0,4.0,3.0,149.06,1.0,0,5
07d687b1-db91-4ac7-831b-7b6745f6581c,0,0,1.0,1.0,4270.0,4270.0,0.0,1.0,0.0,1.0,4.0,0.0,0.0,1.0,2.0,2.0,42.7,1.0,0,5
e3b5334a-b94a-449e-b114-6b80df6c1eda,0,0,0.0,2.0,6138.0,3069.0,288.4995667241114,1.0,0.0,1.0,2.0,0.0,0.0,1.0,2.0,2.0,30.689999999999998,1.0,1,3
e5f5bcf0-f33b-4bd5-92e5-01c8eb4aecbe,0,0,0.0,1.0,4603.0,4603.0,0.0,1.0,0.0,1.0,1.0,0.0,0.0,1.0,2.0,1.0,92.06,0.0,1,1
785adc11-41ac-4d9b-ba6a-2e5d353a7a4b,0,0,1.0,2.0,35011.0,17505.5,3618.2653993315635,1.0,0.0,1.0,4.0,0.0,0.0,1.0,5.0,5.0,175.055,1.0,1,5
35cf6c49-1f67-4651-9e28-4c03cdeca847,0,0,0.0,3.0,49283.0,16427.666666666668,7435.383872627784,1.0,0.0,1.0,4.0,0.0,0.0,1.0,11.0,11.0,164.27666666666667,1.0,1,5
bd21a83e-0825-4320-986f-5a04457be0e8,0,0,2.0,1.0,21753.0,21753.0,0.0,1.0,0.0,1.0,4.0,0.0,0.0,1.0,1.0,0.0,217.53,1.0,0,5
ab3856b5-d5ce-42a0-80a0-1d5600ab666b,0,0,0.0,3.0,123657.0,41219.0,7958.271608835677,1.0,0.0,1.0,4.0,0.0,0.0,1.0,14.0,15.0,412.19,1.0,1,5
251fce39-8f9d-4b91-8eeb-f75178f9dced,0,0,2.0,1.0,2416.0,2416.0,0.0,1.0,0.0,1.0,4.0,0.0,0.0,1.0,1.0,1.0,24.16,1.0,0,5
3bcdf56b-231b-437d-9bc8-8e7a2f1c61a8,0,0,0.0,3.0,33105.0,11035.0,2266.0370694231815,1.0,0.0,1.0,4.0,0.0,0.0,1.0,8.0,7.0,110.35000000000001,1.0,0,5
b0119454-8b73-43c8-8ea8-b667d4fb451b,0,0,0.0,1.0,14784.0,14784.0,0.0,1.0,0.0,1.0,4.0,0.0,0.0,1.0,4.0,3.0,147.84,1.0,0,5
12bc2c52-dc59-47aa-aac0-5be0f4eb6f78,6,1,1.0,1.0,21968.0,21968.0,0.0,1.0,0.0,1.0,1.0,0.0,0.0,1.0,6.0,6.0,439.36,0.0,0,1
7843cfd0-abc4-47f6-bc21-d713e4a97c58,6,1,0.0,1.0,8112.0,8112.0,0.0,0.0,1.0,1.0,4.0,0.0,0.0,1.0,2.0,2.0,81.12,1.0,0,5
234aeaed-b410-49ab-af6e-f62ade2a1e46,6,1,0.0,3.0,48321.0,16107.0,1745.4142774711108,0.6666666666666667,1.0,1.0,3.0,0.0,0.0,1.0,11.0,11.0,107.38,1.0,1,4
ef6a112a-7e04-4d8d-89cd-a104822d5eb6,6,1,0.0,1.0,18772.0,18772.0,0.0,0.0,1.0,1.0,1.0,0.0,0.0,1.0,3.0,3.0,375.44,0.0,1,1
12b848a9-b3d6-49ab-a7cd-571a7220ae78,6,1,0.0,1.0,66887.0,66887.0,0.0,0.0,1.0,1.0,4.0,0.0,0.0,1.0,1.0,2.0,0.0,1.0,0,5
f1da2ef5-d6d1-451f-b251-66bf8767ba2d,6,1,0.0,1.0,8371.0,8371.0,0.0,0.0,1.0,1.0,4.0,0.0,0.0,1.0,2.0,2.0,83.71,1.0,0,5
5e169fab-d8a8-4a22-9ed4-f715f2f928b2,6,1,1.0,2.0,19276.0,9638.0,11592.30857077226,1.0,0.0,1.0,4.0,0.0,0.0,1.0,4.0,4.0,96.38,1.0,1,5
458ad2db-6a05-43b8-9f9e-7703d2c47768,5,1,0.0,2.0,33996.0,16998.0,15662.415203282028,0.5,1.0,2.0,1.0,0.0,0.0,1.0,5.0,4.0,199.595,0.0,0,1
5610f14f-bce2-4232-b05f-c50ea784738e,5,1,1.0,3.0,104158.0,34719.333333333336,6039.755982929554,0.6666666666666667,1.0,1.0,4.0,0.0,0.0,1.0,7.0,6.0,347.1933333333333,1.0,0,5
d9bed0d6-7994-4796-a732-2eaacd999156,4,0,1.0,1.0,13280.0,13280.0,0.0,0.0,1.0,1.0,1.0,0.0,0.0,1.0,4.0,4.0,265.6,0.0,1,1
6a274445-462e-4074-b47e-5eb3e6425c90,4,0,0.0,1.0,13021.0,13021.0,0.0,1.0,0.0,1.0,2.0,0.0,0.0,1.0,2.0,2.0,130.21,1.0,1,3
fab420e4-aa26-4903-b644-e5cc1591a362,4,0,1.0,2.0,5110.0,1703.3333333333333,618.3949654818782,0.33333333333333337,1.0,3.0,1.0,0.0,0.0,1.0,2.0,2.0,20.85222222222222,0.0,0,1
f316651e-baeb-4da3-a821-1180b0fde92e,4,0,0.0,1.0,8835.0,8835.0,0.0,1.0,0.0,1.0,4.0,0.0,0.0,1.0,2.0,2.0,88.35,1.0,1,5
c9224d9a-dfc9-4b8f-9ced-d9ce35d2bd00,4,0,1.0,1.0,18093.0,18093.0,0.0,0.0,1.0,1.0,4.0,0.0,0.0,1.0,4.0,4.0,180.93,1.0,0,5
6f55a472-4753-4aeb-827b-7307621a75ef,4,0,1.0,1.0,2169.0,2169.0,0.0,0.0,1.0,1.0,1.0,0.0,0.0,1.0,3.0,3.0,43.38,0.0,1,1
f20d6c3a-66d8-4f6e-8c89-9b90389a25d0,4,0,0.0,1.0,10750.0,10750.0,0.0,1.0,0.0,1.0,2.0,0.0,0.0,1.0,2.0,2.0,107.5,1.0,0,3
2ffd2456-55f0-4a68-82dc-7a5462338d54,3,0,0.0,1.0,21459.0,21459.0,0.0,1.0,0.0,1.0,3.0,0.0,0.0,1.0,5.0,5.0,143.06,1.0,0,4
891cee04-67fb-4142-922a-464191521ec6,3,0,0.0,1.0,50255.0,50255.0,0.0,1.0,0.0,1.0,4.0,0.0,0.0,1.0,4.0,5.0,502.55,1.0,1,5
7b4867e0-23e5-4fe1-a2f0-f9e8ba605e7a,3,0,0.0,2.0,27553.0,13776.5,19125.11711075255,1.0,0.0,1.0,1.0,0.0,0.0,1.0,12.0,13.0,275.53,0.0,0,1
588afe19-c022-4713-8b56-86eb1fd91b65,3,0,0.0,2.0,29681.0,14840.5,94.04520189781083,1.0,0.0,1.0,3.0,0.0,0.0,1.0,5.0,5.0,98.93666666666667,1.0,0,4
0fcfec6d-d07e-42e1-9970-3d36e74375ad,3,0,0.0,3.0,60820.0,20273.333333333332,13194.647033298517,0.6666666666666667,1.0,2.0,1.0,0.0,0.0,1.0,5.0,6.0,298.1466666666667,0.0,1,1
02c4e649-40ab-4616-8372-468d7a25d3ee,3,0,0.0,2.0,60212.0,30106.0,6410.63007823724,1.0,0.0,1.0,3.0,0.0,0.0,1.0,12.0,11.0,200.70666666666668,1.0,1,4
f1ebdddd-93e1-4fc0-a378-2cc6cf2d4c1a,3,0,1.0,1.0,24321.0,24321.0,0.0,1.0,0.0,1.0,4.0,0.0,0.0,1.0,7.0,7.0,243.21,1.0,1,5
352b2480-1a0b-4812-8c47-d80e656fb262,2,0,0.0,1.0,2864.0,2864.0,0.0,1.0,0.0,1.0,2.0,0.0,0.0,1.0,1.0,3.0,28.64,1.0,0,3
2792125a-4457-4c46-9cd3-08bf02188126,2,0,0.0,1.0,24301.0,24301.0,0.0,1.0,0.0,1.0,2.0,0.0,0.0,1.0,2.0,3.0,243.01,1.0,0,3
6149dd69-31d7-43b8-9a31-92fff29bebc3,2,0,0.0,3.0,39629.0,9907.25,8162.981945955779,1.0,0.0,3.0,3.0,0.0,0.0,1.0,12.0,10.0,99.20833333333334,0.0,1,4
53fe203d-c226-4ef1-a713-205cc6d04a48,2,0,0.0,3.0,31481.0,10493.666666666666,3677.9810131828212,0.6666666666666667,1.0,1.0,4.0,0.0,0.0,1.0,3.0,3.0,104.93666666666667,1.0,1,5
2062cc87-ac97-4e26-ba28-4467779a8bd4,2,0,1.0,1.0,25277.0,25277.0,0.0,1.0,0.0,1.0,2.0,0.0,0.0,1.0,4.0,4.0,252.77,1.0,0,3
52bd8ae4-1853-4735-bdd0-d2bd078b89c7,2,0,0.0,1.0,57385.0,57385.0,0.0,1.0,0.0,1.0,4.0,0.0,0.0,1.0,0.0,1.0,573.85,1.0,0,5
e1347f0a-3f64-41bb-a4ab-2c7ba31a9a3a,2,0,0.0,1.0,997.0,997.0,0.0,1.0,0.0,1.0,1.0,0.0,0.0,1.0,2.0,4.0,19.94,0.0,0,1
c71c953f-469f-4383-906d-b4fb25f96d4d,2,0,2.0,1.0,4760.0,4760.0,0.0,1.0,0.0,1.0,4.0,0.0,0.0,1.0,1.0,1.0,47.6,1.0,1,5
033b3437-a40a-463f-8421-c3d4cf984b8d,2,0,0.0,1.0,6047.0,6047.0,0.0,1.0,0.0,1.0,2.0,0.0,0.0,1.0,1.0,1.0,60.47,1.0,1,3
0d60ed66-53a8-4521-ae04-de187f783aee,1,0,2.0,1.0,5249.0,5249.0,0.0,1.0,0.0,1.0,4.0,0.0,0.0,1.0,1.0,1.0,52.49,1.0,0,5
dfc5e60f-10f3-4ee4-bc8e-0ccfcf4be4b9,1,0,1.0,2.0,15528.0,7764.0,4406.689460354564,1.0,0.0,2.0,1.0,0.0,0.0,1.0,3.0,3.0,132.04,0.0,1,1
15b26673-ad9e-4ceb-9f46-a70b4829beba,1,0,0.0,2.0,41554.0,20777.0,3235.7206307096417,1.0,0.0,1.0,1.0,0.0,0.0,1.0,8.0,7.0,415.53999999999996,0.0,1,1
a93dc0c2-c42d-44d8-8495-78ebd130b269,1,0,1.0,2.0,40473.0,20236.5,3546.1405076505357,1.0,0.0,1.0,2.0,0.0,0.0,1.0,4.0,2.0,202.365,1.0,1,3
3ceb0733-c677-4112-bf5e-d0fdcdf32b74,1,0,1.0,1.0,5432.0,5432.0,0.0,1.0,0.0,1.0,1.0,0.0,0.0,1.0,3.0,3.0,108.64,0.0,0,1
81218dce-be6b-44b5-b7d0-68accfeff5ca,1,0,0.0,2.0,86773.0,43386.5,46893.20040794827,1.0,0.0,2.0,2.0,0.0,0.0,1.0,5.0,5.0,416.8183333333334,1.0,1,3
5a3607ac-94bf-4d06-8619-66f37a537b36,1,0,2.0,1.0,16340.0,16340.0,0.0,1.0,0.0,1.0,3.0,0.0,0.0,1.0,8.0,8.0,108.93333333333334,1.0,0,4
6da57308-3f2a-4589-b924-ed31f6dd8a33,1,0,1.0,2.0,12172.0,6086.0,7913.93909503984,1.0,0.0,1.0,1.0,0.0,0.0,1.0,4.0,3.0,121.72,0.0,1,1
a75f1449-0f32-4365-a7dc-7618d10dc9ef,1,0,0.0,1.0,879.0,879.0,0.0,1.0,0.0,1.0,4.0,0.0,0.0,1.0,1.0,1.0,8.79,1.0,1,5
aa52e57b-9061-4725-a573-03137a50c546,0,0,0.0,2.0,53570.0,26785.0,1288.3485553218895,1.0,0.0,1.0,2.0,0.0,0.0,1.0,3.0,4.0,267.85,1.0,0,3
76a61ddd-475b-46c6-8025-c1943c6545a6,0,0,0.0,2.0,59403.0,29701.5,1673.721751068558,1.0,0.0,1.0,4.0,0.0,0.0,1.0,9.0,10.0,297.015,1.0,0,5
b2c18c5a-c6e2-4e41-9ebf-831753417b92,0,0,0.0,2.0,43105.0,21552.5,8467.603704708907,1.0,0.0,1.0,4.0,0.0,0.0,1.0,4.0,3.0,215.52499999999998,1.0,1,5
bbeecebb-15ae-432f-af85-d1d368ae39b8,0,0,0.0,1.0,20089.0,20089.0,0.0,1.0,0.0,1.0,4.0,0.0,0.0,1.0,2.0,2.0,200.89,1.0,1,5
c7e1120f-c750-48b7-93f2-4b1634b5794e,6,1,2.0,1.0,18268.0,18268.0,0.0,1.0,0.0,1.0,3.0,0.0,0.0,1.0,7.0,7.0,121.78666666666666,1.0,1,4
19eb201e-294b-4653-a5cd-3cb3c1621d20,6,1,0.0,2.0,20388.0,10194.0,827.3149339882606,0.5,1.0,1.0,3.0,0.0,0.0,1.0,2.0,2.0,67.96000000000001,1.0,1,4
ed3b8f12-b6f2-4cf1-9470-b6f41ece8a3b,5,1,0.0,1.0,17097.0,17097.0,0.0,0.0,1.0,1.0,4.0,0.0,0.0,1.0,3.0,2.0,170.97,1.0,1,5
27dd2167-f006-42cc-bdd6-74bdefbd1e92,5,1,1.0,1.0,29234.0,29234.0,0.0,0.0,1.0,1.0,2.0,0.0,0.0,1.0,2.0,2.0,292.34,1.0,0,3
95dd45f2-2431-4eb3-85c6-653bf2a4adc4,4,0,0.0,2.0,17706.0,8853.0,3917.371567773473,0.5,1.0,1.0,3.0,0.0,0.0,1.0,3.0,3.0,59.019999999999996,1.0,1,4
586ab483-59e9-449a-8ba7-c4141f08462a,4,0,0.0,2.0,33248.0,16624.0,6132.0300064497405,0.5,1.0,2.0,3.0,0.0,0.0,1.0,11.0,10.0,131.30666666666667,1.0,0,4
2958690f-43ac-4748-abfc-1e5a710fa71c,3,0,1.0,1.0,10207.0,10207.0,0.0,1.0,0.0,1.0,4.0,0.0,0.0,1.0,2.0,2.0,102.07,1.0,1,5
865a608c-62b3-4e70-8a2d-50c8b3556378,3,0,0.0,1.0,70704.0,70704.0,0.0,1.0,0.0,1.0,3.0,0.0,0.0,1.0,1.0,2.0,471.36,1.0,1,4
47a17261-1682-45ce-b665-2d19b92601ce,3,0,1.0,2.0,43238.0,21619.0,538.8153672641492,0.5,1.0,2.0,3.0,0.0,0.0,1.0,15.0,16.0,180.79333333333335,1.0,0,4
e0b5d001-2547-4eb7-a8b8-5c918ded474c,2,0,1.0,3.0,66093.0,22031.0,3678.627597352034,0.6666666666666667,1.0,2.0,1.0,0.0,0.0,1.0,6.0,7.0,362.7133333333333,0.0,0,1
b04912f1-31fa-4c72-99cf-d3ce935fdc7f,2,0,1.0,1.0,6516.0,6516.0,0.0,1.0,0.0,1.0,4.0,0.0,0.0,1.0,2.0,2.0,65.16,1.0,0,5
e7f11454-92eb-4f3d-bc1a-d04fe51e1696,2,0,1.0,3.0,79646.0,26548.666666666668,11071.80677817913,0.6666666666666667,1.0,1.0,4.0,0.0,0.0,1.0,8.0,7.0,265.4866666666667,1.0,0,5
b8a4d5a4-e081-43fa-b6b1-d2f20cbc9b97,2,0,2.0,1.0,25017.0,25017.0,0.0,1.0,0.0,1.0,4.0,0.0,0.0,1.0,5.0,5.0,250.17,1.0,1,5
525a5cad-8989-4052-90a0-44a9f1abf3a0,2,0,0.0,1.0,55103.0,55103.0,0.0,1.0,0.0,1.0,2.0,0.0,0.0,1.0,1.0,2.0,551.03,1.0,1,3
849729f6-01ac-418d-908c-5eb83c857d6e,2,0,1.0,1.0,3398.0,3398.0,0.0,1.0,0.0,1.0,2.0,0.0,0.0,1.0,1.0,1.0,33.98,1.0,1,3
6ee907a3-6534-4399-a6b8-83874a60c9e1,1,0,2.0,1.0,878.0,878.0,0.0,1.0,0.0,1.0,4.0,0.0,0.0,1.0,2.0,2.0,8.78,1.0,0,5
428a5260-edda-4040-bf16-24ed16c8c473,1,0,1.0,1.0,15293.0,15293.0,0.0,1.0,0.0,1.0,3.0,0.0,0.0,1.0,4.0,4.0,101.95333333333333,1.0,1,4
316b9a9d-6963-4bce-8e7f-d760a41fa14e,1,0,1.0,2.0,17817.0,8908.5,1030.2545801887998,1.0,0.0,1.0,2.0,0.0,0.0,1.0,1.0,1.0,89.08500000000001,1.0,1,3
cb511d52-212a-410c-83f9-1d7a5ed05f4d,0,0,2.0,1.0,25798.0,25798.0,0.0,1.0,0.0,1.0,4.0,0.0,0.0,1.0,3.0,3.0,257.98,1.0,0,5
0f09520e-ecb7-44a2-8c53-0b7b75298543,0,0,2.0,1.0,9554.0,9554.0,0.0,1.0,0.0,1.0,1.0,0.0,0.0,1.0,3.0,3.0,191.08,0.0,0,1
aff0d95b-b7bd-4700-b292-b07291d20ec8,0,0,2.0,1.0,7567.0,7567.0,0.0,1.0,0.0,1.0,2.0,0.0,0.0,1.0,1.0,1.0,75.67,1.0,1,3
2eabbe24-1a3f-461f-a75c-54bceff2f296,0,0,1.0,1.0,18448.0,18448.0,0.0,1.0,0.0,1.0,2.0,0.0,0.0,1.0,1.0,1.0,184.48,1.0,1,3
13278df4-3fa6-4df4-9244-181ad39b891f,0,0,2.0,1.0,24758.0,24758.0,0.0,1.0,0.0,1.0,1.0,0.0,0.0,1.0,4.0,3.0,495.16,0.0,0,1
0952440e-af82-494b-ba3d-92afd536ef6e,6,1,2.0,1.0,3267.0,3267.0,0.0,1.0,0.0,1.0,2.0,0.0,0.0,1.0,1.0,1.0,32.67,1.0,0,3
23983c85-b8d0-43b2-8d7b-f504ecbff593,6,1,2.0,1.0,10573.0,10573.0,0.0,1.0,0.0,1.0,2.0,0.0,0.0,1.0,1.0,1.0,105.73,1.0,0,3
68fad0ab-239b-4ddb-997d-37467fdca27a,5,1,2.0,2.0,63937.0,31968.5,1379.5653300949543,1.0,0.0,2.0,1.0,0.0,0.0,1.0,10.0,8.0,419.74333333333334,0.0,0,1
091787bb-16ec-44ae-9ce0-d1028fa7927e,3,0,1.0,1.0,550.0,550.0,0.0,1.0,0.0,1.0,3.0,0.0,0.0,1.0,2.0,2.0,3.6666666666666665,1.0,1,4
f91e09e9-13aa-4823-a6a5-c198773bced6,3,0,1.0,1.0,13841.0,13841.0,0.0,1.0,0.0,1.0,2.0,0.0,0.0,1.0,1.0,1.0,138.41,1.0,0,3
d2079ae6-8b38-4370-a687-de2146fc5505,3,0,0.0,1.0,12483.0,12483.0,0.0,1.0,0.0,1.0,2.0,0.0,0.0,1.0,1.0,1.0,124.83,1.0,1,3
e5a39f9e-88be-4507-95d8-ceedcee175e4,1,0,2.0,1.0,22077.0,22077.0,0.0,1.0,0.0,1.0,2.0,0.0,0.0,1.0,5.0,3.0,220.77,1.0,0,3
e0e372b4-7f33-498b-ba1a-895aaffe18ff,1,0,1.0,1.0,15721.0,15721.0,0.0,1.0,0.0,1.0,3.0,0.0,0.0,1.0,5.0,5.0,104.80666666666667,1.0,0,4
7fccaf83-ece0-48aa-afe6-e2ed9d032e51,1,0,2.0,1.0,13167.0,13167.0,0.0,1.0,0.0,1.0,3.0,0.0,0.0,1.0,8.0,8.0,87.78,1.0,1,4
ef91f58a-c205-4213-bca8-0adef36e7a24,1,0,1.0,1.0,12460.0,12460.0,0.0,1.0,0.0,1.0,3.0,0.0,0.0,1.0,4.0,3.0,83.06666666666666,1.0,0,4
22aad31c-1958-4c83-bfde-099d70765447,0,0,1.0,1.0,14296.0,14296.0,0.0,1.0,0.0,1.0,3.0,0.0,0.0,1.0,2.0,2.0,95.30666666666667,1.0,1,4
fce967b5-070c-46ed-a5fa-ef7d298cc7aa,5,1,2.0,1.0,8546.0,8546.0,0.0,1.0,0.0,1.0,1.0,0.0,0.0,1.0,1.0,1.0,170.92,0.0,1,1
e079e682-62f2-4c05-84b9-86913e3dc146,5,1,1.0,1.0,9899.0,9899.0,0.0,0.0,1.0,1.0,3.0,0.0,0.0,1.0,3.0,3.0,65.99333333333334,1.0,0,4
